Case,ID,size,pixel_num_lung,pixel_num_fibrosis
1_0000,1_0000_044,256,33,76
1_0000,1_0000_045,256,144,256
1_0000,1_0000_046,256,213,268
1_0000,1_0000_047,256,234,264
1_0000,1_0000_048,256,288,356
1_0000,1_0000_049,256,384,244
1_0000,1_0000_050,256,456,116
1_0000,1_0000_051,256,558,508
1_0000,1_0000_052,256,648,612
1_0000,1_0000_053,256,765,516
1_0000,1_0000_054,256,888,624
1_0000,1_0000_055,256,1083,576
1_0000,1_0000_056,256,1329,492
1_0000,1_0000_057,256,1599,144
1_0000,1_0000_058,256,1758,284
1_0000,1_0000_059,256,2133,352
1_0000,1_0000_060,256,2553,404
1_0000,1_0000_061,256,3024,1048
1_0000,1_0000_062,256,3450,1260
1_0000,1_0000_063,256,3969,1036
1_0000,1_0000_064,256,4437,1100
1_0000,1_0000_065,256,5115,1676
1_0000,1_0000_066,256,5580,1588
1_0000,1_0000_067,256,6126,1652
1_0000,1_0000_068,256,6588,1892
1_0000,1_0000_069,256,7170,1936
1_0000,1_0000_070,256,7737,2368
1_0000,1_0000_071,256,8250,2452
1_0000,1_0000_072,256,8964,2804
1_0000,1_0000_073,256,9711,2984
1_0000,1_0000_074,256,10491,2928
1_0000,1_0000_075,256,11346,3028
1_0000,1_0000_076,256,12225,3524
1_0000,1_0000_077,256,13107,3672
1_0000,1_0000_078,256,14070,4032
1_0000,1_0000_079,256,15105,4548
1_0000,1_0000_080,256,16170,4508
1_0000,1_0000_081,256,17163,4280
1_0000,1_0000_082,256,18120,3424
1_0000,1_0000_083,256,19689,4640
1_0000,1_0000_084,256,21051,5172
1_0000,1_0000_085,256,21936,5244
1_0000,1_0000_086,256,23001,5664
1_0000,1_0000_087,256,24309,6020
1_0000,1_0000_088,256,25383,5940
1_0000,1_0000_089,256,26556,5860
1_0000,1_0000_090,256,27672,6208
1_0000,1_0000_091,256,28779,6548
1_0000,1_0000_092,256,29880,6436
1_0000,1_0000_093,256,31143,7204
1_0000,1_0000_094,256,32520,7360
1_0000,1_0000_095,256,33678,7528
1_0000,1_0000_096,256,34854,7952
1_0000,1_0000_097,256,36096,8832
1_0000,1_0000_098,256,37443,8844
1_0000,1_0000_099,256,38823,8728
1_0000,1_0000_100,256,40149,8692
1_0000,1_0000_101,256,41622,8548
1_0000,1_0000_102,256,42909,7656
1_0000,1_0000_103,256,44211,7888
1_0000,1_0000_104,256,46197,8608
1_0000,1_0000_105,256,47448,8272
1_0000,1_0000_106,256,48819,7996
1_0000,1_0000_107,256,50670,8420
1_0000,1_0000_108,256,52227,8884
1_0000,1_0000_109,256,53715,9444
1_0000,1_0000_110,256,54999,10972
1_0000,1_0000_111,256,56016,10860
1_0000,1_0000_112,256,57105,9960
1_0000,1_0000_113,256,58026,8432
1_0000,1_0000_114,256,58650,7832
1_0000,1_0000_115,256,59139,8404
1_0000,1_0000_116,256,59391,7696
1_0000,1_0000_117,256,59385,6792
1_0000,1_0000_118,256,59382,6532
1_0000,1_0000_119,256,59775,6636
1_0000,1_0000_120,256,59973,6316
1_0000,1_0000_121,256,60252,5608
1_0000,1_0000_122,256,60555,4556
1_0000,1_0000_123,256,60972,5164
1_0000,1_0000_124,256,61395,4768
1_0000,1_0000_125,256,61659,4244
1_0000,1_0000_126,256,61935,5100
1_0000,1_0000_127,256,62292,5404
1_0000,1_0000_128,256,62688,4440
1_0000,1_0000_129,256,63264,4016
1_0000,1_0000_130,256,63810,3604
1_0000,1_0000_131,256,64200,3056
1_0000,1_0000_132,256,64668,2896
1_0000,1_0000_133,256,65301,3460
1_0000,1_0000_134,256,65871,3780
1_0000,1_0000_135,256,66318,3896
1_0000,1_0000_136,256,66759,4448
1_0000,1_0000_137,256,67215,4912
1_0000,1_0000_138,256,67638,4968
1_0000,1_0000_139,256,68115,4744
1_0000,1_0000_140,256,68433,4796
1_0000,1_0000_141,256,68727,5332
1_0000,1_0000_142,256,69225,5512
1_0000,1_0000_143,256,69762,6136
1_0000,1_0000_144,256,70638,6120
1_0000,1_0000_145,256,71415,6760
1_0000,1_0000_146,256,71940,6796
1_0000,1_0000_147,256,72822,6288
1_0000,1_0000_148,256,73647,5916
1_0000,1_0000_149,256,74706,6964
1_0000,1_0000_150,256,75603,7220
1_0000,1_0000_151,256,76284,8348
1_0000,1_0000_152,256,77007,8356
1_0000,1_0000_153,256,77736,6936
1_0000,1_0000_154,256,78483,7028
1_0000,1_0000_155,256,79002,6800
1_0000,1_0000_156,256,79710,6352
1_0000,1_0000_157,256,80412,5648
1_0000,1_0000_158,256,81399,5776
1_0000,1_0000_159,256,82509,5512
1_0000,1_0000_160,256,83361,6648
1_0000,1_0000_161,256,84276,8040
1_0000,1_0000_162,256,85770,7600
1_0000,1_0000_163,256,87525,6696
1_0000,1_0000_164,256,88782,6256
1_0000,1_0000_165,256,88722,6800
1_0000,1_0000_166,256,88617,6288
1_0000,1_0000_167,256,88638,4700
1_0000,1_0000_168,256,88629,3000
1_0000,1_0000_169,256,88602,2972
1_0000,1_0000_170,256,88470,3380
1_0000,1_0000_171,256,88488,5184
1_0000,1_0000_172,256,88446,6032
1_0000,1_0000_173,256,88188,6104
1_0000,1_0000_174,256,88302,6792
1_0000,1_0000_175,256,88320,5088
1_0000,1_0000_176,256,88269,5164
1_0000,1_0000_177,256,88446,4744
1_0000,1_0000_178,256,88332,4760
1_0000,1_0000_179,256,88113,2468
1_0000,1_0000_180,256,87999,1796
1_0000,1_0000_181,256,87762,2980
1_0000,1_0000_182,256,87987,3496
1_0000,1_0000_183,256,88440,4068
1_0000,1_0000_184,256,88587,3940
1_0000,1_0000_185,256,88278,4256
1_0000,1_0000_186,256,88404,4188
1_0000,1_0000_187,256,88356,4640
1_0000,1_0000_188,256,88269,4892
1_0000,1_0000_189,256,88377,4192
1_0000,1_0000_190,256,88635,3468
1_0000,1_0000_191,256,88179,4228
1_0000,1_0000_192,256,88026,4352
1_0000,1_0000_193,256,87588,3676
1_0000,1_0000_194,256,87378,3272
1_0000,1_0000_195,256,87285,3128
1_0000,1_0000_196,256,87303,2260
1_0000,1_0000_197,256,87435,1480
1_0000,1_0000_198,256,87564,2012
1_0000,1_0000_199,256,87984,1980
1_0000,1_0000_200,256,88044,2336
1_0000,1_0000_201,256,88233,2072
1_0000,1_0000_202,256,88620,2056
1_0000,1_0000_203,256,88542,1908
1_0000,1_0000_204,256,88779,2260
1_0000,1_0000_205,256,88401,2464
1_0000,1_0000_206,256,88209,2592
1_0000,1_0000_207,256,88293,1756
1_0000,1_0000_208,256,88224,1644
1_0000,1_0000_209,256,88398,2152
1_0000,1_0000_210,256,88515,2412
1_0000,1_0000_211,256,88992,2172
1_0000,1_0000_212,256,89145,1748
1_0000,1_0000_213,256,89430,1776
1_0000,1_0000_214,256,90138,1760
1_0000,1_0000_215,256,91026,1912
1_0000,1_0000_216,256,91437,1756
1_0000,1_0000_217,256,91764,1948
1_0000,1_0000_218,256,91710,3132
1_0000,1_0000_219,256,92025,2584
1_0000,1_0000_220,256,92202,2080
1_0000,1_0000_221,256,91854,2540
1_0000,1_0000_222,256,91632,2836
1_0000,1_0000_223,256,91188,2212
1_0000,1_0000_224,256,91155,2332
1_0000,1_0000_225,256,91344,2816
1_0000,1_0000_226,256,91860,2328
1_0000,1_0000_227,256,92400,1600
1_0000,1_0000_228,256,92985,928
1_0000,1_0000_229,256,93027,1812
1_0000,1_0000_230,256,92937,2024
1_0000,1_0000_231,256,93018,1172
1_0000,1_0000_232,256,93147,1656
1_0000,1_0000_233,256,93075,2608
1_0000,1_0000_234,256,93486,2864
1_0000,1_0000_235,256,93456,2496
1_0000,1_0000_236,256,93159,2616
1_0000,1_0000_237,256,92841,2288
1_0000,1_0000_238,256,92982,2144
1_0000,1_0000_239,256,93039,1868
1_0000,1_0000_240,256,92676,1424
1_0000,1_0000_241,256,92208,1920
1_0000,1_0000_242,256,91788,2276
1_0000,1_0000_243,256,91992,2236
1_0000,1_0000_244,256,92256,2956
1_0000,1_0000_245,256,92004,3028
1_0000,1_0000_246,256,92247,1912
1_0000,1_0000_247,256,92310,2584
1_0000,1_0000_248,256,92703,2928
1_0000,1_0000_249,256,92862,2796
1_0000,1_0000_250,256,92844,2836
1_0000,1_0000_251,256,92853,2412
1_0000,1_0000_252,256,92535,3336
1_0000,1_0000_253,256,92331,1888
1_0000,1_0000_254,256,92322,2036
1_0000,1_0000_255,256,92772,2076
1_0000,1_0000_256,256,92874,2248
1_0000,1_0000_257,256,92460,2332
1_0000,1_0000_258,256,92640,2184
1_0000,1_0000_259,256,92430,2124
1_0000,1_0000_260,256,91842,2280
1_0000,1_0000_261,256,91710,2644
1_0000,1_0000_262,256,91359,2688
1_0000,1_0000_263,256,91476,2860
1_0000,1_0000_264,256,91614,2900
1_0000,1_0000_265,256,91644,2196
1_0000,1_0000_266,256,91608,1784
1_0000,1_0000_267,256,91629,2088
1_0000,1_0000_268,256,91836,1828
1_0000,1_0000_269,256,91839,1552
1_0000,1_0000_270,256,91620,2356
1_0000,1_0000_271,256,91578,1616
1_0000,1_0000_272,256,91254,1748
1_0000,1_0000_273,256,91284,1564
1_0000,1_0000_274,256,90954,1448
1_0000,1_0000_275,256,90741,1676
1_0000,1_0000_276,256,90699,1724
1_0000,1_0000_277,256,90369,1180
1_0000,1_0000_278,256,90147,1032
1_0000,1_0000_279,256,90135,616
1_0000,1_0000_280,256,90030,392
1_0000,1_0000_281,256,90003,644
1_0000,1_0000_282,256,89919,784
1_0000,1_0000_283,256,90036,1300
1_0000,1_0000_284,256,90066,1384
1_0000,1_0000_285,256,90669,992
1_0000,1_0000_286,256,90789,1144
1_0000,1_0000_287,256,90723,816
1_0000,1_0000_288,256,90594,1092
1_0000,1_0000_289,256,90429,1276
1_0000,1_0000_290,256,90333,828
1_0000,1_0000_291,256,90177,616
1_0000,1_0000_292,256,90045,420
1_0000,1_0000_293,256,89523,1284
1_0000,1_0000_294,256,89169,1168
1_0000,1_0000_295,256,88977,992
1_0000,1_0000_296,256,88473,812
1_0000,1_0000_297,256,88335,792
1_0000,1_0000_298,256,88056,812
1_0000,1_0000_299,256,87615,1300
1_0000,1_0000_300,256,87465,1264
1_0000,1_0000_301,256,87003,1036
1_0000,1_0000_302,256,86748,860
1_0000,1_0000_303,256,86487,856
1_0000,1_0000_304,256,86523,924
1_0000,1_0000_305,256,86166,1000
1_0000,1_0000_306,256,85764,1040
1_0000,1_0000_307,256,85467,1124
1_0000,1_0000_308,256,84951,972
1_0000,1_0000_309,256,84417,908
1_0000,1_0000_310,256,84036,1052
1_0000,1_0000_311,256,83391,1212
1_0000,1_0000_312,256,82884,972
1_0000,1_0000_313,256,82296,772
1_0000,1_0000_314,256,81654,1052
1_0000,1_0000_315,256,81153,124
1_0000,1_0000_316,256,80163,348
1_0000,1_0000_317,256,79608,204
1_0000,1_0000_318,256,78936,368
1_0000,1_0000_319,256,78615,1108
1_0000,1_0000_320,256,78072,1168
1_0000,1_0000_321,256,77538,1132
1_0000,1_0000_322,256,77082,580
1_0000,1_0000_323,256,76443,0
1_0000,1_0000_324,256,75966,280
1_0000,1_0000_325,256,75090,508
1_0000,1_0000_326,256,74364,644
1_0000,1_0000_327,256,74142,468
1_0000,1_0000_328,256,73563,1060
1_0000,1_0000_329,256,72876,780
1_0000,1_0000_330,256,72513,856
1_0000,1_0000_331,256,71931,588
1_0000,1_0000_332,256,71373,588
1_0000,1_0000_333,256,71139,560
1_0000,1_0000_334,256,70599,924
1_0000,1_0000_335,256,69939,660
1_0000,1_0000_336,256,69492,760
1_0000,1_0000_337,256,69045,32
1_0000,1_0000_338,256,68589,0
1_0000,1_0000_339,256,68352,0
1_0000,1_0000_340,256,67959,0
1_0000,1_0000_341,256,67395,0
1_0000,1_0000_342,256,66909,100
1_0000,1_0000_343,256,66384,388
1_0000,1_0000_344,256,65880,528
1_0000,1_0000_345,256,65076,520
1_0000,1_0000_346,256,64404,660
1_0000,1_0000_347,256,63441,644
1_0000,1_0000_348,256,62580,216
1_0000,1_0000_349,256,61830,152
1_0000,1_0000_350,256,60786,412
1_0000,1_0000_351,256,60090,768
1_0000,1_0000_352,256,58989,972
1_0000,1_0000_353,256,58020,776
1_0000,1_0000_354,256,57261,724
1_0000,1_0000_355,256,56361,708
1_0000,1_0000_356,256,55260,664
1_0000,1_0000_357,256,54372,660
1_0000,1_0000_358,256,53286,420
1_0000,1_0000_359,256,52209,764
1_0000,1_0000_360,256,51312,532
1_0000,1_0000_361,256,50418,280
1_0000,1_0000_362,256,49470,488
1_0000,1_0000_363,256,48405,440
1_0000,1_0000_364,256,47217,496
1_0000,1_0000_365,256,46212,432
1_0000,1_0000_366,256,45087,564
1_0000,1_0000_367,256,43947,392
1_0000,1_0000_368,256,42831,268
1_0000,1_0000_369,256,42021,52
1_0000,1_0000_370,256,40911,0
1_0000,1_0000_371,256,39636,0
1_0000,1_0000_372,256,38565,0
1_0000,1_0000_373,256,37413,0
1_0000,1_0000_374,256,36435,248
1_0000,1_0000_375,256,35316,252
1_0000,1_0000_376,256,34230,464
1_0000,1_0000_377,256,33135,552
1_0000,1_0000_378,256,32103,112
1_0000,1_0000_379,256,31101,52
1_0000,1_0000_380,256,29928,0
1_0000,1_0000_381,256,28635,232
1_0000,1_0000_382,256,27315,188
1_0000,1_0000_383,256,26124,36
1_0000,1_0000_384,256,24867,0
1_0000,1_0000_385,256,23634,0
1_0000,1_0000_386,256,22416,128
1_0000,1_0000_387,256,21177,0
1_0000,1_0000_388,256,19914,0
1_0000,1_0000_389,256,18684,52
1_0000,1_0000_390,256,17424,108
1_0000,1_0000_391,256,16041,344
1_0000,1_0000_392,256,14814,788
1_0000,1_0000_393,256,13152,644
1_0000,1_0000_394,256,11673,576
1_0000,1_0000_395,256,10431,1540
1_0000,1_0000_396,256,9312,2060
1_0000,1_0000_397,256,8202,2152
1_0000,1_0000_398,256,6468,1684
1_0000,1_0000_399,256,5469,2148
1_0000,1_0000_400,256,3855,1656
1_0000,1_0000_401,256,1161,676
2_0000,2_0000_053,256,27,140
2_0000,2_0000_054,256,357,720
2_0000,2_0000_055,256,597,700
2_0000,2_0000_056,256,711,792
2_0000,2_0000_057,256,807,884
2_0000,2_0000_058,256,933,1008
2_0000,2_0000_059,256,1101,1120
2_0000,2_0000_060,256,1284,1368
2_0000,2_0000_061,256,1509,1144
2_0000,2_0000_062,256,1611,1316
2_0000,2_0000_063,256,1827,1296
2_0000,2_0000_064,256,1995,1320
2_0000,2_0000_065,256,2157,1360
2_0000,2_0000_066,256,2337,1260
2_0000,2_0000_067,256,2466,1088
2_0000,2_0000_068,256,2655,956
2_0000,2_0000_069,256,2793,1044
2_0000,2_0000_070,256,2895,1016
2_0000,2_0000_071,256,3054,992
2_0000,2_0000_072,256,3228,1116
2_0000,2_0000_073,256,3441,824
2_0000,2_0000_074,256,3600,1132
2_0000,2_0000_075,256,3729,1188
2_0000,2_0000_076,256,3870,1172
2_0000,2_0000_077,256,4020,1292
2_0000,2_0000_078,256,4191,1300
2_0000,2_0000_079,256,4296,1340
2_0000,2_0000_080,256,4521,1496
2_0000,2_0000_081,256,4692,1252
2_0000,2_0000_082,256,4935,1896
2_0000,2_0000_083,256,5154,1900
2_0000,2_0000_084,256,5355,1880
2_0000,2_0000_085,256,5568,2032
2_0000,2_0000_086,256,5745,1992
2_0000,2_0000_087,256,5889,1992
2_0000,2_0000_088,256,6036,2920
2_0000,2_0000_089,256,6207,2424
2_0000,2_0000_090,256,6489,2720
2_0000,2_0000_091,256,6888,2808
2_0000,2_0000_092,256,7317,3244
2_0000,2_0000_093,256,7551,2856
2_0000,2_0000_094,256,7758,3876
2_0000,2_0000_095,256,8151,3064
2_0000,2_0000_096,256,8349,3668
2_0000,2_0000_097,256,8625,3924
2_0000,2_0000_098,256,8988,3868
2_0000,2_0000_099,256,9258,3804
2_0000,2_0000_100,256,9675,3096
2_0000,2_0000_101,256,10137,3472
2_0000,2_0000_102,256,10503,3272
2_0000,2_0000_103,256,10698,3676
2_0000,2_0000_104,256,11205,3220
2_0000,2_0000_105,256,11577,3532
2_0000,2_0000_106,256,12042,3968
2_0000,2_0000_107,256,12714,4276
2_0000,2_0000_108,256,13203,4256
2_0000,2_0000_109,256,13587,4540
2_0000,2_0000_110,256,13974,4800
2_0000,2_0000_111,256,14436,4764
2_0000,2_0000_112,256,14958,5152
2_0000,2_0000_113,256,15576,5588
2_0000,2_0000_114,256,16122,5860
2_0000,2_0000_115,256,16638,6364
2_0000,2_0000_116,256,17136,6392
2_0000,2_0000_117,256,17580,6044
2_0000,2_0000_118,256,18297,6684
2_0000,2_0000_119,256,18867,6740
2_0000,2_0000_120,256,19473,6688
2_0000,2_0000_121,256,19998,7280
2_0000,2_0000_122,256,20505,7352
2_0000,2_0000_123,256,21108,7588
2_0000,2_0000_124,256,21750,7496
2_0000,2_0000_125,256,22530,7600
2_0000,2_0000_126,256,23337,8036
2_0000,2_0000_127,256,24000,7852
2_0000,2_0000_128,256,24753,7600
2_0000,2_0000_129,256,25350,7848
2_0000,2_0000_130,256,26055,8292
2_0000,2_0000_131,256,26760,8028
2_0000,2_0000_132,256,27249,8116
2_0000,2_0000_133,256,27867,8320
2_0000,2_0000_134,256,28554,8740
2_0000,2_0000_135,256,29361,9404
2_0000,2_0000_136,256,30234,9936
2_0000,2_0000_137,256,30828,9796
2_0000,2_0000_138,256,31581,10136
2_0000,2_0000_139,256,32526,10472
2_0000,2_0000_140,256,33213,10312
2_0000,2_0000_141,256,34293,10776
2_0000,2_0000_142,256,35316,11492
2_0000,2_0000_143,256,36195,11036
2_0000,2_0000_144,256,37155,11016
2_0000,2_0000_145,256,38211,11676
2_0000,2_0000_146,256,39039,11524
2_0000,2_0000_147,256,39891,11408
2_0000,2_0000_148,256,40524,12960
2_0000,2_0000_149,256,41268,12404
2_0000,2_0000_150,256,41931,12476
2_0000,2_0000_151,256,42840,12772
2_0000,2_0000_152,256,43620,12808
2_0000,2_0000_153,256,44097,13036
2_0000,2_0000_154,256,44448,12384
2_0000,2_0000_155,256,45249,11428
2_0000,2_0000_156,256,46137,13132
2_0000,2_0000_157,256,47016,12792
2_0000,2_0000_158,256,47913,12660
2_0000,2_0000_159,256,48438,12116
2_0000,2_0000_160,256,49116,12784
2_0000,2_0000_161,256,49671,13548
2_0000,2_0000_162,256,50505,13720
2_0000,2_0000_163,256,51585,13268
2_0000,2_0000_164,256,52752,12848
2_0000,2_0000_165,256,53610,11748
2_0000,2_0000_166,256,54522,11648
2_0000,2_0000_167,256,55380,11364
2_0000,2_0000_168,256,56340,11960
2_0000,2_0000_169,256,57597,11256
2_0000,2_0000_170,256,59634,13296
2_0000,2_0000_171,256,60633,14044
2_0000,2_0000_172,256,61425,14240
2_0000,2_0000_173,256,62001,12684
2_0000,2_0000_174,256,62604,11420
2_0000,2_0000_175,256,62850,10452
2_0000,2_0000_176,256,63033,10988
2_0000,2_0000_177,256,63258,11640
2_0000,2_0000_178,256,63294,11168
2_0000,2_0000_179,256,63417,9288
2_0000,2_0000_180,256,63651,8244
2_0000,2_0000_181,256,64341,9552
2_0000,2_0000_182,256,64998,9500
2_0000,2_0000_183,256,64980,9424
2_0000,2_0000_184,256,64566,8436
2_0000,2_0000_185,256,64059,7100
2_0000,2_0000_186,256,63831,6940
2_0000,2_0000_187,256,64077,5260
2_0000,2_0000_188,256,64641,5188
2_0000,2_0000_189,256,65223,5176
2_0000,2_0000_190,256,65850,4524
2_0000,2_0000_191,256,66198,5532
2_0000,2_0000_192,256,66147,5592
2_0000,2_0000_193,256,66306,5488
2_0000,2_0000_194,256,66942,5068
2_0000,2_0000_195,256,67941,6000
2_0000,2_0000_196,256,68553,7352
2_0000,2_0000_197,256,69024,7808
2_0000,2_0000_198,256,70038,8024
2_0000,2_0000_199,256,70659,8192
2_0000,2_0000_200,256,71370,8172
2_0000,2_0000_201,256,71961,7240
2_0000,2_0000_202,256,72543,8148
2_0000,2_0000_203,256,73359,7164
2_0000,2_0000_204,256,73620,6608
2_0000,2_0000_205,256,74262,5616
2_0000,2_0000_206,256,74667,5800
2_0000,2_0000_207,256,74136,5816
2_0000,2_0000_208,256,74598,5656
2_0000,2_0000_209,256,75663,7948
2_0000,2_0000_210,256,76230,6884
2_0000,2_0000_211,256,76404,5612
2_0000,2_0000_212,256,77223,5204
2_0000,2_0000_213,256,77445,5360
2_0000,2_0000_214,256,77979,4900
2_0000,2_0000_215,256,78930,6168
2_0000,2_0000_216,256,79899,5956
2_0000,2_0000_217,256,80655,7116
2_0000,2_0000_218,256,81141,8036
2_0000,2_0000_219,256,81774,7728
2_0000,2_0000_220,256,82128,7232
2_0000,2_0000_221,256,83172,7968
2_0000,2_0000_222,256,83427,7804
2_0000,2_0000_223,256,84228,9880
2_0000,2_0000_224,256,85182,10444
2_0000,2_0000_225,256,86070,9248
2_0000,2_0000_226,256,87324,7720
2_0000,2_0000_227,256,89016,9880
2_0000,2_0000_228,256,89577,8280
2_0000,2_0000_229,256,89802,8004
2_0000,2_0000_230,256,89874,7380
2_0000,2_0000_231,256,89808,7248
2_0000,2_0000_232,256,89730,7300
2_0000,2_0000_233,256,89844,7468
2_0000,2_0000_234,256,89784,8312
2_0000,2_0000_235,256,89871,7464
2_0000,2_0000_236,256,89772,7404
2_0000,2_0000_237,256,89619,7308
2_0000,2_0000_238,256,90057,6516
2_0000,2_0000_239,256,89937,5724
2_0000,2_0000_240,256,89961,4972
2_0000,2_0000_241,256,89964,5396
2_0000,2_0000_242,256,90189,4696
2_0000,2_0000_243,256,90357,3328
2_0000,2_0000_244,256,90849,3444
2_0000,2_0000_245,256,91566,3392
2_0000,2_0000_246,256,92133,2684
2_0000,2_0000_247,256,92388,2476
2_0000,2_0000_248,256,92643,1740
2_0000,2_0000_249,256,92790,1424
2_0000,2_0000_250,256,93051,2224
2_0000,2_0000_251,256,93432,2160
2_0000,2_0000_252,256,93741,1636
2_0000,2_0000_253,256,94023,1448
2_0000,2_0000_254,256,94407,1600
2_0000,2_0000_255,256,94548,1492
2_0000,2_0000_256,256,94656,2008
2_0000,2_0000_257,256,94692,2692
2_0000,2_0000_258,256,94932,2700
2_0000,2_0000_259,256,95274,2736
2_0000,2_0000_260,256,95535,2364
2_0000,2_0000_261,256,95769,2196
2_0000,2_0000_262,256,95988,2348
2_0000,2_0000_263,256,96129,2660
2_0000,2_0000_264,256,96216,3312
2_0000,2_0000_265,256,96546,3356
2_0000,2_0000_266,256,96636,2148
2_0000,2_0000_267,256,96372,2252
2_0000,2_0000_268,256,96195,2212
2_0000,2_0000_269,256,95850,2112
2_0000,2_0000_270,256,95508,2328
2_0000,2_0000_271,256,95331,2640
2_0000,2_0000_272,256,95088,2540
2_0000,2_0000_273,256,94773,3080
2_0000,2_0000_274,256,94587,4548
2_0000,2_0000_275,256,93825,2076
2_0000,2_0000_276,256,93669,1928
2_0000,2_0000_277,256,93915,2696
2_0000,2_0000_278,256,93933,3784
2_0000,2_0000_279,256,93813,3924
2_0000,2_0000_280,256,93840,2752
2_0000,2_0000_281,256,93822,3056
2_0000,2_0000_282,256,93492,2632
2_0000,2_0000_283,256,93288,2992
2_0000,2_0000_284,256,92976,2756
2_0000,2_0000_285,256,92838,2844
2_0000,2_0000_286,256,92694,2276
2_0000,2_0000_287,256,92481,2000
2_0000,2_0000_288,256,92067,1576
2_0000,2_0000_289,256,91902,1580
2_0000,2_0000_290,256,91944,864
2_0000,2_0000_291,256,91752,432
2_0000,2_0000_292,256,91668,820
2_0000,2_0000_293,256,91554,792
2_0000,2_0000_294,256,91272,872
2_0000,2_0000_295,256,90993,1140
2_0000,2_0000_296,256,90819,724
2_0000,2_0000_297,256,90498,912
2_0000,2_0000_298,256,90582,1076
2_0000,2_0000_299,256,90633,844
2_0000,2_0000_300,256,90180,828
2_0000,2_0000_301,256,89982,968
2_0000,2_0000_302,256,89835,1400
2_0000,2_0000_303,256,89358,1624
2_0000,2_0000_304,256,88848,1876
2_0000,2_0000_305,256,88626,1392
2_0000,2_0000_306,256,88428,1508
2_0000,2_0000_307,256,88179,1676
2_0000,2_0000_308,256,87963,1980
2_0000,2_0000_309,256,87600,1828
2_0000,2_0000_310,256,87450,1936
2_0000,2_0000_311,256,87282,1812
2_0000,2_0000_312,256,86652,1532
2_0000,2_0000_313,256,86148,1380
2_0000,2_0000_314,256,85650,1396
2_0000,2_0000_315,256,85161,1328
2_0000,2_0000_316,256,84711,1664
2_0000,2_0000_317,256,84153,2000
2_0000,2_0000_318,256,83691,1968
2_0000,2_0000_319,256,83235,1756
2_0000,2_0000_320,256,82794,1788
2_0000,2_0000_321,256,82119,1968
2_0000,2_0000_322,256,81492,1824
2_0000,2_0000_323,256,80937,1692
2_0000,2_0000_324,256,80160,1504
2_0000,2_0000_325,256,79521,1160
2_0000,2_0000_326,256,78816,1132
2_0000,2_0000_327,256,77940,988
2_0000,2_0000_328,256,77124,1320
2_0000,2_0000_329,256,76287,1500
2_0000,2_0000_330,256,75423,1744
2_0000,2_0000_331,256,74460,1464
2_0000,2_0000_332,256,73410,952
2_0000,2_0000_333,256,72393,1392
2_0000,2_0000_334,256,71508,1396
2_0000,2_0000_335,256,70341,1244
2_0000,2_0000_336,256,69429,1180
2_0000,2_0000_337,256,68397,932
2_0000,2_0000_338,256,67212,760
2_0000,2_0000_339,256,65760,768
2_0000,2_0000_340,256,64380,692
2_0000,2_0000_341,256,62880,820
2_0000,2_0000_342,256,61323,440
2_0000,2_0000_343,256,59865,0
2_0000,2_0000_344,256,58380,64
2_0000,2_0000_345,256,56769,128
2_0000,2_0000_346,256,55107,320
2_0000,2_0000_347,256,53292,260
2_0000,2_0000_348,256,51423,572
2_0000,2_0000_349,256,49917,144
2_0000,2_0000_350,256,48354,0
2_0000,2_0000_351,256,46746,292
2_0000,2_0000_352,256,45240,280
2_0000,2_0000_353,256,43791,296
2_0000,2_0000_354,256,42132,44
2_0000,2_0000_355,256,40503,240
2_0000,2_0000_356,256,38967,20
2_0000,2_0000_357,256,37431,0
2_0000,2_0000_358,256,35955,0
2_0000,2_0000_359,256,34485,0
2_0000,2_0000_360,256,32940,0
2_0000,2_0000_361,256,31467,0
2_0000,2_0000_362,256,30063,0
2_0000,2_0000_363,256,28590,0
2_0000,2_0000_364,256,27285,0
2_0000,2_0000_365,256,25971,0
2_0000,2_0000_366,256,24726,0
2_0000,2_0000_367,256,23502,0
2_0000,2_0000_368,256,22224,0
2_0000,2_0000_369,256,20793,0
2_0000,2_0000_370,256,19638,0
2_0000,2_0000_371,256,18465,0
2_0000,2_0000_372,256,17265,0
2_0000,2_0000_373,256,16050,72
2_0000,2_0000_374,256,14778,0
2_0000,2_0000_375,256,13590,0
2_0000,2_0000_376,256,12570,0
2_0000,2_0000_377,256,11553,0
2_0000,2_0000_378,256,10434,104
2_0000,2_0000_379,256,9180,0
2_0000,2_0000_380,256,8097,0
2_0000,2_0000_381,256,7038,108
2_0000,2_0000_382,256,6066,0
2_0000,2_0000_383,256,5172,0
2_0000,2_0000_384,256,4275,48
2_0000,2_0000_385,256,3465,304
2_0000,2_0000_386,256,2682,348
2_0000,2_0000_387,256,1782,176
2_0000,2_0000_388,256,1194,0
2_0000,2_0000_389,256,831,0
2_0000,2_0000_390,256,534,360
3_0000,3_0000_048,256,81,32
3_0000,3_0000_049,256,48,76
3_0000,3_0000_050,256,186,488
3_0000,3_0000_051,256,249,280
3_0000,3_0000_052,256,324,552
3_0000,3_0000_053,256,351,732
3_0000,3_0000_054,256,540,644
3_0000,3_0000_055,256,732,1148
3_0000,3_0000_056,256,924,1516
3_0000,3_0000_057,256,1218,1704
3_0000,3_0000_058,256,1509,1756
3_0000,3_0000_059,256,1755,1900
3_0000,3_0000_060,256,2058,1892
3_0000,3_0000_061,256,2217,2192
3_0000,3_0000_062,256,2337,2184
3_0000,3_0000_063,256,2631,2116
3_0000,3_0000_064,256,2955,2224
3_0000,3_0000_065,256,3282,2376
3_0000,3_0000_066,256,3615,2536
3_0000,3_0000_067,256,3990,2740
3_0000,3_0000_068,256,4314,2756
3_0000,3_0000_069,256,4713,3048
3_0000,3_0000_070,256,4914,2976
3_0000,3_0000_071,256,5184,2992
3_0000,3_0000_072,256,5619,3016
3_0000,3_0000_073,256,5916,3332
3_0000,3_0000_074,256,6312,3192
3_0000,3_0000_075,256,6771,3216
3_0000,3_0000_076,256,7029,3136
3_0000,3_0000_077,256,7314,3060
3_0000,3_0000_078,256,7737,2744
3_0000,3_0000_079,256,7938,2348
3_0000,3_0000_080,256,8361,2028
3_0000,3_0000_081,256,8745,1652
3_0000,3_0000_082,256,9018,1552
3_0000,3_0000_083,256,9462,1764
3_0000,3_0000_084,256,9924,1672
3_0000,3_0000_085,256,10134,1724
3_0000,3_0000_086,256,10656,1656
3_0000,3_0000_087,256,11028,1908
3_0000,3_0000_088,256,11496,2152
3_0000,3_0000_089,256,11670,2016
3_0000,3_0000_090,256,11976,1476
3_0000,3_0000_091,256,12369,1572
3_0000,3_0000_092,256,12723,1692
3_0000,3_0000_093,256,13203,1200
3_0000,3_0000_094,256,13575,1108
3_0000,3_0000_095,256,14247,1192
3_0000,3_0000_096,256,14670,1260
3_0000,3_0000_097,256,15120,1356
3_0000,3_0000_098,256,15654,1504
3_0000,3_0000_099,256,16275,1760
3_0000,3_0000_100,256,16713,1940
3_0000,3_0000_101,256,17340,2144
3_0000,3_0000_102,256,17829,1952
3_0000,3_0000_103,256,18357,2448
3_0000,3_0000_104,256,18870,1920
3_0000,3_0000_105,256,19257,1876
3_0000,3_0000_106,256,19692,1812
3_0000,3_0000_107,256,20148,1624
3_0000,3_0000_108,256,20520,1084
3_0000,3_0000_109,256,20967,1100
3_0000,3_0000_110,256,21528,1232
3_0000,3_0000_111,256,22218,964
3_0000,3_0000_112,256,22590,1188
3_0000,3_0000_113,256,23280,1340
3_0000,3_0000_114,256,23826,1444
3_0000,3_0000_115,256,24453,1564
3_0000,3_0000_116,256,24963,1224
3_0000,3_0000_117,256,25413,1112
3_0000,3_0000_118,256,25878,1468
3_0000,3_0000_119,256,26382,1160
3_0000,3_0000_120,256,26934,1120
3_0000,3_0000_121,256,27225,852
3_0000,3_0000_122,256,27996,868
3_0000,3_0000_123,256,28587,816
3_0000,3_0000_124,256,29223,200
3_0000,3_0000_125,256,29862,228
3_0000,3_0000_126,256,30642,816
3_0000,3_0000_127,256,31350,1112
3_0000,3_0000_128,256,31968,748
3_0000,3_0000_129,256,32493,868
3_0000,3_0000_130,256,33171,1104
3_0000,3_0000_131,256,34209,1512
3_0000,3_0000_132,256,35019,1552
3_0000,3_0000_133,256,35913,2508
3_0000,3_0000_134,256,36963,1884
3_0000,3_0000_135,256,37680,2036
3_0000,3_0000_136,256,38517,1448
3_0000,3_0000_137,256,39324,1532
3_0000,3_0000_138,256,40278,800
3_0000,3_0000_139,256,40857,612
3_0000,3_0000_140,256,41799,1096
3_0000,3_0000_141,256,42891,1192
3_0000,3_0000_142,256,43923,1324
3_0000,3_0000_143,256,45006,1100
3_0000,3_0000_144,256,46098,456
3_0000,3_0000_145,256,47952,928
3_0000,3_0000_146,256,49047,756
3_0000,3_0000_147,256,50244,800
3_0000,3_0000_148,256,51639,524
3_0000,3_0000_149,256,52785,72
3_0000,3_0000_150,256,54183,0
3_0000,3_0000_151,256,55758,0
3_0000,3_0000_152,256,57267,188
3_0000,3_0000_153,256,59112,1044
3_0000,3_0000_154,256,60885,1200
3_0000,3_0000_155,256,62457,420
3_0000,3_0000_156,256,64026,880
3_0000,3_0000_157,256,65589,816
3_0000,3_0000_158,256,67395,1036
3_0000,3_0000_159,256,69441,1508
3_0000,3_0000_160,256,71064,1740
3_0000,3_0000_161,256,72183,1284
3_0000,3_0000_162,256,73287,748
3_0000,3_0000_163,256,74325,556
3_0000,3_0000_164,256,75477,1316
3_0000,3_0000_165,256,77187,812
3_0000,3_0000_166,256,78828,1276
3_0000,3_0000_167,256,80970,932
3_0000,3_0000_168,256,83013,828
3_0000,3_0000_169,256,84801,696
3_0000,3_0000_170,256,86778,512
3_0000,3_0000_171,256,88386,60
3_0000,3_0000_172,256,88791,100
3_0000,3_0000_173,256,89307,752
3_0000,3_0000_174,256,90039,804
3_0000,3_0000_175,256,90531,572
3_0000,3_0000_176,256,91335,996
3_0000,3_0000_177,256,92082,1020
3_0000,3_0000_178,256,92043,512
3_0000,3_0000_179,256,92715,492
3_0000,3_0000_180,256,92703,196
3_0000,3_0000_181,256,92286,364
3_0000,3_0000_182,256,92847,1068
3_0000,3_0000_183,256,92901,432
3_0000,3_0000_184,256,92817,500
3_0000,3_0000_185,256,92928,972
3_0000,3_0000_186,256,93051,1972
3_0000,3_0000_187,256,93045,1904
3_0000,3_0000_188,256,93120,1088
3_0000,3_0000_189,256,93066,1932
3_0000,3_0000_190,256,93042,2064
3_0000,3_0000_191,256,92940,1544
3_0000,3_0000_192,256,92748,1648
3_0000,3_0000_193,256,92541,1764
3_0000,3_0000_194,256,92529,300
3_0000,3_0000_195,256,92490,452
3_0000,3_0000_196,256,92076,300
3_0000,3_0000_197,256,91998,192
3_0000,3_0000_198,256,91893,0
3_0000,3_0000_199,256,91791,360
3_0000,3_0000_200,256,92025,376
3_0000,3_0000_201,256,92139,152
3_0000,3_0000_202,256,92190,324
3_0000,3_0000_203,256,92472,320
3_0000,3_0000_204,256,92481,108
3_0000,3_0000_205,256,92310,12
3_0000,3_0000_206,256,92145,320
3_0000,3_0000_207,256,91911,520
3_0000,3_0000_208,256,91833,0
3_0000,3_0000_209,256,91710,0
3_0000,3_0000_210,256,91437,0
3_0000,3_0000_211,256,91311,0
3_0000,3_0000_212,256,91293,80
3_0000,3_0000_213,256,91788,416
3_0000,3_0000_214,256,91728,376
3_0000,3_0000_215,256,91419,208
3_0000,3_0000_216,256,90927,92
3_0000,3_0000_217,256,90909,272
3_0000,3_0000_218,256,90972,308
3_0000,3_0000_219,256,90612,528
3_0000,3_0000_220,256,90024,716
3_0000,3_0000_221,256,89769,1104
3_0000,3_0000_222,256,89496,924
3_0000,3_0000_223,256,89043,632
3_0000,3_0000_224,256,88869,620
3_0000,3_0000_225,256,88518,408
3_0000,3_0000_226,256,88191,0
3_0000,3_0000_227,256,88038,0
3_0000,3_0000_228,256,88023,136
3_0000,3_0000_229,256,87897,584
3_0000,3_0000_230,256,87774,360
3_0000,3_0000_231,256,87495,0
3_0000,3_0000_232,256,87075,0
3_0000,3_0000_233,256,86748,0
3_0000,3_0000_234,256,86409,124
3_0000,3_0000_235,256,86181,168
3_0000,3_0000_236,256,86163,0
3_0000,3_0000_237,256,86112,0
3_0000,3_0000_238,256,85908,0
3_0000,3_0000_239,256,85791,36
3_0000,3_0000_240,256,85302,4
3_0000,3_0000_241,256,84912,200
3_0000,3_0000_242,256,84690,172
3_0000,3_0000_243,256,84324,424
3_0000,3_0000_244,256,84024,44
3_0000,3_0000_245,256,83736,208
3_0000,3_0000_246,256,83583,412
3_0000,3_0000_247,256,83136,264
3_0000,3_0000_248,256,83043,180
3_0000,3_0000_249,256,82995,56
3_0000,3_0000_250,256,82422,0
3_0000,3_0000_251,256,81909,84
3_0000,3_0000_252,256,81405,352
3_0000,3_0000_253,256,80769,244
3_0000,3_0000_254,256,80337,256
3_0000,3_0000_255,256,79785,96
3_0000,3_0000_256,256,79227,144
3_0000,3_0000_257,256,79014,212
3_0000,3_0000_258,256,78828,76
3_0000,3_0000_259,256,78855,32
3_0000,3_0000_260,256,78807,0
3_0000,3_0000_261,256,78531,0
3_0000,3_0000_262,256,78210,28
3_0000,3_0000_263,256,77568,0
3_0000,3_0000_264,256,76965,68
3_0000,3_0000_265,256,76350,116
3_0000,3_0000_266,256,75816,244
3_0000,3_0000_267,256,75279,348
3_0000,3_0000_268,256,74874,192
3_0000,3_0000_269,256,74364,48
3_0000,3_0000_270,256,73887,0
3_0000,3_0000_271,256,73404,0
3_0000,3_0000_272,256,72900,16
3_0000,3_0000_273,256,72588,244
3_0000,3_0000_274,256,72123,368
3_0000,3_0000_275,256,71772,288
3_0000,3_0000_276,256,71106,340
3_0000,3_0000_277,256,70623,468
3_0000,3_0000_278,256,70188,924
3_0000,3_0000_279,256,69693,668
3_0000,3_0000_280,256,69018,380
3_0000,3_0000_281,256,68298,308
3_0000,3_0000_282,256,67692,696
3_0000,3_0000_283,256,66975,592
3_0000,3_0000_284,256,66378,476
3_0000,3_0000_285,256,65481,1048
3_0000,3_0000_286,256,64689,848
3_0000,3_0000_287,256,64041,748
3_0000,3_0000_288,256,63261,732
3_0000,3_0000_289,256,62445,740
3_0000,3_0000_290,256,61791,752
3_0000,3_0000_291,256,61062,432
3_0000,3_0000_292,256,60147,4
3_0000,3_0000_293,256,59436,0
3_0000,3_0000_294,256,58782,104
3_0000,3_0000_295,256,58074,220
3_0000,3_0000_296,256,57474,208
3_0000,3_0000_297,256,56772,292
3_0000,3_0000_298,256,56040,36
3_0000,3_0000_299,256,55332,80
3_0000,3_0000_300,256,54639,4
3_0000,3_0000_301,256,53808,52
3_0000,3_0000_302,256,53040,84
3_0000,3_0000_303,256,52089,268
3_0000,3_0000_304,256,51246,440
3_0000,3_0000_305,256,50505,420
3_0000,3_0000_306,256,49572,320
3_0000,3_0000_307,256,48663,548
3_0000,3_0000_308,256,47622,496
3_0000,3_0000_309,256,46626,372
3_0000,3_0000_310,256,45540,368
3_0000,3_0000_311,256,44553,272
3_0000,3_0000_312,256,43548,212
3_0000,3_0000_313,256,42648,304
3_0000,3_0000_314,256,41670,208
3_0000,3_0000_315,256,40773,96
3_0000,3_0000_316,256,39759,0
3_0000,3_0000_317,256,38853,32
3_0000,3_0000_318,256,37812,204
3_0000,3_0000_319,256,36729,208
3_0000,3_0000_320,256,35868,44
3_0000,3_0000_321,256,34740,88
3_0000,3_0000_322,256,33864,112
3_0000,3_0000_323,256,32904,0
3_0000,3_0000_324,256,31980,0
3_0000,3_0000_325,256,30960,0
3_0000,3_0000_326,256,30117,80
3_0000,3_0000_327,256,29223,152
3_0000,3_0000_328,256,28245,8
3_0000,3_0000_329,256,27243,0
3_0000,3_0000_330,256,26457,56
3_0000,3_0000_331,256,25725,128
3_0000,3_0000_332,256,24837,0
3_0000,3_0000_333,256,23520,0
3_0000,3_0000_334,256,21825,0
3_0000,3_0000_335,256,20649,0
3_0000,3_0000_336,256,19644,0
3_0000,3_0000_337,256,18783,0
3_0000,3_0000_338,256,17895,0
3_0000,3_0000_339,256,16938,0
3_0000,3_0000_340,256,16047,0
3_0000,3_0000_341,256,15159,0
3_0000,3_0000_342,256,14238,0
3_0000,3_0000_343,256,13383,0
3_0000,3_0000_344,256,12516,0
3_0000,3_0000_345,256,11739,0
3_0000,3_0000_346,256,10977,0
3_0000,3_0000_347,256,10164,16
3_0000,3_0000_348,256,9318,0
3_0000,3_0000_349,256,8490,0
3_0000,3_0000_350,256,7389,0
3_0000,3_0000_351,256,6435,0
3_0000,3_0000_352,256,5598,0
3_0000,3_0000_353,256,4596,196
3_0000,3_0000_354,256,3399,908
3_0000,3_0000_355,256,2310,1372
5_0000,5_0000_037,256,15,32
5_0000,5_0000_038,256,90,156
5_0000,5_0000_039,256,150,216
5_0000,5_0000_040,256,330,620
5_0000,5_0000_041,256,498,776
5_0000,5_0000_042,256,669,812
5_0000,5_0000_043,256,774,576
5_0000,5_0000_044,256,930,652
5_0000,5_0000_045,256,1152,576
5_0000,5_0000_046,256,1536,560
5_0000,5_0000_047,256,1836,708
5_0000,5_0000_048,256,2139,1040
5_0000,5_0000_049,256,2613,1048
5_0000,5_0000_050,256,2862,1208
5_0000,5_0000_051,256,3420,1368
5_0000,5_0000_052,256,3927,1040
5_0000,5_0000_053,256,4341,956
5_0000,5_0000_054,256,5034,1436
5_0000,5_0000_055,256,5862,2004
5_0000,5_0000_056,256,6363,2148
5_0000,5_0000_057,256,7146,2048
5_0000,5_0000_058,256,7650,1976
5_0000,5_0000_059,256,8010,1720
5_0000,5_0000_060,256,8508,1872
5_0000,5_0000_061,256,9072,2488
5_0000,5_0000_062,256,9519,2416
5_0000,5_0000_063,256,10167,2764
5_0000,5_0000_064,256,10944,3088
5_0000,5_0000_065,256,11664,3516
5_0000,5_0000_066,256,12408,4036
5_0000,5_0000_067,256,13068,3724
5_0000,5_0000_068,256,13797,3820
5_0000,5_0000_069,256,14514,3828
5_0000,5_0000_070,256,15255,3860
5_0000,5_0000_071,256,16059,4264
5_0000,5_0000_072,256,16968,4288
5_0000,5_0000_073,256,17817,4068
5_0000,5_0000_074,256,18648,3792
5_0000,5_0000_075,256,19455,3332
5_0000,5_0000_076,256,20190,3628
5_0000,5_0000_077,256,21066,3612
5_0000,5_0000_078,256,21786,3016
5_0000,5_0000_079,256,22848,2788
5_0000,5_0000_080,256,23604,2992
5_0000,5_0000_081,256,24516,3876
5_0000,5_0000_082,256,25425,4104
5_0000,5_0000_083,256,26265,3588
5_0000,5_0000_084,256,27153,3244
5_0000,5_0000_085,256,28077,3276
5_0000,5_0000_086,256,28707,3228
5_0000,5_0000_087,256,29790,3668
5_0000,5_0000_088,256,30774,3780
5_0000,5_0000_089,256,31842,3656
5_0000,5_0000_090,256,32883,4064
5_0000,5_0000_091,256,34008,4800
5_0000,5_0000_092,256,34974,3888
5_0000,5_0000_093,256,36015,4180
5_0000,5_0000_094,256,37071,4828
5_0000,5_0000_095,256,38250,5580
5_0000,5_0000_096,256,39282,5172
5_0000,5_0000_097,256,40479,4532
5_0000,5_0000_098,256,41595,4472
5_0000,5_0000_099,256,42624,5480
5_0000,5_0000_100,256,43395,5988
5_0000,5_0000_101,256,44511,7220
5_0000,5_0000_102,256,45723,8672
5_0000,5_0000_103,256,46947,8380
5_0000,5_0000_104,256,48063,8816
5_0000,5_0000_105,256,49122,9212
5_0000,5_0000_106,256,50583,9452
5_0000,5_0000_107,256,51696,10232
5_0000,5_0000_108,256,52917,9620
5_0000,5_0000_109,256,54237,9824
5_0000,5_0000_110,256,55338,9208
5_0000,5_0000_111,256,56460,10500
5_0000,5_0000_112,256,58131,10624
5_0000,5_0000_113,256,59268,10308
5_0000,5_0000_114,256,60417,12028
5_0000,5_0000_115,256,61797,12712
5_0000,5_0000_116,256,63330,13880
5_0000,5_0000_117,256,65076,16232
5_0000,5_0000_118,256,66555,16568
5_0000,5_0000_119,256,67836,15264
5_0000,5_0000_120,256,69549,16136
5_0000,5_0000_121,256,71610,15064
5_0000,5_0000_122,256,73128,14612
5_0000,5_0000_123,256,74826,14848
5_0000,5_0000_124,256,75972,16276
5_0000,5_0000_125,256,77133,15112
5_0000,5_0000_126,256,78240,16228
5_0000,5_0000_127,256,79398,16900
5_0000,5_0000_128,256,80448,14876
5_0000,5_0000_129,256,80892,14620
5_0000,5_0000_130,256,81378,14920
5_0000,5_0000_131,256,81783,16208
5_0000,5_0000_132,256,82371,16456
5_0000,5_0000_133,256,82959,14816
5_0000,5_0000_134,256,83103,14568
5_0000,5_0000_135,256,83430,15248
5_0000,5_0000_136,256,83481,14484
5_0000,5_0000_137,256,83613,13952
5_0000,5_0000_138,256,83370,14748
5_0000,5_0000_139,256,83004,13356
5_0000,5_0000_140,256,82323,13152
5_0000,5_0000_141,256,81765,13392
5_0000,5_0000_142,256,81057,13004
5_0000,5_0000_143,256,80652,13280
5_0000,5_0000_144,256,79938,11636
5_0000,5_0000_145,256,79572,10892
5_0000,5_0000_146,256,79044,10828
5_0000,5_0000_147,256,78333,10572
5_0000,5_0000_148,256,78120,9908
5_0000,5_0000_149,256,77145,9576
5_0000,5_0000_150,256,76602,11796
5_0000,5_0000_151,256,76212,11348
5_0000,5_0000_152,256,75795,9320
5_0000,5_0000_153,256,75744,9612
5_0000,5_0000_154,256,75651,7888
5_0000,5_0000_155,256,75639,7856
5_0000,5_0000_156,256,75414,7008
5_0000,5_0000_157,256,75159,6276
5_0000,5_0000_158,256,75180,4880
5_0000,5_0000_159,256,74883,6272
5_0000,5_0000_160,256,74577,5888
5_0000,5_0000_161,256,74610,5788
5_0000,5_0000_162,256,74655,7708
5_0000,5_0000_163,256,74559,6320
5_0000,5_0000_164,256,74274,6528
5_0000,5_0000_165,256,74013,6712
5_0000,5_0000_166,256,73791,6104
5_0000,5_0000_167,256,73302,6304
5_0000,5_0000_168,256,72786,6008
5_0000,5_0000_169,256,72369,5580
5_0000,5_0000_170,256,71781,5684
5_0000,5_0000_171,256,71397,5308
5_0000,5_0000_172,256,71028,6220
5_0000,5_0000_173,256,71109,6024
5_0000,5_0000_174,256,70701,5708
5_0000,5_0000_175,256,71031,5468
5_0000,5_0000_176,256,70701,5536
5_0000,5_0000_177,256,70260,5352
5_0000,5_0000_178,256,70254,5424
5_0000,5_0000_179,256,70035,4924
5_0000,5_0000_180,256,69942,4568
5_0000,5_0000_181,256,69975,4720
5_0000,5_0000_182,256,69720,3468
5_0000,5_0000_183,256,69408,4096
5_0000,5_0000_184,256,69258,4100
5_0000,5_0000_185,256,69081,4776
5_0000,5_0000_186,256,68859,4756
5_0000,5_0000_187,256,68862,4692
5_0000,5_0000_188,256,68556,4288
5_0000,5_0000_189,256,68523,4140
5_0000,5_0000_190,256,68487,4064
5_0000,5_0000_191,256,68754,4000
5_0000,5_0000_192,256,68505,4164
5_0000,5_0000_193,256,68373,4240
5_0000,5_0000_194,256,68187,4756
5_0000,5_0000_195,256,68232,4696
5_0000,5_0000_196,256,68574,4660
5_0000,5_0000_197,256,69003,4552
5_0000,5_0000_198,256,69363,4432
5_0000,5_0000_199,256,69234,4112
5_0000,5_0000_200,256,69129,3104
5_0000,5_0000_201,256,69207,2964
5_0000,5_0000_202,256,69270,2924
5_0000,5_0000_203,256,69480,2536
5_0000,5_0000_204,256,69447,3876
5_0000,5_0000_205,256,69459,3396
5_0000,5_0000_206,256,69717,4024
5_0000,5_0000_207,256,69816,3396
5_0000,5_0000_208,256,70128,3712
5_0000,5_0000_209,256,69939,3564
5_0000,5_0000_210,256,69933,3856
5_0000,5_0000_211,256,70314,4132
5_0000,5_0000_212,256,70182,3308
5_0000,5_0000_213,256,70593,3176
5_0000,5_0000_214,256,70581,2824
5_0000,5_0000_215,256,70485,2284
5_0000,5_0000_216,256,70476,3124
5_0000,5_0000_217,256,70626,3684
5_0000,5_0000_218,256,70767,3976
5_0000,5_0000_219,256,70629,4092
5_0000,5_0000_220,256,70584,3736
5_0000,5_0000_221,256,70524,2460
5_0000,5_0000_222,256,70374,3096
5_0000,5_0000_223,256,70434,2288
5_0000,5_0000_224,256,70800,2012
5_0000,5_0000_225,256,70731,1972
5_0000,5_0000_226,256,71067,1876
5_0000,5_0000_227,256,71133,2232
5_0000,5_0000_228,256,71076,2428
5_0000,5_0000_229,256,70998,2804
5_0000,5_0000_230,256,70797,2732
5_0000,5_0000_231,256,70830,2272
5_0000,5_0000_232,256,70824,1804
5_0000,5_0000_233,256,70788,1724
5_0000,5_0000_234,256,70698,1816
5_0000,5_0000_235,256,70701,1856
5_0000,5_0000_236,256,70845,1524
5_0000,5_0000_237,256,70701,964
5_0000,5_0000_238,256,70425,748
5_0000,5_0000_239,256,70413,676
5_0000,5_0000_240,256,70143,608
5_0000,5_0000_241,256,70182,840
5_0000,5_0000_242,256,69879,1148
5_0000,5_0000_243,256,69855,1068
5_0000,5_0000_244,256,69687,836
5_0000,5_0000_245,256,69636,724
5_0000,5_0000_246,256,69642,988
5_0000,5_0000_247,256,69591,1060
5_0000,5_0000_248,256,69708,812
5_0000,5_0000_249,256,69693,704
5_0000,5_0000_250,256,69531,568
5_0000,5_0000_251,256,69468,888
5_0000,5_0000_252,256,69396,956
5_0000,5_0000_253,256,69486,1028
5_0000,5_0000_254,256,69567,488
5_0000,5_0000_255,256,69390,916
5_0000,5_0000_256,256,69402,728
5_0000,5_0000_257,256,69285,624
5_0000,5_0000_258,256,69168,388
5_0000,5_0000_259,256,69168,576
5_0000,5_0000_260,256,69294,1176
5_0000,5_0000_261,256,69024,940
5_0000,5_0000_262,256,68802,1008
5_0000,5_0000_263,256,68445,1076
5_0000,5_0000_264,256,68163,788
5_0000,5_0000_265,256,67830,1524
5_0000,5_0000_266,256,67497,1568
5_0000,5_0000_267,256,67227,1332
5_0000,5_0000_268,256,67047,1820
5_0000,5_0000_269,256,66630,780
5_0000,5_0000_270,256,66300,1128
5_0000,5_0000_271,256,66162,980
5_0000,5_0000_272,256,65733,1692
5_0000,5_0000_273,256,65550,2020
5_0000,5_0000_274,256,65289,2168
5_0000,5_0000_275,256,65013,1008
5_0000,5_0000_276,256,64890,2300
5_0000,5_0000_277,256,64749,2452
5_0000,5_0000_278,256,64644,2240
5_0000,5_0000_279,256,64503,2532
5_0000,5_0000_280,256,64230,2544
5_0000,5_0000_281,256,63966,2240
5_0000,5_0000_282,256,63882,2596
5_0000,5_0000_283,256,63684,2064
5_0000,5_0000_284,256,63669,2420
5_0000,5_0000_285,256,63447,2616
5_0000,5_0000_286,256,63231,2584
5_0000,5_0000_287,256,63048,2676
5_0000,5_0000_288,256,62802,2832
5_0000,5_0000_289,256,62520,2796
5_0000,5_0000_290,256,62247,2576
5_0000,5_0000_291,256,61893,2864
5_0000,5_0000_292,256,61521,2044
5_0000,5_0000_293,256,61089,2144
5_0000,5_0000_294,256,60687,2740
5_0000,5_0000_295,256,60372,2108
5_0000,5_0000_296,256,59877,2164
5_0000,5_0000_297,256,59331,2568
5_0000,5_0000_298,256,58998,2468
5_0000,5_0000_299,256,58590,1928
5_0000,5_0000_300,256,58071,2292
5_0000,5_0000_301,256,57600,3068
5_0000,5_0000_302,256,57063,4196
5_0000,5_0000_303,256,56499,4824
5_0000,5_0000_304,256,55833,4904
5_0000,5_0000_305,256,55380,4376
5_0000,5_0000_306,256,54816,4636
5_0000,5_0000_307,256,54246,4960
5_0000,5_0000_308,256,53703,4512
5_0000,5_0000_309,256,53001,3876
5_0000,5_0000_310,256,52611,4016
5_0000,5_0000_311,256,51807,3948
5_0000,5_0000_312,256,51114,3952
5_0000,5_0000_313,256,50460,4288
5_0000,5_0000_314,256,49806,4012
5_0000,5_0000_315,256,49095,3524
5_0000,5_0000_316,256,48255,3364
5_0000,5_0000_317,256,47331,3000
5_0000,5_0000_318,256,46500,3064
5_0000,5_0000_319,256,45807,3248
5_0000,5_0000_320,256,44814,3008
5_0000,5_0000_321,256,43992,3292
5_0000,5_0000_322,256,43107,3132
5_0000,5_0000_323,256,42285,3120
5_0000,5_0000_324,256,41346,2612
5_0000,5_0000_325,256,40512,2704
5_0000,5_0000_326,256,39462,2460
5_0000,5_0000_327,256,38619,2268
5_0000,5_0000_328,256,37797,1924
5_0000,5_0000_329,256,36639,2248
5_0000,5_0000_330,256,35472,2360
5_0000,5_0000_331,256,34572,2160
5_0000,5_0000_332,256,33402,2012
5_0000,5_0000_333,256,32448,2352
5_0000,5_0000_334,256,31566,2044
5_0000,5_0000_335,256,30609,1912
5_0000,5_0000_336,256,29679,1824
5_0000,5_0000_337,256,28641,1452
5_0000,5_0000_338,256,27729,1568
5_0000,5_0000_339,256,26835,1576
5_0000,5_0000_340,256,25902,1504
5_0000,5_0000_341,256,24915,1320
5_0000,5_0000_342,256,23742,1072
5_0000,5_0000_343,256,22791,888
5_0000,5_0000_344,256,21732,932
5_0000,5_0000_345,256,20664,1092
5_0000,5_0000_346,256,19581,948
5_0000,5_0000_347,256,18624,904
5_0000,5_0000_348,256,17625,1116
5_0000,5_0000_349,256,16749,1260
5_0000,5_0000_350,256,15945,1288
5_0000,5_0000_351,256,15162,904
5_0000,5_0000_352,256,14463,1560
5_0000,5_0000_353,256,13608,1404
5_0000,5_0000_354,256,12747,1264
5_0000,5_0000_355,256,11955,1388
5_0000,5_0000_356,256,10962,1204
5_0000,5_0000_357,256,10128,1016
5_0000,5_0000_358,256,9309,940
5_0000,5_0000_359,256,8484,776
5_0000,5_0000_360,256,7410,632
5_0000,5_0000_361,256,6600,424
5_0000,5_0000_362,256,5829,72
5_0000,5_0000_363,256,5259,196
5_0000,5_0000_364,256,4701,0
5_0000,5_0000_365,256,4287,0
5_0000,5_0000_366,256,3846,0
5_0000,5_0000_367,256,3429,0
5_0000,5_0000_368,256,3033,0
5_0000,5_0000_369,256,2640,72
5_0000,5_0000_370,256,2301,0
5_0000,5_0000_371,256,1953,0
5_0000,5_0000_372,256,1614,0
5_0000,5_0000_373,256,1311,12
5_0000,5_0000_374,256,1041,88
5_0000,5_0000_375,256,681,336
AIIB23_145_0000,AIIB23_145_0000_037,256,237,348
AIIB23_145_0000,AIIB23_145_0000_038,256,630,764
AIIB23_145_0000,AIIB23_145_0000_039,256,987,792
AIIB23_145_0000,AIIB23_145_0000_040,256,1977,1676
AIIB23_145_0000,AIIB23_145_0000_041,256,3054,2516
AIIB23_145_0000,AIIB23_145_0000_042,256,4149,3228
AIIB23_145_0000,AIIB23_145_0000_043,256,5571,3744
AIIB23_145_0000,AIIB23_145_0000_044,256,5811,3800
AIIB23_145_0000,AIIB23_145_0000_045,256,7437,4432
AIIB23_145_0000,AIIB23_145_0000_046,256,9282,4964
AIIB23_145_0000,AIIB23_145_0000_047,256,15756,7880
AIIB23_145_0000,AIIB23_145_0000_048,256,22098,8376
AIIB23_145_0000,AIIB23_145_0000_049,256,27738,9504
AIIB23_145_0000,AIIB23_145_0000_050,256,32664,8692
AIIB23_145_0000,AIIB23_145_0000_051,256,34326,8676
AIIB23_145_0000,AIIB23_145_0000_052,256,35253,8420
AIIB23_145_0000,AIIB23_145_0000_053,256,37206,8620
AIIB23_145_0000,AIIB23_145_0000_054,256,40443,8264
AIIB23_145_0000,AIIB23_145_0000_055,256,43695,8728
AIIB23_145_0000,AIIB23_145_0000_056,256,46872,8852
AIIB23_145_0000,AIIB23_145_0000_057,256,50253,8384
AIIB23_145_0000,AIIB23_145_0000_058,256,53448,7284
AIIB23_145_0000,AIIB23_145_0000_059,256,57099,6800
AIIB23_145_0000,AIIB23_145_0000_060,256,61593,5588
AIIB23_145_0000,AIIB23_145_0000_061,256,65331,5876
AIIB23_145_0000,AIIB23_145_0000_062,256,69306,4308
AIIB23_145_0000,AIIB23_145_0000_063,256,72000,5380
AIIB23_145_0000,AIIB23_145_0000_064,256,72009,3784
AIIB23_145_0000,AIIB23_145_0000_065,256,72558,3448
AIIB23_145_0000,AIIB23_145_0000_066,256,72915,4392
AIIB23_145_0000,AIIB23_145_0000_067,256,72702,4268
AIIB23_145_0000,AIIB23_145_0000_068,256,73053,4972
AIIB23_145_0000,AIIB23_145_0000_069,256,73143,3360
AIIB23_145_0000,AIIB23_145_0000_070,256,73041,3076
AIIB23_145_0000,AIIB23_145_0000_071,256,74172,3124
AIIB23_145_0000,AIIB23_145_0000_072,256,75138,4132
AIIB23_145_0000,AIIB23_145_0000_073,256,75807,4856
AIIB23_145_0000,AIIB23_145_0000_074,256,75030,4836
AIIB23_145_0000,AIIB23_145_0000_075,256,74379,6084
AIIB23_145_0000,AIIB23_145_0000_076,256,75336,5816
AIIB23_145_0000,AIIB23_145_0000_077,256,75282,6016
AIIB23_145_0000,AIIB23_145_0000_078,256,75645,4876
AIIB23_145_0000,AIIB23_145_0000_079,256,76143,6464
AIIB23_145_0000,AIIB23_145_0000_080,256,77907,6664
AIIB23_145_0000,AIIB23_145_0000_081,256,78579,5740
AIIB23_145_0000,AIIB23_145_0000_082,256,78108,5504
AIIB23_145_0000,AIIB23_145_0000_083,256,77904,6460
AIIB23_145_0000,AIIB23_145_0000_084,256,77934,4320
AIIB23_145_0000,AIIB23_145_0000_085,256,77124,3828
AIIB23_145_0000,AIIB23_145_0000_086,256,75972,3356
AIIB23_145_0000,AIIB23_145_0000_087,256,74556,3660
AIIB23_145_0000,AIIB23_145_0000_088,256,73071,2364
AIIB23_145_0000,AIIB23_145_0000_089,256,71946,2976
AIIB23_145_0000,AIIB23_145_0000_090,256,69963,3932
AIIB23_145_0000,AIIB23_145_0000_091,256,68838,3784
AIIB23_145_0000,AIIB23_145_0000_092,256,68649,4112
AIIB23_145_0000,AIIB23_145_0000_093,256,67269,4480
AIIB23_145_0000,AIIB23_145_0000_094,256,65616,4856
AIIB23_145_0000,AIIB23_145_0000_095,256,63654,4220
AIIB23_145_0000,AIIB23_145_0000_096,256,62031,3760
AIIB23_145_0000,AIIB23_145_0000_097,256,60819,2668
AIIB23_145_0000,AIIB23_145_0000_098,256,60129,2576
AIIB23_145_0000,AIIB23_145_0000_099,256,59079,1664
AIIB23_145_0000,AIIB23_145_0000_100,256,57360,3100
AIIB23_145_0000,AIIB23_145_0000_101,256,55578,3324
AIIB23_145_0000,AIIB23_145_0000_102,256,54135,2696
AIIB23_145_0000,AIIB23_145_0000_103,256,52341,3016
AIIB23_145_0000,AIIB23_145_0000_104,256,50223,3572
AIIB23_145_0000,AIIB23_145_0000_105,256,47370,4072
AIIB23_145_0000,AIIB23_145_0000_106,256,44436,1152
AIIB23_145_0000,AIIB23_145_0000_107,256,42105,2256
AIIB23_145_0000,AIIB23_145_0000_108,256,40188,1868
AIIB23_145_0000,AIIB23_145_0000_109,256,37884,1348
AIIB23_145_0000,AIIB23_145_0000_110,256,35760,1760
AIIB23_145_0000,AIIB23_145_0000_111,256,33711,1112
AIIB23_145_0000,AIIB23_145_0000_112,256,31941,800
AIIB23_145_0000,AIIB23_145_0000_113,256,30033,736
AIIB23_145_0000,AIIB23_145_0000_114,256,28287,780
AIIB23_145_0000,AIIB23_145_0000_115,256,26835,1212
AIIB23_145_0000,AIIB23_145_0000_116,256,25152,1000
AIIB23_145_0000,AIIB23_145_0000_117,256,23169,640
AIIB23_145_0000,AIIB23_145_0000_118,256,20967,572
AIIB23_145_0000,AIIB23_145_0000_119,256,18852,472
AIIB23_145_0000,AIIB23_145_0000_120,256,16914,332
AIIB23_145_0000,AIIB23_145_0000_121,256,14790,548
AIIB23_145_0000,AIIB23_145_0000_122,256,12699,468
AIIB23_145_0000,AIIB23_145_0000_123,256,10491,740
AIIB23_145_0000,AIIB23_145_0000_124,256,8100,688
AIIB23_145_0000,AIIB23_145_0000_125,256,5184,484
AIIB23_145_0000,AIIB23_145_0000_126,256,3999,472
AIIB23_145_0000,AIIB23_145_0000_127,256,2913,624
AIIB23_145_0000,AIIB23_145_0000_128,256,1806,616
AIIB23_146_0000,AIIB23_146_0000_023,256,6,0
AIIB23_146_0000,AIIB23_146_0000_024,256,78,44
AIIB23_146_0000,AIIB23_146_0000_025,256,249,364
AIIB23_146_0000,AIIB23_146_0000_026,256,540,1080
AIIB23_146_0000,AIIB23_146_0000_027,256,912,1344
AIIB23_146_0000,AIIB23_146_0000_028,256,1164,1268
AIIB23_146_0000,AIIB23_146_0000_029,256,1530,1560
AIIB23_146_0000,AIIB23_146_0000_030,256,1869,1660
AIIB23_146_0000,AIIB23_146_0000_031,256,2223,1740
AIIB23_146_0000,AIIB23_146_0000_032,256,2517,1648
AIIB23_146_0000,AIIB23_146_0000_033,256,2820,1520
AIIB23_146_0000,AIIB23_146_0000_034,256,3033,1824
AIIB23_146_0000,AIIB23_146_0000_035,256,3228,1876
AIIB23_146_0000,AIIB23_146_0000_036,256,3657,2024
AIIB23_146_0000,AIIB23_146_0000_037,256,4065,2164
AIIB23_146_0000,AIIB23_146_0000_038,256,4296,2084
AIIB23_146_0000,AIIB23_146_0000_039,256,4617,1992
AIIB23_146_0000,AIIB23_146_0000_040,256,4977,2424
AIIB23_146_0000,AIIB23_146_0000_041,256,5493,2612
AIIB23_146_0000,AIIB23_146_0000_042,256,5934,2736
AIIB23_146_0000,AIIB23_146_0000_043,256,6273,2516
AIIB23_146_0000,AIIB23_146_0000_044,256,6570,2020
AIIB23_146_0000,AIIB23_146_0000_045,256,6975,2124
AIIB23_146_0000,AIIB23_146_0000_046,256,7302,2196
AIIB23_146_0000,AIIB23_146_0000_047,256,7782,2396
AIIB23_146_0000,AIIB23_146_0000_048,256,8298,2456
AIIB23_146_0000,AIIB23_146_0000_049,256,8733,2588
AIIB23_146_0000,AIIB23_146_0000_050,256,9126,2420
AIIB23_146_0000,AIIB23_146_0000_051,256,9462,1580
AIIB23_146_0000,AIIB23_146_0000_052,256,9789,1364
AIIB23_146_0000,AIIB23_146_0000_053,256,10263,1456
AIIB23_146_0000,AIIB23_146_0000_054,256,10929,1808
AIIB23_146_0000,AIIB23_146_0000_055,256,11472,1916
AIIB23_146_0000,AIIB23_146_0000_056,256,12015,1916
AIIB23_146_0000,AIIB23_146_0000_057,256,12570,1856
AIIB23_146_0000,AIIB23_146_0000_058,256,13044,1564
AIIB23_146_0000,AIIB23_146_0000_059,256,13548,1712
AIIB23_146_0000,AIIB23_146_0000_060,256,14067,1756
AIIB23_146_0000,AIIB23_146_0000_061,256,14565,1360
AIIB23_146_0000,AIIB23_146_0000_062,256,15198,1412
AIIB23_146_0000,AIIB23_146_0000_063,256,15969,2916
AIIB23_146_0000,AIIB23_146_0000_064,256,16659,3188
AIIB23_146_0000,AIIB23_146_0000_065,256,17358,2812
AIIB23_146_0000,AIIB23_146_0000_066,256,18129,2656
AIIB23_146_0000,AIIB23_146_0000_067,256,18624,2836
AIIB23_146_0000,AIIB23_146_0000_068,256,19470,3464
AIIB23_146_0000,AIIB23_146_0000_069,256,20151,3148
AIIB23_146_0000,AIIB23_146_0000_070,256,20967,3396
AIIB23_146_0000,AIIB23_146_0000_071,256,21759,3136
AIIB23_146_0000,AIIB23_146_0000_072,256,22491,3020
AIIB23_146_0000,AIIB23_146_0000_073,256,23097,3428
AIIB23_146_0000,AIIB23_146_0000_074,256,23568,4068
AIIB23_146_0000,AIIB23_146_0000_075,256,24282,4592
AIIB23_146_0000,AIIB23_146_0000_076,256,25089,4708
AIIB23_146_0000,AIIB23_146_0000_077,256,25617,4152
AIIB23_146_0000,AIIB23_146_0000_078,256,26436,3840
AIIB23_146_0000,AIIB23_146_0000_079,256,27231,4272
AIIB23_146_0000,AIIB23_146_0000_080,256,28044,4728
AIIB23_146_0000,AIIB23_146_0000_081,256,29001,4676
AIIB23_146_0000,AIIB23_146_0000_082,256,29835,4544
AIIB23_146_0000,AIIB23_146_0000_083,256,30528,4340
AIIB23_146_0000,AIIB23_146_0000_084,256,31188,4280
AIIB23_146_0000,AIIB23_146_0000_085,256,31782,4160
AIIB23_146_0000,AIIB23_146_0000_086,256,32598,4480
AIIB23_146_0000,AIIB23_146_0000_087,256,33513,4428
AIIB23_146_0000,AIIB23_146_0000_088,256,34407,3464
AIIB23_146_0000,AIIB23_146_0000_089,256,35322,3608
AIIB23_146_0000,AIIB23_146_0000_090,256,36396,2932
AIIB23_146_0000,AIIB23_146_0000_091,256,37332,3040
AIIB23_146_0000,AIIB23_146_0000_092,256,38577,2676
AIIB23_146_0000,AIIB23_146_0000_093,256,39525,2864
AIIB23_146_0000,AIIB23_146_0000_094,256,40413,2580
AIIB23_146_0000,AIIB23_146_0000_095,256,41130,3484
AIIB23_146_0000,AIIB23_146_0000_096,256,42063,4708
AIIB23_146_0000,AIIB23_146_0000_097,256,43023,5376
AIIB23_146_0000,AIIB23_146_0000_098,256,43908,5980
AIIB23_146_0000,AIIB23_146_0000_099,256,45057,5180
AIIB23_146_0000,AIIB23_146_0000_100,256,45990,4572
AIIB23_146_0000,AIIB23_146_0000_101,256,47160,4680
AIIB23_146_0000,AIIB23_146_0000_102,256,48240,4104
AIIB23_146_0000,AIIB23_146_0000_103,256,49497,4324
AIIB23_146_0000,AIIB23_146_0000_104,256,50682,4620
AIIB23_146_0000,AIIB23_146_0000_105,256,51594,4668
AIIB23_146_0000,AIIB23_146_0000_106,256,52377,3728
AIIB23_146_0000,AIIB23_146_0000_107,256,52914,3964
AIIB23_146_0000,AIIB23_146_0000_108,256,53781,3824
AIIB23_146_0000,AIIB23_146_0000_109,256,54819,5296
AIIB23_146_0000,AIIB23_146_0000_110,256,55668,3968
AIIB23_146_0000,AIIB23_146_0000_111,256,56268,2780
AIIB23_146_0000,AIIB23_146_0000_112,256,57342,3068
AIIB23_146_0000,AIIB23_146_0000_113,256,58554,2652
AIIB23_146_0000,AIIB23_146_0000_114,256,59529,3844
AIIB23_146_0000,AIIB23_146_0000_115,256,60618,4108
AIIB23_146_0000,AIIB23_146_0000_116,256,61866,4072
AIIB23_146_0000,AIIB23_146_0000_117,256,62934,4276
AIIB23_146_0000,AIIB23_146_0000_118,256,64311,4076
AIIB23_146_0000,AIIB23_146_0000_119,256,65625,3392
AIIB23_146_0000,AIIB23_146_0000_120,256,67005,3472
AIIB23_146_0000,AIIB23_146_0000_121,256,68673,3520
AIIB23_146_0000,AIIB23_146_0000_122,256,69894,3500
AIIB23_146_0000,AIIB23_146_0000_123,256,71589,4312
AIIB23_146_0000,AIIB23_146_0000_124,256,73287,4964
AIIB23_146_0000,AIIB23_146_0000_125,256,74520,4352
AIIB23_146_0000,AIIB23_146_0000_126,256,76326,4116
AIIB23_146_0000,AIIB23_146_0000_127,256,78468,4520
AIIB23_146_0000,AIIB23_146_0000_128,256,80973,4684
AIIB23_146_0000,AIIB23_146_0000_129,256,82806,4220
AIIB23_146_0000,AIIB23_146_0000_130,256,84516,4300
AIIB23_146_0000,AIIB23_146_0000_131,256,86472,5620
AIIB23_146_0000,AIIB23_146_0000_132,256,87756,6256
AIIB23_146_0000,AIIB23_146_0000_133,256,88587,6932
AIIB23_146_0000,AIIB23_146_0000_134,256,89133,7416
AIIB23_146_0000,AIIB23_146_0000_135,256,89133,7352
AIIB23_146_0000,AIIB23_146_0000_136,256,90714,5288
AIIB23_146_0000,AIIB23_146_0000_137,256,90348,3880
AIIB23_146_0000,AIIB23_146_0000_138,256,89481,5464
AIIB23_146_0000,AIIB23_146_0000_139,256,89361,6624
AIIB23_146_0000,AIIB23_146_0000_140,256,88917,6908
AIIB23_146_0000,AIIB23_146_0000_141,256,88335,5872
AIIB23_146_0000,AIIB23_146_0000_142,256,87747,5812
AIIB23_146_0000,AIIB23_146_0000_143,256,87531,5572
AIIB23_146_0000,AIIB23_146_0000_144,256,87162,5976
AIIB23_146_0000,AIIB23_146_0000_145,256,86595,6544
AIIB23_146_0000,AIIB23_146_0000_146,256,86118,6792
AIIB23_146_0000,AIIB23_146_0000_147,256,85188,6932
AIIB23_146_0000,AIIB23_146_0000_148,256,84435,5908
AIIB23_146_0000,AIIB23_146_0000_149,256,83622,6152
AIIB23_146_0000,AIIB23_146_0000_150,256,83043,5844
AIIB23_146_0000,AIIB23_146_0000_151,256,82209,5912
AIIB23_146_0000,AIIB23_146_0000_152,256,81489,6324
AIIB23_146_0000,AIIB23_146_0000_153,256,80553,6692
AIIB23_146_0000,AIIB23_146_0000_154,256,80073,6204
AIIB23_146_0000,AIIB23_146_0000_155,256,79530,5988
AIIB23_146_0000,AIIB23_146_0000_156,256,79014,5308
AIIB23_146_0000,AIIB23_146_0000_157,256,78183,4644
AIIB23_146_0000,AIIB23_146_0000_158,256,77352,4780
AIIB23_146_0000,AIIB23_146_0000_159,256,76767,4620
AIIB23_146_0000,AIIB23_146_0000_160,256,76254,2732
AIIB23_146_0000,AIIB23_146_0000_161,256,75762,3472
AIIB23_146_0000,AIIB23_146_0000_162,256,75540,3760
AIIB23_146_0000,AIIB23_146_0000_163,256,75273,3824
AIIB23_146_0000,AIIB23_146_0000_164,256,74535,3384
AIIB23_146_0000,AIIB23_146_0000_165,256,74313,3716
AIIB23_146_0000,AIIB23_146_0000_166,256,73794,3636
AIIB23_146_0000,AIIB23_146_0000_167,256,73143,4604
AIIB23_146_0000,AIIB23_146_0000_168,256,72510,4840
AIIB23_146_0000,AIIB23_146_0000_169,256,71901,5024
AIIB23_146_0000,AIIB23_146_0000_170,256,71424,5188
AIIB23_146_0000,AIIB23_146_0000_171,256,70869,4864
AIIB23_146_0000,AIIB23_146_0000_172,256,70170,5540
AIIB23_146_0000,AIIB23_146_0000_173,256,68883,6040
AIIB23_146_0000,AIIB23_146_0000_174,256,68130,6200
AIIB23_146_0000,AIIB23_146_0000_175,256,67764,7120
AIIB23_146_0000,AIIB23_146_0000_176,256,67404,8632
AIIB23_146_0000,AIIB23_146_0000_177,256,67305,7920
AIIB23_146_0000,AIIB23_146_0000_178,256,66861,7824
AIIB23_146_0000,AIIB23_146_0000_179,256,66426,8280
AIIB23_146_0000,AIIB23_146_0000_180,256,66060,8792
AIIB23_146_0000,AIIB23_146_0000_181,256,65751,8608
AIIB23_146_0000,AIIB23_146_0000_182,256,65391,7432
AIIB23_146_0000,AIIB23_146_0000_183,256,64659,6848
AIIB23_146_0000,AIIB23_146_0000_184,256,64551,6556
AIIB23_146_0000,AIIB23_146_0000_185,256,64140,6592
AIIB23_146_0000,AIIB23_146_0000_186,256,64188,6548
AIIB23_146_0000,AIIB23_146_0000_187,256,64023,6112
AIIB23_146_0000,AIIB23_146_0000_188,256,63729,5672
AIIB23_146_0000,AIIB23_146_0000_189,256,63072,6676
AIIB23_146_0000,AIIB23_146_0000_190,256,62532,7604
AIIB23_146_0000,AIIB23_146_0000_191,256,61767,7640
AIIB23_146_0000,AIIB23_146_0000_192,256,61611,6968
AIIB23_146_0000,AIIB23_146_0000_193,256,61467,6032
AIIB23_146_0000,AIIB23_146_0000_194,256,61173,5212
AIIB23_146_0000,AIIB23_146_0000_195,256,61347,4868
AIIB23_146_0000,AIIB23_146_0000_196,256,61251,6196
AIIB23_146_0000,AIIB23_146_0000_197,256,60789,6512
AIIB23_146_0000,AIIB23_146_0000_198,256,60207,6448
AIIB23_146_0000,AIIB23_146_0000_199,256,60108,6416
AIIB23_146_0000,AIIB23_146_0000_200,256,60327,6604
AIIB23_146_0000,AIIB23_146_0000_201,256,60264,8036
AIIB23_146_0000,AIIB23_146_0000_202,256,60231,8300
AIIB23_146_0000,AIIB23_146_0000_203,256,59943,7344
AIIB23_146_0000,AIIB23_146_0000_204,256,60048,8028
AIIB23_146_0000,AIIB23_146_0000_205,256,59940,7848
AIIB23_146_0000,AIIB23_146_0000_206,256,59178,7236
AIIB23_146_0000,AIIB23_146_0000_207,256,58728,6096
AIIB23_146_0000,AIIB23_146_0000_208,256,58764,5176
AIIB23_146_0000,AIIB23_146_0000_209,256,58860,6040
AIIB23_146_0000,AIIB23_146_0000_210,256,58674,5316
AIIB23_146_0000,AIIB23_146_0000_211,256,58185,5460
AIIB23_146_0000,AIIB23_146_0000_212,256,57759,5528
AIIB23_146_0000,AIIB23_146_0000_213,256,57516,6424
AIIB23_146_0000,AIIB23_146_0000_214,256,57804,6332
AIIB23_146_0000,AIIB23_146_0000_215,256,58287,5984
AIIB23_146_0000,AIIB23_146_0000_216,256,58779,6656
AIIB23_146_0000,AIIB23_146_0000_217,256,59241,6356
AIIB23_146_0000,AIIB23_146_0000_218,256,59244,5808
AIIB23_146_0000,AIIB23_146_0000_219,256,59052,5500
AIIB23_146_0000,AIIB23_146_0000_220,256,59097,6424
AIIB23_146_0000,AIIB23_146_0000_221,256,59340,7128
AIIB23_146_0000,AIIB23_146_0000_222,256,59535,6904
AIIB23_146_0000,AIIB23_146_0000_223,256,59295,6320
AIIB23_146_0000,AIIB23_146_0000_224,256,59892,6376
AIIB23_146_0000,AIIB23_146_0000_225,256,60561,6012
AIIB23_146_0000,AIIB23_146_0000_226,256,60384,5652
AIIB23_146_0000,AIIB23_146_0000_227,256,60147,4344
AIIB23_146_0000,AIIB23_146_0000_228,256,59880,3712
AIIB23_146_0000,AIIB23_146_0000_229,256,59499,3668
AIIB23_146_0000,AIIB23_146_0000_230,256,59283,4800
AIIB23_146_0000,AIIB23_146_0000_231,256,59187,6400
AIIB23_146_0000,AIIB23_146_0000_232,256,58758,5824
AIIB23_146_0000,AIIB23_146_0000_233,256,58599,5848
AIIB23_146_0000,AIIB23_146_0000_234,256,58440,5348
AIIB23_146_0000,AIIB23_146_0000_235,256,57945,5444
AIIB23_146_0000,AIIB23_146_0000_236,256,57624,5812
AIIB23_146_0000,AIIB23_146_0000_237,256,57213,5648
AIIB23_146_0000,AIIB23_146_0000_238,256,56997,5244
AIIB23_146_0000,AIIB23_146_0000_239,256,56643,4576
AIIB23_146_0000,AIIB23_146_0000_240,256,56241,4300
AIIB23_146_0000,AIIB23_146_0000_241,256,55830,4256
AIIB23_146_0000,AIIB23_146_0000_242,256,55098,4900
AIIB23_146_0000,AIIB23_146_0000_243,256,54651,5216
AIIB23_146_0000,AIIB23_146_0000_244,256,54384,5292
AIIB23_146_0000,AIIB23_146_0000_245,256,53823,4568
AIIB23_146_0000,AIIB23_146_0000_246,256,53505,5024
AIIB23_146_0000,AIIB23_146_0000_247,256,53001,4840
AIIB23_146_0000,AIIB23_146_0000_248,256,52707,4572
AIIB23_146_0000,AIIB23_146_0000_249,256,52173,3952
AIIB23_146_0000,AIIB23_146_0000_250,256,51663,3604
AIIB23_146_0000,AIIB23_146_0000_251,256,51477,4416
AIIB23_146_0000,AIIB23_146_0000_252,256,51117,4028
AIIB23_146_0000,AIIB23_146_0000_253,256,50802,3776
AIIB23_146_0000,AIIB23_146_0000_254,256,50424,3676
AIIB23_146_0000,AIIB23_146_0000_255,256,49884,3128
AIIB23_146_0000,AIIB23_146_0000_256,256,49338,2860
AIIB23_146_0000,AIIB23_146_0000_257,256,48738,2880
AIIB23_146_0000,AIIB23_146_0000_258,256,48231,3792
AIIB23_146_0000,AIIB23_146_0000_259,256,47841,3076
AIIB23_146_0000,AIIB23_146_0000_260,256,47295,2484
AIIB23_146_0000,AIIB23_146_0000_261,256,46683,2812
AIIB23_146_0000,AIIB23_146_0000_262,256,46053,3052
AIIB23_146_0000,AIIB23_146_0000_263,256,45315,1852
AIIB23_146_0000,AIIB23_146_0000_264,256,44628,2396
AIIB23_146_0000,AIIB23_146_0000_265,256,44172,2496
AIIB23_146_0000,AIIB23_146_0000_266,256,43632,2184
AIIB23_146_0000,AIIB23_146_0000_267,256,43140,1992
AIIB23_146_0000,AIIB23_146_0000_268,256,42702,2164
AIIB23_146_0000,AIIB23_146_0000_269,256,42354,2284
AIIB23_146_0000,AIIB23_146_0000_270,256,42000,2256
AIIB23_146_0000,AIIB23_146_0000_271,256,41526,1384
AIIB23_146_0000,AIIB23_146_0000_272,256,41010,1160
AIIB23_146_0000,AIIB23_146_0000_273,256,40455,1204
AIIB23_146_0000,AIIB23_146_0000_274,256,39621,1332
AIIB23_146_0000,AIIB23_146_0000_275,256,38769,1168
AIIB23_146_0000,AIIB23_146_0000_276,256,37992,1180
AIIB23_146_0000,AIIB23_146_0000_277,256,37392,1064
AIIB23_146_0000,AIIB23_146_0000_278,256,36840,1388
AIIB23_146_0000,AIIB23_146_0000_279,256,36258,1580
AIIB23_146_0000,AIIB23_146_0000_280,256,35526,1616
AIIB23_146_0000,AIIB23_146_0000_281,256,34884,1904
AIIB23_146_0000,AIIB23_146_0000_282,256,34122,1740
AIIB23_146_0000,AIIB23_146_0000_283,256,33360,1500
AIIB23_146_0000,AIIB23_146_0000_284,256,32673,1348
AIIB23_146_0000,AIIB23_146_0000_285,256,31878,1056
AIIB23_146_0000,AIIB23_146_0000_286,256,31260,1224
AIIB23_146_0000,AIIB23_146_0000_287,256,30444,1036
AIIB23_146_0000,AIIB23_146_0000_288,256,29574,1532
AIIB23_146_0000,AIIB23_146_0000_289,256,28680,1072
AIIB23_146_0000,AIIB23_146_0000_290,256,27843,1112
AIIB23_146_0000,AIIB23_146_0000_291,256,27042,1028
AIIB23_146_0000,AIIB23_146_0000_292,256,26061,1020
AIIB23_146_0000,AIIB23_146_0000_293,256,25266,880
AIIB23_146_0000,AIIB23_146_0000_294,256,24552,804
AIIB23_146_0000,AIIB23_146_0000_295,256,23880,728
AIIB23_146_0000,AIIB23_146_0000_296,256,23169,612
AIIB23_146_0000,AIIB23_146_0000_297,256,22302,348
AIIB23_146_0000,AIIB23_146_0000_298,256,21513,104
AIIB23_146_0000,AIIB23_146_0000_299,256,20652,68
AIIB23_146_0000,AIIB23_146_0000_300,256,19812,164
AIIB23_146_0000,AIIB23_146_0000_301,256,18963,48
AIIB23_146_0000,AIIB23_146_0000_302,256,17997,304
AIIB23_146_0000,AIIB23_146_0000_303,256,17124,132
AIIB23_146_0000,AIIB23_146_0000_304,256,16329,0
AIIB23_146_0000,AIIB23_146_0000_305,256,15576,244
AIIB23_146_0000,AIIB23_146_0000_306,256,14727,196
AIIB23_146_0000,AIIB23_146_0000_307,256,13944,252
AIIB23_146_0000,AIIB23_146_0000_308,256,13167,0
AIIB23_146_0000,AIIB23_146_0000_309,256,12279,548
AIIB23_146_0000,AIIB23_146_0000_310,256,11277,348
AIIB23_146_0000,AIIB23_146_0000_311,256,10401,696
AIIB23_146_0000,AIIB23_146_0000_312,256,9438,420
AIIB23_146_0000,AIIB23_146_0000_313,256,8625,392
AIIB23_146_0000,AIIB23_146_0000_314,256,7881,436
AIIB23_146_0000,AIIB23_146_0000_315,256,7200,760
AIIB23_146_0000,AIIB23_146_0000_316,256,6282,496
AIIB23_146_0000,AIIB23_146_0000_317,256,5220,360
AIIB23_146_0000,AIIB23_146_0000_318,256,4461,176
AIIB23_146_0000,AIIB23_146_0000_319,256,3786,0
AIIB23_146_0000,AIIB23_146_0000_320,256,2973,304
AIIB23_146_0000,AIIB23_146_0000_321,256,2367,572
AIIB23_146_0000,AIIB23_146_0000_322,256,1908,736
AIIB23_146_0000,AIIB23_146_0000_323,256,1455,616
AIIB23_146_0000,AIIB23_146_0000_324,256,681,392
AIIB23_147_0000,AIIB23_147_0000_013,256,84,196
AIIB23_147_0000,AIIB23_147_0000_014,256,267,480
AIIB23_147_0000,AIIB23_147_0000_015,256,426,640
AIIB23_147_0000,AIIB23_147_0000_016,256,732,644
AIIB23_147_0000,AIIB23_147_0000_017,256,1215,1068
AIIB23_147_0000,AIIB23_147_0000_018,256,1947,1388
AIIB23_147_0000,AIIB23_147_0000_019,256,2436,1612
AIIB23_147_0000,AIIB23_147_0000_020,256,2982,2344
AIIB23_147_0000,AIIB23_147_0000_021,256,4002,3164
AIIB23_147_0000,AIIB23_147_0000_022,256,6024,3740
AIIB23_147_0000,AIIB23_147_0000_023,256,7059,4156
AIIB23_147_0000,AIIB23_147_0000_024,256,8772,4832
AIIB23_147_0000,AIIB23_147_0000_025,256,10482,5428
AIIB23_147_0000,AIIB23_147_0000_026,256,12480,6016
AIIB23_147_0000,AIIB23_147_0000_027,256,14205,6356
AIIB23_147_0000,AIIB23_147_0000_028,256,16263,6972
AIIB23_147_0000,AIIB23_147_0000_029,256,18648,7792
AIIB23_147_0000,AIIB23_147_0000_030,256,21204,8156
AIIB23_147_0000,AIIB23_147_0000_031,256,23751,8028
AIIB23_147_0000,AIIB23_147_0000_032,256,26295,8308
AIIB23_147_0000,AIIB23_147_0000_033,256,29100,9088
AIIB23_147_0000,AIIB23_147_0000_034,256,31914,8436
AIIB23_147_0000,AIIB23_147_0000_035,256,35418,7848
AIIB23_147_0000,AIIB23_147_0000_036,256,38196,7860
AIIB23_147_0000,AIIB23_147_0000_037,256,40377,6076
AIIB23_147_0000,AIIB23_147_0000_038,256,42210,8528
AIIB23_147_0000,AIIB23_147_0000_039,256,45450,10832
AIIB23_147_0000,AIIB23_147_0000_040,256,48702,11364
AIIB23_147_0000,AIIB23_147_0000_041,256,52500,10792
AIIB23_147_0000,AIIB23_147_0000_042,256,54798,11480
AIIB23_147_0000,AIIB23_147_0000_043,256,56679,10200
AIIB23_147_0000,AIIB23_147_0000_044,256,58062,9944
AIIB23_147_0000,AIIB23_147_0000_045,256,61005,10280
AIIB23_147_0000,AIIB23_147_0000_046,256,64008,9932
AIIB23_147_0000,AIIB23_147_0000_047,256,67533,10032
AIIB23_147_0000,AIIB23_147_0000_048,256,69942,10708
AIIB23_147_0000,AIIB23_147_0000_049,256,72231,9128
AIIB23_147_0000,AIIB23_147_0000_050,256,74622,8316
AIIB23_147_0000,AIIB23_147_0000_051,256,76887,8148
AIIB23_147_0000,AIIB23_147_0000_052,256,78999,8436
AIIB23_147_0000,AIIB23_147_0000_053,256,81255,8304
AIIB23_147_0000,AIIB23_147_0000_054,256,82512,8164
AIIB23_147_0000,AIIB23_147_0000_055,256,82383,9244
AIIB23_147_0000,AIIB23_147_0000_056,256,82314,7608
AIIB23_147_0000,AIIB23_147_0000_057,256,82104,6416
AIIB23_147_0000,AIIB23_147_0000_058,256,81204,7068
AIIB23_147_0000,AIIB23_147_0000_059,256,80601,6476
AIIB23_147_0000,AIIB23_147_0000_060,256,80163,5800
AIIB23_147_0000,AIIB23_147_0000_061,256,79980,6712
AIIB23_147_0000,AIIB23_147_0000_062,256,79254,6276
AIIB23_147_0000,AIIB23_147_0000_063,256,78372,5836
AIIB23_147_0000,AIIB23_147_0000_064,256,78450,6184
AIIB23_147_0000,AIIB23_147_0000_065,256,79164,6796
AIIB23_147_0000,AIIB23_147_0000_066,256,79368,7920
AIIB23_147_0000,AIIB23_147_0000_067,256,78696,7764
AIIB23_147_0000,AIIB23_147_0000_068,256,78738,7648
AIIB23_147_0000,AIIB23_147_0000_069,256,79053,6760
AIIB23_147_0000,AIIB23_147_0000_070,256,79596,7036
AIIB23_147_0000,AIIB23_147_0000_071,256,80430,6216
AIIB23_147_0000,AIIB23_147_0000_072,256,81006,6820
AIIB23_147_0000,AIIB23_147_0000_073,256,80925,6924
AIIB23_147_0000,AIIB23_147_0000_074,256,80778,6832
AIIB23_147_0000,AIIB23_147_0000_075,256,81228,6560
AIIB23_147_0000,AIIB23_147_0000_076,256,81291,6356
AIIB23_147_0000,AIIB23_147_0000_077,256,81732,6616
AIIB23_147_0000,AIIB23_147_0000_078,256,81357,6272
AIIB23_147_0000,AIIB23_147_0000_079,256,80445,5972
AIIB23_147_0000,AIIB23_147_0000_080,256,79992,5896
AIIB23_147_0000,AIIB23_147_0000_081,256,79719,6128
AIIB23_147_0000,AIIB23_147_0000_082,256,78480,6516
AIIB23_147_0000,AIIB23_147_0000_083,256,78090,6628
AIIB23_147_0000,AIIB23_147_0000_084,256,78111,8172
AIIB23_147_0000,AIIB23_147_0000_085,256,77835,7624
AIIB23_147_0000,AIIB23_147_0000_086,256,77241,7492
AIIB23_147_0000,AIIB23_147_0000_087,256,77391,8820
AIIB23_147_0000,AIIB23_147_0000_088,256,77187,8140
AIIB23_147_0000,AIIB23_147_0000_089,256,77211,8412
AIIB23_147_0000,AIIB23_147_0000_090,256,76863,7536
AIIB23_147_0000,AIIB23_147_0000_091,256,76218,7548
AIIB23_147_0000,AIIB23_147_0000_092,256,75588,6752
AIIB23_147_0000,AIIB23_147_0000_093,256,74823,6368
AIIB23_147_0000,AIIB23_147_0000_094,256,73797,7020
AIIB23_147_0000,AIIB23_147_0000_095,256,72882,7316
AIIB23_147_0000,AIIB23_147_0000_096,256,73020,7000
AIIB23_147_0000,AIIB23_147_0000_097,256,73362,6972
AIIB23_147_0000,AIIB23_147_0000_098,256,73164,6752
AIIB23_147_0000,AIIB23_147_0000_099,256,71895,7392
AIIB23_147_0000,AIIB23_147_0000_100,256,70770,6948
AIIB23_147_0000,AIIB23_147_0000_101,256,70080,6572
AIIB23_147_0000,AIIB23_147_0000_102,256,68520,6140
AIIB23_147_0000,AIIB23_147_0000_103,256,67158,5784
AIIB23_147_0000,AIIB23_147_0000_104,256,66186,6052
AIIB23_147_0000,AIIB23_147_0000_105,256,64848,7016
AIIB23_147_0000,AIIB23_147_0000_106,256,63531,6668
AIIB23_147_0000,AIIB23_147_0000_107,256,62274,6440
AIIB23_147_0000,AIIB23_147_0000_108,256,61065,5692
AIIB23_147_0000,AIIB23_147_0000_109,256,59514,4656
AIIB23_147_0000,AIIB23_147_0000_110,256,57627,5620
AIIB23_147_0000,AIIB23_147_0000_111,256,55566,6052
AIIB23_147_0000,AIIB23_147_0000_112,256,53532,5604
AIIB23_147_0000,AIIB23_147_0000_113,256,51456,4576
AIIB23_147_0000,AIIB23_147_0000_114,256,49566,3752
AIIB23_147_0000,AIIB23_147_0000_115,256,47958,2640
AIIB23_147_0000,AIIB23_147_0000_116,256,46251,2336
AIIB23_147_0000,AIIB23_147_0000_117,256,44523,1240
AIIB23_147_0000,AIIB23_147_0000_118,256,43005,1624
AIIB23_147_0000,AIIB23_147_0000_119,256,40647,1180
AIIB23_147_0000,AIIB23_147_0000_120,256,38496,1400
AIIB23_147_0000,AIIB23_147_0000_121,256,36792,804
AIIB23_147_0000,AIIB23_147_0000_122,256,34500,1004
AIIB23_147_0000,AIIB23_147_0000_123,256,32307,1128
AIIB23_147_0000,AIIB23_147_0000_124,256,29913,976
AIIB23_147_0000,AIIB23_147_0000_125,256,27471,412
AIIB23_147_0000,AIIB23_147_0000_126,256,25446,484
AIIB23_147_0000,AIIB23_147_0000_127,256,22356,660
AIIB23_147_0000,AIIB23_147_0000_128,256,20262,440
AIIB23_147_0000,AIIB23_147_0000_129,256,17934,892
AIIB23_147_0000,AIIB23_147_0000_130,256,15933,1116
AIIB23_147_0000,AIIB23_147_0000_131,256,13632,1004
AIIB23_147_0000,AIIB23_147_0000_132,256,11376,1456
AIIB23_147_0000,AIIB23_147_0000_133,256,8718,520
AIIB23_147_0000,AIIB23_147_0000_134,256,5988,1084
AIIB23_147_0000,AIIB23_147_0000_135,256,3888,728
AIIB23_147_0000,AIIB23_147_0000_136,256,1272,568
AIIB23_159_0000,AIIB23_159_0000_067,256,159,324
AIIB23_159_0000,AIIB23_159_0000_068,256,225,184
AIIB23_159_0000,AIIB23_159_0000_069,256,267,80
AIIB23_159_0000,AIIB23_159_0000_070,256,315,460
AIIB23_159_0000,AIIB23_159_0000_071,256,384,564
AIIB23_159_0000,AIIB23_159_0000_072,256,501,404
AIIB23_159_0000,AIIB23_159_0000_073,256,648,616
AIIB23_159_0000,AIIB23_159_0000_074,256,999,812
AIIB23_159_0000,AIIB23_159_0000_075,256,1341,832
AIIB23_159_0000,AIIB23_159_0000_076,256,1548,796
AIIB23_159_0000,AIIB23_159_0000_077,256,1761,1196
AIIB23_159_0000,AIIB23_159_0000_078,256,1827,1336
AIIB23_159_0000,AIIB23_159_0000_079,256,2094,1916
AIIB23_159_0000,AIIB23_159_0000_080,256,2625,1876
AIIB23_159_0000,AIIB23_159_0000_081,256,2709,1628
AIIB23_159_0000,AIIB23_159_0000_082,256,2850,1592
AIIB23_159_0000,AIIB23_159_0000_083,256,2805,1744
AIIB23_159_0000,AIIB23_159_0000_084,256,2976,1760
AIIB23_159_0000,AIIB23_159_0000_085,256,3171,1852
AIIB23_159_0000,AIIB23_159_0000_086,256,3651,2124
AIIB23_159_0000,AIIB23_159_0000_087,256,4104,2532
AIIB23_159_0000,AIIB23_159_0000_088,256,4596,2652
AIIB23_159_0000,AIIB23_159_0000_089,256,5097,3016
AIIB23_159_0000,AIIB23_159_0000_090,256,5442,2852
AIIB23_159_0000,AIIB23_159_0000_091,256,5655,2900
AIIB23_159_0000,AIIB23_159_0000_092,256,5982,3420
AIIB23_159_0000,AIIB23_159_0000_093,256,6486,3568
AIIB23_159_0000,AIIB23_159_0000_094,256,7035,3320
AIIB23_159_0000,AIIB23_159_0000_095,256,7368,3364
AIIB23_159_0000,AIIB23_159_0000_096,256,7713,3288
AIIB23_159_0000,AIIB23_159_0000_097,256,8223,3924
AIIB23_159_0000,AIIB23_159_0000_098,256,8628,4212
AIIB23_159_0000,AIIB23_159_0000_099,256,9042,4420
AIIB23_159_0000,AIIB23_159_0000_100,256,9408,4612
AIIB23_159_0000,AIIB23_159_0000_101,256,9822,4840
AIIB23_159_0000,AIIB23_159_0000_102,256,10704,5152
AIIB23_159_0000,AIIB23_159_0000_103,256,11604,5416
AIIB23_159_0000,AIIB23_159_0000_104,256,12399,5732
AIIB23_159_0000,AIIB23_159_0000_105,256,13002,5740
AIIB23_159_0000,AIIB23_159_0000_106,256,13728,6048
AIIB23_159_0000,AIIB23_159_0000_107,256,14496,6036
AIIB23_159_0000,AIIB23_159_0000_108,256,15354,6244
AIIB23_159_0000,AIIB23_159_0000_109,256,16131,6200
AIIB23_159_0000,AIIB23_159_0000_110,256,17034,6060
AIIB23_159_0000,AIIB23_159_0000_111,256,17907,8024
AIIB23_159_0000,AIIB23_159_0000_112,256,18786,8308
AIIB23_159_0000,AIIB23_159_0000_113,256,19296,8216
AIIB23_159_0000,AIIB23_159_0000_114,256,19833,8536
AIIB23_159_0000,AIIB23_159_0000_115,256,20583,8608
AIIB23_159_0000,AIIB23_159_0000_116,256,21264,8464
AIIB23_159_0000,AIIB23_159_0000_117,256,21960,8140
AIIB23_159_0000,AIIB23_159_0000_118,256,22578,8004
AIIB23_159_0000,AIIB23_159_0000_119,256,23088,8528
AIIB23_159_0000,AIIB23_159_0000_120,256,23619,8948
AIIB23_159_0000,AIIB23_159_0000_121,256,23952,8832
AIIB23_159_0000,AIIB23_159_0000_122,256,24291,9000
AIIB23_159_0000,AIIB23_159_0000_123,256,24894,8564
AIIB23_159_0000,AIIB23_159_0000_124,256,25473,9420
AIIB23_159_0000,AIIB23_159_0000_125,256,26136,9048
AIIB23_159_0000,AIIB23_159_0000_126,256,26574,9092
AIIB23_159_0000,AIIB23_159_0000_127,256,27198,8996
AIIB23_159_0000,AIIB23_159_0000_128,256,27831,9540
AIIB23_159_0000,AIIB23_159_0000_129,256,28410,10224
AIIB23_159_0000,AIIB23_159_0000_130,256,29382,10184
AIIB23_159_0000,AIIB23_159_0000_131,256,30210,9964
AIIB23_159_0000,AIIB23_159_0000_132,256,30897,9948
AIIB23_159_0000,AIIB23_159_0000_133,256,31464,9976
AIIB23_159_0000,AIIB23_159_0000_134,256,32127,9832
AIIB23_159_0000,AIIB23_159_0000_135,256,32589,9456
AIIB23_159_0000,AIIB23_159_0000_136,256,33195,9188
AIIB23_159_0000,AIIB23_159_0000_137,256,33954,9284
AIIB23_159_0000,AIIB23_159_0000_138,256,34563,8936
AIIB23_159_0000,AIIB23_159_0000_139,256,35109,8572
AIIB23_159_0000,AIIB23_159_0000_140,256,35796,8776
AIIB23_159_0000,AIIB23_159_0000_141,256,36750,8280
AIIB23_159_0000,AIIB23_159_0000_142,256,37482,8632
AIIB23_159_0000,AIIB23_159_0000_143,256,38082,8704
AIIB23_159_0000,AIIB23_159_0000_144,256,38850,8332
AIIB23_159_0000,AIIB23_159_0000_145,256,39507,8376
AIIB23_159_0000,AIIB23_159_0000_146,256,40251,7864
AIIB23_159_0000,AIIB23_159_0000_147,256,40926,8712
AIIB23_159_0000,AIIB23_159_0000_148,256,41571,9052
AIIB23_159_0000,AIIB23_159_0000_149,256,42036,7896
AIIB23_159_0000,AIIB23_159_0000_150,256,42648,6932
AIIB23_159_0000,AIIB23_159_0000_151,256,43209,6768
AIIB23_159_0000,AIIB23_159_0000_152,256,43767,8248
AIIB23_159_0000,AIIB23_159_0000_153,256,44292,9136
AIIB23_159_0000,AIIB23_159_0000_154,256,44796,7208
AIIB23_159_0000,AIIB23_159_0000_155,256,45477,7320
AIIB23_159_0000,AIIB23_159_0000_156,256,46317,7404
AIIB23_159_0000,AIIB23_159_0000_157,256,47037,7556
AIIB23_159_0000,AIIB23_159_0000_158,256,47517,7740
AIIB23_159_0000,AIIB23_159_0000_159,256,48051,7252
AIIB23_159_0000,AIIB23_159_0000_160,256,48429,7664
AIIB23_159_0000,AIIB23_159_0000_161,256,48918,8528
AIIB23_159_0000,AIIB23_159_0000_162,256,49389,8420
AIIB23_159_0000,AIIB23_159_0000_163,256,49908,8460
AIIB23_159_0000,AIIB23_159_0000_164,256,50364,8116
AIIB23_159_0000,AIIB23_159_0000_165,256,51072,8108
AIIB23_159_0000,AIIB23_159_0000_166,256,51768,7808
AIIB23_159_0000,AIIB23_159_0000_167,256,52341,7652
AIIB23_159_0000,AIIB23_159_0000_168,256,52920,6956
AIIB23_159_0000,AIIB23_159_0000_169,256,53343,6316
AIIB23_159_0000,AIIB23_159_0000_170,256,53754,5820
AIIB23_159_0000,AIIB23_159_0000_171,256,54144,7148
AIIB23_159_0000,AIIB23_159_0000_172,256,54846,7228
AIIB23_159_0000,AIIB23_159_0000_173,256,55491,7260
AIIB23_159_0000,AIIB23_159_0000_174,256,56223,6764
AIIB23_159_0000,AIIB23_159_0000_175,256,56559,7324
AIIB23_159_0000,AIIB23_159_0000_176,256,56859,6828
AIIB23_159_0000,AIIB23_159_0000_177,256,57714,8896
AIIB23_159_0000,AIIB23_159_0000_178,256,58275,8824
AIIB23_159_0000,AIIB23_159_0000_179,256,59175,9172
AIIB23_159_0000,AIIB23_159_0000_180,256,59856,8980
AIIB23_159_0000,AIIB23_159_0000_181,256,60255,9020
AIIB23_159_0000,AIIB23_159_0000_182,256,60300,9344
AIIB23_159_0000,AIIB23_159_0000_183,256,60375,8904
AIIB23_159_0000,AIIB23_159_0000_184,256,60471,7804
AIIB23_159_0000,AIIB23_159_0000_185,256,60633,7664
AIIB23_159_0000,AIIB23_159_0000_186,256,60942,7188
AIIB23_159_0000,AIIB23_159_0000_187,256,61170,7332
AIIB23_159_0000,AIIB23_159_0000_188,256,61128,6856
AIIB23_159_0000,AIIB23_159_0000_189,256,61737,7220
AIIB23_159_0000,AIIB23_159_0000_190,256,62385,6588
AIIB23_159_0000,AIIB23_159_0000_191,256,63186,6704
AIIB23_159_0000,AIIB23_159_0000_192,256,64095,7628
AIIB23_159_0000,AIIB23_159_0000_193,256,65274,9044
AIIB23_159_0000,AIIB23_159_0000_194,256,66306,8068
AIIB23_159_0000,AIIB23_159_0000_195,256,67329,7460
AIIB23_159_0000,AIIB23_159_0000_196,256,67890,7840
AIIB23_159_0000,AIIB23_159_0000_197,256,67971,7844
AIIB23_159_0000,AIIB23_159_0000_198,256,68505,7916
AIIB23_159_0000,AIIB23_159_0000_199,256,69123,8028
AIIB23_159_0000,AIIB23_159_0000_200,256,69708,8416
AIIB23_159_0000,AIIB23_159_0000_201,256,70485,9260
AIIB23_159_0000,AIIB23_159_0000_202,256,70941,8788
AIIB23_159_0000,AIIB23_159_0000_203,256,71688,8712
AIIB23_159_0000,AIIB23_159_0000_204,256,72651,8856
AIIB23_159_0000,AIIB23_159_0000_205,256,73923,7796
AIIB23_159_0000,AIIB23_159_0000_206,256,74808,8460
AIIB23_159_0000,AIIB23_159_0000_207,256,76116,6340
AIIB23_159_0000,AIIB23_159_0000_208,256,77703,5304
AIIB23_159_0000,AIIB23_159_0000_209,256,77703,6324
AIIB23_159_0000,AIIB23_159_0000_210,256,77790,6368
AIIB23_159_0000,AIIB23_159_0000_211,256,77403,6972
AIIB23_159_0000,AIIB23_159_0000_212,256,76980,6720
AIIB23_159_0000,AIIB23_159_0000_213,256,76614,5592
AIIB23_159_0000,AIIB23_159_0000_214,256,76617,5476
AIIB23_159_0000,AIIB23_159_0000_215,256,76866,6680
AIIB23_159_0000,AIIB23_159_0000_216,256,76593,5596
AIIB23_159_0000,AIIB23_159_0000_217,256,76593,5924
AIIB23_159_0000,AIIB23_159_0000_218,256,77013,6784
AIIB23_159_0000,AIIB23_159_0000_219,256,77514,7664
AIIB23_159_0000,AIIB23_159_0000_220,256,77517,6968
AIIB23_159_0000,AIIB23_159_0000_221,256,77232,6368
AIIB23_159_0000,AIIB23_159_0000_222,256,77367,6736
AIIB23_159_0000,AIIB23_159_0000_223,256,77589,7160
AIIB23_159_0000,AIIB23_159_0000_224,256,77556,6972
AIIB23_159_0000,AIIB23_159_0000_225,256,77295,7872
AIIB23_159_0000,AIIB23_159_0000_226,256,76758,6364
AIIB23_159_0000,AIIB23_159_0000_227,256,75627,6812
AIIB23_159_0000,AIIB23_159_0000_228,256,75723,7236
AIIB23_159_0000,AIIB23_159_0000_229,256,75702,7400
AIIB23_159_0000,AIIB23_159_0000_230,256,75891,7344
AIIB23_159_0000,AIIB23_159_0000_231,256,76377,6892
AIIB23_159_0000,AIIB23_159_0000_232,256,76461,7120
AIIB23_159_0000,AIIB23_159_0000_233,256,76356,6592
AIIB23_159_0000,AIIB23_159_0000_234,256,75921,7008
AIIB23_159_0000,AIIB23_159_0000_235,256,75609,6436
AIIB23_159_0000,AIIB23_159_0000_236,256,75636,6340
AIIB23_159_0000,AIIB23_159_0000_237,256,75483,7456
AIIB23_159_0000,AIIB23_159_0000_238,256,75387,7320
AIIB23_159_0000,AIIB23_159_0000_239,256,75219,6856
AIIB23_159_0000,AIIB23_159_0000_240,256,74784,6704
AIIB23_159_0000,AIIB23_159_0000_241,256,74589,6248
AIIB23_159_0000,AIIB23_159_0000_242,256,74535,5544
AIIB23_159_0000,AIIB23_159_0000_243,256,74403,5388
AIIB23_159_0000,AIIB23_159_0000_244,256,74415,4360
AIIB23_159_0000,AIIB23_159_0000_245,256,74634,4236
AIIB23_159_0000,AIIB23_159_0000_246,256,74529,3840
AIIB23_159_0000,AIIB23_159_0000_247,256,74628,3792
AIIB23_159_0000,AIIB23_159_0000_248,256,74661,4844
AIIB23_159_0000,AIIB23_159_0000_249,256,74655,5664
AIIB23_159_0000,AIIB23_159_0000_250,256,74523,5720
AIIB23_159_0000,AIIB23_159_0000_251,256,74085,5568
AIIB23_159_0000,AIIB23_159_0000_252,256,73818,6096
AIIB23_159_0000,AIIB23_159_0000_253,256,73533,5300
AIIB23_159_0000,AIIB23_159_0000_254,256,73638,6200
AIIB23_159_0000,AIIB23_159_0000_255,256,73431,5216
AIIB23_159_0000,AIIB23_159_0000_256,256,73233,3716
AIIB23_159_0000,AIIB23_159_0000_257,256,73200,3824
AIIB23_159_0000,AIIB23_159_0000_258,256,73020,3028
AIIB23_159_0000,AIIB23_159_0000_259,256,72765,2732
AIIB23_159_0000,AIIB23_159_0000_260,256,72504,2964
AIIB23_159_0000,AIIB23_159_0000_261,256,72843,3884
AIIB23_159_0000,AIIB23_159_0000_262,256,72879,4280
AIIB23_159_0000,AIIB23_159_0000_263,256,72672,4664
AIIB23_159_0000,AIIB23_159_0000_264,256,72246,5496
AIIB23_159_0000,AIIB23_159_0000_265,256,72051,4444
AIIB23_159_0000,AIIB23_159_0000_266,256,72096,2928
AIIB23_159_0000,AIIB23_159_0000_267,256,72180,2124
AIIB23_159_0000,AIIB23_159_0000_268,256,72003,3800
AIIB23_159_0000,AIIB23_159_0000_269,256,71826,5100
AIIB23_159_0000,AIIB23_159_0000_270,256,71709,5328
AIIB23_159_0000,AIIB23_159_0000_271,256,71439,6228
AIIB23_159_0000,AIIB23_159_0000_272,256,71880,5776
AIIB23_159_0000,AIIB23_159_0000_273,256,72000,6024
AIIB23_159_0000,AIIB23_159_0000_274,256,71859,6036
AIIB23_159_0000,AIIB23_159_0000_275,256,71688,6080
AIIB23_159_0000,AIIB23_159_0000_276,256,71436,5764
AIIB23_159_0000,AIIB23_159_0000_277,256,70791,4636
AIIB23_159_0000,AIIB23_159_0000_278,256,70197,4096
AIIB23_159_0000,AIIB23_159_0000_279,256,69759,2776
AIIB23_159_0000,AIIB23_159_0000_280,256,69147,2920
AIIB23_159_0000,AIIB23_159_0000_281,256,68592,3304
AIIB23_159_0000,AIIB23_159_0000_282,256,68253,3172
AIIB23_159_0000,AIIB23_159_0000_283,256,67833,3216
AIIB23_159_0000,AIIB23_159_0000_284,256,67248,3228
AIIB23_159_0000,AIIB23_159_0000_285,256,66594,3176
AIIB23_159_0000,AIIB23_159_0000_286,256,66351,2840
AIIB23_159_0000,AIIB23_159_0000_287,256,66105,3396
AIIB23_159_0000,AIIB23_159_0000_288,256,65781,2896
AIIB23_159_0000,AIIB23_159_0000_289,256,65259,2200
AIIB23_159_0000,AIIB23_159_0000_290,256,64881,3012
AIIB23_159_0000,AIIB23_159_0000_291,256,64398,3400
AIIB23_159_0000,AIIB23_159_0000_292,256,63774,2760
AIIB23_159_0000,AIIB23_159_0000_293,256,63294,2720
AIIB23_159_0000,AIIB23_159_0000_294,256,62760,3380
AIIB23_159_0000,AIIB23_159_0000_295,256,62301,4240
AIIB23_159_0000,AIIB23_159_0000_296,256,61785,4252
AIIB23_159_0000,AIIB23_159_0000_297,256,61311,4472
AIIB23_159_0000,AIIB23_159_0000_298,256,60429,4348
AIIB23_159_0000,AIIB23_159_0000_299,256,59334,2676
AIIB23_159_0000,AIIB23_159_0000_300,256,58587,2920
AIIB23_159_0000,AIIB23_159_0000_301,256,57591,3276
AIIB23_159_0000,AIIB23_159_0000_302,256,56820,2472
AIIB23_159_0000,AIIB23_159_0000_303,256,55809,2204
AIIB23_159_0000,AIIB23_159_0000_304,256,54990,2712
AIIB23_159_0000,AIIB23_159_0000_305,256,53937,2336
AIIB23_159_0000,AIIB23_159_0000_306,256,52974,2324
AIIB23_159_0000,AIIB23_159_0000_307,256,51984,2504
AIIB23_159_0000,AIIB23_159_0000_308,256,50964,3040
AIIB23_159_0000,AIIB23_159_0000_309,256,49698,2388
AIIB23_159_0000,AIIB23_159_0000_310,256,48711,2616
AIIB23_159_0000,AIIB23_159_0000_311,256,47505,2736
AIIB23_159_0000,AIIB23_159_0000_312,256,46335,2852
AIIB23_159_0000,AIIB23_159_0000_313,256,45396,3300
AIIB23_159_0000,AIIB23_159_0000_314,256,44274,2472
AIIB23_159_0000,AIIB23_159_0000_315,256,43380,2084
AIIB23_159_0000,AIIB23_159_0000_316,256,42450,2000
AIIB23_159_0000,AIIB23_159_0000_317,256,41604,2304
AIIB23_159_0000,AIIB23_159_0000_318,256,40650,2076
AIIB23_159_0000,AIIB23_159_0000_319,256,39738,2216
AIIB23_159_0000,AIIB23_159_0000_320,256,38925,2504
AIIB23_159_0000,AIIB23_159_0000_321,256,38010,2668
AIIB23_159_0000,AIIB23_159_0000_322,256,37098,2264
AIIB23_159_0000,AIIB23_159_0000_323,256,36237,1940
AIIB23_159_0000,AIIB23_159_0000_324,256,35196,1288
AIIB23_159_0000,AIIB23_159_0000_325,256,34128,836
AIIB23_159_0000,AIIB23_159_0000_326,256,33129,440
AIIB23_159_0000,AIIB23_159_0000_327,256,31914,208
AIIB23_159_0000,AIIB23_159_0000_328,256,30966,488
AIIB23_159_0000,AIIB23_159_0000_329,256,30015,828
AIIB23_159_0000,AIIB23_159_0000_330,256,28887,448
AIIB23_159_0000,AIIB23_159_0000_331,256,27774,416
AIIB23_159_0000,AIIB23_159_0000_332,256,26790,352
AIIB23_159_0000,AIIB23_159_0000_333,256,25713,452
AIIB23_159_0000,AIIB23_159_0000_334,256,25008,404
AIIB23_159_0000,AIIB23_159_0000_335,256,23883,216
AIIB23_159_0000,AIIB23_159_0000_336,256,22806,276
AIIB23_159_0000,AIIB23_159_0000_337,256,21546,260
AIIB23_159_0000,AIIB23_159_0000_338,256,20382,456
AIIB23_159_0000,AIIB23_159_0000_339,256,19188,584
AIIB23_159_0000,AIIB23_159_0000_340,256,17727,872
AIIB23_159_0000,AIIB23_159_0000_341,256,16416,760
AIIB23_159_0000,AIIB23_159_0000_342,256,15066,696
AIIB23_159_0000,AIIB23_159_0000_343,256,13821,768
AIIB23_159_0000,AIIB23_159_0000_344,256,12525,396
AIIB23_159_0000,AIIB23_159_0000_345,256,11256,324
AIIB23_159_0000,AIIB23_159_0000_346,256,10146,368
AIIB23_159_0000,AIIB23_159_0000_347,256,9045,700
AIIB23_159_0000,AIIB23_159_0000_348,256,7410,1228
AIIB23_159_0000,AIIB23_159_0000_349,256,6060,1328
AIIB23_159_0000,AIIB23_159_0000_350,256,4848,1464
AIIB23_159_0000,AIIB23_159_0000_351,256,3762,1260
AIIB23_159_0000,AIIB23_159_0000_352,256,3066,556
AIIB23_159_0000,AIIB23_159_0000_353,256,2445,100
AIIB23_159_0000,AIIB23_159_0000_354,256,1752,868
AIIB23_159_0000,AIIB23_159_0000_355,256,1323,824
AIIB23_159_0000,AIIB23_159_0000_356,256,699,460
AIIB23_18_0000,AIIB23_18_0000_041,256,72,340
AIIB23_18_0000,AIIB23_18_0000_042,256,261,456
AIIB23_18_0000,AIIB23_18_0000_043,256,489,728
AIIB23_18_0000,AIIB23_18_0000_044,256,579,816
AIIB23_18_0000,AIIB23_18_0000_045,256,651,808
AIIB23_18_0000,AIIB23_18_0000_046,256,720,848
AIIB23_18_0000,AIIB23_18_0000_047,256,921,936
AIIB23_18_0000,AIIB23_18_0000_048,256,1260,1124
AIIB23_18_0000,AIIB23_18_0000_049,256,2145,2164
AIIB23_18_0000,AIIB23_18_0000_050,256,3129,3248
AIIB23_18_0000,AIIB23_18_0000_051,256,4242,3924
AIIB23_18_0000,AIIB23_18_0000_052,256,5178,4528
AIIB23_18_0000,AIIB23_18_0000_053,256,5919,4892
AIIB23_18_0000,AIIB23_18_0000_054,256,6465,4996
AIIB23_18_0000,AIIB23_18_0000_055,256,7098,5112
AIIB23_18_0000,AIIB23_18_0000_056,256,7764,5196
AIIB23_18_0000,AIIB23_18_0000_057,256,8298,5280
AIIB23_18_0000,AIIB23_18_0000_058,256,9045,5316
AIIB23_18_0000,AIIB23_18_0000_059,256,9612,4992
AIIB23_18_0000,AIIB23_18_0000_060,256,10308,4944
AIIB23_18_0000,AIIB23_18_0000_061,256,11184,5200
AIIB23_18_0000,AIIB23_18_0000_062,256,12267,5848
AIIB23_18_0000,AIIB23_18_0000_063,256,13173,6296
AIIB23_18_0000,AIIB23_18_0000_064,256,14145,7012
AIIB23_18_0000,AIIB23_18_0000_065,256,15303,7848
AIIB23_18_0000,AIIB23_18_0000_066,256,16851,7808
AIIB23_18_0000,AIIB23_18_0000_067,256,18177,7884
AIIB23_18_0000,AIIB23_18_0000_068,256,20040,8272
AIIB23_18_0000,AIIB23_18_0000_069,256,21483,9140
AIIB23_18_0000,AIIB23_18_0000_070,256,23097,10236
AIIB23_18_0000,AIIB23_18_0000_071,256,24699,10308
AIIB23_18_0000,AIIB23_18_0000_072,256,26412,10504
AIIB23_18_0000,AIIB23_18_0000_073,256,28551,10232
AIIB23_18_0000,AIIB23_18_0000_074,256,30267,10300
AIIB23_18_0000,AIIB23_18_0000_075,256,32004,10992
AIIB23_18_0000,AIIB23_18_0000_076,256,34233,11104
AIIB23_18_0000,AIIB23_18_0000_077,256,35985,11520
AIIB23_18_0000,AIIB23_18_0000_078,256,38097,11688
AIIB23_18_0000,AIIB23_18_0000_079,256,39843,12740
AIIB23_18_0000,AIIB23_18_0000_080,256,41382,13136
AIIB23_18_0000,AIIB23_18_0000_081,256,42588,13580
AIIB23_18_0000,AIIB23_18_0000_082,256,43923,14408
AIIB23_18_0000,AIIB23_18_0000_083,256,45657,14844
AIIB23_18_0000,AIIB23_18_0000_084,256,47493,15468
AIIB23_18_0000,AIIB23_18_0000_085,256,49731,16176
AIIB23_18_0000,AIIB23_18_0000_086,256,51942,17036
AIIB23_18_0000,AIIB23_18_0000_087,256,53865,17412
AIIB23_18_0000,AIIB23_18_0000_088,256,56019,16912
AIIB23_18_0000,AIIB23_18_0000_089,256,59019,18304
AIIB23_18_0000,AIIB23_18_0000_090,256,60567,19420
AIIB23_18_0000,AIIB23_18_0000_091,256,61650,19892
AIIB23_18_0000,AIIB23_18_0000_092,256,62346,18552
AIIB23_18_0000,AIIB23_18_0000_093,256,63120,18704
AIIB23_18_0000,AIIB23_18_0000_094,256,64038,18772
AIIB23_18_0000,AIIB23_18_0000_095,256,64863,18848
AIIB23_18_0000,AIIB23_18_0000_096,256,65835,19144
AIIB23_18_0000,AIIB23_18_0000_097,256,66588,19088
AIIB23_18_0000,AIIB23_18_0000_098,256,67623,18520
AIIB23_18_0000,AIIB23_18_0000_099,256,68829,17960
AIIB23_18_0000,AIIB23_18_0000_100,256,70149,18596
AIIB23_18_0000,AIIB23_18_0000_101,256,71820,19604
AIIB23_18_0000,AIIB23_18_0000_102,256,73299,19652
AIIB23_18_0000,AIIB23_18_0000_103,256,74931,18004
AIIB23_18_0000,AIIB23_18_0000_104,256,76167,18908
AIIB23_18_0000,AIIB23_18_0000_105,256,77814,19240
AIIB23_18_0000,AIIB23_18_0000_106,256,79503,18808
AIIB23_18_0000,AIIB23_18_0000_107,256,81327,17968
AIIB23_18_0000,AIIB23_18_0000_108,256,83136,17292
AIIB23_18_0000,AIIB23_18_0000_109,256,85383,17416
AIIB23_18_0000,AIIB23_18_0000_110,256,87702,16432
AIIB23_18_0000,AIIB23_18_0000_111,256,88953,14264
AIIB23_18_0000,AIIB23_18_0000_112,256,88947,14596
AIIB23_18_0000,AIIB23_18_0000_113,256,89160,13916
AIIB23_18_0000,AIIB23_18_0000_114,256,89325,13316
AIIB23_18_0000,AIIB23_18_0000_115,256,89139,13056
AIIB23_18_0000,AIIB23_18_0000_116,256,89145,12904
AIIB23_18_0000,AIIB23_18_0000_117,256,89523,13480
AIIB23_18_0000,AIIB23_18_0000_118,256,89265,13980
AIIB23_18_0000,AIIB23_18_0000_119,256,89250,12036
AIIB23_18_0000,AIIB23_18_0000_120,256,88569,11048
AIIB23_18_0000,AIIB23_18_0000_121,256,87840,11352
AIIB23_18_0000,AIIB23_18_0000_122,256,87537,11372
AIIB23_18_0000,AIIB23_18_0000_123,256,87300,11700
AIIB23_18_0000,AIIB23_18_0000_124,256,87216,11388
AIIB23_18_0000,AIIB23_18_0000_125,256,87006,13224
AIIB23_18_0000,AIIB23_18_0000_126,256,87132,12208
AIIB23_18_0000,AIIB23_18_0000_127,256,87369,11668
AIIB23_18_0000,AIIB23_18_0000_128,256,87558,11476
AIIB23_18_0000,AIIB23_18_0000_129,256,87321,12544
AIIB23_18_0000,AIIB23_18_0000_130,256,87354,12652
AIIB23_18_0000,AIIB23_18_0000_131,256,87273,12272
AIIB23_18_0000,AIIB23_18_0000_132,256,87453,11076
AIIB23_18_0000,AIIB23_18_0000_133,256,87591,11016
AIIB23_18_0000,AIIB23_18_0000_134,256,87948,10420
AIIB23_18_0000,AIIB23_18_0000_135,256,88122,10304
AIIB23_18_0000,AIIB23_18_0000_136,256,88068,9828
AIIB23_18_0000,AIIB23_18_0000_137,256,87825,9624
AIIB23_18_0000,AIIB23_18_0000_138,256,87357,9288
AIIB23_18_0000,AIIB23_18_0000_139,256,87609,9112
AIIB23_18_0000,AIIB23_18_0000_140,256,87624,8496
AIIB23_18_0000,AIIB23_18_0000_141,256,87588,8104
AIIB23_18_0000,AIIB23_18_0000_142,256,87633,7924
AIIB23_18_0000,AIIB23_18_0000_143,256,87792,8704
AIIB23_18_0000,AIIB23_18_0000_144,256,87963,8508
AIIB23_18_0000,AIIB23_18_0000_145,256,88101,7844
AIIB23_18_0000,AIIB23_18_0000_146,256,88200,7116
AIIB23_18_0000,AIIB23_18_0000_147,256,88068,7172
AIIB23_18_0000,AIIB23_18_0000_148,256,88182,6424
AIIB23_18_0000,AIIB23_18_0000_149,256,87732,7020
AIIB23_18_0000,AIIB23_18_0000_150,256,87714,7292
AIIB23_18_0000,AIIB23_18_0000_151,256,87711,8768
AIIB23_18_0000,AIIB23_18_0000_152,256,87708,8492
AIIB23_18_0000,AIIB23_18_0000_153,256,87654,9020
AIIB23_18_0000,AIIB23_18_0000_154,256,87567,9860
AIIB23_18_0000,AIIB23_18_0000_155,256,87405,10748
AIIB23_18_0000,AIIB23_18_0000_156,256,87462,10600
AIIB23_18_0000,AIIB23_18_0000_157,256,87309,9764
AIIB23_18_0000,AIIB23_18_0000_158,256,87102,10320
AIIB23_18_0000,AIIB23_18_0000_159,256,86844,10272
AIIB23_18_0000,AIIB23_18_0000_160,256,86463,9388
AIIB23_18_0000,AIIB23_18_0000_161,256,86253,8972
AIIB23_18_0000,AIIB23_18_0000_162,256,85788,8096
AIIB23_18_0000,AIIB23_18_0000_163,256,85554,6584
AIIB23_18_0000,AIIB23_18_0000_164,256,84924,5192
AIIB23_18_0000,AIIB23_18_0000_165,256,84441,5912
AIIB23_18_0000,AIIB23_18_0000_166,256,84366,6108
AIIB23_18_0000,AIIB23_18_0000_167,256,84300,6824
AIIB23_18_0000,AIIB23_18_0000_168,256,83850,7876
AIIB23_18_0000,AIIB23_18_0000_169,256,83124,10032
AIIB23_18_0000,AIIB23_18_0000_170,256,82809,11260
AIIB23_18_0000,AIIB23_18_0000_171,256,82602,10016
AIIB23_18_0000,AIIB23_18_0000_172,256,82185,10200
AIIB23_18_0000,AIIB23_18_0000_173,256,81549,8976
AIIB23_18_0000,AIIB23_18_0000_174,256,81297,10732
AIIB23_18_0000,AIIB23_18_0000_175,256,80898,11404
AIIB23_18_0000,AIIB23_18_0000_176,256,80196,10656
AIIB23_18_0000,AIIB23_18_0000_177,256,79323,8260
AIIB23_18_0000,AIIB23_18_0000_178,256,78735,7160
AIIB23_18_0000,AIIB23_18_0000_179,256,78381,6772
AIIB23_18_0000,AIIB23_18_0000_180,256,78591,8144
AIIB23_18_0000,AIIB23_18_0000_181,256,79542,9952
AIIB23_18_0000,AIIB23_18_0000_182,256,79059,10956
AIIB23_18_0000,AIIB23_18_0000_183,256,78300,10336
AIIB23_18_0000,AIIB23_18_0000_184,256,77502,9680
AIIB23_18_0000,AIIB23_18_0000_185,256,76632,9932
AIIB23_18_0000,AIIB23_18_0000_186,256,76074,9304
AIIB23_18_0000,AIIB23_18_0000_187,256,75897,9112
AIIB23_18_0000,AIIB23_18_0000_188,256,75726,7776
AIIB23_18_0000,AIIB23_18_0000_189,256,75225,8536
AIIB23_18_0000,AIIB23_18_0000_190,256,74616,9220
AIIB23_18_0000,AIIB23_18_0000_191,256,74166,9764
AIIB23_18_0000,AIIB23_18_0000_192,256,73743,9336
AIIB23_18_0000,AIIB23_18_0000_193,256,73068,8564
AIIB23_18_0000,AIIB23_18_0000_194,256,72441,9508
AIIB23_18_0000,AIIB23_18_0000_195,256,71763,9760
AIIB23_18_0000,AIIB23_18_0000_196,256,70809,9364
AIIB23_18_0000,AIIB23_18_0000_197,256,69864,8024
AIIB23_18_0000,AIIB23_18_0000_198,256,69006,8520
AIIB23_18_0000,AIIB23_18_0000_199,256,67926,9064
AIIB23_18_0000,AIIB23_18_0000_200,256,66873,9492
AIIB23_18_0000,AIIB23_18_0000_201,256,65655,9612
AIIB23_18_0000,AIIB23_18_0000_202,256,64494,8100
AIIB23_18_0000,AIIB23_18_0000_203,256,63246,7844
AIIB23_18_0000,AIIB23_18_0000_204,256,62061,8408
AIIB23_18_0000,AIIB23_18_0000_205,256,60756,7764
AIIB23_18_0000,AIIB23_18_0000_206,256,59526,7452
AIIB23_18_0000,AIIB23_18_0000_207,256,58050,7148
AIIB23_18_0000,AIIB23_18_0000_208,256,56598,6688
AIIB23_18_0000,AIIB23_18_0000_209,256,55119,7372
AIIB23_18_0000,AIIB23_18_0000_210,256,53892,6904
AIIB23_18_0000,AIIB23_18_0000_211,256,52707,6708
AIIB23_18_0000,AIIB23_18_0000_212,256,51513,6304
AIIB23_18_0000,AIIB23_18_0000_213,256,50313,6264
AIIB23_18_0000,AIIB23_18_0000_214,256,48960,6164
AIIB23_18_0000,AIIB23_18_0000_215,256,47544,4784
AIIB23_18_0000,AIIB23_18_0000_216,256,46149,6284
AIIB23_18_0000,AIIB23_18_0000_217,256,44691,7284
AIIB23_18_0000,AIIB23_18_0000_218,256,42903,5640
AIIB23_18_0000,AIIB23_18_0000_219,256,41478,5024
AIIB23_18_0000,AIIB23_18_0000_220,256,40263,5580
AIIB23_18_0000,AIIB23_18_0000_221,256,38796,4980
AIIB23_18_0000,AIIB23_18_0000_222,256,37206,4352
AIIB23_18_0000,AIIB23_18_0000_223,256,35415,5152
AIIB23_18_0000,AIIB23_18_0000_224,256,33765,4352
AIIB23_18_0000,AIIB23_18_0000_225,256,32262,2708
AIIB23_18_0000,AIIB23_18_0000_226,256,30960,2712
AIIB23_18_0000,AIIB23_18_0000_227,256,29661,3708
AIIB23_18_0000,AIIB23_18_0000_228,256,28152,3628
AIIB23_18_0000,AIIB23_18_0000_229,256,26655,3916
AIIB23_18_0000,AIIB23_18_0000_230,256,25272,3376
AIIB23_18_0000,AIIB23_18_0000_231,256,23898,2320
AIIB23_18_0000,AIIB23_18_0000_232,256,22353,1816
AIIB23_18_0000,AIIB23_18_0000_233,256,21006,2232
AIIB23_18_0000,AIIB23_18_0000_234,256,19743,2384
AIIB23_18_0000,AIIB23_18_0000_235,256,18411,2816
AIIB23_18_0000,AIIB23_18_0000_236,256,17151,2640
AIIB23_18_0000,AIIB23_18_0000_237,256,15843,1956
AIIB23_18_0000,AIIB23_18_0000_238,256,14754,1884
AIIB23_18_0000,AIIB23_18_0000_239,256,13593,1528
AIIB23_18_0000,AIIB23_18_0000_240,256,12519,1192
AIIB23_18_0000,AIIB23_18_0000_241,256,11223,1240
AIIB23_18_0000,AIIB23_18_0000_242,256,10044,1472
AIIB23_18_0000,AIIB23_18_0000_243,256,8655,1500
AIIB23_18_0000,AIIB23_18_0000_244,256,7437,1692
AIIB23_18_0000,AIIB23_18_0000_245,256,5967,2260
AIIB23_18_0000,AIIB23_18_0000_246,256,4575,2252
AIIB23_18_0000,AIIB23_18_0000_247,256,2937,1788
AIIB23_18_0000,AIIB23_18_0000_248,256,1362,512
AIIB23_33_0000,AIIB23_33_0000_012,256,114,180
AIIB23_33_0000,AIIB23_33_0000_013,256,291,388
AIIB23_33_0000,AIIB23_33_0000_014,256,621,644
AIIB23_33_0000,AIIB23_33_0000_015,256,1077,748
AIIB23_33_0000,AIIB23_33_0000_016,256,1527,732
AIIB23_33_0000,AIIB23_33_0000_017,256,1827,864
AIIB23_33_0000,AIIB23_33_0000_018,256,2313,1116
AIIB23_33_0000,AIIB23_33_0000_019,256,2715,1056
AIIB23_33_0000,AIIB23_33_0000_020,256,3378,1244
AIIB23_33_0000,AIIB23_33_0000_021,256,3897,1680
AIIB23_33_0000,AIIB23_33_0000_022,256,4401,1500
AIIB23_33_0000,AIIB23_33_0000_023,256,4950,1456
AIIB23_33_0000,AIIB23_33_0000_024,256,6258,2516
AIIB23_33_0000,AIIB23_33_0000_025,256,7404,1952
AIIB23_33_0000,AIIB23_33_0000_026,256,8664,2392
AIIB23_33_0000,AIIB23_33_0000_027,256,10104,1376
AIIB23_33_0000,AIIB23_33_0000_028,256,11520,1820
AIIB23_33_0000,AIIB23_33_0000_029,256,13479,2404
AIIB23_33_0000,AIIB23_33_0000_030,256,15390,2284
AIIB23_33_0000,AIIB23_33_0000_031,256,17661,1256
AIIB23_33_0000,AIIB23_33_0000_032,256,19659,1924
AIIB23_33_0000,AIIB23_33_0000_033,256,21630,1472
AIIB23_33_0000,AIIB23_33_0000_034,256,23520,1428
AIIB23_33_0000,AIIB23_33_0000_035,256,25746,1596
AIIB23_33_0000,AIIB23_33_0000_036,256,27357,876
AIIB23_33_0000,AIIB23_33_0000_037,256,28926,812
AIIB23_33_0000,AIIB23_33_0000_038,256,30321,1156
AIIB23_33_0000,AIIB23_33_0000_039,256,31602,636
AIIB23_33_0000,AIIB23_33_0000_040,256,33141,812
AIIB23_33_0000,AIIB23_33_0000_041,256,34119,1360
AIIB23_33_0000,AIIB23_33_0000_042,256,35757,736
AIIB23_33_0000,AIIB23_33_0000_043,256,37224,1036
AIIB23_33_0000,AIIB23_33_0000_044,256,38421,1104
AIIB23_33_0000,AIIB23_33_0000_045,256,39669,1856
AIIB23_33_0000,AIIB23_33_0000_046,256,40827,1676
AIIB23_33_0000,AIIB23_33_0000_047,256,42003,1540
AIIB23_33_0000,AIIB23_33_0000_048,256,43173,1492
AIIB23_33_0000,AIIB23_33_0000_049,256,44106,2092
AIIB23_33_0000,AIIB23_33_0000_050,256,44547,2452
AIIB23_33_0000,AIIB23_33_0000_051,256,45324,3136
AIIB23_33_0000,AIIB23_33_0000_052,256,45453,2544
AIIB23_33_0000,AIIB23_33_0000_053,256,45873,2420
AIIB23_33_0000,AIIB23_33_0000_054,256,46374,2916
AIIB23_33_0000,AIIB23_33_0000_055,256,46761,3176
AIIB23_33_0000,AIIB23_33_0000_056,256,47544,2668
AIIB23_33_0000,AIIB23_33_0000_057,256,48534,2908
AIIB23_33_0000,AIIB23_33_0000_058,256,49665,3832
AIIB23_33_0000,AIIB23_33_0000_059,256,50712,5476
AIIB23_33_0000,AIIB23_33_0000_060,256,51723,5184
AIIB23_33_0000,AIIB23_33_0000_061,256,52566,4804
AIIB23_33_0000,AIIB23_33_0000_062,256,53541,4432
AIIB23_33_0000,AIIB23_33_0000_063,256,54468,4320
AIIB23_33_0000,AIIB23_33_0000_064,256,55170,5068
AIIB23_33_0000,AIIB23_33_0000_065,256,56304,5612
AIIB23_33_0000,AIIB23_33_0000_066,256,57495,5456
AIIB23_33_0000,AIIB23_33_0000_067,256,58041,5520
AIIB23_33_0000,AIIB23_33_0000_068,256,58578,5140
AIIB23_33_0000,AIIB23_33_0000_069,256,59490,5104
AIIB23_33_0000,AIIB23_33_0000_070,256,59991,4524
AIIB23_33_0000,AIIB23_33_0000_071,256,61116,4412
AIIB23_33_0000,AIIB23_33_0000_072,256,62148,5216
AIIB23_33_0000,AIIB23_33_0000_073,256,63603,5964
AIIB23_33_0000,AIIB23_33_0000_074,256,64674,6352
AIIB23_33_0000,AIIB23_33_0000_075,256,65688,6400
AIIB23_33_0000,AIIB23_33_0000_076,256,66567,5716
AIIB23_33_0000,AIIB23_33_0000_077,256,67428,6424
AIIB23_33_0000,AIIB23_33_0000_078,256,68229,5632
AIIB23_33_0000,AIIB23_33_0000_079,256,68991,5020
AIIB23_33_0000,AIIB23_33_0000_080,256,69687,5828
AIIB23_33_0000,AIIB23_33_0000_081,256,70854,5920
AIIB23_33_0000,AIIB23_33_0000_082,256,72252,7320
AIIB23_33_0000,AIIB23_33_0000_083,256,73656,7780
AIIB23_33_0000,AIIB23_33_0000_084,256,75000,6556
AIIB23_33_0000,AIIB23_33_0000_085,256,76884,6280
AIIB23_33_0000,AIIB23_33_0000_086,256,77955,4692
AIIB23_33_0000,AIIB23_33_0000_087,256,79215,4816
AIIB23_33_0000,AIIB23_33_0000_088,256,80289,2628
AIIB23_33_0000,AIIB23_33_0000_089,256,81336,2316
AIIB23_33_0000,AIIB23_33_0000_090,256,83280,3912
AIIB23_33_0000,AIIB23_33_0000_091,256,86316,4392
AIIB23_33_0000,AIIB23_33_0000_092,256,86160,3596
AIIB23_33_0000,AIIB23_33_0000_093,256,88350,3748
AIIB23_33_0000,AIIB23_33_0000_094,256,89217,3648
AIIB23_33_0000,AIIB23_33_0000_095,256,90132,2972
AIIB23_33_0000,AIIB23_33_0000_096,256,91002,3736
AIIB23_33_0000,AIIB23_33_0000_097,256,91254,3696
AIIB23_33_0000,AIIB23_33_0000_098,256,91728,3248
AIIB23_33_0000,AIIB23_33_0000_099,256,91992,2868
AIIB23_33_0000,AIIB23_33_0000_100,256,92211,2684
AIIB23_33_0000,AIIB23_33_0000_101,256,92244,3060
AIIB23_33_0000,AIIB23_33_0000_102,256,92010,2628
AIIB23_33_0000,AIIB23_33_0000_103,256,91971,2456
AIIB23_33_0000,AIIB23_33_0000_104,256,92220,1820
AIIB23_33_0000,AIIB23_33_0000_105,256,92886,2296
AIIB23_33_0000,AIIB23_33_0000_106,256,93684,2256
AIIB23_33_0000,AIIB23_33_0000_107,256,94800,1992
AIIB23_33_0000,AIIB23_33_0000_108,256,94644,2084
AIIB23_33_0000,AIIB23_33_0000_109,256,92838,1280
AIIB23_33_0000,AIIB23_33_0000_110,256,92793,916
AIIB23_33_0000,AIIB23_33_0000_111,256,93168,2376
AIIB23_33_0000,AIIB23_33_0000_112,256,93261,2348
AIIB23_33_0000,AIIB23_33_0000_113,256,93381,2152
AIIB23_33_0000,AIIB23_33_0000_114,256,93021,3164
AIIB23_33_0000,AIIB23_33_0000_115,256,92643,3592
AIIB23_33_0000,AIIB23_33_0000_116,256,92832,3212
AIIB23_33_0000,AIIB23_33_0000_117,256,93075,4268
AIIB23_33_0000,AIIB23_33_0000_118,256,92271,5008
AIIB23_33_0000,AIIB23_33_0000_119,256,92196,4356
AIIB23_33_0000,AIIB23_33_0000_120,256,92298,3864
AIIB23_33_0000,AIIB23_33_0000_121,256,92292,3412
AIIB23_33_0000,AIIB23_33_0000_122,256,92274,4092
AIIB23_33_0000,AIIB23_33_0000_123,256,91842,3812
AIIB23_33_0000,AIIB23_33_0000_124,256,92070,4352
AIIB23_33_0000,AIIB23_33_0000_125,256,92031,5428
AIIB23_33_0000,AIIB23_33_0000_126,256,91668,4636
AIIB23_33_0000,AIIB23_33_0000_127,256,91692,4908
AIIB23_33_0000,AIIB23_33_0000_128,256,91662,4152
AIIB23_33_0000,AIIB23_33_0000_129,256,91797,3932
AIIB23_33_0000,AIIB23_33_0000_130,256,91560,3584
AIIB23_33_0000,AIIB23_33_0000_131,256,91428,4020
AIIB23_33_0000,AIIB23_33_0000_132,256,91245,3928
AIIB23_33_0000,AIIB23_33_0000_133,256,91425,3176
AIIB23_33_0000,AIIB23_33_0000_134,256,91884,2216
AIIB23_33_0000,AIIB23_33_0000_135,256,91917,2332
AIIB23_33_0000,AIIB23_33_0000_136,256,91452,2328
AIIB23_33_0000,AIIB23_33_0000_137,256,90894,2000
AIIB23_33_0000,AIIB23_33_0000_138,256,90336,1632
AIIB23_33_0000,AIIB23_33_0000_139,256,89907,1892
AIIB23_33_0000,AIIB23_33_0000_140,256,89427,1404
AIIB23_33_0000,AIIB23_33_0000_141,256,88833,728
AIIB23_33_0000,AIIB23_33_0000_142,256,88473,1152
AIIB23_33_0000,AIIB23_33_0000_143,256,88014,1624
AIIB23_33_0000,AIIB23_33_0000_144,256,87732,1420
AIIB23_33_0000,AIIB23_33_0000_145,256,87633,912
AIIB23_33_0000,AIIB23_33_0000_146,256,88005,1176
AIIB23_33_0000,AIIB23_33_0000_147,256,88146,612
AIIB23_33_0000,AIIB23_33_0000_148,256,88200,940
AIIB23_33_0000,AIIB23_33_0000_149,256,88068,860
AIIB23_33_0000,AIIB23_33_0000_150,256,87939,556
AIIB23_33_0000,AIIB23_33_0000_151,256,88146,536
AIIB23_33_0000,AIIB23_33_0000_152,256,88179,304
AIIB23_33_0000,AIIB23_33_0000_153,256,88029,408
AIIB23_33_0000,AIIB23_33_0000_154,256,87984,628
AIIB23_33_0000,AIIB23_33_0000_155,256,88176,412
AIIB23_33_0000,AIIB23_33_0000_156,256,87384,272
AIIB23_33_0000,AIIB23_33_0000_157,256,86664,600
AIIB23_33_0000,AIIB23_33_0000_158,256,86130,528
AIIB23_33_0000,AIIB23_33_0000_159,256,85422,192
AIIB23_33_0000,AIIB23_33_0000_160,256,84678,704
AIIB23_33_0000,AIIB23_33_0000_161,256,84204,144
AIIB23_33_0000,AIIB23_33_0000_162,256,83475,624
AIIB23_33_0000,AIIB23_33_0000_163,256,82863,348
AIIB23_33_0000,AIIB23_33_0000_164,256,82323,392
AIIB23_33_0000,AIIB23_33_0000_165,256,81570,292
AIIB23_33_0000,AIIB23_33_0000_166,256,80970,920
AIIB23_33_0000,AIIB23_33_0000_167,256,80277,1216
AIIB23_33_0000,AIIB23_33_0000_168,256,79557,1200
AIIB23_33_0000,AIIB23_33_0000_169,256,79047,1388
AIIB23_33_0000,AIIB23_33_0000_170,256,78453,2796
AIIB23_33_0000,AIIB23_33_0000_171,256,77253,2584
AIIB23_33_0000,AIIB23_33_0000_172,256,76506,2452
AIIB23_33_0000,AIIB23_33_0000_173,256,75456,2024
AIIB23_33_0000,AIIB23_33_0000_174,256,74862,1748
AIIB23_33_0000,AIIB23_33_0000_175,256,73995,1816
AIIB23_33_0000,AIIB23_33_0000_176,256,73176,2204
AIIB23_33_0000,AIIB23_33_0000_177,256,72372,1448
AIIB23_33_0000,AIIB23_33_0000_178,256,71637,1416
AIIB23_33_0000,AIIB23_33_0000_179,256,70803,1828
AIIB23_33_0000,AIIB23_33_0000_180,256,70329,1504
AIIB23_33_0000,AIIB23_33_0000_181,256,69663,1192
AIIB23_33_0000,AIIB23_33_0000_182,256,69174,1352
AIIB23_33_0000,AIIB23_33_0000_183,256,68448,1060
AIIB23_33_0000,AIIB23_33_0000_184,256,67650,1284
AIIB23_33_0000,AIIB23_33_0000_185,256,67221,1704
AIIB23_33_0000,AIIB23_33_0000_186,256,66450,772
AIIB23_33_0000,AIIB23_33_0000_187,256,65430,1272
AIIB23_33_0000,AIIB23_33_0000_188,256,64371,1368
AIIB23_33_0000,AIIB23_33_0000_189,256,63387,1460
AIIB23_33_0000,AIIB23_33_0000_190,256,62331,1416
AIIB23_33_0000,AIIB23_33_0000_191,256,61320,1492
AIIB23_33_0000,AIIB23_33_0000_192,256,60636,1532
AIIB23_33_0000,AIIB23_33_0000_193,256,59655,1232
AIIB23_33_0000,AIIB23_33_0000_194,256,59043,1008
AIIB23_33_0000,AIIB23_33_0000_195,256,58410,1572
AIIB23_33_0000,AIIB23_33_0000_196,256,57495,1852
AIIB23_33_0000,AIIB23_33_0000_197,256,56823,1392
AIIB23_33_0000,AIIB23_33_0000_198,256,56163,924
AIIB23_33_0000,AIIB23_33_0000_199,256,55209,1576
AIIB23_33_0000,AIIB23_33_0000_200,256,54303,1296
AIIB23_33_0000,AIIB23_33_0000_201,256,52884,1568
AIIB23_33_0000,AIIB23_33_0000_202,256,51966,2092
AIIB23_33_0000,AIIB23_33_0000_203,256,50409,2160
AIIB23_33_0000,AIIB23_33_0000_204,256,48795,2108
AIIB23_33_0000,AIIB23_33_0000_205,256,47061,1420
AIIB23_33_0000,AIIB23_33_0000_206,256,45615,1496
AIIB23_33_0000,AIIB23_33_0000_207,256,43845,1468
AIIB23_33_0000,AIIB23_33_0000_208,256,41808,748
AIIB23_33_0000,AIIB23_33_0000_209,256,40521,864
AIIB23_33_0000,AIIB23_33_0000_210,256,39231,1592
AIIB23_33_0000,AIIB23_33_0000_211,256,37788,1228
AIIB23_33_0000,AIIB23_33_0000_212,256,36663,948
AIIB23_33_0000,AIIB23_33_0000_213,256,35496,656
AIIB23_33_0000,AIIB23_33_0000_214,256,34284,828
AIIB23_33_0000,AIIB23_33_0000_215,256,32772,392
AIIB23_33_0000,AIIB23_33_0000_216,256,31560,368
AIIB23_33_0000,AIIB23_33_0000_217,256,30204,224
AIIB23_33_0000,AIIB23_33_0000_218,256,28971,284
AIIB23_33_0000,AIIB23_33_0000_219,256,27462,332
AIIB23_33_0000,AIIB23_33_0000_220,256,25941,380
AIIB23_33_0000,AIIB23_33_0000_221,256,24072,0
AIIB23_33_0000,AIIB23_33_0000_222,256,22800,0
AIIB23_33_0000,AIIB23_33_0000_223,256,21009,0
AIIB23_33_0000,AIIB23_33_0000_224,256,19488,0
AIIB23_33_0000,AIIB23_33_0000_225,256,17862,0
AIIB23_33_0000,AIIB23_33_0000_226,256,16380,0
AIIB23_33_0000,AIIB23_33_0000_227,256,14880,0
AIIB23_33_0000,AIIB23_33_0000_228,256,13125,0
AIIB23_33_0000,AIIB23_33_0000_229,256,11883,0
AIIB23_33_0000,AIIB23_33_0000_230,256,10668,0
AIIB23_33_0000,AIIB23_33_0000_231,256,9336,0
AIIB23_33_0000,AIIB23_33_0000_232,256,8133,0
AIIB23_33_0000,AIIB23_33_0000_233,256,6948,0
AIIB23_33_0000,AIIB23_33_0000_234,256,5613,0
AIIB23_33_0000,AIIB23_33_0000_235,256,4383,0
AIIB23_33_0000,AIIB23_33_0000_236,256,3024,316
AIIB23_33_0000,AIIB23_33_0000_237,256,1281,492
AIIB23_42_0000,AIIB23_42_0000_000,256,7188,4060
AIIB23_42_0000,AIIB23_42_0000_001,256,7686,4228
AIIB23_42_0000,AIIB23_42_0000_002,256,8082,4552
AIIB23_42_0000,AIIB23_42_0000_003,256,8517,4348
AIIB23_42_0000,AIIB23_42_0000_004,256,8913,4544
AIIB23_42_0000,AIIB23_42_0000_005,256,9294,4512
AIIB23_42_0000,AIIB23_42_0000_006,256,9696,4536
AIIB23_42_0000,AIIB23_42_0000_007,256,10134,4400
AIIB23_42_0000,AIIB23_42_0000_008,256,10755,4616
AIIB23_42_0000,AIIB23_42_0000_009,256,11301,5192
AIIB23_42_0000,AIIB23_42_0000_010,256,11553,5228
AIIB23_42_0000,AIIB23_42_0000_011,256,12255,5192
AIIB23_42_0000,AIIB23_42_0000_012,256,12666,4856
AIIB23_42_0000,AIIB23_42_0000_013,256,12921,4988
AIIB23_42_0000,AIIB23_42_0000_014,256,13611,5240
AIIB23_42_0000,AIIB23_42_0000_015,256,14259,4516
AIIB23_42_0000,AIIB23_42_0000_016,256,14802,4796
AIIB23_42_0000,AIIB23_42_0000_017,256,15357,4848
AIIB23_42_0000,AIIB23_42_0000_018,256,15624,4872
AIIB23_42_0000,AIIB23_42_0000_019,256,16128,4976
AIIB23_42_0000,AIIB23_42_0000_020,256,16581,4628
AIIB23_42_0000,AIIB23_42_0000_021,256,16974,4576
AIIB23_42_0000,AIIB23_42_0000_022,256,17433,4500
AIIB23_42_0000,AIIB23_42_0000_023,256,18015,4576
AIIB23_42_0000,AIIB23_42_0000_024,256,18585,4960
AIIB23_42_0000,AIIB23_42_0000_025,256,19323,4936
AIIB23_42_0000,AIIB23_42_0000_026,256,19734,4424
AIIB23_42_0000,AIIB23_42_0000_027,256,20058,4640
AIIB23_42_0000,AIIB23_42_0000_028,256,20688,4880
AIIB23_42_0000,AIIB23_42_0000_029,256,21192,5072
AIIB23_42_0000,AIIB23_42_0000_030,256,21516,4768
AIIB23_42_0000,AIIB23_42_0000_031,256,22074,4932
AIIB23_42_0000,AIIB23_42_0000_032,256,22884,4760
AIIB23_42_0000,AIIB23_42_0000_033,256,23607,4712
AIIB23_42_0000,AIIB23_42_0000_034,256,24063,4680
AIIB23_42_0000,AIIB23_42_0000_035,256,24837,4696
AIIB23_42_0000,AIIB23_42_0000_036,256,25548,4764
AIIB23_42_0000,AIIB23_42_0000_037,256,26436,5760
AIIB23_42_0000,AIIB23_42_0000_038,256,27219,6552
AIIB23_42_0000,AIIB23_42_0000_039,256,27870,6092
AIIB23_42_0000,AIIB23_42_0000_040,256,28638,6728
AIIB23_42_0000,AIIB23_42_0000_041,256,29361,7052
AIIB23_42_0000,AIIB23_42_0000_042,256,30063,7396
AIIB23_42_0000,AIIB23_42_0000_043,256,30768,7504
AIIB23_42_0000,AIIB23_42_0000_044,256,31377,7556
AIIB23_42_0000,AIIB23_42_0000_045,256,32085,7060
AIIB23_42_0000,AIIB23_42_0000_046,256,32751,7040
AIIB23_42_0000,AIIB23_42_0000_047,256,33747,7188
AIIB23_42_0000,AIIB23_42_0000_048,256,34773,7252
AIIB23_42_0000,AIIB23_42_0000_049,256,35742,7620
AIIB23_42_0000,AIIB23_42_0000_050,256,36822,6560
AIIB23_42_0000,AIIB23_42_0000_051,256,38130,6696
AIIB23_42_0000,AIIB23_42_0000_052,256,39288,6872
AIIB23_42_0000,AIIB23_42_0000_053,256,40521,8096
AIIB23_42_0000,AIIB23_42_0000_054,256,41439,7668
AIIB23_42_0000,AIIB23_42_0000_055,256,42786,7700
AIIB23_42_0000,AIIB23_42_0000_056,256,43944,7756
AIIB23_42_0000,AIIB23_42_0000_057,256,45150,7940
AIIB23_42_0000,AIIB23_42_0000_058,256,46194,7664
AIIB23_42_0000,AIIB23_42_0000_059,256,47259,8112
AIIB23_42_0000,AIIB23_42_0000_060,256,48477,8280
AIIB23_42_0000,AIIB23_42_0000_061,256,49218,8436
AIIB23_42_0000,AIIB23_42_0000_062,256,50172,8088
AIIB23_42_0000,AIIB23_42_0000_063,256,51168,7888
AIIB23_42_0000,AIIB23_42_0000_064,256,52995,9308
AIIB23_42_0000,AIIB23_42_0000_065,256,54771,10144
AIIB23_42_0000,AIIB23_42_0000_066,256,55854,10480
AIIB23_42_0000,AIIB23_42_0000_067,256,57108,9536
AIIB23_42_0000,AIIB23_42_0000_068,256,58575,8604
AIIB23_42_0000,AIIB23_42_0000_069,256,60003,8824
AIIB23_42_0000,AIIB23_42_0000_070,256,61176,9388
AIIB23_42_0000,AIIB23_42_0000_071,256,62115,8108
AIIB23_42_0000,AIIB23_42_0000_072,256,62943,8100
AIIB23_42_0000,AIIB23_42_0000_073,256,64191,8424
AIIB23_42_0000,AIIB23_42_0000_074,256,65370,8724
AIIB23_42_0000,AIIB23_42_0000_075,256,66456,9780
AIIB23_42_0000,AIIB23_42_0000_076,256,67797,9592
AIIB23_42_0000,AIIB23_42_0000_077,256,69000,10088
AIIB23_42_0000,AIIB23_42_0000_078,256,69945,9600
AIIB23_42_0000,AIIB23_42_0000_079,256,70818,9888
AIIB23_42_0000,AIIB23_42_0000_080,256,71730,10620
AIIB23_42_0000,AIIB23_42_0000_081,256,73041,9664
AIIB23_42_0000,AIIB23_42_0000_082,256,74589,10000
AIIB23_42_0000,AIIB23_42_0000_083,256,74898,10444
AIIB23_42_0000,AIIB23_42_0000_084,256,74709,10700
AIIB23_42_0000,AIIB23_42_0000_085,256,74595,10996
AIIB23_42_0000,AIIB23_42_0000_086,256,74523,10724
AIIB23_42_0000,AIIB23_42_0000_087,256,74739,11000
AIIB23_42_0000,AIIB23_42_0000_088,256,75342,10360
AIIB23_42_0000,AIIB23_42_0000_089,256,75534,9788
AIIB23_42_0000,AIIB23_42_0000_090,256,75954,9548
AIIB23_42_0000,AIIB23_42_0000_091,256,76413,9888
AIIB23_42_0000,AIIB23_42_0000_092,256,76869,9588
AIIB23_42_0000,AIIB23_42_0000_093,256,77454,9432
AIIB23_42_0000,AIIB23_42_0000_094,256,78369,8840
AIIB23_42_0000,AIIB23_42_0000_095,256,78867,8492
AIIB23_42_0000,AIIB23_42_0000_096,256,79431,6776
AIIB23_42_0000,AIIB23_42_0000_097,256,79758,6136
AIIB23_42_0000,AIIB23_42_0000_098,256,80367,6256
AIIB23_42_0000,AIIB23_42_0000_099,256,80979,6636
AIIB23_42_0000,AIIB23_42_0000_100,256,81405,6460
AIIB23_42_0000,AIIB23_42_0000_101,256,82065,6052
AIIB23_42_0000,AIIB23_42_0000_102,256,82473,5856
AIIB23_42_0000,AIIB23_42_0000_103,256,83055,6176
AIIB23_42_0000,AIIB23_42_0000_104,256,83697,6380
AIIB23_42_0000,AIIB23_42_0000_105,256,84468,6652
AIIB23_42_0000,AIIB23_42_0000_106,256,85677,7824
AIIB23_42_0000,AIIB23_42_0000_107,256,86985,8832
AIIB23_42_0000,AIIB23_42_0000_108,256,88668,8356
AIIB23_42_0000,AIIB23_42_0000_109,256,89844,8832
AIIB23_42_0000,AIIB23_42_0000_110,256,91293,9400
AIIB23_42_0000,AIIB23_42_0000_111,256,93441,8664
AIIB23_42_0000,AIIB23_42_0000_112,256,94356,8040
AIIB23_42_0000,AIIB23_42_0000_113,256,95403,8932
AIIB23_42_0000,AIIB23_42_0000_114,256,94491,8524
AIIB23_42_0000,AIIB23_42_0000_115,256,93762,9596
AIIB23_42_0000,AIIB23_42_0000_116,256,93717,11284
AIIB23_42_0000,AIIB23_42_0000_117,256,93684,10512
AIIB23_42_0000,AIIB23_42_0000_118,256,93702,9964
AIIB23_42_0000,AIIB23_42_0000_119,256,93741,8804
AIIB23_42_0000,AIIB23_42_0000_120,256,94233,8276
AIIB23_42_0000,AIIB23_42_0000_121,256,94503,7948
AIIB23_42_0000,AIIB23_42_0000_122,256,94707,7164
AIIB23_42_0000,AIIB23_42_0000_123,256,94917,6140
AIIB23_42_0000,AIIB23_42_0000_124,256,95010,6344
AIIB23_42_0000,AIIB23_42_0000_125,256,95091,6888
AIIB23_42_0000,AIIB23_42_0000_126,256,95118,6760
AIIB23_42_0000,AIIB23_42_0000_127,256,95187,6196
AIIB23_42_0000,AIIB23_42_0000_128,256,95487,6108
AIIB23_42_0000,AIIB23_42_0000_129,256,95355,6092
AIIB23_42_0000,AIIB23_42_0000_130,256,94974,6356
AIIB23_42_0000,AIIB23_42_0000_131,256,95052,6272
AIIB23_42_0000,AIIB23_42_0000_132,256,95127,6508
AIIB23_42_0000,AIIB23_42_0000_133,256,95442,5916
AIIB23_42_0000,AIIB23_42_0000_134,256,95358,5844
AIIB23_42_0000,AIIB23_42_0000_135,256,95625,4784
AIIB23_42_0000,AIIB23_42_0000_136,256,95817,4624
AIIB23_42_0000,AIIB23_42_0000_137,256,95337,4956
AIIB23_42_0000,AIIB23_42_0000_138,256,95154,5752
AIIB23_42_0000,AIIB23_42_0000_139,256,94881,4516
AIIB23_42_0000,AIIB23_42_0000_140,256,95061,3968
AIIB23_42_0000,AIIB23_42_0000_141,256,95148,4020
AIIB23_42_0000,AIIB23_42_0000_142,256,95265,3572
AIIB23_42_0000,AIIB23_42_0000_143,256,95079,2836
AIIB23_42_0000,AIIB23_42_0000_144,256,94668,2852
AIIB23_42_0000,AIIB23_42_0000_145,256,94503,3352
AIIB23_42_0000,AIIB23_42_0000_146,256,94638,3040
AIIB23_42_0000,AIIB23_42_0000_147,256,94524,3308
AIIB23_42_0000,AIIB23_42_0000_148,256,94770,3980
AIIB23_42_0000,AIIB23_42_0000_149,256,94707,3796
AIIB23_42_0000,AIIB23_42_0000_150,256,94863,2916
AIIB23_42_0000,AIIB23_42_0000_151,256,94695,3324
AIIB23_42_0000,AIIB23_42_0000_152,256,94806,3028
AIIB23_42_0000,AIIB23_42_0000_153,256,94836,2992
AIIB23_42_0000,AIIB23_42_0000_154,256,94875,3276
AIIB23_42_0000,AIIB23_42_0000_155,256,95199,2036
AIIB23_42_0000,AIIB23_42_0000_156,256,95511,1936
AIIB23_42_0000,AIIB23_42_0000_157,256,95718,2640
AIIB23_42_0000,AIIB23_42_0000_158,256,95637,1992
AIIB23_42_0000,AIIB23_42_0000_159,256,95796,1392
AIIB23_42_0000,AIIB23_42_0000_160,256,95766,1476
AIIB23_42_0000,AIIB23_42_0000_161,256,95559,1744
AIIB23_42_0000,AIIB23_42_0000_162,256,95394,1712
AIIB23_42_0000,AIIB23_42_0000_163,256,95463,1756
AIIB23_42_0000,AIIB23_42_0000_164,256,95151,2552
AIIB23_42_0000,AIIB23_42_0000_165,256,94944,2612
AIIB23_42_0000,AIIB23_42_0000_166,256,95361,2744
AIIB23_42_0000,AIIB23_42_0000_167,256,95007,2916
AIIB23_42_0000,AIIB23_42_0000_168,256,94881,2300
AIIB23_42_0000,AIIB23_42_0000_169,256,94704,2148
AIIB23_42_0000,AIIB23_42_0000_170,256,94617,2040
AIIB23_42_0000,AIIB23_42_0000_171,256,94494,2124
AIIB23_42_0000,AIIB23_42_0000_172,256,94239,2564
AIIB23_42_0000,AIIB23_42_0000_173,256,94143,2636
AIIB23_42_0000,AIIB23_42_0000_174,256,94002,2768
AIIB23_42_0000,AIIB23_42_0000_175,256,94152,2688
AIIB23_42_0000,AIIB23_42_0000_176,256,93993,2324
AIIB23_42_0000,AIIB23_42_0000_177,256,93717,2176
AIIB23_42_0000,AIIB23_42_0000_178,256,93459,2308
AIIB23_42_0000,AIIB23_42_0000_179,256,93102,1992
AIIB23_42_0000,AIIB23_42_0000_180,256,92832,2096
AIIB23_42_0000,AIIB23_42_0000_181,256,92640,2924
AIIB23_42_0000,AIIB23_42_0000_182,256,92475,2472
AIIB23_42_0000,AIIB23_42_0000_183,256,91992,2784
AIIB23_42_0000,AIIB23_42_0000_184,256,91479,2772
AIIB23_42_0000,AIIB23_42_0000_185,256,90951,1992
AIIB23_42_0000,AIIB23_42_0000_186,256,90618,2004
AIIB23_42_0000,AIIB23_42_0000_187,256,90261,2384
AIIB23_42_0000,AIIB23_42_0000_188,256,90012,2296
AIIB23_42_0000,AIIB23_42_0000_189,256,89724,2000
AIIB23_42_0000,AIIB23_42_0000_190,256,89499,2004
AIIB23_42_0000,AIIB23_42_0000_191,256,89046,1992
AIIB23_42_0000,AIIB23_42_0000_192,256,88689,2396
AIIB23_42_0000,AIIB23_42_0000_193,256,88224,2548
AIIB23_42_0000,AIIB23_42_0000_194,256,88284,2408
AIIB23_42_0000,AIIB23_42_0000_195,256,87903,1764
AIIB23_42_0000,AIIB23_42_0000_196,256,88071,2084
AIIB23_42_0000,AIIB23_42_0000_197,256,88101,3012
AIIB23_42_0000,AIIB23_42_0000_198,256,87894,2524
AIIB23_42_0000,AIIB23_42_0000_199,256,87915,2028
AIIB23_42_0000,AIIB23_42_0000_200,256,87606,1964
AIIB23_42_0000,AIIB23_42_0000_201,256,87276,1964
AIIB23_42_0000,AIIB23_42_0000_202,256,87078,1976
AIIB23_42_0000,AIIB23_42_0000_203,256,86628,2036
AIIB23_42_0000,AIIB23_42_0000_204,256,86430,1612
AIIB23_42_0000,AIIB23_42_0000_205,256,86100,2220
AIIB23_42_0000,AIIB23_42_0000_206,256,85707,1560
AIIB23_42_0000,AIIB23_42_0000_207,256,85221,904
AIIB23_42_0000,AIIB23_42_0000_208,256,84936,1180
AIIB23_42_0000,AIIB23_42_0000_209,256,84765,1080
AIIB23_42_0000,AIIB23_42_0000_210,256,84276,1300
AIIB23_42_0000,AIIB23_42_0000_211,256,83979,1464
AIIB23_42_0000,AIIB23_42_0000_212,256,83484,1632
AIIB23_42_0000,AIIB23_42_0000_213,256,82917,1556
AIIB23_42_0000,AIIB23_42_0000_214,256,82416,1008
AIIB23_42_0000,AIIB23_42_0000_215,256,81750,984
AIIB23_42_0000,AIIB23_42_0000_216,256,81543,1464
AIIB23_42_0000,AIIB23_42_0000_217,256,80802,2128
AIIB23_42_0000,AIIB23_42_0000_218,256,80469,2272
AIIB23_42_0000,AIIB23_42_0000_219,256,79959,2292
AIIB23_42_0000,AIIB23_42_0000_220,256,79317,2284
AIIB23_42_0000,AIIB23_42_0000_221,256,78675,2516
AIIB23_42_0000,AIIB23_42_0000_222,256,78111,2444
AIIB23_42_0000,AIIB23_42_0000_223,256,77601,2076
AIIB23_42_0000,AIIB23_42_0000_224,256,77052,1876
AIIB23_42_0000,AIIB23_42_0000_225,256,76515,2188
AIIB23_42_0000,AIIB23_42_0000_226,256,75825,2248
AIIB23_42_0000,AIIB23_42_0000_227,256,75249,2176
AIIB23_42_0000,AIIB23_42_0000_228,256,74520,2328
AIIB23_42_0000,AIIB23_42_0000_229,256,74133,3256
AIIB23_42_0000,AIIB23_42_0000_230,256,73383,1668
AIIB23_42_0000,AIIB23_42_0000_231,256,72861,1624
AIIB23_42_0000,AIIB23_42_0000_232,256,72261,1408
AIIB23_42_0000,AIIB23_42_0000_233,256,71676,1412
AIIB23_42_0000,AIIB23_42_0000_234,256,70938,1452
AIIB23_42_0000,AIIB23_42_0000_235,256,70200,1656
AIIB23_42_0000,AIIB23_42_0000_236,256,69555,2040
AIIB23_42_0000,AIIB23_42_0000_237,256,68658,1820
AIIB23_42_0000,AIIB23_42_0000_238,256,67695,1136
AIIB23_42_0000,AIIB23_42_0000_239,256,66918,768
AIIB23_42_0000,AIIB23_42_0000_240,256,66135,1436
AIIB23_42_0000,AIIB23_42_0000_241,256,65391,1228
AIIB23_42_0000,AIIB23_42_0000_242,256,64446,1684
AIIB23_42_0000,AIIB23_42_0000_243,256,63693,1684
AIIB23_42_0000,AIIB23_42_0000_244,256,62820,1664
AIIB23_42_0000,AIIB23_42_0000_245,256,61905,2224
AIIB23_42_0000,AIIB23_42_0000_246,256,60900,1888
AIIB23_42_0000,AIIB23_42_0000_247,256,60027,1172
AIIB23_42_0000,AIIB23_42_0000_248,256,59181,444
AIIB23_42_0000,AIIB23_42_0000_249,256,58164,192
AIIB23_42_0000,AIIB23_42_0000_250,256,57291,380
AIIB23_42_0000,AIIB23_42_0000_251,256,56406,392
AIIB23_42_0000,AIIB23_42_0000_252,256,55398,560
AIIB23_42_0000,AIIB23_42_0000_253,256,54375,548
AIIB23_42_0000,AIIB23_42_0000_254,256,53415,844
AIIB23_42_0000,AIIB23_42_0000_255,256,52263,628
AIIB23_42_0000,AIIB23_42_0000_256,256,51216,496
AIIB23_42_0000,AIIB23_42_0000_257,256,50382,460
AIIB23_42_0000,AIIB23_42_0000_258,256,49401,348
AIIB23_42_0000,AIIB23_42_0000_259,256,48288,144
AIIB23_42_0000,AIIB23_42_0000_260,256,47292,284
AIIB23_42_0000,AIIB23_42_0000_261,256,46314,4
AIIB23_42_0000,AIIB23_42_0000_262,256,45108,192
AIIB23_42_0000,AIIB23_42_0000_263,256,44031,0
AIIB23_42_0000,AIIB23_42_0000_264,256,42996,304
AIIB23_42_0000,AIIB23_42_0000_265,256,41979,376
AIIB23_42_0000,AIIB23_42_0000_266,256,40857,276
AIIB23_42_0000,AIIB23_42_0000_267,256,39642,272
AIIB23_42_0000,AIIB23_42_0000_268,256,38388,512
AIIB23_42_0000,AIIB23_42_0000_269,256,37215,84
AIIB23_42_0000,AIIB23_42_0000_270,256,36177,0
AIIB23_42_0000,AIIB23_42_0000_271,256,34977,0
AIIB23_42_0000,AIIB23_42_0000_272,256,33900,0
AIIB23_42_0000,AIIB23_42_0000_273,256,32832,0
AIIB23_42_0000,AIIB23_42_0000_274,256,31641,0
AIIB23_42_0000,AIIB23_42_0000_275,256,30408,0
AIIB23_42_0000,AIIB23_42_0000_276,256,29376,0
AIIB23_42_0000,AIIB23_42_0000_277,256,28236,0
AIIB23_42_0000,AIIB23_42_0000_278,256,27084,0
AIIB23_42_0000,AIIB23_42_0000_279,256,25761,0
AIIB23_42_0000,AIIB23_42_0000_280,256,24333,0
AIIB23_42_0000,AIIB23_42_0000_281,256,23187,0
AIIB23_42_0000,AIIB23_42_0000_282,256,21954,0
AIIB23_42_0000,AIIB23_42_0000_283,256,20838,0
AIIB23_42_0000,AIIB23_42_0000_284,256,19671,0
AIIB23_42_0000,AIIB23_42_0000_285,256,18324,0
AIIB23_42_0000,AIIB23_42_0000_286,256,17244,0
AIIB23_42_0000,AIIB23_42_0000_287,256,16104,0
AIIB23_42_0000,AIIB23_42_0000_288,256,14958,0
AIIB23_42_0000,AIIB23_42_0000_289,256,14022,0
AIIB23_42_0000,AIIB23_42_0000_290,256,12903,0
AIIB23_42_0000,AIIB23_42_0000_291,256,11796,0
AIIB23_42_0000,AIIB23_42_0000_292,256,10656,0
AIIB23_42_0000,AIIB23_42_0000_293,256,9615,0
AIIB23_42_0000,AIIB23_42_0000_294,256,8520,0
AIIB23_42_0000,AIIB23_42_0000_295,256,7314,40
AIIB23_42_0000,AIIB23_42_0000_296,256,6000,0
AIIB23_42_0000,AIIB23_42_0000_297,256,4929,0
AIIB23_42_0000,AIIB23_42_0000_298,256,4014,0
AIIB23_42_0000,AIIB23_42_0000_299,256,3225,0
AIIB23_42_0000,AIIB23_42_0000_300,256,2265,124
AIIB23_42_0000,AIIB23_42_0000_301,256,1548,204
AIIB23_42_0000,AIIB23_42_0000_302,256,777,136
AIIB23_45_0000,AIIB23_45_0000_096,256,15,168
AIIB23_45_0000,AIIB23_45_0000_097,256,153,256
AIIB23_45_0000,AIIB23_45_0000_098,256,366,404
AIIB23_45_0000,AIIB23_45_0000_099,256,537,952
AIIB23_45_0000,AIIB23_45_0000_100,256,843,1228
AIIB23_45_0000,AIIB23_45_0000_101,256,1242,980
AIIB23_45_0000,AIIB23_45_0000_102,256,1632,424
AIIB23_45_0000,AIIB23_45_0000_103,256,2082,576
AIIB23_45_0000,AIIB23_45_0000_104,256,2679,332
AIIB23_45_0000,AIIB23_45_0000_105,256,3255,704
AIIB23_45_0000,AIIB23_45_0000_106,256,2976,972
AIIB23_45_0000,AIIB23_45_0000_107,256,4659,1440
AIIB23_45_0000,AIIB23_45_0000_108,256,5385,1288
AIIB23_45_0000,AIIB23_45_0000_109,256,6135,992
AIIB23_45_0000,AIIB23_45_0000_110,256,7047,904
AIIB23_45_0000,AIIB23_45_0000_111,256,7917,992
AIIB23_45_0000,AIIB23_45_0000_112,256,8934,1228
AIIB23_45_0000,AIIB23_45_0000_113,256,9816,1496
AIIB23_45_0000,AIIB23_45_0000_114,256,11034,924
AIIB23_45_0000,AIIB23_45_0000_115,256,12153,1976
AIIB23_45_0000,AIIB23_45_0000_116,256,13161,2636
AIIB23_45_0000,AIIB23_45_0000_117,256,14214,2420
AIIB23_45_0000,AIIB23_45_0000_118,256,15714,2640
AIIB23_45_0000,AIIB23_45_0000_119,256,17478,2048
AIIB23_45_0000,AIIB23_45_0000_120,256,19095,2196
AIIB23_45_0000,AIIB23_45_0000_121,256,20169,2824
AIIB23_45_0000,AIIB23_45_0000_122,256,21741,2328
AIIB23_45_0000,AIIB23_45_0000_123,256,23673,2432
AIIB23_45_0000,AIIB23_45_0000_124,256,25131,2540
AIIB23_45_0000,AIIB23_45_0000_125,256,26874,3016
AIIB23_45_0000,AIIB23_45_0000_126,256,29145,3280
AIIB23_45_0000,AIIB23_45_0000_127,256,31488,3320
AIIB23_45_0000,AIIB23_45_0000_128,256,34377,5796
AIIB23_45_0000,AIIB23_45_0000_129,256,38406,6372
AIIB23_45_0000,AIIB23_45_0000_130,256,43932,5252
AIIB23_45_0000,AIIB23_45_0000_131,256,47535,5964
AIIB23_45_0000,AIIB23_45_0000_132,256,50988,6680
AIIB23_45_0000,AIIB23_45_0000_133,256,55626,5588
AIIB23_45_0000,AIIB23_45_0000_134,256,55821,5252
AIIB23_45_0000,AIIB23_45_0000_135,256,56130,5692
AIIB23_45_0000,AIIB23_45_0000_136,256,56787,4956
AIIB23_45_0000,AIIB23_45_0000_137,256,57174,5940
AIIB23_45_0000,AIIB23_45_0000_138,256,57423,4704
AIIB23_45_0000,AIIB23_45_0000_139,256,58047,4600
AIIB23_45_0000,AIIB23_45_0000_140,256,58530,4084
AIIB23_45_0000,AIIB23_45_0000_141,256,59202,4084
AIIB23_45_0000,AIIB23_45_0000_142,256,59649,4844
AIIB23_45_0000,AIIB23_45_0000_143,256,60336,5352
AIIB23_45_0000,AIIB23_45_0000_144,256,61047,6180
AIIB23_45_0000,AIIB23_45_0000_145,256,61707,5764
AIIB23_45_0000,AIIB23_45_0000_146,256,62742,5792
AIIB23_45_0000,AIIB23_45_0000_147,256,63405,6484
AIIB23_45_0000,AIIB23_45_0000_148,256,64161,7440
AIIB23_45_0000,AIIB23_45_0000_149,256,65340,8348
AIIB23_45_0000,AIIB23_45_0000_150,256,66291,7400
AIIB23_45_0000,AIIB23_45_0000_151,256,67326,8752
AIIB23_45_0000,AIIB23_45_0000_152,256,68310,8132
AIIB23_45_0000,AIIB23_45_0000_153,256,69501,8384
AIIB23_45_0000,AIIB23_45_0000_154,256,70833,8120
AIIB23_45_0000,AIIB23_45_0000_155,256,72066,8548
AIIB23_45_0000,AIIB23_45_0000_156,256,73263,8264
AIIB23_45_0000,AIIB23_45_0000_157,256,74970,7788
AIIB23_45_0000,AIIB23_45_0000_158,256,76347,7340
AIIB23_45_0000,AIIB23_45_0000_159,256,77838,7224
AIIB23_45_0000,AIIB23_45_0000_160,256,79404,6756
AIIB23_45_0000,AIIB23_45_0000_161,256,80706,7540
AIIB23_45_0000,AIIB23_45_0000_162,256,82386,9092
AIIB23_45_0000,AIIB23_45_0000_163,256,84054,9468
AIIB23_45_0000,AIIB23_45_0000_164,256,86250,10220
AIIB23_45_0000,AIIB23_45_0000_165,256,87999,11136
AIIB23_45_0000,AIIB23_45_0000_166,256,90009,10420
AIIB23_45_0000,AIIB23_45_0000_167,256,92133,10100
AIIB23_45_0000,AIIB23_45_0000_168,256,93759,10652
AIIB23_45_0000,AIIB23_45_0000_169,256,95946,10548
AIIB23_45_0000,AIIB23_45_0000_170,256,97689,10624
AIIB23_45_0000,AIIB23_45_0000_171,256,99378,9996
AIIB23_45_0000,AIIB23_45_0000_172,256,101238,11500
AIIB23_45_0000,AIIB23_45_0000_173,256,102738,12268
AIIB23_45_0000,AIIB23_45_0000_174,256,104793,11324
AIIB23_45_0000,AIIB23_45_0000_175,256,104907,10788
AIIB23_45_0000,AIIB23_45_0000_176,256,104763,10104
AIIB23_45_0000,AIIB23_45_0000_177,256,104910,8968
AIIB23_45_0000,AIIB23_45_0000_178,256,104550,7836
AIIB23_45_0000,AIIB23_45_0000_179,256,104088,6920
AIIB23_45_0000,AIIB23_45_0000_180,256,103938,5880
AIIB23_45_0000,AIIB23_45_0000_181,256,104007,7128
AIIB23_45_0000,AIIB23_45_0000_182,256,103758,6216
AIIB23_45_0000,AIIB23_45_0000_183,256,103374,6440
AIIB23_45_0000,AIIB23_45_0000_184,256,103122,5980
AIIB23_45_0000,AIIB23_45_0000_185,256,102741,6328
AIIB23_45_0000,AIIB23_45_0000_186,256,102372,8136
AIIB23_45_0000,AIIB23_45_0000_187,256,101535,8924
AIIB23_45_0000,AIIB23_45_0000_188,256,101340,8928
AIIB23_45_0000,AIIB23_45_0000_189,256,101025,8100
AIIB23_45_0000,AIIB23_45_0000_190,256,100956,7572
AIIB23_45_0000,AIIB23_45_0000_191,256,101250,8296
AIIB23_45_0000,AIIB23_45_0000_192,256,101340,8128
AIIB23_45_0000,AIIB23_45_0000_193,256,101412,8216
AIIB23_45_0000,AIIB23_45_0000_194,256,101322,7416
AIIB23_45_0000,AIIB23_45_0000_195,256,101067,5980
AIIB23_45_0000,AIIB23_45_0000_196,256,100422,5324
AIIB23_45_0000,AIIB23_45_0000_197,256,99972,5664
AIIB23_45_0000,AIIB23_45_0000_198,256,99579,5852
AIIB23_45_0000,AIIB23_45_0000_199,256,99507,5844
AIIB23_45_0000,AIIB23_45_0000_200,256,99432,6124
AIIB23_45_0000,AIIB23_45_0000_201,256,99456,6568
AIIB23_45_0000,AIIB23_45_0000_202,256,98547,7200
AIIB23_45_0000,AIIB23_45_0000_203,256,97191,5976
AIIB23_45_0000,AIIB23_45_0000_204,256,96873,5240
AIIB23_45_0000,AIIB23_45_0000_205,256,96312,6116
AIIB23_45_0000,AIIB23_45_0000_206,256,95646,6020
AIIB23_45_0000,AIIB23_45_0000_207,256,95097,6968
AIIB23_45_0000,AIIB23_45_0000_208,256,95148,7288
AIIB23_45_0000,AIIB23_45_0000_209,256,94719,8176
AIIB23_45_0000,AIIB23_45_0000_210,256,94434,7140
AIIB23_45_0000,AIIB23_45_0000_211,256,93816,7772
AIIB23_45_0000,AIIB23_45_0000_212,256,93780,7832
AIIB23_45_0000,AIIB23_45_0000_213,256,93915,8600
AIIB23_45_0000,AIIB23_45_0000_214,256,93861,8352
AIIB23_45_0000,AIIB23_45_0000_215,256,93273,8928
AIIB23_45_0000,AIIB23_45_0000_216,256,92919,9260
AIIB23_45_0000,AIIB23_45_0000_217,256,92736,7556
AIIB23_45_0000,AIIB23_45_0000_218,256,92223,8316
AIIB23_45_0000,AIIB23_45_0000_219,256,91911,7824
AIIB23_45_0000,AIIB23_45_0000_220,256,91230,7372
AIIB23_45_0000,AIIB23_45_0000_221,256,90810,6804
AIIB23_45_0000,AIIB23_45_0000_222,256,90840,6444
AIIB23_45_0000,AIIB23_45_0000_223,256,90450,6676
AIIB23_45_0000,AIIB23_45_0000_224,256,90264,7324
AIIB23_45_0000,AIIB23_45_0000_225,256,89904,9256
AIIB23_45_0000,AIIB23_45_0000_226,256,90072,9404
AIIB23_45_0000,AIIB23_45_0000_227,256,89715,10408
AIIB23_45_0000,AIIB23_45_0000_228,256,89424,10392
AIIB23_45_0000,AIIB23_45_0000_229,256,88959,9164
AIIB23_45_0000,AIIB23_45_0000_230,256,88737,9264
AIIB23_45_0000,AIIB23_45_0000_231,256,88614,9908
AIIB23_45_0000,AIIB23_45_0000_232,256,88104,8436
AIIB23_45_0000,AIIB23_45_0000_233,256,88068,8740
AIIB23_45_0000,AIIB23_45_0000_234,256,87840,9248
AIIB23_45_0000,AIIB23_45_0000_235,256,87258,8800
AIIB23_45_0000,AIIB23_45_0000_236,256,87159,10152
AIIB23_45_0000,AIIB23_45_0000_237,256,87093,8852
AIIB23_45_0000,AIIB23_45_0000_238,256,86376,8020
AIIB23_45_0000,AIIB23_45_0000_239,256,86103,7740
AIIB23_45_0000,AIIB23_45_0000_240,256,85416,8796
AIIB23_45_0000,AIIB23_45_0000_241,256,84555,7448
AIIB23_45_0000,AIIB23_45_0000_242,256,84024,8100
AIIB23_45_0000,AIIB23_45_0000_243,256,84105,8380
AIIB23_45_0000,AIIB23_45_0000_244,256,83298,7904
AIIB23_45_0000,AIIB23_45_0000_245,256,82335,9924
AIIB23_45_0000,AIIB23_45_0000_246,256,81972,8688
AIIB23_45_0000,AIIB23_45_0000_247,256,81498,8324
AIIB23_45_0000,AIIB23_45_0000_248,256,81345,9324
AIIB23_45_0000,AIIB23_45_0000_249,256,80670,7716
AIIB23_45_0000,AIIB23_45_0000_250,256,80307,8204
AIIB23_45_0000,AIIB23_45_0000_251,256,79575,7632
AIIB23_45_0000,AIIB23_45_0000_252,256,78999,10016
AIIB23_45_0000,AIIB23_45_0000_253,256,78222,9436
AIIB23_45_0000,AIIB23_45_0000_254,256,77028,9400
AIIB23_45_0000,AIIB23_45_0000_255,256,76272,10432
AIIB23_45_0000,AIIB23_45_0000_256,256,75393,11212
AIIB23_45_0000,AIIB23_45_0000_257,256,74223,11200
AIIB23_45_0000,AIIB23_45_0000_258,256,73218,10204
AIIB23_45_0000,AIIB23_45_0000_259,256,72363,10304
AIIB23_45_0000,AIIB23_45_0000_260,256,71640,10504
AIIB23_45_0000,AIIB23_45_0000_261,256,70533,12512
AIIB23_45_0000,AIIB23_45_0000_262,256,69720,10528
AIIB23_45_0000,AIIB23_45_0000_263,256,69117,11156
AIIB23_45_0000,AIIB23_45_0000_264,256,68568,11692
AIIB23_45_0000,AIIB23_45_0000_265,256,67635,11452
AIIB23_45_0000,AIIB23_45_0000_266,256,66606,11248
AIIB23_45_0000,AIIB23_45_0000_267,256,65238,11204
AIIB23_45_0000,AIIB23_45_0000_268,256,64323,12364
AIIB23_45_0000,AIIB23_45_0000_269,256,63105,11648
AIIB23_45_0000,AIIB23_45_0000_270,256,62331,12124
AIIB23_45_0000,AIIB23_45_0000_271,256,61065,12604
AIIB23_45_0000,AIIB23_45_0000_272,256,59907,11392
AIIB23_45_0000,AIIB23_45_0000_273,256,58875,9928
AIIB23_45_0000,AIIB23_45_0000_274,256,57915,9012
AIIB23_45_0000,AIIB23_45_0000_275,256,57279,6796
AIIB23_45_0000,AIIB23_45_0000_276,256,56373,8036
AIIB23_45_0000,AIIB23_45_0000_277,256,55497,8116
AIIB23_45_0000,AIIB23_45_0000_278,256,54489,6068
AIIB23_45_0000,AIIB23_45_0000_279,256,53424,7948
AIIB23_45_0000,AIIB23_45_0000_280,256,52608,5756
AIIB23_45_0000,AIIB23_45_0000_281,256,52107,5404
AIIB23_45_0000,AIIB23_45_0000_282,256,50949,5980
AIIB23_45_0000,AIIB23_45_0000_283,256,49578,6516
AIIB23_45_0000,AIIB23_45_0000_284,256,48813,4592
AIIB23_45_0000,AIIB23_45_0000_285,256,48126,5192
AIIB23_45_0000,AIIB23_45_0000_286,256,46995,5940
AIIB23_45_0000,AIIB23_45_0000_287,256,46455,4868
AIIB23_45_0000,AIIB23_45_0000_288,256,45513,5112
AIIB23_45_0000,AIIB23_45_0000_289,256,44709,6468
AIIB23_45_0000,AIIB23_45_0000_290,256,43836,5052
AIIB23_45_0000,AIIB23_45_0000_291,256,42741,3708
AIIB23_45_0000,AIIB23_45_0000_292,256,42018,4816
AIIB23_45_0000,AIIB23_45_0000_293,256,41256,3536
AIIB23_45_0000,AIIB23_45_0000_294,256,40482,3268
AIIB23_45_0000,AIIB23_45_0000_295,256,39357,2776
AIIB23_45_0000,AIIB23_45_0000_296,256,38643,3308
AIIB23_45_0000,AIIB23_45_0000_297,256,38331,3160
AIIB23_45_0000,AIIB23_45_0000_298,256,37284,2692
AIIB23_45_0000,AIIB23_45_0000_299,256,36618,2344
AIIB23_45_0000,AIIB23_45_0000_300,256,35610,2668
AIIB23_45_0000,AIIB23_45_0000_301,256,34578,1680
AIIB23_45_0000,AIIB23_45_0000_302,256,33915,1432
AIIB23_45_0000,AIIB23_45_0000_303,256,32946,2088
AIIB23_45_0000,AIIB23_45_0000_304,256,32097,3016
AIIB23_45_0000,AIIB23_45_0000_305,256,31188,3312
AIIB23_45_0000,AIIB23_45_0000_306,256,30159,2876
AIIB23_45_0000,AIIB23_45_0000_307,256,29319,3160
AIIB23_45_0000,AIIB23_45_0000_308,256,28233,3340
AIIB23_45_0000,AIIB23_45_0000_309,256,27207,2188
AIIB23_45_0000,AIIB23_45_0000_310,256,25995,1804
AIIB23_45_0000,AIIB23_45_0000_311,256,24969,2016
AIIB23_45_0000,AIIB23_45_0000_312,256,24342,2308
AIIB23_45_0000,AIIB23_45_0000_313,256,23364,2196
AIIB23_45_0000,AIIB23_45_0000_314,256,22434,1408
AIIB23_45_0000,AIIB23_45_0000_315,256,21597,860
AIIB23_45_0000,AIIB23_45_0000_316,256,20610,1372
AIIB23_45_0000,AIIB23_45_0000_317,256,19599,1616
AIIB23_45_0000,AIIB23_45_0000_318,256,18597,2144
AIIB23_45_0000,AIIB23_45_0000_319,256,18105,1888
AIIB23_45_0000,AIIB23_45_0000_320,256,17385,2736
AIIB23_45_0000,AIIB23_45_0000_321,256,16182,1836
AIIB23_45_0000,AIIB23_45_0000_322,256,15249,1012
AIIB23_45_0000,AIIB23_45_0000_323,256,13935,1112
AIIB23_45_0000,AIIB23_45_0000_324,256,12867,1176
AIIB23_45_0000,AIIB23_45_0000_325,256,11664,864
AIIB23_45_0000,AIIB23_45_0000_326,256,10971,544
AIIB23_45_0000,AIIB23_45_0000_327,256,9978,944
AIIB23_45_0000,AIIB23_45_0000_328,256,8862,604
AIIB23_45_0000,AIIB23_45_0000_329,256,7881,1068
AIIB23_45_0000,AIIB23_45_0000_330,256,7239,676
AIIB23_45_0000,AIIB23_45_0000_331,256,6606,572
AIIB23_45_0000,AIIB23_45_0000_332,256,6249,540
AIIB23_45_0000,AIIB23_45_0000_333,256,5757,372
AIIB23_45_0000,AIIB23_45_0000_334,256,5391,1100
AIIB23_45_0000,AIIB23_45_0000_335,256,4848,804
AIIB23_45_0000,AIIB23_45_0000_336,256,4107,560
AIIB23_45_0000,AIIB23_45_0000_337,256,3456,652
AIIB23_45_0000,AIIB23_45_0000_338,256,2361,832
AIIB23_45_0000,AIIB23_45_0000_339,256,1872,668
AIIB23_45_0000,AIIB23_45_0000_340,256,1173,724
AIIB23_91_0000,AIIB23_91_0000_041,256,24,108
AIIB23_91_0000,AIIB23_91_0000_042,256,195,0
AIIB23_91_0000,AIIB23_91_0000_043,256,336,300
AIIB23_91_0000,AIIB23_91_0000_044,256,600,1124
AIIB23_91_0000,AIIB23_91_0000_045,256,1182,1780
AIIB23_91_0000,AIIB23_91_0000_046,256,2007,1808
AIIB23_91_0000,AIIB23_91_0000_047,256,3183,2604
AIIB23_91_0000,AIIB23_91_0000_048,256,4938,3188
AIIB23_91_0000,AIIB23_91_0000_049,256,7026,4876
AIIB23_91_0000,AIIB23_91_0000_050,256,9297,6096
AIIB23_91_0000,AIIB23_91_0000_051,256,11652,6328
AIIB23_91_0000,AIIB23_91_0000_052,256,14742,7196
AIIB23_91_0000,AIIB23_91_0000_053,256,19107,8756
AIIB23_91_0000,AIIB23_91_0000_054,256,24876,8600
AIIB23_91_0000,AIIB23_91_0000_055,256,31095,9284
AIIB23_91_0000,AIIB23_91_0000_056,256,40830,8968
AIIB23_91_0000,AIIB23_91_0000_057,256,45750,9412
AIIB23_91_0000,AIIB23_91_0000_058,256,50070,10492
AIIB23_91_0000,AIIB23_91_0000_059,256,51927,9208
AIIB23_91_0000,AIIB23_91_0000_060,256,53562,7844
AIIB23_91_0000,AIIB23_91_0000_061,256,56247,7756
AIIB23_91_0000,AIIB23_91_0000_062,256,58341,9092
AIIB23_91_0000,AIIB23_91_0000_063,256,60123,9016
AIIB23_91_0000,AIIB23_91_0000_064,256,62907,7680
AIIB23_91_0000,AIIB23_91_0000_065,256,66399,6864
AIIB23_91_0000,AIIB23_91_0000_066,256,71589,6592
AIIB23_91_0000,AIIB23_91_0000_067,256,76998,5892
AIIB23_91_0000,AIIB23_91_0000_068,256,79743,5032
AIIB23_91_0000,AIIB23_91_0000_069,256,83838,6328
AIIB23_91_0000,AIIB23_91_0000_070,256,84984,5208
AIIB23_91_0000,AIIB23_91_0000_071,256,85749,5040
AIIB23_91_0000,AIIB23_91_0000_072,256,86679,4276
AIIB23_91_0000,AIIB23_91_0000_073,256,87420,3968
AIIB23_91_0000,AIIB23_91_0000_074,256,87720,4240
AIIB23_91_0000,AIIB23_91_0000_075,256,87882,4916
AIIB23_91_0000,AIIB23_91_0000_076,256,88392,4604
AIIB23_91_0000,AIIB23_91_0000_077,256,88806,6236
AIIB23_91_0000,AIIB23_91_0000_078,256,88791,6964
AIIB23_91_0000,AIIB23_91_0000_079,256,89187,6156
AIIB23_91_0000,AIIB23_91_0000_080,256,88806,4628
AIIB23_91_0000,AIIB23_91_0000_081,256,88743,4208
AIIB23_91_0000,AIIB23_91_0000_082,256,88773,3888
AIIB23_91_0000,AIIB23_91_0000_083,256,88992,3636
AIIB23_91_0000,AIIB23_91_0000_084,256,89286,3388
AIIB23_91_0000,AIIB23_91_0000_085,256,89505,5376
AIIB23_91_0000,AIIB23_91_0000_086,256,90279,4888
AIIB23_91_0000,AIIB23_91_0000_087,256,90411,5132
AIIB23_91_0000,AIIB23_91_0000_088,256,91614,6688
AIIB23_91_0000,AIIB23_91_0000_089,256,92523,7704
AIIB23_91_0000,AIIB23_91_0000_090,256,93018,4664
AIIB23_91_0000,AIIB23_91_0000_091,256,93045,4052
AIIB23_91_0000,AIIB23_91_0000_092,256,92787,4968
AIIB23_91_0000,AIIB23_91_0000_093,256,88173,6348
AIIB23_91_0000,AIIB23_91_0000_094,256,87570,7568
AIIB23_91_0000,AIIB23_91_0000_095,256,87432,6996
AIIB23_91_0000,AIIB23_91_0000_096,256,86283,5488
AIIB23_91_0000,AIIB23_91_0000_097,256,86409,5324
AIIB23_91_0000,AIIB23_91_0000_098,256,87000,7288
AIIB23_91_0000,AIIB23_91_0000_099,256,87177,8032
AIIB23_91_0000,AIIB23_91_0000_100,256,87258,7280
AIIB23_91_0000,AIIB23_91_0000_101,256,86697,6592
AIIB23_91_0000,AIIB23_91_0000_102,256,86982,6196
AIIB23_91_0000,AIIB23_91_0000_103,256,85341,4932
AIIB23_91_0000,AIIB23_91_0000_104,256,84687,5176
AIIB23_91_0000,AIIB23_91_0000_105,256,83994,4060
AIIB23_91_0000,AIIB23_91_0000_106,256,83646,2976
AIIB23_91_0000,AIIB23_91_0000_107,256,83652,3036
AIIB23_91_0000,AIIB23_91_0000_108,256,83061,4400
AIIB23_91_0000,AIIB23_91_0000_109,256,83286,2708
AIIB23_91_0000,AIIB23_91_0000_110,256,82515,3248
AIIB23_91_0000,AIIB23_91_0000_111,256,82215,2784
AIIB23_91_0000,AIIB23_91_0000_112,256,81495,3000
AIIB23_91_0000,AIIB23_91_0000_113,256,80991,4104
AIIB23_91_0000,AIIB23_91_0000_114,256,80427,5828
AIIB23_91_0000,AIIB23_91_0000_115,256,79386,5048
AIIB23_91_0000,AIIB23_91_0000_116,256,78675,3732
AIIB23_91_0000,AIIB23_91_0000_117,256,77844,3984
AIIB23_91_0000,AIIB23_91_0000_118,256,77274,4360
AIIB23_91_0000,AIIB23_91_0000_119,256,76689,4876
AIIB23_91_0000,AIIB23_91_0000_120,256,75708,4836
AIIB23_91_0000,AIIB23_91_0000_121,256,73995,4460
AIIB23_91_0000,AIIB23_91_0000_122,256,71709,4388
AIIB23_91_0000,AIIB23_91_0000_123,256,69900,2260
AIIB23_91_0000,AIIB23_91_0000_124,256,69726,3636
AIIB23_91_0000,AIIB23_91_0000_125,256,68928,2768
AIIB23_91_0000,AIIB23_91_0000_126,256,68238,5248
AIIB23_91_0000,AIIB23_91_0000_127,256,67152,3880
AIIB23_91_0000,AIIB23_91_0000_128,256,65718,3208
AIIB23_91_0000,AIIB23_91_0000_129,256,63558,2976
AIIB23_91_0000,AIIB23_91_0000_130,256,62328,2368
AIIB23_91_0000,AIIB23_91_0000_131,256,61209,2464
AIIB23_91_0000,AIIB23_91_0000_132,256,59571,1240
AIIB23_91_0000,AIIB23_91_0000_133,256,57861,760
AIIB23_91_0000,AIIB23_91_0000_134,256,55752,0
AIIB23_91_0000,AIIB23_91_0000_135,256,54201,1276
AIIB23_91_0000,AIIB23_91_0000_136,256,52260,2624
AIIB23_91_0000,AIIB23_91_0000_137,256,50451,2548
AIIB23_91_0000,AIIB23_91_0000_138,256,49023,2392
AIIB23_91_0000,AIIB23_91_0000_139,256,47007,1752
AIIB23_91_0000,AIIB23_91_0000_140,256,45006,2020
AIIB23_91_0000,AIIB23_91_0000_141,256,42945,1616
AIIB23_91_0000,AIIB23_91_0000_142,256,40779,2156
AIIB23_91_0000,AIIB23_91_0000_143,256,38259,2444
AIIB23_91_0000,AIIB23_91_0000_144,256,35739,1324
AIIB23_91_0000,AIIB23_91_0000_145,256,33666,1280
AIIB23_91_0000,AIIB23_91_0000_146,256,31533,524
AIIB23_91_0000,AIIB23_91_0000_147,256,29826,684
AIIB23_91_0000,AIIB23_91_0000_148,256,28395,644
AIIB23_91_0000,AIIB23_91_0000_149,256,26931,428
AIIB23_91_0000,AIIB23_91_0000_150,256,25236,540
AIIB23_91_0000,AIIB23_91_0000_151,256,22944,880
AIIB23_91_0000,AIIB23_91_0000_152,256,20550,488
AIIB23_91_0000,AIIB23_91_0000_153,256,18402,316
AIIB23_91_0000,AIIB23_91_0000_154,256,16596,384
AIIB23_91_0000,AIIB23_91_0000_155,256,14766,272
AIIB23_91_0000,AIIB23_91_0000_156,256,12573,224
AIIB23_91_0000,AIIB23_91_0000_157,256,10713,260
AIIB23_91_0000,AIIB23_91_0000_158,256,8751,624
AIIB23_91_0000,AIIB23_91_0000_159,256,6552,760
AIIB23_91_0000,AIIB23_91_0000_160,256,4515,684
AIIB23_91_0000,AIIB23_91_0000_161,256,2640,664
AIIB23_94_0000,AIIB23_94_0000_021,256,63,0
AIIB23_94_0000,AIIB23_94_0000_022,256,132,60
AIIB23_94_0000,AIIB23_94_0000_023,256,204,132
AIIB23_94_0000,AIIB23_94_0000_024,256,255,244
AIIB23_94_0000,AIIB23_94_0000_025,256,330,416
AIIB23_94_0000,AIIB23_94_0000_026,256,435,300
AIIB23_94_0000,AIIB23_94_0000_027,256,561,400
AIIB23_94_0000,AIIB23_94_0000_028,256,633,300
AIIB23_94_0000,AIIB23_94_0000_029,256,966,520
AIIB23_94_0000,AIIB23_94_0000_030,256,1284,656
AIIB23_94_0000,AIIB23_94_0000_031,256,1530,708
AIIB23_94_0000,AIIB23_94_0000_032,256,1695,764
AIIB23_94_0000,AIIB23_94_0000_033,256,1842,744
AIIB23_94_0000,AIIB23_94_0000_034,256,2013,700
AIIB23_94_0000,AIIB23_94_0000_035,256,2106,708
AIIB23_94_0000,AIIB23_94_0000_036,256,2250,600
AIIB23_94_0000,AIIB23_94_0000_037,256,2433,628
AIIB23_94_0000,AIIB23_94_0000_038,256,2589,728
AIIB23_94_0000,AIIB23_94_0000_039,256,2877,576
AIIB23_94_0000,AIIB23_94_0000_040,256,3096,836
AIIB23_94_0000,AIIB23_94_0000_041,256,3294,712
AIIB23_94_0000,AIIB23_94_0000_042,256,3555,876
AIIB23_94_0000,AIIB23_94_0000_043,256,3900,1272
AIIB23_94_0000,AIIB23_94_0000_044,256,4173,1304
AIIB23_94_0000,AIIB23_94_0000_045,256,4464,864
AIIB23_94_0000,AIIB23_94_0000_046,256,4725,804
AIIB23_94_0000,AIIB23_94_0000_047,256,5097,868
AIIB23_94_0000,AIIB23_94_0000_048,256,5454,924
AIIB23_94_0000,AIIB23_94_0000_049,256,5880,1064
AIIB23_94_0000,AIIB23_94_0000_050,256,6384,1032
AIIB23_94_0000,AIIB23_94_0000_051,256,6876,1264
AIIB23_94_0000,AIIB23_94_0000_052,256,7620,1344
AIIB23_94_0000,AIIB23_94_0000_053,256,8433,1000
AIIB23_94_0000,AIIB23_94_0000_054,256,9255,1004
AIIB23_94_0000,AIIB23_94_0000_055,256,10137,1512
AIIB23_94_0000,AIIB23_94_0000_056,256,11073,1184
AIIB23_94_0000,AIIB23_94_0000_057,256,12093,632
AIIB23_94_0000,AIIB23_94_0000_058,256,13002,852
AIIB23_94_0000,AIIB23_94_0000_059,256,13776,1076
AIIB23_94_0000,AIIB23_94_0000_060,256,14505,752
AIIB23_94_0000,AIIB23_94_0000_061,256,15153,688
AIIB23_94_0000,AIIB23_94_0000_062,256,15807,656
AIIB23_94_0000,AIIB23_94_0000_063,256,16395,516
AIIB23_94_0000,AIIB23_94_0000_064,256,17028,664
AIIB23_94_0000,AIIB23_94_0000_065,256,17733,676
AIIB23_94_0000,AIIB23_94_0000_066,256,18504,796
AIIB23_94_0000,AIIB23_94_0000_067,256,19236,828
AIIB23_94_0000,AIIB23_94_0000_068,256,20397,1548
AIIB23_94_0000,AIIB23_94_0000_069,256,21486,1416
AIIB23_94_0000,AIIB23_94_0000_070,256,22455,760
AIIB23_94_0000,AIIB23_94_0000_071,256,23412,540
AIIB23_94_0000,AIIB23_94_0000_072,256,24321,408
AIIB23_94_0000,AIIB23_94_0000_073,256,25200,684
AIIB23_94_0000,AIIB23_94_0000_074,256,26163,816
AIIB23_94_0000,AIIB23_94_0000_075,256,27267,624
AIIB23_94_0000,AIIB23_94_0000_076,256,28326,768
AIIB23_94_0000,AIIB23_94_0000_077,256,29403,844
AIIB23_94_0000,AIIB23_94_0000_078,256,30330,1372
AIIB23_94_0000,AIIB23_94_0000_079,256,31575,1244
AIIB23_94_0000,AIIB23_94_0000_080,256,32763,1080
AIIB23_94_0000,AIIB23_94_0000_081,256,33894,1304
AIIB23_94_0000,AIIB23_94_0000_082,256,35061,1032
AIIB23_94_0000,AIIB23_94_0000_083,256,36384,1052
AIIB23_94_0000,AIIB23_94_0000_084,256,37434,1560
AIIB23_94_0000,AIIB23_94_0000_085,256,38874,1860
AIIB23_94_0000,AIIB23_94_0000_086,256,40227,2080
AIIB23_94_0000,AIIB23_94_0000_087,256,41625,1772
AIIB23_94_0000,AIIB23_94_0000_088,256,42921,1080
AIIB23_94_0000,AIIB23_94_0000_089,256,44433,1072
AIIB23_94_0000,AIIB23_94_0000_090,256,45804,1320
AIIB23_94_0000,AIIB23_94_0000_091,256,46896,1448
AIIB23_94_0000,AIIB23_94_0000_092,256,48108,1712
AIIB23_94_0000,AIIB23_94_0000_093,256,49491,1524
AIIB23_94_0000,AIIB23_94_0000_094,256,51069,1240
AIIB23_94_0000,AIIB23_94_0000_095,256,52665,1280
AIIB23_94_0000,AIIB23_94_0000_096,256,54165,860
AIIB23_94_0000,AIIB23_94_0000_097,256,55578,960
AIIB23_94_0000,AIIB23_94_0000_098,256,56961,1028
AIIB23_94_0000,AIIB23_94_0000_099,256,58704,936
AIIB23_94_0000,AIIB23_94_0000_100,256,60168,1140
AIIB23_94_0000,AIIB23_94_0000_101,256,62139,1184
AIIB23_94_0000,AIIB23_94_0000_102,256,63774,804
AIIB23_94_0000,AIIB23_94_0000_103,256,65379,480
AIIB23_94_0000,AIIB23_94_0000_104,256,66888,396
AIIB23_94_0000,AIIB23_94_0000_105,256,68343,444
AIIB23_94_0000,AIIB23_94_0000_106,256,69822,468
AIIB23_94_0000,AIIB23_94_0000_107,256,71076,60
AIIB23_94_0000,AIIB23_94_0000_108,256,72267,0
AIIB23_94_0000,AIIB23_94_0000_109,256,73410,0
AIIB23_94_0000,AIIB23_94_0000_110,256,74121,132
AIIB23_94_0000,AIIB23_94_0000_111,256,74967,472
AIIB23_94_0000,AIIB23_94_0000_112,256,75579,352
AIIB23_94_0000,AIIB23_94_0000_113,256,76383,248
AIIB23_94_0000,AIIB23_94_0000_114,256,77046,332
AIIB23_94_0000,AIIB23_94_0000_115,256,77622,608
AIIB23_94_0000,AIIB23_94_0000_116,256,78255,568
AIIB23_94_0000,AIIB23_94_0000_117,256,79002,756
AIIB23_94_0000,AIIB23_94_0000_118,256,79689,1020
AIIB23_94_0000,AIIB23_94_0000_119,256,80361,988
AIIB23_94_0000,AIIB23_94_0000_120,256,80835,1472
AIIB23_94_0000,AIIB23_94_0000_121,256,81513,1340
AIIB23_94_0000,AIIB23_94_0000_122,256,82038,940
AIIB23_94_0000,AIIB23_94_0000_123,256,82440,492
AIIB23_94_0000,AIIB23_94_0000_124,256,82923,652
AIIB23_94_0000,AIIB23_94_0000_125,256,83319,272
AIIB23_94_0000,AIIB23_94_0000_126,256,83601,808
AIIB23_94_0000,AIIB23_94_0000_127,256,83691,484
AIIB23_94_0000,AIIB23_94_0000_128,256,84042,296
AIIB23_94_0000,AIIB23_94_0000_129,256,84288,172
AIIB23_94_0000,AIIB23_94_0000_130,256,84606,304
AIIB23_94_0000,AIIB23_94_0000_131,256,84738,304
AIIB23_94_0000,AIIB23_94_0000_132,256,84876,344
AIIB23_94_0000,AIIB23_94_0000_133,256,85047,692
AIIB23_94_0000,AIIB23_94_0000_134,256,85341,888
AIIB23_94_0000,AIIB23_94_0000_135,256,85593,1172
AIIB23_94_0000,AIIB23_94_0000_136,256,85521,1224
AIIB23_94_0000,AIIB23_94_0000_137,256,85674,1132
AIIB23_94_0000,AIIB23_94_0000_138,256,85941,1240
AIIB23_94_0000,AIIB23_94_0000_139,256,86397,1788
AIIB23_94_0000,AIIB23_94_0000_140,256,86784,1888
AIIB23_94_0000,AIIB23_94_0000_141,256,86943,2020
AIIB23_94_0000,AIIB23_94_0000_142,256,87282,1856
AIIB23_94_0000,AIIB23_94_0000_143,256,87834,2276
AIIB23_94_0000,AIIB23_94_0000_144,256,88641,2408
AIIB23_94_0000,AIIB23_94_0000_145,256,89214,2280
AIIB23_94_0000,AIIB23_94_0000_146,256,89643,2260
AIIB23_94_0000,AIIB23_94_0000_147,256,89922,1532
AIIB23_94_0000,AIIB23_94_0000_148,256,90282,1280
AIIB23_94_0000,AIIB23_94_0000_149,256,90789,1816
AIIB23_94_0000,AIIB23_94_0000_150,256,91254,2532
AIIB23_94_0000,AIIB23_94_0000_151,256,91659,2308
AIIB23_94_0000,AIIB23_94_0000_152,256,92217,2052
AIIB23_94_0000,AIIB23_94_0000_153,256,92793,1700
AIIB23_94_0000,AIIB23_94_0000_154,256,93540,1996
AIIB23_94_0000,AIIB23_94_0000_155,256,94056,2176
AIIB23_94_0000,AIIB23_94_0000_156,256,94461,1784
AIIB23_94_0000,AIIB23_94_0000_157,256,94908,1748
AIIB23_94_0000,AIIB23_94_0000_158,256,95361,1288
AIIB23_94_0000,AIIB23_94_0000_159,256,95781,972
AIIB23_94_0000,AIIB23_94_0000_160,256,96135,1044
AIIB23_94_0000,AIIB23_94_0000_161,256,96426,1220
AIIB23_94_0000,AIIB23_94_0000_162,256,96579,1388
AIIB23_94_0000,AIIB23_94_0000_163,256,96789,1572
AIIB23_94_0000,AIIB23_94_0000_164,256,96921,1444
AIIB23_94_0000,AIIB23_94_0000_165,256,97053,884
AIIB23_94_0000,AIIB23_94_0000_166,256,97287,1232
AIIB23_94_0000,AIIB23_94_0000_167,256,97671,1672
AIIB23_94_0000,AIIB23_94_0000_168,256,97818,1644
AIIB23_94_0000,AIIB23_94_0000_169,256,97836,1820
AIIB23_94_0000,AIIB23_94_0000_170,256,97938,2592
AIIB23_94_0000,AIIB23_94_0000_171,256,97800,2472
AIIB23_94_0000,AIIB23_94_0000_172,256,97836,2960
AIIB23_94_0000,AIIB23_94_0000_173,256,98010,3452
AIIB23_94_0000,AIIB23_94_0000_174,256,97722,2900
AIIB23_94_0000,AIIB23_94_0000_175,256,97425,3444
AIIB23_94_0000,AIIB23_94_0000_176,256,96699,3468
AIIB23_94_0000,AIIB23_94_0000_177,256,96981,3560
AIIB23_94_0000,AIIB23_94_0000_178,256,97128,3976
AIIB23_94_0000,AIIB23_94_0000_179,256,97032,3772
AIIB23_94_0000,AIIB23_94_0000_180,256,97101,3240
AIIB23_94_0000,AIIB23_94_0000_181,256,97389,2716
AIIB23_94_0000,AIIB23_94_0000_182,256,98031,3212
AIIB23_94_0000,AIIB23_94_0000_183,256,98661,4148
AIIB23_94_0000,AIIB23_94_0000_184,256,99363,4480
AIIB23_94_0000,AIIB23_94_0000_185,256,99888,4036
AIIB23_94_0000,AIIB23_94_0000_186,256,100896,3176
AIIB23_94_0000,AIIB23_94_0000_187,256,100971,3920
AIIB23_94_0000,AIIB23_94_0000_188,256,101175,3584
AIIB23_94_0000,AIIB23_94_0000_189,256,101613,4812
AIIB23_94_0000,AIIB23_94_0000_190,256,102297,4588
AIIB23_94_0000,AIIB23_94_0000_191,256,102723,4880
AIIB23_94_0000,AIIB23_94_0000_192,256,102918,4420
AIIB23_94_0000,AIIB23_94_0000_193,256,102990,4356
AIIB23_94_0000,AIIB23_94_0000_194,256,102960,3768
AIIB23_94_0000,AIIB23_94_0000_195,256,103170,3712
AIIB23_94_0000,AIIB23_94_0000_196,256,103119,3272
AIIB23_94_0000,AIIB23_94_0000_197,256,103038,2968
AIIB23_94_0000,AIIB23_94_0000_198,256,103089,3644
AIIB23_94_0000,AIIB23_94_0000_199,256,103209,3728
AIIB23_94_0000,AIIB23_94_0000_200,256,103224,4120
AIIB23_94_0000,AIIB23_94_0000_201,256,103212,3680
AIIB23_94_0000,AIIB23_94_0000_202,256,103380,3900
AIIB23_94_0000,AIIB23_94_0000_203,256,103137,4012
AIIB23_94_0000,AIIB23_94_0000_204,256,102528,3872
AIIB23_94_0000,AIIB23_94_0000_205,256,102090,3188
AIIB23_94_0000,AIIB23_94_0000_206,256,101508,2560
AIIB23_94_0000,AIIB23_94_0000_207,256,101118,2612
AIIB23_94_0000,AIIB23_94_0000_208,256,100965,2648
AIIB23_94_0000,AIIB23_94_0000_209,256,100026,3024
AIIB23_94_0000,AIIB23_94_0000_210,256,98541,2336
AIIB23_94_0000,AIIB23_94_0000_211,256,97812,2560
AIIB23_94_0000,AIIB23_94_0000_212,256,96948,2456
AIIB23_94_0000,AIIB23_94_0000_213,256,96252,2464
AIIB23_94_0000,AIIB23_94_0000_214,256,95622,2220
AIIB23_94_0000,AIIB23_94_0000_215,256,95493,2320
AIIB23_94_0000,AIIB23_94_0000_216,256,95688,2684
AIIB23_94_0000,AIIB23_94_0000_217,256,96063,2476
AIIB23_94_0000,AIIB23_94_0000_218,256,96708,2716
AIIB23_94_0000,AIIB23_94_0000_219,256,96885,2004
AIIB23_94_0000,AIIB23_94_0000_220,256,96813,1924
AIIB23_94_0000,AIIB23_94_0000_221,256,96483,2180
AIIB23_94_0000,AIIB23_94_0000_222,256,96204,1940
AIIB23_94_0000,AIIB23_94_0000_223,256,95913,2248
AIIB23_94_0000,AIIB23_94_0000_224,256,95526,3588
AIIB23_94_0000,AIIB23_94_0000_225,256,94758,3676
AIIB23_94_0000,AIIB23_94_0000_226,256,94173,4128
AIIB23_94_0000,AIIB23_94_0000_227,256,94647,5140
AIIB23_94_0000,AIIB23_94_0000_228,256,94194,5276
AIIB23_94_0000,AIIB23_94_0000_229,256,93339,4444
AIIB23_94_0000,AIIB23_94_0000_230,256,92073,4148
AIIB23_94_0000,AIIB23_94_0000_231,256,91500,3888
AIIB23_94_0000,AIIB23_94_0000_232,256,91026,3572
AIIB23_94_0000,AIIB23_94_0000_233,256,90555,3604
AIIB23_94_0000,AIIB23_94_0000_234,256,90156,4200
AIIB23_94_0000,AIIB23_94_0000_235,256,89676,4508
AIIB23_94_0000,AIIB23_94_0000_236,256,89280,5128
AIIB23_94_0000,AIIB23_94_0000_237,256,88734,5124
AIIB23_94_0000,AIIB23_94_0000_238,256,87696,5204
AIIB23_94_0000,AIIB23_94_0000_239,256,87126,5448
AIIB23_94_0000,AIIB23_94_0000_240,256,86610,5828
AIIB23_94_0000,AIIB23_94_0000_241,256,85968,5904
AIIB23_94_0000,AIIB23_94_0000_242,256,85113,6088
AIIB23_94_0000,AIIB23_94_0000_243,256,84264,5736
AIIB23_94_0000,AIIB23_94_0000_244,256,83232,5232
AIIB23_94_0000,AIIB23_94_0000_245,256,82008,4664
AIIB23_94_0000,AIIB23_94_0000_246,256,80547,4732
AIIB23_94_0000,AIIB23_94_0000_247,256,79530,5388
AIIB23_94_0000,AIIB23_94_0000_248,256,78633,5392
AIIB23_94_0000,AIIB23_94_0000_249,256,77436,4744
AIIB23_94_0000,AIIB23_94_0000_250,256,76632,3948
AIIB23_94_0000,AIIB23_94_0000_251,256,75870,3872
AIIB23_94_0000,AIIB23_94_0000_252,256,75246,4460
AIIB23_94_0000,AIIB23_94_0000_253,256,74511,4628
AIIB23_94_0000,AIIB23_94_0000_254,256,74214,5448
AIIB23_94_0000,AIIB23_94_0000_255,256,74037,5528
AIIB23_94_0000,AIIB23_94_0000_256,256,74205,4860
AIIB23_94_0000,AIIB23_94_0000_257,256,73398,5416
AIIB23_94_0000,AIIB23_94_0000_258,256,72972,6260
AIIB23_94_0000,AIIB23_94_0000_259,256,72714,6308
AIIB23_94_0000,AIIB23_94_0000_260,256,72306,5348
AIIB23_94_0000,AIIB23_94_0000_261,256,71292,4312
AIIB23_94_0000,AIIB23_94_0000_262,256,68919,3612
AIIB23_94_0000,AIIB23_94_0000_263,256,68466,3160
AIIB23_94_0000,AIIB23_94_0000_264,256,68367,3204
AIIB23_94_0000,AIIB23_94_0000_265,256,67827,3136
AIIB23_94_0000,AIIB23_94_0000_266,256,67068,2512
AIIB23_94_0000,AIIB23_94_0000_267,256,65958,2392
AIIB23_94_0000,AIIB23_94_0000_268,256,65019,2252
AIIB23_94_0000,AIIB23_94_0000_269,256,64347,2796
AIIB23_94_0000,AIIB23_94_0000_270,256,63630,3048
AIIB23_94_0000,AIIB23_94_0000_271,256,63285,3552
AIIB23_94_0000,AIIB23_94_0000_272,256,62697,3320
AIIB23_94_0000,AIIB23_94_0000_273,256,62673,2732
AIIB23_94_0000,AIIB23_94_0000_274,256,63111,3596
AIIB23_94_0000,AIIB23_94_0000_275,256,63141,3748
AIIB23_94_0000,AIIB23_94_0000_276,256,63213,4200
AIIB23_94_0000,AIIB23_94_0000_277,256,62688,3956
AIIB23_94_0000,AIIB23_94_0000_278,256,61761,2264
AIIB23_94_0000,AIIB23_94_0000_279,256,60726,1880
AIIB23_94_0000,AIIB23_94_0000_280,256,59736,2324
AIIB23_94_0000,AIIB23_94_0000_281,256,58908,3056
AIIB23_94_0000,AIIB23_94_0000_282,256,58089,3512
AIIB23_94_0000,AIIB23_94_0000_283,256,57414,3936
AIIB23_94_0000,AIIB23_94_0000_284,256,56583,3692
AIIB23_94_0000,AIIB23_94_0000_285,256,55872,3176
AIIB23_94_0000,AIIB23_94_0000_286,256,55512,3032
AIIB23_94_0000,AIIB23_94_0000_287,256,54864,2216
AIIB23_94_0000,AIIB23_94_0000_288,256,54243,1596
AIIB23_94_0000,AIIB23_94_0000_289,256,53469,2428
AIIB23_94_0000,AIIB23_94_0000_290,256,52833,2960
AIIB23_94_0000,AIIB23_94_0000_291,256,52149,3104
AIIB23_94_0000,AIIB23_94_0000_292,256,51243,2660
AIIB23_94_0000,AIIB23_94_0000_293,256,50391,2168
AIIB23_94_0000,AIIB23_94_0000_294,256,49467,2376
AIIB23_94_0000,AIIB23_94_0000_295,256,48372,2964
AIIB23_94_0000,AIIB23_94_0000_296,256,47208,2196
AIIB23_94_0000,AIIB23_94_0000_297,256,46116,1700
AIIB23_94_0000,AIIB23_94_0000_298,256,45015,2480
AIIB23_94_0000,AIIB23_94_0000_299,256,43929,2304
AIIB23_94_0000,AIIB23_94_0000_300,256,42990,2160
AIIB23_94_0000,AIIB23_94_0000_301,256,41868,1516
AIIB23_94_0000,AIIB23_94_0000_302,256,40707,1176
AIIB23_94_0000,AIIB23_94_0000_303,256,39891,2144
AIIB23_94_0000,AIIB23_94_0000_304,256,39084,2204
AIIB23_94_0000,AIIB23_94_0000_305,256,38118,2076
AIIB23_94_0000,AIIB23_94_0000_306,256,37158,952
AIIB23_94_0000,AIIB23_94_0000_307,256,36069,1020
AIIB23_94_0000,AIIB23_94_0000_308,256,34920,1328
AIIB23_94_0000,AIIB23_94_0000_309,256,34179,2124
AIIB23_94_0000,AIIB23_94_0000_310,256,33444,1488
AIIB23_94_0000,AIIB23_94_0000_311,256,32739,1248
AIIB23_94_0000,AIIB23_94_0000_312,256,32022,1628
AIIB23_94_0000,AIIB23_94_0000_313,256,31119,2792
AIIB23_94_0000,AIIB23_94_0000_314,256,30192,2952
AIIB23_94_0000,AIIB23_94_0000_315,256,29073,1996
AIIB23_94_0000,AIIB23_94_0000_316,256,28302,2276
AIIB23_94_0000,AIIB23_94_0000_317,256,27405,1944
AIIB23_94_0000,AIIB23_94_0000_318,256,26754,2180
AIIB23_94_0000,AIIB23_94_0000_319,256,25965,1040
AIIB23_94_0000,AIIB23_94_0000_320,256,24972,760
AIIB23_94_0000,AIIB23_94_0000_321,256,23739,1352
AIIB23_94_0000,AIIB23_94_0000_322,256,22053,1284
AIIB23_94_0000,AIIB23_94_0000_323,256,20763,1360
AIIB23_94_0000,AIIB23_94_0000_324,256,19149,960
AIIB23_94_0000,AIIB23_94_0000_325,256,17679,1128
AIIB23_94_0000,AIIB23_94_0000_326,256,16395,928
AIIB23_94_0000,AIIB23_94_0000_327,256,14859,1380
AIIB23_94_0000,AIIB23_94_0000_328,256,13245,1120
AIIB23_94_0000,AIIB23_94_0000_329,256,12033,1312
AIIB23_94_0000,AIIB23_94_0000_330,256,11019,1696
AIIB23_94_0000,AIIB23_94_0000_331,256,9741,1376
AIIB23_94_0000,AIIB23_94_0000_332,256,8922,1128
AIIB23_94_0000,AIIB23_94_0000_333,256,8157,1124
AIIB23_94_0000,AIIB23_94_0000_334,256,7245,1140
AIIB23_94_0000,AIIB23_94_0000_335,256,6210,1168
AIIB23_94_0000,AIIB23_94_0000_336,256,4971,1156
AIIB23_94_0000,AIIB23_94_0000_337,256,3942,1228
AIIB23_94_0000,AIIB23_94_0000_338,256,2559,1268
AIIB23_94_0000,AIIB23_94_0000_339,256,2007,532
AIIB23_94_0000,AIIB23_94_0000_340,256,1800,844
AIIB23_94_0000,AIIB23_94_0000_341,256,954,772
AIIB23_94_0000,AIIB23_94_0000_342,256,351,588
AIIB23_94_0000,AIIB23_94_0000_343,256,183,304
33_0000,33_0000_037,256,18,96
33_0000,33_0000_038,256,69,380
33_0000,33_0000_039,256,366,1212
33_0000,33_0000_040,256,540,1416
33_0000,33_0000_041,256,813,1656
33_0000,33_0000_042,256,933,1560
33_0000,33_0000_043,256,1362,2092
33_0000,33_0000_044,256,1710,2092
33_0000,33_0000_045,256,1923,2480
33_0000,33_0000_046,256,2391,2748
33_0000,33_0000_047,256,2664,2684
33_0000,33_0000_048,256,3018,2672
33_0000,33_0000_049,256,3438,2904
33_0000,33_0000_050,256,3801,3096
33_0000,33_0000_051,256,4239,3216
33_0000,33_0000_052,256,4611,3244
33_0000,33_0000_053,256,4893,3100
33_0000,33_0000_054,256,5223,3196
33_0000,33_0000_055,256,5601,3428
33_0000,33_0000_056,256,5985,3564
33_0000,33_0000_057,256,6366,3588
33_0000,33_0000_058,256,6834,3776
33_0000,33_0000_059,256,7245,3912
33_0000,33_0000_060,256,7569,3920
33_0000,33_0000_061,256,8007,4084
33_0000,33_0000_062,256,8544,4252
33_0000,33_0000_063,256,8952,4256
33_0000,33_0000_064,256,9204,4288
33_0000,33_0000_065,256,9678,4684
33_0000,33_0000_066,256,10128,4844
33_0000,33_0000_067,256,10557,4856
33_0000,33_0000_068,256,10779,4800
33_0000,33_0000_069,256,11172,5160
33_0000,33_0000_070,256,11733,5400
33_0000,33_0000_071,256,12150,5612
33_0000,33_0000_072,256,12705,5716
33_0000,33_0000_073,256,13179,5400
33_0000,33_0000_074,256,13524,5088
33_0000,33_0000_075,256,13905,5840
33_0000,33_0000_076,256,14436,6072
33_0000,33_0000_077,256,14850,6372
33_0000,33_0000_078,256,15363,6496
33_0000,33_0000_079,256,16044,6532
33_0000,33_0000_080,256,16539,6304
33_0000,33_0000_081,256,17115,5720
33_0000,33_0000_082,256,17592,6292
33_0000,33_0000_083,256,18003,7576
33_0000,33_0000_084,256,18519,7752
33_0000,33_0000_085,256,18894,7912
33_0000,33_0000_086,256,19479,8128
33_0000,33_0000_087,256,20127,8356
33_0000,33_0000_088,256,20577,8348
33_0000,33_0000_089,256,21066,8344
33_0000,33_0000_090,256,21441,8260
33_0000,33_0000_091,256,21909,8280
33_0000,33_0000_092,256,22266,8484
33_0000,33_0000_093,256,22587,9312
33_0000,33_0000_094,256,23187,9812
33_0000,33_0000_095,256,23709,9052
33_0000,33_0000_096,256,24141,7344
33_0000,33_0000_097,256,24690,7616
33_0000,33_0000_098,256,25191,9756
33_0000,33_0000_099,256,25551,9920
33_0000,33_0000_100,256,26040,9196
33_0000,33_0000_101,256,26400,7184
33_0000,33_0000_102,256,26928,7284
33_0000,33_0000_103,256,27219,7360
33_0000,33_0000_104,256,27750,7828
33_0000,33_0000_105,256,28395,10544
33_0000,33_0000_106,256,28860,10452
33_0000,33_0000_107,256,29442,10692
33_0000,33_0000_108,256,30123,10772
33_0000,33_0000_109,256,30810,11088
33_0000,33_0000_110,256,31491,11472
33_0000,33_0000_111,256,31845,11928
33_0000,33_0000_112,256,32238,12056
33_0000,33_0000_113,256,32574,10368
33_0000,33_0000_114,256,33093,8984
33_0000,33_0000_115,256,33768,8064
33_0000,33_0000_116,256,34287,12648
33_0000,33_0000_117,256,34500,11932
33_0000,33_0000_118,256,35226,5432
33_0000,33_0000_119,256,35838,7072
33_0000,33_0000_120,256,36549,10100
33_0000,33_0000_121,256,37203,9684
33_0000,33_0000_122,256,37608,10836
33_0000,33_0000_123,256,37929,13644
33_0000,33_0000_124,256,38673,14828
33_0000,33_0000_125,256,39390,15404
33_0000,33_0000_126,256,40038,14432
33_0000,33_0000_127,256,40620,11548
33_0000,33_0000_128,256,41457,13684
33_0000,33_0000_129,256,41973,14624
33_0000,33_0000_130,256,42699,15320
33_0000,33_0000_131,256,43449,15556
33_0000,33_0000_132,256,44103,15640
33_0000,33_0000_133,256,44607,15692
33_0000,33_0000_134,256,45534,16740
33_0000,33_0000_135,256,46482,17312
33_0000,33_0000_136,256,47241,16820
33_0000,33_0000_137,256,47820,15244
33_0000,33_0000_138,256,48414,15664
33_0000,33_0000_139,256,49125,17756
33_0000,33_0000_140,256,49938,19160
33_0000,33_0000_141,256,50631,14336
33_0000,33_0000_142,256,51162,17948
33_0000,33_0000_143,256,51738,20072
33_0000,33_0000_144,256,52887,20472
33_0000,33_0000_145,256,53703,20876
33_0000,33_0000_146,256,54720,21416
33_0000,33_0000_147,256,54996,21496
33_0000,33_0000_148,256,55413,21652
33_0000,33_0000_149,256,56544,22408
33_0000,33_0000_150,256,56793,22312
33_0000,33_0000_151,256,57924,22696
33_0000,33_0000_152,256,58824,22480
33_0000,33_0000_153,256,59058,21700
33_0000,33_0000_154,256,60339,22040
33_0000,33_0000_155,256,61932,21496
33_0000,33_0000_156,256,63483,21276
33_0000,33_0000_157,256,65103,23664
33_0000,33_0000_158,256,66786,24892
33_0000,33_0000_159,256,68634,24388
33_0000,33_0000_160,256,69603,23244
33_0000,33_0000_161,256,71199,21500
33_0000,33_0000_162,256,72666,19332
33_0000,33_0000_163,256,74838,18404
33_0000,33_0000_164,256,76434,16424
33_0000,33_0000_165,256,78048,18268
33_0000,33_0000_166,256,80271,19348
33_0000,33_0000_167,256,82554,17932
33_0000,33_0000_168,256,83697,16324
33_0000,33_0000_169,256,83892,17764
33_0000,33_0000_170,256,83940,19780
33_0000,33_0000_171,256,83814,22080
33_0000,33_0000_172,256,83967,27880
33_0000,33_0000_173,256,83538,30700
33_0000,33_0000_174,256,83427,28708
33_0000,33_0000_175,256,84084,27552
33_0000,33_0000_176,256,84648,27616
33_0000,33_0000_177,256,84846,27928
33_0000,33_0000_178,256,85260,28156
33_0000,33_0000_179,256,85731,27508
33_0000,33_0000_180,256,85725,27548
33_0000,33_0000_181,256,85680,27052
33_0000,33_0000_182,256,85737,24852
33_0000,33_0000_183,256,86958,23992
33_0000,33_0000_184,256,88146,22852
33_0000,33_0000_185,256,89325,20332
33_0000,33_0000_186,256,90411,21588
33_0000,33_0000_187,256,91974,25864
33_0000,33_0000_188,256,93759,28328
33_0000,33_0000_189,256,95199,17772
33_0000,33_0000_190,256,95391,14932
33_0000,33_0000_191,256,95361,18480
33_0000,33_0000_192,256,95169,23108
33_0000,33_0000_193,256,95304,26880
33_0000,33_0000_194,256,95337,26620
33_0000,33_0000_195,256,95433,24828
33_0000,33_0000_196,256,95289,23888
33_0000,33_0000_197,256,95250,23188
33_0000,33_0000_198,256,95034,23344
33_0000,33_0000_199,256,95193,22460
33_0000,33_0000_200,256,95544,21684
33_0000,33_0000_201,256,95838,21168
33_0000,33_0000_202,256,95691,22188
33_0000,33_0000_203,256,95523,22844
33_0000,33_0000_204,256,95877,23796
33_0000,33_0000_205,256,96105,23788
33_0000,33_0000_206,256,96345,22840
33_0000,33_0000_207,256,96228,21012
33_0000,33_0000_208,256,96348,1320
33_0000,33_0000_209,256,96075,22144
33_0000,33_0000_210,256,95925,22420
33_0000,33_0000_211,256,96081,21160
33_0000,33_0000_212,256,96045,19436
33_0000,33_0000_213,256,96603,19004
33_0000,33_0000_214,256,96588,19208
33_0000,33_0000_215,256,96399,19040
33_0000,33_0000_216,256,96021,19836
33_0000,33_0000_217,256,95970,22152
33_0000,33_0000_218,256,95634,21708
33_0000,33_0000_219,256,95394,21544
33_0000,33_0000_220,256,95127,22472
33_0000,33_0000_221,256,95202,22464
33_0000,33_0000_222,256,95184,2860
33_0000,33_0000_223,256,94665,23036
33_0000,33_0000_224,256,94191,22328
33_0000,33_0000_225,256,94263,20036
33_0000,33_0000_226,256,94395,18852
33_0000,33_0000_227,256,94329,19644
33_0000,33_0000_228,256,94119,19056
33_0000,33_0000_229,256,93786,20412
33_0000,33_0000_230,256,93735,20332
33_0000,33_0000_231,256,93654,22152
33_0000,33_0000_232,256,93507,21920
33_0000,33_0000_233,256,93276,20712
33_0000,33_0000_234,256,93135,18852
33_0000,33_0000_235,256,93051,19208
33_0000,33_0000_236,256,92805,19884
33_0000,33_0000_237,256,92601,24232
33_0000,33_0000_238,256,92433,22968
33_0000,33_0000_239,256,92346,20652
33_0000,33_0000_240,256,91971,22364
33_0000,33_0000_241,256,91824,24356
33_0000,33_0000_242,256,91677,22560
33_0000,33_0000_243,256,91509,19452
33_0000,33_0000_244,256,91284,18788
33_0000,33_0000_245,256,91203,20280
33_0000,33_0000_246,256,90840,19284
33_0000,33_0000_247,256,90777,20396
33_0000,33_0000_248,256,90336,21164
33_0000,33_0000_249,256,89730,22620
33_0000,33_0000_250,256,89376,20772
33_0000,33_0000_251,256,89274,1788
33_0000,33_0000_252,256,88977,9036
33_0000,33_0000_253,256,88833,20096
33_0000,33_0000_254,256,88464,19636
33_0000,33_0000_255,256,87921,18440
33_0000,33_0000_256,256,87558,19844
33_0000,33_0000_257,256,87399,18492
33_0000,33_0000_258,256,87102,2068
33_0000,33_0000_259,256,86685,15852
33_0000,33_0000_260,256,86346,7740
33_0000,33_0000_261,256,85863,1192
33_0000,33_0000_262,256,86085,14372
33_0000,33_0000_263,256,86244,10844
33_0000,33_0000_264,256,86418,10812
33_0000,33_0000_265,256,86439,9264
33_0000,33_0000_266,256,86169,10544
33_0000,33_0000_267,256,86301,11760
33_0000,33_0000_268,256,86457,11336
33_0000,33_0000_269,256,86565,4612
33_0000,33_0000_270,256,86388,15100
33_0000,33_0000_271,256,86274,15796
33_0000,33_0000_272,256,85698,14844
33_0000,33_0000_273,256,85122,10912
33_0000,33_0000_274,256,84894,13836
33_0000,33_0000_275,256,84675,15012
33_0000,33_0000_276,256,84360,13712
33_0000,33_0000_277,256,83985,13700
33_0000,33_0000_278,256,84087,17692
33_0000,33_0000_279,256,83868,18740
33_0000,33_0000_280,256,83628,15232
33_0000,33_0000_281,256,83292,12600
33_0000,33_0000_282,256,82857,13408
33_0000,33_0000_283,256,82509,14916
33_0000,33_0000_284,256,82344,14292
33_0000,33_0000_285,256,82104,16960
33_0000,33_0000_286,256,81843,11496
33_0000,33_0000_287,256,81252,11636
33_0000,33_0000_288,256,81045,19780
33_0000,33_0000_289,256,80874,19372
33_0000,33_0000_290,256,80637,19296
33_0000,33_0000_291,256,80349,20244
33_0000,33_0000_292,256,80121,17360
33_0000,33_0000_293,256,79857,9928
33_0000,33_0000_294,256,79419,11280
33_0000,33_0000_295,256,79113,16296
33_0000,33_0000_296,256,78717,18440
33_0000,33_0000_297,256,78051,17852
33_0000,33_0000_298,256,77535,16764
33_0000,33_0000_299,256,77031,14432
33_0000,33_0000_300,256,76689,16200
33_0000,33_0000_301,256,76482,16744
33_0000,33_0000_302,256,76185,16936
33_0000,33_0000_303,256,75747,17220
33_0000,33_0000_304,256,75168,16652
33_0000,33_0000_305,256,74616,16940
33_0000,33_0000_306,256,74277,14460
33_0000,33_0000_307,256,73641,9296
33_0000,33_0000_308,256,72558,14184
33_0000,33_0000_309,256,71952,14940
33_0000,33_0000_310,256,71271,14392
33_0000,33_0000_311,256,70719,12852
33_0000,33_0000_312,256,70119,14624
33_0000,33_0000_313,256,69651,14676
33_0000,33_0000_314,256,68874,13596
33_0000,33_0000_315,256,68337,14296
33_0000,33_0000_316,256,67740,12700
33_0000,33_0000_317,256,67323,856
33_0000,33_0000_318,256,66897,13092
33_0000,33_0000_319,256,66267,12616
33_0000,33_0000_320,256,65646,12496
33_0000,33_0000_321,256,65160,12768
33_0000,33_0000_322,256,64623,14156
33_0000,33_0000_323,256,64065,14136
33_0000,33_0000_324,256,63150,13120
33_0000,33_0000_325,256,62814,13856
33_0000,33_0000_326,256,62154,13912
33_0000,33_0000_327,256,61533,11136
33_0000,33_0000_328,256,60759,4664
33_0000,33_0000_329,256,60003,164
33_0000,33_0000_330,256,59199,1412
33_0000,33_0000_331,256,58467,7744
33_0000,33_0000_332,256,57336,8452
33_0000,33_0000_333,256,56331,780
33_0000,33_0000_334,256,55638,8936
33_0000,33_0000_335,256,54945,536
33_0000,33_0000_336,256,54171,372
33_0000,33_0000_337,256,53361,220
33_0000,33_0000_338,256,52656,2036
33_0000,33_0000_339,256,51732,4340
33_0000,33_0000_340,256,50949,6996
33_0000,33_0000_341,256,50166,7724
33_0000,33_0000_342,256,49125,7216
33_0000,33_0000_343,256,48387,6868
33_0000,33_0000_344,256,47508,7508
33_0000,33_0000_345,256,46557,7416
33_0000,33_0000_346,256,45519,7136
33_0000,33_0000_347,256,44808,6656
33_0000,33_0000_348,256,43902,6732
33_0000,33_0000_349,256,43065,6208
33_0000,33_0000_350,256,42426,6712
33_0000,33_0000_351,256,41622,6456
33_0000,33_0000_352,256,40860,6092
33_0000,33_0000_353,256,39960,6040
33_0000,33_0000_354,256,39327,6160
33_0000,33_0000_355,256,38625,5452
33_0000,33_0000_356,256,37818,5016
33_0000,33_0000_357,256,37101,4956
33_0000,33_0000_358,256,36216,4512
33_0000,33_0000_359,256,35310,4428
33_0000,33_0000_360,256,34455,2728
33_0000,33_0000_361,256,33555,3624
33_0000,33_0000_362,256,32730,3064
33_0000,33_0000_363,256,31908,3028
33_0000,33_0000_364,256,31080,2472
33_0000,33_0000_365,256,30219,2324
33_0000,33_0000_366,256,29514,1816
33_0000,33_0000_367,256,28710,1908
33_0000,33_0000_368,256,27912,2408
33_0000,33_0000_369,256,26988,2148
33_0000,33_0000_370,256,25998,1588
33_0000,33_0000_371,256,25065,1448
33_0000,33_0000_372,256,24225,1496
33_0000,33_0000_373,256,23532,1012
33_0000,33_0000_374,256,22689,908
33_0000,33_0000_375,256,21759,232
33_0000,33_0000_376,256,20985,512
33_0000,33_0000_377,256,20058,520
33_0000,33_0000_378,256,19197,824
33_0000,33_0000_379,256,18435,804
33_0000,33_0000_380,256,17475,648
33_0000,33_0000_381,256,16467,344
33_0000,33_0000_382,256,15555,244
33_0000,33_0000_383,256,14802,308
33_0000,33_0000_384,256,13929,304
33_0000,33_0000_385,256,13026,312
33_0000,33_0000_386,256,12240,304
33_0000,33_0000_387,256,11346,300
33_0000,33_0000_388,256,10686,232
33_0000,33_0000_389,256,9978,216
33_0000,33_0000_390,256,9222,172
33_0000,33_0000_391,256,8442,24
33_0000,33_0000_392,256,7794,0
33_0000,33_0000_393,256,7104,0
33_0000,33_0000_394,256,6402,0
33_0000,33_0000_395,256,5625,188
33_0000,33_0000_396,256,4917,196
33_0000,33_0000_397,256,4131,0
33_0000,33_0000_398,256,3591,156
33_0000,33_0000_399,256,3108,0
33_0000,33_0000_400,256,2664,0
33_0000,33_0000_401,256,2313,0
33_0000,33_0000_402,256,1980,0
33_0000,33_0000_403,256,1695,0
33_0000,33_0000_404,256,1356,0
33_0000,33_0000_405,256,873,0
33_0000,33_0000_406,256,585,0
34_0000,34_0000_048,256,105,100
34_0000,34_0000_049,256,135,132
34_0000,34_0000_050,256,216,220
34_0000,34_0000_051,256,273,280
34_0000,34_0000_052,256,348,32
34_0000,34_0000_053,256,405,156
34_0000,34_0000_054,256,477,104
34_0000,34_0000_055,256,471,184
34_0000,34_0000_056,256,612,0
34_0000,34_0000_057,256,828,308
34_0000,34_0000_058,256,891,260
34_0000,34_0000_059,256,903,224
34_0000,34_0000_060,256,1086,236
34_0000,34_0000_061,256,1584,448
34_0000,34_0000_062,256,1977,112
34_0000,34_0000_063,256,1923,84
34_0000,34_0000_064,256,3096,516
34_0000,34_0000_065,256,3270,120
34_0000,34_0000_066,256,3357,32
34_0000,34_0000_067,256,3849,4
34_0000,34_0000_068,256,4062,0
34_0000,34_0000_069,256,4638,0
34_0000,34_0000_070,256,5217,336
34_0000,34_0000_071,256,4716,480
34_0000,34_0000_072,256,5436,380
34_0000,34_0000_073,256,5907,484
34_0000,34_0000_074,256,6240,536
34_0000,34_0000_075,256,6534,536
34_0000,34_0000_076,256,7035,972
34_0000,34_0000_077,256,7377,1224
34_0000,34_0000_078,256,7725,1600
34_0000,34_0000_079,256,8148,1288
34_0000,34_0000_080,256,8691,2644
34_0000,34_0000_081,256,9300,3252
34_0000,34_0000_082,256,9654,3816
34_0000,34_0000_083,256,9261,4696
34_0000,34_0000_084,256,10623,5768
34_0000,34_0000_085,256,11574,6208
34_0000,34_0000_086,256,11586,6764
34_0000,34_0000_087,256,12837,7784
34_0000,34_0000_088,256,13638,7988
34_0000,34_0000_089,256,14919,9004
34_0000,34_0000_090,256,16185,8892
34_0000,34_0000_091,256,16881,8392
34_0000,34_0000_092,256,17379,8088
34_0000,34_0000_093,256,18678,8296
34_0000,34_0000_094,256,20061,9064
34_0000,34_0000_095,256,21483,8856
34_0000,34_0000_096,256,22743,8824
34_0000,34_0000_097,256,23514,8764
34_0000,34_0000_098,256,24549,9172
34_0000,34_0000_099,256,26982,8576
34_0000,34_0000_100,256,28674,9640
34_0000,34_0000_101,256,30234,10104
34_0000,34_0000_102,256,31878,9932
34_0000,34_0000_103,256,34308,10992
34_0000,34_0000_104,256,35622,11344
34_0000,34_0000_105,256,37098,11648
34_0000,34_0000_106,256,39195,12924
34_0000,34_0000_107,256,40860,11988
34_0000,34_0000_108,256,42987,12156
34_0000,34_0000_109,256,44997,11528
34_0000,34_0000_110,256,48186,12496
34_0000,34_0000_111,256,47961,12444
34_0000,34_0000_112,256,47715,12784
34_0000,34_0000_113,256,47736,12248
34_0000,34_0000_114,256,47283,11296
34_0000,34_0000_115,256,47322,10256
34_0000,34_0000_116,256,47943,10024
34_0000,34_0000_117,256,47748,10316
34_0000,34_0000_118,256,48312,11340
34_0000,34_0000_119,256,48879,11740
34_0000,34_0000_120,256,48786,11552
34_0000,34_0000_121,256,49641,11380
34_0000,34_0000_122,256,50331,9956
34_0000,34_0000_123,256,50739,10712
34_0000,34_0000_124,256,51507,10300
34_0000,34_0000_125,256,51981,8184
34_0000,34_0000_126,256,52533,8792
34_0000,34_0000_127,256,53253,7740
34_0000,34_0000_128,256,53781,8024
34_0000,34_0000_129,256,54168,8484
34_0000,34_0000_130,256,55035,9112
34_0000,34_0000_131,256,55917,9456
34_0000,34_0000_132,256,56562,10024
34_0000,34_0000_133,256,56892,10132
34_0000,34_0000_134,256,57837,9660
34_0000,34_0000_135,256,58158,8816
34_0000,34_0000_136,256,58869,9412
34_0000,34_0000_137,256,59553,9716
34_0000,34_0000_138,256,60231,9224
34_0000,34_0000_139,256,60342,10156
34_0000,34_0000_140,256,61347,10672
34_0000,34_0000_141,256,61857,10064
34_0000,34_0000_142,256,61953,9432
34_0000,34_0000_143,256,62439,9540
34_0000,34_0000_144,256,63576,9112
34_0000,34_0000_145,256,63450,9052
34_0000,34_0000_146,256,64266,10904
34_0000,34_0000_147,256,65361,10664
34_0000,34_0000_148,256,65619,10388
34_0000,34_0000_149,256,65982,11328
34_0000,34_0000_150,256,66441,11376
34_0000,34_0000_151,256,67305,10620
34_0000,34_0000_152,256,67683,11352
34_0000,34_0000_153,256,68223,11112
34_0000,34_0000_154,256,68349,10460
34_0000,34_0000_155,256,69750,10560
34_0000,34_0000_156,256,70521,10692
34_0000,34_0000_157,256,71085,12028
34_0000,34_0000_158,256,71592,12444
34_0000,34_0000_159,256,72993,11976
34_0000,34_0000_160,256,73233,10936
34_0000,34_0000_161,256,74136,10692
34_0000,34_0000_162,256,74913,10716
34_0000,34_0000_163,256,75054,11700
34_0000,34_0000_164,256,75720,13080
34_0000,34_0000_165,256,76749,13384
34_0000,34_0000_166,256,76818,14884
34_0000,34_0000_167,256,77877,14056
34_0000,34_0000_168,256,78798,13268
34_0000,34_0000_169,256,79389,12080
34_0000,34_0000_170,256,79851,12116
34_0000,34_0000_171,256,80517,11412
34_0000,34_0000_172,256,81465,11156
34_0000,34_0000_173,256,82308,12616
34_0000,34_0000_174,256,82374,13288
34_0000,34_0000_175,256,83763,13720
34_0000,34_0000_176,256,84258,12904
34_0000,34_0000_177,256,84792,12256
34_0000,34_0000_178,256,86244,13588
34_0000,34_0000_179,256,87378,12736
34_0000,34_0000_180,256,87960,13024
34_0000,34_0000_181,256,88029,13880
34_0000,34_0000_182,256,87228,14464
34_0000,34_0000_183,256,86940,13876
34_0000,34_0000_184,256,86520,13432
34_0000,34_0000_185,256,86127,13288
34_0000,34_0000_186,256,86532,14568
34_0000,34_0000_187,256,86415,13784
34_0000,34_0000_188,256,85878,13428
34_0000,34_0000_189,256,85677,11708
34_0000,34_0000_190,256,86373,12636
34_0000,34_0000_191,256,86292,13056
34_0000,34_0000_192,256,86136,12544
34_0000,34_0000_193,256,86220,10824
34_0000,34_0000_194,256,85440,10468
34_0000,34_0000_195,256,85920,10436
34_0000,34_0000_196,256,85629,12300
34_0000,34_0000_197,256,85746,13360
34_0000,34_0000_198,256,86202,13620
34_0000,34_0000_199,256,86967,13748
34_0000,34_0000_200,256,85950,12124
34_0000,34_0000_201,256,86466,12408
34_0000,34_0000_202,256,87561,12652
34_0000,34_0000_203,256,86826,12320
34_0000,34_0000_204,256,86751,12440
34_0000,34_0000_205,256,86949,12732
34_0000,34_0000_206,256,87885,12316
34_0000,34_0000_207,256,87153,11836
34_0000,34_0000_208,256,86892,11428
34_0000,34_0000_209,256,87543,10880
34_0000,34_0000_210,256,86754,11280
34_0000,34_0000_211,256,86790,12760
34_0000,34_0000_212,256,87006,11180
34_0000,34_0000_213,256,86670,9120
34_0000,34_0000_214,256,86271,9308
34_0000,34_0000_215,256,86436,8484
34_0000,34_0000_216,256,85848,7740
34_0000,34_0000_217,256,85596,7448
34_0000,34_0000_218,256,85860,7536
34_0000,34_0000_219,256,85548,8068
34_0000,34_0000_220,256,85401,9628
34_0000,34_0000_221,256,85569,9040
34_0000,34_0000_222,256,85290,8752
34_0000,34_0000_223,256,84702,9384
34_0000,34_0000_224,256,84891,8228
34_0000,34_0000_225,256,84342,7796
34_0000,34_0000_226,256,85335,8528
34_0000,34_0000_227,256,85386,8056
34_0000,34_0000_228,256,85185,8780
34_0000,34_0000_229,256,84981,10120
34_0000,34_0000_230,256,85284,9864
34_0000,34_0000_231,256,84558,4284
34_0000,34_0000_232,256,84030,7124
34_0000,34_0000_233,256,83766,9380
34_0000,34_0000_234,256,82599,9416
34_0000,34_0000_235,256,82371,11660
34_0000,34_0000_236,256,81492,12620
34_0000,34_0000_237,256,80898,10988
34_0000,34_0000_238,256,80850,9944
34_0000,34_0000_239,256,80634,9376
34_0000,34_0000_240,256,80826,8796
34_0000,34_0000_241,256,80544,9204
34_0000,34_0000_242,256,80232,9940
34_0000,34_0000_243,256,80631,11484
34_0000,34_0000_244,256,80232,10928
34_0000,34_0000_245,256,79623,11232
34_0000,34_0000_246,256,79818,11496
34_0000,34_0000_247,256,79077,11252
34_0000,34_0000_248,256,78291,10752
34_0000,34_0000_249,256,78582,9460
34_0000,34_0000_250,256,77676,8200
34_0000,34_0000_251,256,77286,8988
34_0000,34_0000_252,256,77529,9744
34_0000,34_0000_253,256,77313,9368
34_0000,34_0000_254,256,77298,7740
34_0000,34_0000_255,256,77439,8508
34_0000,34_0000_256,256,76857,9784
34_0000,34_0000_257,256,76977,10500
34_0000,34_0000_258,256,76722,2044
34_0000,34_0000_259,256,76842,10268
34_0000,34_0000_260,256,76641,10176
34_0000,34_0000_261,256,76914,10276
34_0000,34_0000_262,256,76260,11368
34_0000,34_0000_263,256,76005,10440
34_0000,34_0000_264,256,75942,10796
34_0000,34_0000_265,256,75879,10168
34_0000,34_0000_266,256,75576,10076
34_0000,34_0000_267,256,75909,10316
34_0000,34_0000_268,256,75723,9396
34_0000,34_0000_269,256,76152,8748
34_0000,34_0000_270,256,76653,6992
34_0000,34_0000_271,256,76356,7184
34_0000,34_0000_272,256,76632,7776
34_0000,34_0000_273,256,76524,8608
34_0000,34_0000_274,256,76137,9108
34_0000,34_0000_275,256,75912,8548
34_0000,34_0000_276,256,75471,8280
34_0000,34_0000_277,256,75390,7720
34_0000,34_0000_278,256,75210,8308
34_0000,34_0000_279,256,74910,8360
34_0000,34_0000_280,256,75192,8272
34_0000,34_0000_281,256,74406,8184
34_0000,34_0000_282,256,73944,7812
34_0000,34_0000_283,256,73995,7708
34_0000,34_0000_284,256,73554,8948
34_0000,34_0000_285,256,73269,8472
34_0000,34_0000_286,256,73458,8924
34_0000,34_0000_287,256,72873,8956
34_0000,34_0000_288,256,72789,9408
34_0000,34_0000_289,256,73092,10224
34_0000,34_0000_290,256,72663,9824
34_0000,34_0000_291,256,71709,10004
34_0000,34_0000_292,256,72078,9548
34_0000,34_0000_293,256,70995,9576
34_0000,34_0000_294,256,70704,9768
34_0000,34_0000_295,256,71262,8736
34_0000,34_0000_296,256,70989,9184
34_0000,34_0000_297,256,70323,8868
34_0000,34_0000_298,256,70740,8392
34_0000,34_0000_299,256,70287,7680
34_0000,34_0000_300,256,70164,7324
34_0000,34_0000_301,256,70566,7788
34_0000,34_0000_302,256,69882,8204
34_0000,34_0000_303,256,69792,7728
34_0000,34_0000_304,256,69969,8000
34_0000,34_0000_305,256,69621,6396
34_0000,34_0000_306,256,69546,6304
34_0000,34_0000_307,256,69708,6432
34_0000,34_0000_308,256,69354,6772
34_0000,34_0000_309,256,68913,6892
34_0000,34_0000_310,256,68796,7940
34_0000,34_0000_311,256,68397,7632
34_0000,34_0000_312,256,67677,7400
34_0000,34_0000_313,256,67554,7256
34_0000,34_0000_314,256,66837,6704
34_0000,34_0000_315,256,66330,7296
34_0000,34_0000_316,256,65700,7224
34_0000,34_0000_317,256,66051,6960
34_0000,34_0000_318,256,65283,7792
34_0000,34_0000_319,256,64740,7520
34_0000,34_0000_320,256,64491,7444
34_0000,34_0000_321,256,63819,8108
34_0000,34_0000_322,256,62856,7216
34_0000,34_0000_323,256,62523,6868
34_0000,34_0000_324,256,61536,6020
34_0000,34_0000_325,256,61140,6408
34_0000,34_0000_326,256,60987,6048
34_0000,34_0000_327,256,60318,5392
34_0000,34_0000_328,256,59385,4776
34_0000,34_0000_329,256,59475,4692
34_0000,34_0000_330,256,58902,5784
34_0000,34_0000_331,256,58464,7288
34_0000,34_0000_332,256,58374,7284
34_0000,34_0000_333,256,57258,8132
34_0000,34_0000_334,256,57402,7920
34_0000,34_0000_335,256,57426,7516
34_0000,34_0000_336,256,57081,6880
34_0000,34_0000_337,256,56892,7704
34_0000,34_0000_338,256,57135,7588
34_0000,34_0000_339,256,56397,7428
34_0000,34_0000_340,256,56049,7680
34_0000,34_0000_341,256,56064,7504
34_0000,34_0000_342,256,55455,6100
34_0000,34_0000_343,256,55614,5668
34_0000,34_0000_344,256,55233,5548
34_0000,34_0000_345,256,54705,5452
34_0000,34_0000_346,256,54384,6012
34_0000,34_0000_347,256,54099,6016
34_0000,34_0000_348,256,53904,4908
34_0000,34_0000_349,256,53439,5988
34_0000,34_0000_350,256,52809,6376
34_0000,34_0000_351,256,52416,5548
34_0000,34_0000_352,256,51489,4508
34_0000,34_0000_353,256,51060,4800
34_0000,34_0000_354,256,50592,5532
34_0000,34_0000_355,256,49782,5196
34_0000,34_0000_356,256,49182,5568
34_0000,34_0000_357,256,48648,6068
34_0000,34_0000_358,256,47427,5948
34_0000,34_0000_359,256,46731,5296
34_0000,34_0000_360,256,46350,3924
34_0000,34_0000_361,256,45561,3716
34_0000,34_0000_362,256,45282,3740
34_0000,34_0000_363,256,44364,4500
34_0000,34_0000_364,256,43617,5052
34_0000,34_0000_365,256,43047,5560
34_0000,34_0000_366,256,42756,5408
34_0000,34_0000_367,256,42255,4768
34_0000,34_0000_368,256,41187,4336
34_0000,34_0000_369,256,40935,4288
34_0000,34_0000_370,256,40320,2736
34_0000,34_0000_371,256,40074,3804
34_0000,34_0000_372,256,39735,4528
34_0000,34_0000_373,256,39279,4416
34_0000,34_0000_374,256,38910,4660
34_0000,34_0000_375,256,38580,3688
34_0000,34_0000_376,256,37920,4324
34_0000,34_0000_377,256,37446,5892
34_0000,34_0000_378,256,37401,4996
34_0000,34_0000_379,256,36276,4456
34_0000,34_0000_380,256,35913,3396
34_0000,34_0000_381,256,35682,3520
34_0000,34_0000_382,256,35082,2504
34_0000,34_0000_383,256,34536,2632
34_0000,34_0000_384,256,34137,2696
34_0000,34_0000_385,256,33834,3044
34_0000,34_0000_386,256,32877,3260
34_0000,34_0000_387,256,32112,3696
34_0000,34_0000_388,256,31788,4272
34_0000,34_0000_389,256,30960,3536
34_0000,34_0000_390,256,30300,3036
34_0000,34_0000_391,256,29622,3496
34_0000,34_0000_392,256,28680,3072
34_0000,34_0000_393,256,27909,2552
34_0000,34_0000_394,256,27060,2428
34_0000,34_0000_395,256,26304,1808
34_0000,34_0000_396,256,25758,1740
34_0000,34_0000_397,256,24786,1560
34_0000,34_0000_398,256,24258,3096
34_0000,34_0000_399,256,23592,2356
34_0000,34_0000_400,256,23304,2592
34_0000,34_0000_401,256,22320,2660
34_0000,34_0000_402,256,22017,2896
34_0000,34_0000_403,256,21570,2268
34_0000,34_0000_404,256,20862,1952
34_0000,34_0000_405,256,20169,1660
34_0000,34_0000_406,256,19485,2412
34_0000,34_0000_407,256,18924,2240
34_0000,34_0000_408,256,18438,2360
34_0000,34_0000_409,256,17913,1332
34_0000,34_0000_410,256,17400,1620
34_0000,34_0000_411,256,16689,1120
34_0000,34_0000_412,256,16269,1356
34_0000,34_0000_413,256,15621,1124
34_0000,34_0000_414,256,15021,1368
34_0000,34_0000_415,256,14694,1088
34_0000,34_0000_416,256,14022,620
34_0000,34_0000_417,256,13485,184
34_0000,34_0000_418,256,12822,496
34_0000,34_0000_419,256,12381,248
34_0000,34_0000_420,256,11529,588
34_0000,34_0000_421,256,10764,520
34_0000,34_0000_422,256,10152,216
34_0000,34_0000_423,256,9369,288
34_0000,34_0000_424,256,8646,364
34_0000,34_0000_425,256,7539,372
34_0000,34_0000_426,256,6780,424
34_0000,34_0000_427,256,6252,160
34_0000,34_0000_428,256,5577,196
34_0000,34_0000_429,256,5064,308
34_0000,34_0000_430,256,4545,36
34_0000,34_0000_431,256,3804,84
34_0000,34_0000_432,256,3363,500
34_0000,34_0000_433,256,2787,276
34_0000,34_0000_434,256,2439,424
34_0000,34_0000_435,256,2160,392
34_0000,34_0000_436,256,1854,516
34_0000,34_0000_437,256,1449,272
34_0000,34_0000_438,256,1026,304
34_0000,34_0000_439,256,693,68
34_0000,34_0000_440,256,549,480
34_0000,34_0000_441,256,207,196
34_0000,34_0000_442,256,120,128
64_0000,64_0000_050,256,18,72
64_0000,64_0000_051,256,36,184
64_0000,64_0000_052,256,105,296
64_0000,64_0000_053,256,174,300
64_0000,64_0000_054,256,234,396
64_0000,64_0000_055,256,300,424
64_0000,64_0000_056,256,348,404
64_0000,64_0000_057,256,441,568
64_0000,64_0000_058,256,570,544
64_0000,64_0000_059,256,678,688
64_0000,64_0000_060,256,750,792
64_0000,64_0000_061,256,891,868
64_0000,64_0000_062,256,1020,688
64_0000,64_0000_063,256,1098,1032
64_0000,64_0000_064,256,1263,1296
64_0000,64_0000_065,256,1431,1460
64_0000,64_0000_066,256,1563,1492
64_0000,64_0000_067,256,1641,1564
64_0000,64_0000_068,256,1803,1564
64_0000,64_0000_069,256,2019,1660
64_0000,64_0000_070,256,2181,1708
64_0000,64_0000_071,256,2379,1856
64_0000,64_0000_072,256,2577,2136
64_0000,64_0000_073,256,2778,2248
64_0000,64_0000_074,256,2952,2868
64_0000,64_0000_075,256,3264,3088
64_0000,64_0000_076,256,3525,3096
64_0000,64_0000_077,256,3921,3220
64_0000,64_0000_078,256,4176,3540
64_0000,64_0000_079,256,4500,3692
64_0000,64_0000_080,256,4689,3636
64_0000,64_0000_081,256,5082,3724
64_0000,64_0000_082,256,5340,3888
64_0000,64_0000_083,256,5748,4160
64_0000,64_0000_084,256,6210,4464
64_0000,64_0000_085,256,6726,4828
64_0000,64_0000_086,256,7056,5068
64_0000,64_0000_087,256,7620,5176
64_0000,64_0000_088,256,7935,5440
64_0000,64_0000_089,256,8391,5468
64_0000,64_0000_090,256,8976,5828
64_0000,64_0000_091,256,9408,6056
64_0000,64_0000_092,256,9672,6408
64_0000,64_0000_093,256,10215,6524
64_0000,64_0000_094,256,10761,6652
64_0000,64_0000_095,256,11580,6440
64_0000,64_0000_096,256,12309,6588
64_0000,64_0000_097,256,13035,6940
64_0000,64_0000_098,256,13665,7328
64_0000,64_0000_099,256,14298,8156
64_0000,64_0000_100,256,14910,7812
64_0000,64_0000_101,256,15717,7644
64_0000,64_0000_102,256,16485,8012
64_0000,64_0000_103,256,17235,8208
64_0000,64_0000_104,256,18081,8520
64_0000,64_0000_105,256,18903,8664
64_0000,64_0000_106,256,19398,8892
64_0000,64_0000_107,256,20274,9096
64_0000,64_0000_108,256,21090,9480
64_0000,64_0000_109,256,21843,9664
64_0000,64_0000_110,256,22713,10012
64_0000,64_0000_111,256,23745,10448
64_0000,64_0000_112,256,24975,10948
64_0000,64_0000_113,256,25845,10980
64_0000,64_0000_114,256,27039,11376
64_0000,64_0000_115,256,28317,11524
64_0000,64_0000_116,256,29622,11796
64_0000,64_0000_117,256,30873,11932
64_0000,64_0000_118,256,32172,12604
64_0000,64_0000_119,256,33588,12480
64_0000,64_0000_120,256,34950,12712
64_0000,64_0000_121,256,36339,12996
64_0000,64_0000_122,256,37653,12952
64_0000,64_0000_123,256,39195,13716
64_0000,64_0000_124,256,40854,13960
64_0000,64_0000_125,256,42378,14264
64_0000,64_0000_126,256,43980,14424
64_0000,64_0000_127,256,45609,14852
64_0000,64_0000_128,256,47508,14820
64_0000,64_0000_129,256,49368,13828
64_0000,64_0000_130,256,50685,13456
64_0000,64_0000_131,256,52809,13572
64_0000,64_0000_132,256,54624,13620
64_0000,64_0000_133,256,56520,13760
64_0000,64_0000_134,256,58695,14396
64_0000,64_0000_135,256,60804,14904
64_0000,64_0000_136,256,62673,15024
64_0000,64_0000_137,256,64446,15172
64_0000,64_0000_138,256,66156,15892
64_0000,64_0000_139,256,68193,16212
64_0000,64_0000_140,256,70533,16036
64_0000,64_0000_141,256,72495,15952
64_0000,64_0000_142,256,74463,15632
64_0000,64_0000_143,256,76440,16128
64_0000,64_0000_144,256,78273,16216
64_0000,64_0000_145,256,80199,16232
64_0000,64_0000_146,256,82023,16744
64_0000,64_0000_147,256,84390,17828
64_0000,64_0000_148,256,86610,18196
64_0000,64_0000_149,256,88362,17640
64_0000,64_0000_150,256,89346,20004
64_0000,64_0000_151,256,89658,15908
64_0000,64_0000_152,256,89790,13228
64_0000,64_0000_153,256,89742,12980
64_0000,64_0000_154,256,90318,13404
64_0000,64_0000_155,256,90750,13040
64_0000,64_0000_156,256,91563,13020
64_0000,64_0000_157,256,92277,12876
64_0000,64_0000_158,256,93333,13948
64_0000,64_0000_159,256,94611,14080
64_0000,64_0000_160,256,95307,13704
64_0000,64_0000_161,256,96516,13136
64_0000,64_0000_162,256,96849,12288
64_0000,64_0000_163,256,96948,11504
64_0000,64_0000_164,256,97293,10924
64_0000,64_0000_165,256,97269,10684
64_0000,64_0000_166,256,97431,10760
64_0000,64_0000_167,256,97335,11204
64_0000,64_0000_168,256,97041,11304
64_0000,64_0000_169,256,97056,11472
64_0000,64_0000_170,256,96915,11160
64_0000,64_0000_171,256,96930,11104
64_0000,64_0000_172,256,96837,11216
64_0000,64_0000_173,256,96831,10420
64_0000,64_0000_174,256,97149,9952
64_0000,64_0000_175,256,97113,9268
64_0000,64_0000_176,256,96894,9852
64_0000,64_0000_177,256,96726,9332
64_0000,64_0000_178,256,97029,8584
64_0000,64_0000_179,256,97068,7832
64_0000,64_0000_180,256,97344,8216
64_0000,64_0000_181,256,97227,7512
64_0000,64_0000_182,256,97179,6776
64_0000,64_0000_183,256,97323,6912
64_0000,64_0000_184,256,97251,6752
64_0000,64_0000_185,256,97404,6168
64_0000,64_0000_186,256,97401,5340
64_0000,64_0000_187,256,97425,3764
64_0000,64_0000_188,256,97635,4112
64_0000,64_0000_189,256,97611,4428
64_0000,64_0000_190,256,97662,3960
64_0000,64_0000_191,256,97875,1536
64_0000,64_0000_192,256,98241,1324
64_0000,64_0000_193,256,98460,1552
64_0000,64_0000_194,256,98805,1540
64_0000,64_0000_195,256,99090,1724
64_0000,64_0000_196,256,98997,1540
64_0000,64_0000_197,256,99477,1360
64_0000,64_0000_198,256,99579,1440
64_0000,64_0000_199,256,99651,1356
64_0000,64_0000_200,256,99507,1644
64_0000,64_0000_201,256,99681,1192
64_0000,64_0000_202,256,99285,1604
64_0000,64_0000_203,256,99282,1172
64_0000,64_0000_204,256,98985,1264
64_0000,64_0000_205,256,98406,1332
64_0000,64_0000_206,256,98733,1856
64_0000,64_0000_207,256,98121,1812
64_0000,64_0000_208,256,97743,1788
64_0000,64_0000_209,256,97494,1804
64_0000,64_0000_210,256,97227,1728
64_0000,64_0000_211,256,97038,1920
64_0000,64_0000_212,256,97065,2068
64_0000,64_0000_213,256,97311,1792
64_0000,64_0000_214,256,97263,1500
64_0000,64_0000_215,256,97539,1660
64_0000,64_0000_216,256,97464,1780
64_0000,64_0000_217,256,97653,1648
64_0000,64_0000_218,256,97917,1564
64_0000,64_0000_219,256,97968,1552
64_0000,64_0000_220,256,97998,1680
64_0000,64_0000_221,256,98001,1688
64_0000,64_0000_222,256,97635,1624
64_0000,64_0000_223,256,97626,2016
64_0000,64_0000_224,256,97569,3524
64_0000,64_0000_225,256,97356,3752
64_0000,64_0000_226,256,97215,3780
64_0000,64_0000_227,256,96936,3676
64_0000,64_0000_228,256,96858,4044
64_0000,64_0000_229,256,96396,4632
64_0000,64_0000_230,256,96327,5180
64_0000,64_0000_231,256,96492,4840
64_0000,64_0000_232,256,96456,4828
64_0000,64_0000_233,256,96381,4564
64_0000,64_0000_234,256,96075,5040
64_0000,64_0000_235,256,95946,5288
64_0000,64_0000_236,256,95874,5208
64_0000,64_0000_237,256,95175,4796
64_0000,64_0000_238,256,93975,4868
64_0000,64_0000_239,256,94167,5596
64_0000,64_0000_240,256,93753,6760
64_0000,64_0000_241,256,93870,7216
64_0000,64_0000_242,256,93795,6712
64_0000,64_0000_243,256,93852,6076
64_0000,64_0000_244,256,93771,5708
64_0000,64_0000_245,256,93381,5912
64_0000,64_0000_246,256,93105,5464
64_0000,64_0000_247,256,92892,5236
64_0000,64_0000_248,256,93360,5020
64_0000,64_0000_249,256,93408,4488
64_0000,64_0000_250,256,93576,4284
64_0000,64_0000_251,256,93363,4048
64_0000,64_0000_252,256,93426,4284
64_0000,64_0000_253,256,93444,3624
64_0000,64_0000_254,256,93423,3696
64_0000,64_0000_255,256,92919,3716
64_0000,64_0000_256,256,92769,4128
64_0000,64_0000_257,256,92679,3956
64_0000,64_0000_258,256,92223,4644
64_0000,64_0000_259,256,92265,4972
64_0000,64_0000_260,256,92367,5168
64_0000,64_0000_261,256,92214,5448
64_0000,64_0000_262,256,91716,5572
64_0000,64_0000_263,256,91170,5488
64_0000,64_0000_264,256,91002,5892
64_0000,64_0000_265,256,90459,5396
64_0000,64_0000_266,256,90231,5116
64_0000,64_0000_267,256,90027,5136
64_0000,64_0000_268,256,89886,7108
64_0000,64_0000_269,256,89910,7616
64_0000,64_0000_270,256,89727,7860
64_0000,64_0000_271,256,89694,7780
64_0000,64_0000_272,256,89517,7020
64_0000,64_0000_273,256,89784,6328
64_0000,64_0000_274,256,89871,4708
64_0000,64_0000_275,256,89700,5180
64_0000,64_0000_276,256,89946,5560
64_0000,64_0000_277,256,89868,6144
64_0000,64_0000_278,256,89709,7804
64_0000,64_0000_279,256,89610,7968
64_0000,64_0000_280,256,89655,7956
64_0000,64_0000_281,256,89727,7592
64_0000,64_0000_282,256,89568,6264
64_0000,64_0000_283,256,89499,6072
64_0000,64_0000_284,256,89292,5776
64_0000,64_0000_285,256,89160,5408
64_0000,64_0000_286,256,88986,5960
64_0000,64_0000_287,256,88806,6304
64_0000,64_0000_288,256,88740,6184
64_0000,64_0000_289,256,88620,6140
64_0000,64_0000_290,256,88584,7176
64_0000,64_0000_291,256,88314,7196
64_0000,64_0000_292,256,87969,6008
64_0000,64_0000_293,256,87885,6668
64_0000,64_0000_294,256,87966,6032
64_0000,64_0000_295,256,87678,4592
64_0000,64_0000_296,256,87396,3524
64_0000,64_0000_297,256,86961,3360
64_0000,64_0000_298,256,86691,2948
64_0000,64_0000_299,256,86361,2816
64_0000,64_0000_300,256,86451,2544
64_0000,64_0000_301,256,86280,2272
64_0000,64_0000_302,256,85596,2160
64_0000,64_0000_303,256,85371,1924
64_0000,64_0000_304,256,84837,1612
64_0000,64_0000_305,256,84639,1296
64_0000,64_0000_306,256,84453,936
64_0000,64_0000_307,256,84396,1340
64_0000,64_0000_308,256,84168,1268
64_0000,64_0000_309,256,84048,1060
64_0000,64_0000_310,256,84051,1104
64_0000,64_0000_311,256,83808,504
64_0000,64_0000_312,256,83877,452
64_0000,64_0000_313,256,84102,204
64_0000,64_0000_314,256,84666,1192
64_0000,64_0000_315,256,84639,1032
64_0000,64_0000_316,256,84744,1400
64_0000,64_0000_317,256,84774,1000
64_0000,64_0000_318,256,84666,1052
64_0000,64_0000_319,256,84678,1672
64_0000,64_0000_320,256,84369,1000
64_0000,64_0000_321,256,84006,284
64_0000,64_0000_322,256,83556,644
64_0000,64_0000_323,256,83337,312
64_0000,64_0000_324,256,82845,56
64_0000,64_0000_325,256,82497,72
64_0000,64_0000_326,256,82386,88
64_0000,64_0000_327,256,82152,164
64_0000,64_0000_328,256,81984,100
64_0000,64_0000_329,256,81663,368
64_0000,64_0000_330,256,81405,892
64_0000,64_0000_331,256,80994,784
64_0000,64_0000_332,256,80601,1392
64_0000,64_0000_333,256,79920,800
64_0000,64_0000_334,256,79671,968
64_0000,64_0000_335,256,79191,700
64_0000,64_0000_336,256,79032,728
64_0000,64_0000_337,256,78567,788
64_0000,64_0000_338,256,78048,788
64_0000,64_0000_339,256,77505,1220
64_0000,64_0000_340,256,77109,1580
64_0000,64_0000_341,256,76350,1644
64_0000,64_0000_342,256,75951,1388
64_0000,64_0000_343,256,75537,1592
64_0000,64_0000_344,256,74955,2088
64_0000,64_0000_345,256,74589,2488
64_0000,64_0000_346,256,74148,2336
64_0000,64_0000_347,256,73920,2424
64_0000,64_0000_348,256,73623,2636
64_0000,64_0000_349,256,73266,2988
64_0000,64_0000_350,256,72846,2648
64_0000,64_0000_351,256,72486,2692
64_0000,64_0000_352,256,72153,2548
64_0000,64_0000_353,256,71616,2444
64_0000,64_0000_354,256,71211,1356
64_0000,64_0000_355,256,70665,1512
64_0000,64_0000_356,256,70014,1496
64_0000,64_0000_357,256,69369,1416
64_0000,64_0000_358,256,68838,1212
64_0000,64_0000_359,256,68067,1208
64_0000,64_0000_360,256,67431,1456
64_0000,64_0000_361,256,66852,1472
64_0000,64_0000_362,256,66264,1724
64_0000,64_0000_363,256,65406,1404
64_0000,64_0000_364,256,64881,2368
64_0000,64_0000_365,256,64521,1224
64_0000,64_0000_366,256,63996,1392
64_0000,64_0000_367,256,63534,1888
64_0000,64_0000_368,256,62748,1940
64_0000,64_0000_369,256,62184,2044
64_0000,64_0000_370,256,61641,1520
64_0000,64_0000_371,256,61122,1616
64_0000,64_0000_372,256,60762,1288
64_0000,64_0000_373,256,60153,1076
64_0000,64_0000_374,256,59586,812
64_0000,64_0000_375,256,58893,1592
64_0000,64_0000_376,256,58062,2624
64_0000,64_0000_377,256,57195,2432
64_0000,64_0000_378,256,56319,2092
64_0000,64_0000_379,256,55311,1812
64_0000,64_0000_380,256,54213,1592
64_0000,64_0000_381,256,53376,1820
64_0000,64_0000_382,256,52401,2508
64_0000,64_0000_383,256,51606,2388
64_0000,64_0000_384,256,50802,2212
64_0000,64_0000_385,256,49899,2628
64_0000,64_0000_386,256,49188,2368
64_0000,64_0000_387,256,48339,2544
64_0000,64_0000_388,256,47268,2856
64_0000,64_0000_389,256,46245,2592
64_0000,64_0000_390,256,45219,1664
64_0000,64_0000_391,256,43812,1900
64_0000,64_0000_392,256,42537,2168
64_0000,64_0000_393,256,41550,2240
64_0000,64_0000_394,256,40449,2076
64_0000,64_0000_395,256,39360,1444
64_0000,64_0000_396,256,38226,1224
64_0000,64_0000_397,256,37071,2288
64_0000,64_0000_398,256,35892,2560
64_0000,64_0000_399,256,34998,2532
64_0000,64_0000_400,256,34053,1896
64_0000,64_0000_401,256,33237,2756
64_0000,64_0000_402,256,32169,2044
64_0000,64_0000_403,256,31287,1572
64_0000,64_0000_404,256,30483,1072
64_0000,64_0000_405,256,29553,888
64_0000,64_0000_406,256,28932,1192
64_0000,64_0000_407,256,28095,936
64_0000,64_0000_408,256,27477,552
64_0000,64_0000_409,256,26664,768
64_0000,64_0000_410,256,25869,80
64_0000,64_0000_411,256,24948,32
64_0000,64_0000_412,256,24282,40
64_0000,64_0000_413,256,23550,344
64_0000,64_0000_414,256,22773,1284
64_0000,64_0000_415,256,21918,1480
64_0000,64_0000_416,256,20838,964
64_0000,64_0000_417,256,19758,616
64_0000,64_0000_418,256,18912,916
64_0000,64_0000_419,256,18108,544
64_0000,64_0000_420,256,17142,388
64_0000,64_0000_421,256,16290,472
64_0000,64_0000_422,256,15423,824
64_0000,64_0000_423,256,14361,388
64_0000,64_0000_424,256,13395,436
64_0000,64_0000_425,256,12564,392
64_0000,64_0000_426,256,11736,248
64_0000,64_0000_427,256,10758,588
64_0000,64_0000_428,256,10149,488
64_0000,64_0000_429,256,9348,624
64_0000,64_0000_430,256,8439,892
64_0000,64_0000_431,256,7647,960
64_0000,64_0000_432,256,6399,896
64_0000,64_0000_433,256,4473,44
64_0000,64_0000_434,256,3966,88
64_0000,64_0000_435,256,3576,0
64_0000,64_0000_436,256,3222,0
64_0000,64_0000_437,256,2934,12
64_0000,64_0000_438,256,2520,244
64_0000,64_0000_439,256,2112,248
64_0000,64_0000_440,256,1485,132
64_0000,64_0000_441,256,1245,224
64_0000,64_0000_442,256,939,384
65_0000,65_0000_029,256,45,12
65_0000,65_0000_030,256,75,0
65_0000,65_0000_031,256,93,108
65_0000,65_0000_032,256,93,120
65_0000,65_0000_033,256,99,24
65_0000,65_0000_034,256,180,128
65_0000,65_0000_035,256,192,224
65_0000,65_0000_036,256,291,336
65_0000,65_0000_037,256,291,544
65_0000,65_0000_038,256,291,544
65_0000,65_0000_039,256,426,696
65_0000,65_0000_040,256,471,556
65_0000,65_0000_041,256,525,464
65_0000,65_0000_042,256,528,712
65_0000,65_0000_043,256,696,972
65_0000,65_0000_044,256,870,1252
65_0000,65_0000_045,256,1140,1276
65_0000,65_0000_046,256,1239,1348
65_0000,65_0000_047,256,1491,1636
65_0000,65_0000_048,256,1767,2212
65_0000,65_0000_049,256,2031,2392
65_0000,65_0000_050,256,2346,2588
65_0000,65_0000_051,256,2553,2504
65_0000,65_0000_052,256,2931,2728
65_0000,65_0000_053,256,3279,2744
65_0000,65_0000_054,256,3624,3032
65_0000,65_0000_055,256,4203,3368
65_0000,65_0000_056,256,4653,3288
65_0000,65_0000_057,256,5049,3612
65_0000,65_0000_058,256,5418,3920
65_0000,65_0000_059,256,5856,3952
65_0000,65_0000_060,256,6384,4244
65_0000,65_0000_061,256,6882,4496
65_0000,65_0000_062,256,7368,4628
65_0000,65_0000_063,256,8076,5532
65_0000,65_0000_064,256,8670,5880
65_0000,65_0000_065,256,9219,6104
65_0000,65_0000_066,256,9846,6556
65_0000,65_0000_067,256,10575,6780
65_0000,65_0000_068,256,11166,6692
65_0000,65_0000_069,256,11940,7128
65_0000,65_0000_070,256,12759,7848
65_0000,65_0000_071,256,13719,8188
65_0000,65_0000_072,256,14802,8388
65_0000,65_0000_073,256,15771,8616
65_0000,65_0000_074,256,16725,9052
65_0000,65_0000_075,256,17814,9972
65_0000,65_0000_076,256,18714,10488
65_0000,65_0000_077,256,19563,10820
65_0000,65_0000_078,256,20703,10944
65_0000,65_0000_079,256,21798,11320
65_0000,65_0000_080,256,22896,11868
65_0000,65_0000_081,256,24156,12464
65_0000,65_0000_082,256,25512,12848
65_0000,65_0000_083,256,26712,13308
65_0000,65_0000_084,256,28362,13712
65_0000,65_0000_085,256,30186,13964
65_0000,65_0000_086,256,32532,15448
65_0000,65_0000_087,256,33807,15740
65_0000,65_0000_088,256,35517,16668
65_0000,65_0000_089,256,37221,17036
65_0000,65_0000_090,256,38832,14948
65_0000,65_0000_091,256,40497,13992
65_0000,65_0000_092,256,42513,13340
65_0000,65_0000_093,256,44376,13380
65_0000,65_0000_094,256,46101,12576
65_0000,65_0000_095,256,47859,13472
65_0000,65_0000_096,256,49977,13868
65_0000,65_0000_097,256,52284,12100
65_0000,65_0000_098,256,54588,12416
65_0000,65_0000_099,256,56694,13180
65_0000,65_0000_100,256,59019,13764
65_0000,65_0000_101,256,61191,13720
65_0000,65_0000_102,256,63552,13872
65_0000,65_0000_103,256,66096,14920
65_0000,65_0000_104,256,68355,15080
65_0000,65_0000_105,256,70581,15568
65_0000,65_0000_106,256,72828,14704
65_0000,65_0000_107,256,74979,14220
65_0000,65_0000_108,256,77787,13608
65_0000,65_0000_109,256,79500,14396
65_0000,65_0000_110,256,82443,13136
65_0000,65_0000_111,256,84870,12980
65_0000,65_0000_112,256,86772,12704
65_0000,65_0000_113,256,87681,13272
65_0000,65_0000_114,256,88380,13976
65_0000,65_0000_115,256,89343,14148
65_0000,65_0000_116,256,90258,14396
65_0000,65_0000_117,256,91185,13332
65_0000,65_0000_118,256,91998,13300
65_0000,65_0000_119,256,93255,13392
65_0000,65_0000_120,256,94251,12224
65_0000,65_0000_121,256,95250,11888
65_0000,65_0000_122,256,96258,12364
65_0000,65_0000_123,256,97341,11700
65_0000,65_0000_124,256,98577,11352
65_0000,65_0000_125,256,99696,10684
65_0000,65_0000_126,256,100995,10256
65_0000,65_0000_127,256,102855,11080
65_0000,65_0000_128,256,103860,11116
65_0000,65_0000_129,256,104793,10084
65_0000,65_0000_130,256,105843,9692
65_0000,65_0000_131,256,106560,9264
65_0000,65_0000_132,256,106917,8956
65_0000,65_0000_133,256,107046,9720
65_0000,65_0000_134,256,107172,8224
65_0000,65_0000_135,256,107358,8524
65_0000,65_0000_136,256,107397,8828
65_0000,65_0000_137,256,107457,8760
65_0000,65_0000_138,256,107490,8152
65_0000,65_0000_139,256,107574,7684
65_0000,65_0000_140,256,107727,8504
65_0000,65_0000_141,256,107709,6244
65_0000,65_0000_142,256,107958,5836
65_0000,65_0000_143,256,108015,6280
65_0000,65_0000_144,256,108390,5852
65_0000,65_0000_145,256,108327,5912
65_0000,65_0000_146,256,108672,5600
65_0000,65_0000_147,256,108699,5156
65_0000,65_0000_148,256,108993,4688
65_0000,65_0000_149,256,109023,4492
65_0000,65_0000_150,256,109386,4280
65_0000,65_0000_151,256,109692,3440
65_0000,65_0000_152,256,109707,4040
65_0000,65_0000_153,256,109725,4404
65_0000,65_0000_154,256,109566,4312
65_0000,65_0000_155,256,109581,4820
65_0000,65_0000_156,256,109347,4532
65_0000,65_0000_157,256,109599,5444
65_0000,65_0000_158,256,109962,5684
65_0000,65_0000_159,256,110115,5596
65_0000,65_0000_160,256,110340,5516
65_0000,65_0000_161,256,110709,5184
65_0000,65_0000_162,256,110796,4944
65_0000,65_0000_163,256,111186,4116
65_0000,65_0000_164,256,111600,3684
65_0000,65_0000_165,256,111927,2804
65_0000,65_0000_166,256,112122,2412
65_0000,65_0000_167,256,112416,2364
65_0000,65_0000_168,256,112584,2228
65_0000,65_0000_169,256,112764,2060
65_0000,65_0000_170,256,112869,1956
65_0000,65_0000_171,256,113130,1432
65_0000,65_0000_172,256,112968,1204
65_0000,65_0000_173,256,112725,996
65_0000,65_0000_174,256,112377,780
65_0000,65_0000_175,256,112416,1408
65_0000,65_0000_176,256,112527,1612
65_0000,65_0000_177,256,112623,984
65_0000,65_0000_178,256,113022,996
65_0000,65_0000_179,256,112953,1012
65_0000,65_0000_180,256,112869,1044
65_0000,65_0000_181,256,112737,676
65_0000,65_0000_182,256,112290,0
65_0000,65_0000_183,256,111987,828
65_0000,65_0000_184,256,112026,1140
65_0000,65_0000_185,256,112140,644
65_0000,65_0000_186,256,112305,384
65_0000,65_0000_187,256,112512,420
65_0000,65_0000_188,256,112530,504
65_0000,65_0000_189,256,112854,28
65_0000,65_0000_190,256,112710,24
65_0000,65_0000_191,256,112701,0
65_0000,65_0000_192,256,112767,132
65_0000,65_0000_193,256,112317,132
65_0000,65_0000_194,256,112218,116
65_0000,65_0000_195,256,112056,520
65_0000,65_0000_196,256,111894,504
65_0000,65_0000_197,256,111939,1080
65_0000,65_0000_198,256,112194,1144
65_0000,65_0000_199,256,112428,1124
65_0000,65_0000_200,256,112377,1220
65_0000,65_0000_201,256,112239,1152
65_0000,65_0000_202,256,112209,1040
65_0000,65_0000_203,256,112146,1124
65_0000,65_0000_204,256,111939,1084
65_0000,65_0000_205,256,111729,1064
65_0000,65_0000_206,256,111420,872
65_0000,65_0000_207,256,110892,452
65_0000,65_0000_208,256,110517,528
65_0000,65_0000_209,256,110346,668
65_0000,65_0000_210,256,109857,1092
65_0000,65_0000_211,256,109404,1148
65_0000,65_0000_212,256,108924,1524
65_0000,65_0000_213,256,108606,1236
65_0000,65_0000_214,256,108453,104
65_0000,65_0000_215,256,108093,0
65_0000,65_0000_216,256,107871,0
65_0000,65_0000_217,256,107673,188
65_0000,65_0000_218,256,107718,0
65_0000,65_0000_219,256,107751,560
65_0000,65_0000_220,256,107712,500
65_0000,65_0000_221,256,107778,848
65_0000,65_0000_222,256,107454,1244
65_0000,65_0000_223,256,107535,428
65_0000,65_0000_224,256,107196,360
65_0000,65_0000_225,256,107010,196
65_0000,65_0000_226,256,106815,384
65_0000,65_0000_227,256,106437,480
65_0000,65_0000_228,256,106404,304
65_0000,65_0000_229,256,106389,612
65_0000,65_0000_230,256,106308,532
65_0000,65_0000_231,256,106251,544
65_0000,65_0000_232,256,106017,844
65_0000,65_0000_233,256,105852,668
65_0000,65_0000_234,256,105738,1052
65_0000,65_0000_235,256,105876,972
65_0000,65_0000_236,256,106089,792
65_0000,65_0000_237,256,106224,720
65_0000,65_0000_238,256,106119,1140
65_0000,65_0000_239,256,106089,1572
65_0000,65_0000_240,256,106254,1300
65_0000,65_0000_241,256,106263,1476
65_0000,65_0000_242,256,106362,532
65_0000,65_0000_243,256,106098,452
65_0000,65_0000_244,256,106008,576
65_0000,65_0000_245,256,105990,368
65_0000,65_0000_246,256,105810,180
65_0000,65_0000_247,256,105627,104
65_0000,65_0000_248,256,105450,152
65_0000,65_0000_249,256,105276,296
65_0000,65_0000_250,256,104763,452
65_0000,65_0000_251,256,104592,316
65_0000,65_0000_252,256,104304,28
65_0000,65_0000_253,256,104118,0
65_0000,65_0000_254,256,103608,0
65_0000,65_0000_255,256,103512,0
65_0000,65_0000_256,256,103299,96
65_0000,65_0000_257,256,103122,220
65_0000,65_0000_258,256,102846,828
65_0000,65_0000_259,256,102294,628
65_0000,65_0000_260,256,102144,576
65_0000,65_0000_261,256,102066,704
65_0000,65_0000_262,256,101904,644
65_0000,65_0000_263,256,101745,164
65_0000,65_0000_264,256,101583,0
65_0000,65_0000_265,256,101244,0
65_0000,65_0000_266,256,101382,0
65_0000,65_0000_267,256,101529,180
65_0000,65_0000_268,256,101478,196
65_0000,65_0000_269,256,101241,0
65_0000,65_0000_270,256,101088,0
65_0000,65_0000_271,256,100836,0
65_0000,65_0000_272,256,100509,104
65_0000,65_0000_273,256,100764,112
65_0000,65_0000_274,256,100719,172
65_0000,65_0000_275,256,100491,40
65_0000,65_0000_276,256,100329,184
65_0000,65_0000_277,256,100353,172
65_0000,65_0000_278,256,100077,140
65_0000,65_0000_279,256,99711,100
65_0000,65_0000_280,256,99630,0
65_0000,65_0000_281,256,99144,232
65_0000,65_0000_282,256,98907,128
65_0000,65_0000_283,256,98580,492
65_0000,65_0000_284,256,98499,504
65_0000,65_0000_285,256,98208,576
65_0000,65_0000_286,256,98001,228
65_0000,65_0000_287,256,97608,172
65_0000,65_0000_288,256,97086,288
65_0000,65_0000_289,256,96483,404
65_0000,65_0000_290,256,96294,256
65_0000,65_0000_291,256,95613,116
65_0000,65_0000_292,256,95562,240
65_0000,65_0000_293,256,95064,408
65_0000,65_0000_294,256,94740,0
65_0000,65_0000_295,256,94524,0
65_0000,65_0000_296,256,93792,236
65_0000,65_0000_297,256,93612,16
65_0000,65_0000_298,256,93249,268
65_0000,65_0000_299,256,92925,360
65_0000,65_0000_300,256,92511,0
65_0000,65_0000_301,256,92151,64
65_0000,65_0000_302,256,91863,144
65_0000,65_0000_303,256,91395,328
65_0000,65_0000_304,256,91107,360
65_0000,65_0000_305,256,90684,344
65_0000,65_0000_306,256,90243,0
65_0000,65_0000_307,256,89787,208
65_0000,65_0000_308,256,89214,316
65_0000,65_0000_309,256,88605,112
65_0000,65_0000_310,256,88302,268
65_0000,65_0000_311,256,87828,0
65_0000,65_0000_312,256,87456,128
65_0000,65_0000_313,256,87339,576
65_0000,65_0000_314,256,87000,240
65_0000,65_0000_315,256,86463,220
65_0000,65_0000_316,256,85956,248
65_0000,65_0000_317,256,85563,56
65_0000,65_0000_318,256,85014,0
65_0000,65_0000_319,256,84762,0
65_0000,65_0000_320,256,84423,164
65_0000,65_0000_321,256,83871,452
65_0000,65_0000_322,256,83319,512
65_0000,65_0000_323,256,82857,420
65_0000,65_0000_324,256,82467,324
65_0000,65_0000_325,256,81945,608
65_0000,65_0000_326,256,81348,724
65_0000,65_0000_327,256,80793,1288
65_0000,65_0000_328,256,80196,860
65_0000,65_0000_329,256,79755,840
65_0000,65_0000_330,256,79248,660
65_0000,65_0000_331,256,78672,996
65_0000,65_0000_332,256,78267,1060
65_0000,65_0000_333,256,77991,1068
65_0000,65_0000_334,256,77367,572
65_0000,65_0000_335,256,77040,1156
65_0000,65_0000_336,256,76635,844
65_0000,65_0000_337,256,76347,1084
65_0000,65_0000_338,256,75984,572
65_0000,65_0000_339,256,75699,280
65_0000,65_0000_340,256,75258,372
65_0000,65_0000_341,256,74712,460
65_0000,65_0000_342,256,74301,56
65_0000,65_0000_343,256,73815,0
65_0000,65_0000_344,256,73353,168
65_0000,65_0000_345,256,72993,168
65_0000,65_0000_346,256,72405,236
65_0000,65_0000_347,256,71721,404
65_0000,65_0000_348,256,70980,132
65_0000,65_0000_349,256,70461,0
65_0000,65_0000_350,256,69897,312
65_0000,65_0000_351,256,69324,236
65_0000,65_0000_352,256,68664,232
65_0000,65_0000_353,256,68034,368
65_0000,65_0000_354,256,67419,204
65_0000,65_0000_355,256,66630,248
65_0000,65_0000_356,256,65904,308
65_0000,65_0000_357,256,65202,220
65_0000,65_0000_358,256,64290,168
65_0000,65_0000_359,256,63492,168
65_0000,65_0000_360,256,62565,296
65_0000,65_0000_361,256,61680,148
65_0000,65_0000_362,256,60723,184
65_0000,65_0000_363,256,59613,132
65_0000,65_0000_364,256,58716,0
65_0000,65_0000_365,256,57843,0
65_0000,65_0000_366,256,56739,0
65_0000,65_0000_367,256,55878,0
65_0000,65_0000_368,256,54873,0
65_0000,65_0000_369,256,54189,0
65_0000,65_0000_370,256,53220,172
65_0000,65_0000_371,256,52239,292
65_0000,65_0000_372,256,51255,340
65_0000,65_0000_373,256,50424,200
65_0000,65_0000_374,256,49485,340
65_0000,65_0000_375,256,48492,440
65_0000,65_0000_376,256,47580,428
65_0000,65_0000_377,256,46626,432
65_0000,65_0000_378,256,45642,368
65_0000,65_0000_379,256,44604,364
65_0000,65_0000_380,256,43482,16
65_0000,65_0000_381,256,42495,0
65_0000,65_0000_382,256,41349,0
65_0000,65_0000_383,256,40443,0
65_0000,65_0000_384,256,39351,80
65_0000,65_0000_385,256,38367,204
65_0000,65_0000_386,256,37293,272
65_0000,65_0000_387,256,36144,224
65_0000,65_0000_388,256,34725,108
65_0000,65_0000_389,256,33717,0
65_0000,65_0000_390,256,32598,0
65_0000,65_0000_391,256,31416,20
65_0000,65_0000_392,256,30156,100
65_0000,65_0000_393,256,29016,0
65_0000,65_0000_394,256,27888,44
65_0000,65_0000_395,256,26757,0
65_0000,65_0000_396,256,25614,0
65_0000,65_0000_397,256,24486,172
65_0000,65_0000_398,256,23115,0
65_0000,65_0000_399,256,22005,0
65_0000,65_0000_400,256,21006,0
65_0000,65_0000_401,256,19926,0
65_0000,65_0000_402,256,18819,0
65_0000,65_0000_403,256,17718,0
65_0000,65_0000_404,256,16677,0
65_0000,65_0000_405,256,15645,0
65_0000,65_0000_406,256,14487,0
65_0000,65_0000_407,256,13590,0
65_0000,65_0000_408,256,12648,236
65_0000,65_0000_409,256,11670,0
65_0000,65_0000_410,256,10662,12
65_0000,65_0000_411,256,9846,0
65_0000,65_0000_412,256,9006,0
65_0000,65_0000_413,256,8118,0
65_0000,65_0000_414,256,7068,416
65_0000,65_0000_415,256,5553,0
65_0000,65_0000_416,256,4827,0
65_0000,65_0000_417,256,3963,100
65_0000,65_0000_418,256,3108,272
65_0000,65_0000_419,256,2190,228
65_0000,65_0000_420,256,1533,88
65_0000,65_0000_421,256,1119,332
65_0000,65_0000_422,256,642,272
66_0000,66_0000_026,256,75,296
66_0000,66_0000_027,256,108,276
66_0000,66_0000_028,256,165,332
66_0000,66_0000_029,256,177,364
66_0000,66_0000_030,256,159,348
66_0000,66_0000_031,256,276,756
66_0000,66_0000_032,256,594,984
66_0000,66_0000_033,256,702,1036
66_0000,66_0000_034,256,852,1700
66_0000,66_0000_035,256,1131,1884
66_0000,66_0000_036,256,1230,1888
66_0000,66_0000_037,256,1293,1800
66_0000,66_0000_038,256,1614,1688
66_0000,66_0000_039,256,1785,1652
66_0000,66_0000_040,256,2016,1724
66_0000,66_0000_041,256,2217,1464
66_0000,66_0000_042,256,2424,1464
66_0000,66_0000_043,256,2649,1388
66_0000,66_0000_044,256,2832,1436
66_0000,66_0000_045,256,3009,1768
66_0000,66_0000_046,256,3243,1532
66_0000,66_0000_047,256,3408,1568
66_0000,66_0000_048,256,3492,1556
66_0000,66_0000_049,256,3708,1608
66_0000,66_0000_050,256,3927,1920
66_0000,66_0000_051,256,4164,1716
66_0000,66_0000_052,256,4590,1784
66_0000,66_0000_053,256,4890,1952
66_0000,66_0000_054,256,5271,2236
66_0000,66_0000_055,256,5589,1968
66_0000,66_0000_056,256,6045,2056
66_0000,66_0000_057,256,6333,2420
66_0000,66_0000_058,256,6639,2124
66_0000,66_0000_059,256,6903,2292
66_0000,66_0000_060,256,7299,1924
66_0000,66_0000_061,256,7575,1896
66_0000,66_0000_062,256,7899,1964
66_0000,66_0000_063,256,8304,2108
66_0000,66_0000_064,256,8676,2068
66_0000,66_0000_065,256,9105,2160
66_0000,66_0000_066,256,9447,2508
66_0000,66_0000_067,256,9807,2188
66_0000,66_0000_068,256,10446,2212
66_0000,66_0000_069,256,10929,2292
66_0000,66_0000_070,256,11274,2272
66_0000,66_0000_071,256,11718,2256
66_0000,66_0000_072,256,12153,1932
66_0000,66_0000_073,256,12696,1996
66_0000,66_0000_074,256,13176,1992
66_0000,66_0000_075,256,13803,2240
66_0000,66_0000_076,256,14427,2416
66_0000,66_0000_077,256,14937,2344
66_0000,66_0000_078,256,15582,2376
66_0000,66_0000_079,256,16095,2456
66_0000,66_0000_080,256,16641,2548
66_0000,66_0000_081,256,17253,2436
66_0000,66_0000_082,256,17805,2444
66_0000,66_0000_083,256,18486,2464
66_0000,66_0000_084,256,19287,2464
66_0000,66_0000_085,256,20016,2840
66_0000,66_0000_086,256,20586,3020
66_0000,66_0000_087,256,21525,3028
66_0000,66_0000_088,256,22182,3352
66_0000,66_0000_089,256,22920,3808
66_0000,66_0000_090,256,23799,4108
66_0000,66_0000_091,256,24672,4300
66_0000,66_0000_092,256,25554,4504
66_0000,66_0000_093,256,26259,4488
66_0000,66_0000_094,256,27168,5052
66_0000,66_0000_095,256,28104,4860
66_0000,66_0000_096,256,29067,4760
66_0000,66_0000_097,256,30018,4464
66_0000,66_0000_098,256,31209,4608
66_0000,66_0000_099,256,32112,4468
66_0000,66_0000_100,256,33198,4336
66_0000,66_0000_101,256,34182,3964
66_0000,66_0000_102,256,34824,3840
66_0000,66_0000_103,256,35637,3856
66_0000,66_0000_104,256,36414,4080
66_0000,66_0000_105,256,37062,3960
66_0000,66_0000_106,256,37902,3656
66_0000,66_0000_107,256,38901,4776
66_0000,66_0000_108,256,39609,3748
66_0000,66_0000_109,256,40563,4056
66_0000,66_0000_110,256,41556,3704
66_0000,66_0000_111,256,42639,2972
66_0000,66_0000_112,256,43776,5008
66_0000,66_0000_113,256,44760,4912
66_0000,66_0000_114,256,45579,4656
66_0000,66_0000_115,256,46542,4900
66_0000,66_0000_116,256,47616,5296
66_0000,66_0000_117,256,49014,5500
66_0000,66_0000_118,256,50085,5704
66_0000,66_0000_119,256,51297,7248
66_0000,66_0000_120,256,52785,7204
66_0000,66_0000_121,256,54126,7828
66_0000,66_0000_122,256,55410,7936
66_0000,66_0000_123,256,56418,7536
66_0000,66_0000_124,256,57591,7604
66_0000,66_0000_125,256,59079,4872
66_0000,66_0000_126,256,60303,6572
66_0000,66_0000_127,256,61503,8076
66_0000,66_0000_128,256,62808,8476
66_0000,66_0000_129,256,63882,8776
66_0000,66_0000_130,256,64881,8524
66_0000,66_0000_131,256,66108,8864
66_0000,66_0000_132,256,67089,8856
66_0000,66_0000_133,256,68529,7820
66_0000,66_0000_134,256,69735,7244
66_0000,66_0000_135,256,70920,6904
66_0000,66_0000_136,256,72453,6540
66_0000,66_0000_137,256,72993,6432
66_0000,66_0000_138,256,73191,6832
66_0000,66_0000_139,256,73221,6920
66_0000,66_0000_140,256,73299,6972
66_0000,66_0000_141,256,73815,6156
66_0000,66_0000_142,256,73998,8828
66_0000,66_0000_143,256,74097,9536
66_0000,66_0000_144,256,74121,10084
66_0000,66_0000_145,256,74394,10520
66_0000,66_0000_146,256,74778,10468
66_0000,66_0000_147,256,75162,9720
66_0000,66_0000_148,256,75387,8668
66_0000,66_0000_149,256,76005,8076
66_0000,66_0000_150,256,76323,7160
66_0000,66_0000_151,256,76833,6560
66_0000,66_0000_152,256,77328,6112
66_0000,66_0000_153,256,78102,7000
66_0000,66_0000_154,256,78465,6288
66_0000,66_0000_155,256,79167,6520
66_0000,66_0000_156,256,79632,6404
66_0000,66_0000_157,256,79914,6328
66_0000,66_0000_158,256,80025,6364
66_0000,66_0000_159,256,80361,6216
66_0000,66_0000_160,256,81063,5988
66_0000,66_0000_161,256,81690,5492
66_0000,66_0000_162,256,82077,5452
66_0000,66_0000_163,256,82566,5684
66_0000,66_0000_164,256,83127,5448
66_0000,66_0000_165,256,83433,5348
66_0000,66_0000_166,256,83985,5260
66_0000,66_0000_167,256,84696,5264
66_0000,66_0000_168,256,85248,5628
66_0000,66_0000_169,256,85851,5412
66_0000,66_0000_170,256,86721,5688
66_0000,66_0000_171,256,87567,4852
66_0000,66_0000_172,256,88227,4000
66_0000,66_0000_173,256,88929,4448
66_0000,66_0000_174,256,89877,4732
66_0000,66_0000_175,256,90189,4076
66_0000,66_0000_176,256,90414,3952
66_0000,66_0000_177,256,90126,4088
66_0000,66_0000_178,256,89997,3952
66_0000,66_0000_179,256,90048,3960
66_0000,66_0000_180,256,89772,3828
66_0000,66_0000_181,256,89766,3400
66_0000,66_0000_182,256,89520,3616
66_0000,66_0000_183,256,89565,3684
66_0000,66_0000_184,256,89088,3776
66_0000,66_0000_185,256,88710,4556
66_0000,66_0000_186,256,88275,4724
66_0000,66_0000_187,256,87849,4940
66_0000,66_0000_188,256,87960,4620
66_0000,66_0000_189,256,87822,4512
66_0000,66_0000_190,256,87618,4508
66_0000,66_0000_191,256,87423,4348
66_0000,66_0000_192,256,87531,4188
66_0000,66_0000_193,256,87537,4124
66_0000,66_0000_194,256,87543,3936
66_0000,66_0000_195,256,87882,4288
66_0000,66_0000_196,256,87963,3760
66_0000,66_0000_197,256,88086,4360
66_0000,66_0000_198,256,88302,4536
66_0000,66_0000_199,256,88005,3984
66_0000,66_0000_200,256,88011,3764
66_0000,66_0000_201,256,88071,4028
66_0000,66_0000_202,256,88065,4084
66_0000,66_0000_203,256,87960,4420
66_0000,66_0000_204,256,87828,3964
66_0000,66_0000_205,256,87348,3800
66_0000,66_0000_206,256,87258,3768
66_0000,66_0000_207,256,87225,3724
66_0000,66_0000_208,256,86760,3116
66_0000,66_0000_209,256,86499,3216
66_0000,66_0000_210,256,86190,3160
66_0000,66_0000_211,256,85437,2976
66_0000,66_0000_212,256,85287,3576
66_0000,66_0000_213,256,85110,4328
66_0000,66_0000_214,256,85017,4364
66_0000,66_0000_215,256,84939,3992
66_0000,66_0000_216,256,85035,3896
66_0000,66_0000_217,256,85113,4056
66_0000,66_0000_218,256,85554,4400
66_0000,66_0000_219,256,85797,5240
66_0000,66_0000_220,256,85836,4784
66_0000,66_0000_221,256,85968,4644
66_0000,66_0000_222,256,85713,4876
66_0000,66_0000_223,256,85854,5276
66_0000,66_0000_224,256,85782,5700
66_0000,66_0000_225,256,86190,5712
66_0000,66_0000_226,256,86130,5612
66_0000,66_0000_227,256,85986,5668
66_0000,66_0000_228,256,86259,5500
66_0000,66_0000_229,256,86517,5236
66_0000,66_0000_230,256,86940,4664
66_0000,66_0000_231,256,87435,4720
66_0000,66_0000_232,256,87519,4692
66_0000,66_0000_233,256,87522,3916
66_0000,66_0000_234,256,87822,3760
66_0000,66_0000_235,256,87771,3740
66_0000,66_0000_236,256,88188,3860
66_0000,66_0000_237,256,88419,3592
66_0000,66_0000_238,256,88296,3632
66_0000,66_0000_239,256,88131,3976
66_0000,66_0000_240,256,86982,4040
66_0000,66_0000_241,256,86589,3752
66_0000,66_0000_242,256,86142,3128
66_0000,66_0000_243,256,85746,2388
66_0000,66_0000_244,256,85584,2220
66_0000,66_0000_245,256,85407,2428
66_0000,66_0000_246,256,85458,2076
66_0000,66_0000_247,256,85200,2060
66_0000,66_0000_248,256,85095,2996
66_0000,66_0000_249,256,84987,2836
66_0000,66_0000_250,256,84909,2176
66_0000,66_0000_251,256,84936,2456
66_0000,66_0000_252,256,84945,2728
66_0000,66_0000_253,256,84951,3132
66_0000,66_0000_254,256,85035,3504
66_0000,66_0000_255,256,85113,2956
66_0000,66_0000_256,256,84900,3232
66_0000,66_0000_257,256,84867,3260
66_0000,66_0000_258,256,84870,2992
66_0000,66_0000_259,256,84342,3348
66_0000,66_0000_260,256,84357,3608
66_0000,66_0000_261,256,84579,3488
66_0000,66_0000_262,256,84240,2936
66_0000,66_0000_263,256,84105,3016
66_0000,66_0000_264,256,84006,3348
66_0000,66_0000_265,256,83802,3160
66_0000,66_0000_266,256,83631,2820
66_0000,66_0000_267,256,83379,2300
66_0000,66_0000_268,256,83565,2420
66_0000,66_0000_269,256,83703,2296
66_0000,66_0000_270,256,83793,2372
66_0000,66_0000_271,256,83988,2252
66_0000,66_0000_272,256,83943,2220
66_0000,66_0000_273,256,83538,2188
66_0000,66_0000_274,256,83421,2192
66_0000,66_0000_275,256,83280,2052
66_0000,66_0000_276,256,83025,2156
66_0000,66_0000_277,256,83016,2292
66_0000,66_0000_278,256,82809,2272
66_0000,66_0000_279,256,82635,2372
66_0000,66_0000_280,256,82419,2320
66_0000,66_0000_281,256,82227,2072
66_0000,66_0000_282,256,82272,1944
66_0000,66_0000_283,256,82695,2328
66_0000,66_0000_284,256,83193,2560
66_0000,66_0000_285,256,82983,2692
66_0000,66_0000_286,256,82467,2480
66_0000,66_0000_287,256,82560,3056
66_0000,66_0000_288,256,82206,3636
66_0000,66_0000_289,256,82026,3732
66_0000,66_0000_290,256,81837,3336
66_0000,66_0000_291,256,81513,3180
66_0000,66_0000_292,256,81057,3072
66_0000,66_0000_293,256,80670,2796
66_0000,66_0000_294,256,80469,2584
66_0000,66_0000_295,256,80028,2292
66_0000,66_0000_296,256,79530,2528
66_0000,66_0000_297,256,79029,2192
66_0000,66_0000_298,256,78627,2576
66_0000,66_0000_299,256,78231,2864
66_0000,66_0000_300,256,77733,2940
66_0000,66_0000_301,256,77376,3204
66_0000,66_0000_302,256,77055,2928
66_0000,66_0000_303,256,76887,2712
66_0000,66_0000_304,256,76395,2916
66_0000,66_0000_305,256,76065,3212
66_0000,66_0000_306,256,75528,3452
66_0000,66_0000_307,256,75228,3288
66_0000,66_0000_308,256,74859,3348
66_0000,66_0000_309,256,74457,3028
66_0000,66_0000_310,256,74121,3576
66_0000,66_0000_311,256,73689,3360
66_0000,66_0000_312,256,73161,3488
66_0000,66_0000_313,256,72726,3248
66_0000,66_0000_314,256,72099,3300
66_0000,66_0000_315,256,71706,3500
66_0000,66_0000_316,256,71100,3668
66_0000,66_0000_317,256,70389,3296
66_0000,66_0000_318,256,69789,3456
66_0000,66_0000_319,256,69327,3360
66_0000,66_0000_320,256,68958,3432
66_0000,66_0000_321,256,68634,3440
66_0000,66_0000_322,256,68082,3796
66_0000,66_0000_323,256,67467,3600
66_0000,66_0000_324,256,66969,3000
66_0000,66_0000_325,256,66534,2792
66_0000,66_0000_326,256,66312,2064
66_0000,66_0000_327,256,65619,1764
66_0000,66_0000_328,256,65190,1760
66_0000,66_0000_329,256,64725,2140
66_0000,66_0000_330,256,64128,2336
66_0000,66_0000_331,256,63531,2376
66_0000,66_0000_332,256,62997,1960
66_0000,66_0000_333,256,62427,2308
66_0000,66_0000_334,256,61791,2156
66_0000,66_0000_335,256,61245,1652
66_0000,66_0000_336,256,60744,1296
66_0000,66_0000_337,256,60300,1184
66_0000,66_0000_338,256,59799,984
66_0000,66_0000_339,256,59298,1332
66_0000,66_0000_340,256,58788,1748
66_0000,66_0000_341,256,58206,1604
66_0000,66_0000_342,256,57747,1512
66_0000,66_0000_343,256,57255,1812
66_0000,66_0000_344,256,56688,2104
66_0000,66_0000_345,256,56265,2164
66_0000,66_0000_346,256,55731,2012
66_0000,66_0000_347,256,55212,2072
66_0000,66_0000_348,256,54579,1868
66_0000,66_0000_349,256,54009,1988
66_0000,66_0000_350,256,53223,1700
66_0000,66_0000_351,256,52599,1552
66_0000,66_0000_352,256,51765,1624
66_0000,66_0000_353,256,50883,1456
66_0000,66_0000_354,256,50331,1244
66_0000,66_0000_355,256,49497,1212
66_0000,66_0000_356,256,48666,1076
66_0000,66_0000_357,256,47910,896
66_0000,66_0000_358,256,47094,900
66_0000,66_0000_359,256,46257,852
66_0000,66_0000_360,256,45615,656
66_0000,66_0000_361,256,44946,524
66_0000,66_0000_362,256,43953,480
66_0000,66_0000_363,256,42987,272
66_0000,66_0000_364,256,42123,168
66_0000,66_0000_365,256,41214,492
66_0000,66_0000_366,256,40350,348
66_0000,66_0000_367,256,39090,236
66_0000,66_0000_368,256,38304,300
66_0000,66_0000_369,256,37353,288
66_0000,66_0000_370,256,36054,520
66_0000,66_0000_371,256,34908,744
66_0000,66_0000_372,256,33966,588
66_0000,66_0000_373,256,33177,620
66_0000,66_0000_374,256,32250,332
66_0000,66_0000_375,256,31515,400
66_0000,66_0000_376,256,30681,368
66_0000,66_0000_377,256,29991,296
66_0000,66_0000_378,256,29265,176
66_0000,66_0000_379,256,28596,80
66_0000,66_0000_380,256,27993,44
66_0000,66_0000_381,256,27459,0
66_0000,66_0000_382,256,26700,0
66_0000,66_0000_383,256,26097,0
66_0000,66_0000_384,256,25527,0
66_0000,66_0000_385,256,24900,0
66_0000,66_0000_386,256,24198,0
66_0000,66_0000_387,256,23571,0
66_0000,66_0000_388,256,22698,0
66_0000,66_0000_389,256,21867,0
66_0000,66_0000_390,256,21120,0
66_0000,66_0000_391,256,20388,0
66_0000,66_0000_392,256,19461,0
66_0000,66_0000_393,256,18837,0
66_0000,66_0000_394,256,18141,0
66_0000,66_0000_395,256,17490,120
66_0000,66_0000_396,256,16893,0
66_0000,66_0000_397,256,16233,0
66_0000,66_0000_398,256,15555,0
66_0000,66_0000_399,256,14880,0
66_0000,66_0000_400,256,14163,0
66_0000,66_0000_401,256,13500,0
66_0000,66_0000_402,256,12723,0
66_0000,66_0000_403,256,11937,0
66_0000,66_0000_404,256,11202,0
66_0000,66_0000_405,256,10449,0
66_0000,66_0000_406,256,9678,0
66_0000,66_0000_407,256,8949,0
66_0000,66_0000_408,256,8199,0
66_0000,66_0000_409,256,7506,0
66_0000,66_0000_410,256,6768,0
66_0000,66_0000_411,256,6009,0
66_0000,66_0000_412,256,5385,0
66_0000,66_0000_413,256,4755,0
66_0000,66_0000_414,256,4068,120
66_0000,66_0000_415,256,3372,324
66_0000,66_0000_416,256,2589,224
66_0000,66_0000_417,256,1602,316
66_0000,66_0000_418,256,918,0
66_0000,66_0000_419,256,756,44
66_0000,66_0000_420,256,444,372
67_0000,67_0000_033,256,30,48
67_0000,67_0000_034,256,51,216
67_0000,67_0000_035,256,66,248
67_0000,67_0000_036,256,72,272
67_0000,67_0000_037,256,144,456
67_0000,67_0000_038,256,249,1052
67_0000,67_0000_039,256,414,896
67_0000,67_0000_040,256,528,652
67_0000,67_0000_041,256,648,504
67_0000,67_0000_042,256,783,608
67_0000,67_0000_043,256,918,656
67_0000,67_0000_044,256,1101,812
67_0000,67_0000_045,256,1374,992
67_0000,67_0000_046,256,1455,1016
67_0000,67_0000_047,256,1761,1064
67_0000,67_0000_048,256,2043,1204
67_0000,67_0000_049,256,2169,1300
67_0000,67_0000_050,256,2433,1120
67_0000,67_0000_051,256,2640,1524
67_0000,67_0000_052,256,3000,2344
67_0000,67_0000_053,256,3396,2632
67_0000,67_0000_054,256,3816,3024
67_0000,67_0000_055,256,4299,3296
67_0000,67_0000_056,256,4875,3508
67_0000,67_0000_057,256,5259,3656
67_0000,67_0000_058,256,5859,3920
67_0000,67_0000_059,256,6519,4272
67_0000,67_0000_060,256,7095,4524
67_0000,67_0000_061,256,7602,4652
67_0000,67_0000_062,256,7914,4852
67_0000,67_0000_063,256,8361,5060
67_0000,67_0000_064,256,8973,5288
67_0000,67_0000_065,256,9891,5612
67_0000,67_0000_066,256,10320,5820
67_0000,67_0000_067,256,11100,6120
67_0000,67_0000_068,256,11901,6212
67_0000,67_0000_069,256,12762,6492
67_0000,67_0000_070,256,13485,6204
67_0000,67_0000_071,256,14214,6128
67_0000,67_0000_072,256,14940,6052
67_0000,67_0000_073,256,16062,6352
67_0000,67_0000_074,256,17061,6656
67_0000,67_0000_075,256,18033,6868
67_0000,67_0000_076,256,19878,7224
67_0000,67_0000_077,256,21099,7596
67_0000,67_0000_078,256,22005,6916
67_0000,67_0000_079,256,23133,6940
67_0000,67_0000_080,256,24207,6916
67_0000,67_0000_081,256,25818,6660
67_0000,67_0000_082,256,27186,6776
67_0000,67_0000_083,256,28581,6756
67_0000,67_0000_084,256,29604,6608
67_0000,67_0000_085,256,31158,6708
67_0000,67_0000_086,256,32418,6872
67_0000,67_0000_087,256,33501,7160
67_0000,67_0000_088,256,34752,7568
67_0000,67_0000_089,256,36495,7700
67_0000,67_0000_090,256,37827,7760
67_0000,67_0000_091,256,39234,7228
67_0000,67_0000_092,256,40335,7468
67_0000,67_0000_093,256,41004,7344
67_0000,67_0000_094,256,42915,6848
67_0000,67_0000_095,256,44946,6980
67_0000,67_0000_096,256,48348,6420
67_0000,67_0000_097,256,50082,6592
67_0000,67_0000_098,256,51186,6956
67_0000,67_0000_099,256,52326,7104
67_0000,67_0000_100,256,53118,7596
67_0000,67_0000_101,256,53586,7800
67_0000,67_0000_102,256,53640,7908
67_0000,67_0000_103,256,54411,8000
67_0000,67_0000_104,256,55176,7964
67_0000,67_0000_105,256,55392,7816
67_0000,67_0000_106,256,55950,8492
67_0000,67_0000_107,256,56871,8268
67_0000,67_0000_108,256,57330,8116
67_0000,67_0000_109,256,57750,8308
67_0000,67_0000_110,256,58122,8308
67_0000,67_0000_111,256,58749,8232
67_0000,67_0000_112,256,59292,8068
67_0000,67_0000_113,256,60162,8272
67_0000,67_0000_114,256,60795,7832
67_0000,67_0000_115,256,61311,7568
67_0000,67_0000_116,256,62337,8840
67_0000,67_0000_117,256,63429,9136
67_0000,67_0000_118,256,64200,8420
67_0000,67_0000_119,256,64632,8296
67_0000,67_0000_120,256,65094,8720
67_0000,67_0000_121,256,66012,8884
67_0000,67_0000_122,256,66771,8704
67_0000,67_0000_123,256,67644,8572
67_0000,67_0000_124,256,68907,7756
67_0000,67_0000_125,256,69480,7816
67_0000,67_0000_126,256,70458,8040
67_0000,67_0000_127,256,71490,8156
67_0000,67_0000_128,256,72702,8288
67_0000,67_0000_129,256,73542,8336
67_0000,67_0000_130,256,74481,8312
67_0000,67_0000_131,256,76098,8680
67_0000,67_0000_132,256,77607,9248
67_0000,67_0000_133,256,78870,8292
67_0000,67_0000_134,256,79755,7956
67_0000,67_0000_135,256,80703,8180
67_0000,67_0000_136,256,81930,6212
67_0000,67_0000_137,256,83640,6576
67_0000,67_0000_138,256,85200,7108
67_0000,67_0000_139,256,86613,7160
67_0000,67_0000_140,256,88464,6892
67_0000,67_0000_141,256,90699,7496
67_0000,67_0000_142,256,92280,8216
67_0000,67_0000_143,256,92367,8412
67_0000,67_0000_144,256,92511,8504
67_0000,67_0000_145,256,92673,7904
67_0000,67_0000_146,256,92799,7964
67_0000,67_0000_147,256,92832,7616
67_0000,67_0000_148,256,93135,7272
67_0000,67_0000_149,256,93093,6212
67_0000,67_0000_150,256,93117,5252
67_0000,67_0000_151,256,93573,4476
67_0000,67_0000_152,256,94035,3684
67_0000,67_0000_153,256,94251,3704
67_0000,67_0000_154,256,94278,3676
67_0000,67_0000_155,256,94488,3636
67_0000,67_0000_156,256,94368,3116
67_0000,67_0000_157,256,94512,2724
67_0000,67_0000_158,256,94758,2628
67_0000,67_0000_159,256,95103,2628
67_0000,67_0000_160,256,96039,2216
67_0000,67_0000_161,256,96513,2300
67_0000,67_0000_162,256,97050,2128
67_0000,67_0000_163,256,97290,2184
67_0000,67_0000_164,256,97494,2252
67_0000,67_0000_165,256,97752,2268
67_0000,67_0000_166,256,98049,2164
67_0000,67_0000_167,256,97980,2264
67_0000,67_0000_168,256,98250,2296
67_0000,67_0000_169,256,98472,2220
67_0000,67_0000_170,256,98946,2140
67_0000,67_0000_171,256,99126,2084
67_0000,67_0000_172,256,99492,1864
67_0000,67_0000_173,256,99663,2516
67_0000,67_0000_174,256,99846,2592
67_0000,67_0000_175,256,100086,2636
67_0000,67_0000_176,256,100380,3028
67_0000,67_0000_177,256,100362,3216
67_0000,67_0000_178,256,100386,3244
67_0000,67_0000_179,256,100191,3504
67_0000,67_0000_180,256,99924,3488
67_0000,67_0000_181,256,100035,3696
67_0000,67_0000_182,256,100017,3572
67_0000,67_0000_183,256,99816,3160
67_0000,67_0000_184,256,100569,2948
67_0000,67_0000_185,256,100707,2568
67_0000,67_0000_186,256,100599,2176
67_0000,67_0000_187,256,100911,2364
67_0000,67_0000_188,256,101091,2256
67_0000,67_0000_189,256,100974,1992
67_0000,67_0000_190,256,101124,1796
67_0000,67_0000_191,256,101316,1940
67_0000,67_0000_192,256,101331,2264
67_0000,67_0000_193,256,101643,2096
67_0000,67_0000_194,256,101601,1992
67_0000,67_0000_195,256,101544,1888
67_0000,67_0000_196,256,101973,1756
67_0000,67_0000_197,256,102309,1880
67_0000,67_0000_198,256,101802,1824
67_0000,67_0000_199,256,101655,1188
67_0000,67_0000_200,256,101385,1224
67_0000,67_0000_201,256,100659,1280
67_0000,67_0000_202,256,100707,1144
67_0000,67_0000_203,256,100512,1000
67_0000,67_0000_204,256,100644,920
67_0000,67_0000_205,256,100935,884
67_0000,67_0000_206,256,100851,864
67_0000,67_0000_207,256,100869,892
67_0000,67_0000_208,256,100959,856
67_0000,67_0000_209,256,101496,920
67_0000,67_0000_210,256,101319,1248
67_0000,67_0000_211,256,101676,1232
67_0000,67_0000_212,256,101811,1180
67_0000,67_0000_213,256,101538,1484
67_0000,67_0000_214,256,101724,1544
67_0000,67_0000_215,256,101544,1420
67_0000,67_0000_216,256,101382,1344
67_0000,67_0000_217,256,101325,1320
67_0000,67_0000_218,256,101271,1500
67_0000,67_0000_219,256,100719,1376
67_0000,67_0000_220,256,100782,1180
67_0000,67_0000_221,256,100806,1148
67_0000,67_0000_222,256,100932,1068
67_0000,67_0000_223,256,101109,1952
67_0000,67_0000_224,256,101100,2508
67_0000,67_0000_225,256,100710,2484
67_0000,67_0000_226,256,100635,2232
67_0000,67_0000_227,256,100320,2108
67_0000,67_0000_228,256,99894,2132
67_0000,67_0000_229,256,99687,2200
67_0000,67_0000_230,256,99387,2476
67_0000,67_0000_231,256,99138,2484
67_0000,67_0000_232,256,99039,2552
67_0000,67_0000_233,256,98928,2520
67_0000,67_0000_234,256,98553,2284
67_0000,67_0000_235,256,98349,2300
67_0000,67_0000_236,256,99033,2032
67_0000,67_0000_237,256,99114,2140
67_0000,67_0000_238,256,99375,2112
67_0000,67_0000_239,256,99333,2072
67_0000,67_0000_240,256,99123,1816
67_0000,67_0000_241,256,99117,1996
67_0000,67_0000_242,256,98904,2160
67_0000,67_0000_243,256,98610,2192
67_0000,67_0000_244,256,98313,2396
67_0000,67_0000_245,256,98136,2240
67_0000,67_0000_246,256,97884,1908
67_0000,67_0000_247,256,97899,1828
67_0000,67_0000_248,256,97602,1860
67_0000,67_0000_249,256,97131,1832
67_0000,67_0000_250,256,97056,1836
67_0000,67_0000_251,256,96876,1732
67_0000,67_0000_252,256,96510,1660
67_0000,67_0000_253,256,96027,1620
67_0000,67_0000_254,256,95673,1624
67_0000,67_0000_255,256,94950,1428
67_0000,67_0000_256,256,94245,1448
67_0000,67_0000_257,256,93591,1912
67_0000,67_0000_258,256,92757,2124
67_0000,67_0000_259,256,92232,2168
67_0000,67_0000_260,256,91647,2616
67_0000,67_0000_261,256,90876,2816
67_0000,67_0000_262,256,90201,2452
67_0000,67_0000_263,256,89580,2408
67_0000,67_0000_264,256,88737,2488
67_0000,67_0000_265,256,88017,2452
67_0000,67_0000_266,256,87450,2416
67_0000,67_0000_267,256,86691,2192
67_0000,67_0000_268,256,86067,1932
67_0000,67_0000_269,256,85590,1160
67_0000,67_0000_270,256,84729,856
67_0000,67_0000_271,256,84108,856
67_0000,67_0000_272,256,83373,900
67_0000,67_0000_273,256,82536,972
67_0000,67_0000_274,256,81717,712
67_0000,67_0000_275,256,80943,488
67_0000,67_0000_276,256,80235,552
67_0000,67_0000_277,256,79509,464
67_0000,67_0000_278,256,78801,480
67_0000,67_0000_279,256,77997,584
67_0000,67_0000_280,256,77376,928
67_0000,67_0000_281,256,76536,1036
67_0000,67_0000_282,256,75723,676
67_0000,67_0000_283,256,75039,788
67_0000,67_0000_284,256,74100,924
67_0000,67_0000_285,256,73140,544
67_0000,67_0000_286,256,72048,508
67_0000,67_0000_287,256,71025,456
67_0000,67_0000_288,256,70137,496
67_0000,67_0000_289,256,69162,572
67_0000,67_0000_290,256,68232,472
67_0000,67_0000_291,256,67365,240
67_0000,67_0000_292,256,66588,288
67_0000,67_0000_293,256,65733,244
67_0000,67_0000_294,256,64923,524
67_0000,67_0000_295,256,64176,556
67_0000,67_0000_296,256,63207,284
67_0000,67_0000_297,256,62403,392
67_0000,67_0000_298,256,61674,480
67_0000,67_0000_299,256,60786,1136
67_0000,67_0000_300,256,59985,1336
67_0000,67_0000_301,256,59136,1180
67_0000,67_0000_302,256,58380,984
67_0000,67_0000_303,256,57597,1840
67_0000,67_0000_304,256,57084,760
67_0000,67_0000_305,256,56307,984
67_0000,67_0000_306,256,55647,20
67_0000,67_0000_307,256,54996,8
67_0000,67_0000_308,256,54222,0
67_0000,67_0000_309,256,53292,48
67_0000,67_0000_310,256,52524,676
67_0000,67_0000_311,256,51570,532
67_0000,67_0000_312,256,50607,300
67_0000,67_0000_313,256,49662,268
67_0000,67_0000_314,256,48807,144
67_0000,67_0000_315,256,47874,396
67_0000,67_0000_316,256,46908,192
67_0000,67_0000_317,256,45876,784
67_0000,67_0000_318,256,44988,1532
67_0000,67_0000_319,256,43998,1224
67_0000,67_0000_320,256,42897,1348
67_0000,67_0000_321,256,41835,1056
67_0000,67_0000_322,256,40980,1356
67_0000,67_0000_323,256,40053,1488
67_0000,67_0000_324,256,39084,1112
67_0000,67_0000_325,256,38085,796
67_0000,67_0000_326,256,37023,1048
67_0000,67_0000_327,256,36087,1420
67_0000,67_0000_328,256,35268,976
67_0000,67_0000_329,256,34299,424
67_0000,67_0000_330,256,33501,572
67_0000,67_0000_331,256,32796,584
67_0000,67_0000_332,256,32178,768
67_0000,67_0000_333,256,31413,688
67_0000,67_0000_334,256,30615,516
67_0000,67_0000_335,256,29811,452
67_0000,67_0000_336,256,28959,640
67_0000,67_0000_337,256,28281,308
67_0000,67_0000_338,256,27384,224
67_0000,67_0000_339,256,26664,32
67_0000,67_0000_340,256,25902,0
67_0000,67_0000_341,256,25284,0
67_0000,67_0000_342,256,24642,616
67_0000,67_0000_343,256,23979,724
67_0000,67_0000_344,256,23343,720
67_0000,67_0000_345,256,22524,712
67_0000,67_0000_346,256,21714,636
67_0000,67_0000_347,256,20847,764
67_0000,67_0000_348,256,19854,500
67_0000,67_0000_349,256,19068,500
67_0000,67_0000_350,256,18219,228
67_0000,67_0000_351,256,17307,256
67_0000,67_0000_352,256,16554,360
67_0000,67_0000_353,256,15777,632
67_0000,67_0000_354,256,14925,936
67_0000,67_0000_355,256,13932,672
67_0000,67_0000_356,256,13032,540
67_0000,67_0000_357,256,12342,584
67_0000,67_0000_358,256,11727,500
67_0000,67_0000_359,256,10941,896
67_0000,67_0000_360,256,10266,876
67_0000,67_0000_361,256,9312,624
67_0000,67_0000_362,256,8559,636
67_0000,67_0000_363,256,7710,500
67_0000,67_0000_364,256,6981,328
67_0000,67_0000_365,256,6288,0
67_0000,67_0000_366,256,5769,0
67_0000,67_0000_367,256,5142,36
67_0000,67_0000_368,256,4473,528
67_0000,67_0000_369,256,3846,976
67_0000,67_0000_370,256,3084,736
67_0000,67_0000_371,256,2271,580
67_0000,67_0000_372,256,1626,744
80_0000,80_0000_043,256,6,0
80_0000,80_0000_044,256,93,288
80_0000,80_0000_045,256,183,352
80_0000,80_0000_046,256,315,592
80_0000,80_0000_047,256,399,500
80_0000,80_0000_048,256,420,384
80_0000,80_0000_049,256,435,324
80_0000,80_0000_050,256,567,432
80_0000,80_0000_051,256,630,468
80_0000,80_0000_052,256,624,236
80_0000,80_0000_053,256,708,292
80_0000,80_0000_054,256,783,724
80_0000,80_0000_055,256,990,956
80_0000,80_0000_056,256,1074,864
80_0000,80_0000_057,256,1041,1004
80_0000,80_0000_058,256,1128,832
80_0000,80_0000_059,256,1275,784
80_0000,80_0000_060,256,1440,840
80_0000,80_0000_061,256,1674,1376
80_0000,80_0000_062,256,1626,1148
80_0000,80_0000_063,256,1890,1384
80_0000,80_0000_064,256,1866,796
80_0000,80_0000_065,256,2133,1692
80_0000,80_0000_066,256,2388,672
80_0000,80_0000_067,256,2496,960
80_0000,80_0000_068,256,2748,1080
80_0000,80_0000_069,256,3186,1128
80_0000,80_0000_070,256,3198,1020
80_0000,80_0000_071,256,3609,2036
80_0000,80_0000_072,256,3912,1248
80_0000,80_0000_073,256,4305,1340
80_0000,80_0000_074,256,4401,1932
80_0000,80_0000_075,256,4518,1324
80_0000,80_0000_076,256,4815,1044
80_0000,80_0000_077,256,5091,1508
80_0000,80_0000_078,256,5553,1484
80_0000,80_0000_079,256,5826,1708
80_0000,80_0000_080,256,5988,1264
80_0000,80_0000_081,256,6279,972
80_0000,80_0000_082,256,6606,600
80_0000,80_0000_083,256,6840,588
80_0000,80_0000_084,256,7233,1188
80_0000,80_0000_085,256,7629,1048
80_0000,80_0000_086,256,8043,1712
80_0000,80_0000_087,256,8373,1992
80_0000,80_0000_088,256,8817,1160
80_0000,80_0000_089,256,9039,1992
80_0000,80_0000_090,256,9579,1648
80_0000,80_0000_091,256,9912,1812
80_0000,80_0000_092,256,10401,1524
80_0000,80_0000_093,256,10956,1312
80_0000,80_0000_094,256,11178,1300
80_0000,80_0000_095,256,11502,1368
80_0000,80_0000_096,256,12057,1216
80_0000,80_0000_097,256,12339,1264
80_0000,80_0000_098,256,12927,1528
80_0000,80_0000_099,256,13230,940
80_0000,80_0000_100,256,13680,1156
80_0000,80_0000_101,256,14106,820
80_0000,80_0000_102,256,14556,792
80_0000,80_0000_103,256,15096,1896
80_0000,80_0000_104,256,15594,1804
80_0000,80_0000_105,256,15789,1744
80_0000,80_0000_106,256,16281,1744
80_0000,80_0000_107,256,16809,1508
80_0000,80_0000_108,256,17073,1844
80_0000,80_0000_109,256,17835,1728
80_0000,80_0000_110,256,18459,1636
80_0000,80_0000_111,256,18885,2248
80_0000,80_0000_112,256,19257,2444
80_0000,80_0000_113,256,19680,1772
80_0000,80_0000_114,256,19869,1236
80_0000,80_0000_115,256,20376,1076
80_0000,80_0000_116,256,21060,1428
80_0000,80_0000_117,256,21531,2568
80_0000,80_0000_118,256,21975,2616
80_0000,80_0000_119,256,22815,3032
80_0000,80_0000_120,256,23415,2980
80_0000,80_0000_121,256,23820,3152
80_0000,80_0000_122,256,24576,3292
80_0000,80_0000_123,256,25227,2764
80_0000,80_0000_124,256,25893,2628
80_0000,80_0000_125,256,26511,2564
80_0000,80_0000_126,256,26982,2820
80_0000,80_0000_127,256,27465,3232
80_0000,80_0000_128,256,28386,3808
80_0000,80_0000_129,256,29181,3992
80_0000,80_0000_130,256,29841,3868
80_0000,80_0000_131,256,30708,4024
80_0000,80_0000_132,256,31710,4428
80_0000,80_0000_133,256,32367,4188
80_0000,80_0000_134,256,33192,3868
80_0000,80_0000_135,256,34143,3048
80_0000,80_0000_136,256,34785,2572
80_0000,80_0000_137,256,35868,3108
80_0000,80_0000_138,256,36687,2820
80_0000,80_0000_139,256,37206,2572
80_0000,80_0000_140,256,38400,2404
80_0000,80_0000_141,256,39297,2424
80_0000,80_0000_142,256,39912,2756
80_0000,80_0000_143,256,40833,2064
80_0000,80_0000_144,256,41631,1836
80_0000,80_0000_145,256,42594,2192
80_0000,80_0000_146,256,43176,2704
80_0000,80_0000_147,256,44286,3180
80_0000,80_0000_148,256,45060,3296
80_0000,80_0000_149,256,45801,3152
80_0000,80_0000_150,256,46944,3824
80_0000,80_0000_151,256,47514,4460
80_0000,80_0000_152,256,48651,3992
80_0000,80_0000_153,256,49788,2988
80_0000,80_0000_154,256,50556,3344
80_0000,80_0000_155,256,51600,3956
80_0000,80_0000_156,256,52659,3388
80_0000,80_0000_157,256,53607,3932
80_0000,80_0000_158,256,54081,3784
80_0000,80_0000_159,256,54945,3424
80_0000,80_0000_160,256,56505,2960
80_0000,80_0000_161,256,57387,2692
80_0000,80_0000_162,256,59421,2880
80_0000,80_0000_163,256,60909,3248
80_0000,80_0000_164,256,61827,2940
80_0000,80_0000_165,256,62583,3660
80_0000,80_0000_166,256,63843,2160
80_0000,80_0000_167,256,64422,1448
80_0000,80_0000_168,256,64764,2484
80_0000,80_0000_169,256,65751,2928
80_0000,80_0000_170,256,66636,2324
80_0000,80_0000_171,256,66999,2412
80_0000,80_0000_172,256,67899,2744
80_0000,80_0000_173,256,68247,2992
80_0000,80_0000_174,256,68736,2892
80_0000,80_0000_175,256,69252,2656
80_0000,80_0000_176,256,69105,2644
80_0000,80_0000_177,256,69369,2744
80_0000,80_0000_178,256,69900,2608
80_0000,80_0000_179,256,69645,2316
80_0000,80_0000_180,256,69552,1848
80_0000,80_0000_181,256,69504,1672
80_0000,80_0000_182,256,69294,1908
80_0000,80_0000_183,256,69384,2156
80_0000,80_0000_184,256,69816,2488
80_0000,80_0000_185,256,69360,2584
80_0000,80_0000_186,256,69327,2228
80_0000,80_0000_187,256,69723,1732
80_0000,80_0000_188,256,68982,2012
80_0000,80_0000_189,256,68796,1972
80_0000,80_0000_190,256,68577,1964
80_0000,80_0000_191,256,68520,1072
80_0000,80_0000_192,256,68334,740
80_0000,80_0000_193,256,68289,708
80_0000,80_0000_194,256,68454,992
80_0000,80_0000_195,256,68283,1536
80_0000,80_0000_196,256,68523,1420
80_0000,80_0000_197,256,68991,1640
80_0000,80_0000_198,256,68697,1416
80_0000,80_0000_199,256,69102,1660
80_0000,80_0000_200,256,69348,1884
80_0000,80_0000_201,256,69372,1528
80_0000,80_0000_202,256,69804,1620
80_0000,80_0000_203,256,70428,3048
80_0000,80_0000_204,256,70566,3136
80_0000,80_0000_205,256,70560,1772
80_0000,80_0000_206,256,70974,1304
80_0000,80_0000_207,256,70587,628
80_0000,80_0000_208,256,70908,608
80_0000,80_0000_209,256,71193,756
80_0000,80_0000_210,256,70986,1536
80_0000,80_0000_211,256,70971,1144
80_0000,80_0000_212,256,71823,1188
80_0000,80_0000_213,256,71667,1128
80_0000,80_0000_214,256,71529,544
80_0000,80_0000_215,256,72042,964
80_0000,80_0000_216,256,72342,1736
80_0000,80_0000_217,256,72660,1812
80_0000,80_0000_218,256,73038,476
80_0000,80_0000_219,256,73095,532
80_0000,80_0000_220,256,73479,916
80_0000,80_0000_221,256,73905,1416
80_0000,80_0000_222,256,74091,1488
80_0000,80_0000_223,256,75168,1664
80_0000,80_0000_224,256,75552,1700
80_0000,80_0000_225,256,75501,1416
80_0000,80_0000_226,256,75363,1420
80_0000,80_0000_227,256,75876,1732
80_0000,80_0000_228,256,75903,1648
80_0000,80_0000_229,256,75627,1440
80_0000,80_0000_230,256,75696,1936
80_0000,80_0000_231,256,76074,1236
80_0000,80_0000_232,256,75801,2076
80_0000,80_0000_233,256,75840,1496
80_0000,80_0000_234,256,76173,1900
80_0000,80_0000_235,256,75864,1672
80_0000,80_0000_236,256,75870,992
80_0000,80_0000_237,256,76353,808
80_0000,80_0000_238,256,76755,1028
80_0000,80_0000_239,256,76554,1240
80_0000,80_0000_240,256,76749,1200
80_0000,80_0000_241,256,76875,1288
80_0000,80_0000_242,256,76431,800
80_0000,80_0000_243,256,76248,884
80_0000,80_0000_244,256,76047,868
80_0000,80_0000_245,256,76260,872
80_0000,80_0000_246,256,75939,908
80_0000,80_0000_247,256,76245,1536
80_0000,80_0000_248,256,76122,1448
80_0000,80_0000_249,256,76089,1340
80_0000,80_0000_250,256,75912,1736
80_0000,80_0000_251,256,75294,1892
80_0000,80_0000_252,256,75288,1820
80_0000,80_0000_253,256,74850,1684
80_0000,80_0000_254,256,75228,1884
80_0000,80_0000_255,256,75588,1868
80_0000,80_0000_256,256,74982,2188
80_0000,80_0000_257,256,75204,2268
80_0000,80_0000_258,256,74925,2264
80_0000,80_0000_259,256,74376,2168
80_0000,80_0000_260,256,74367,2280
80_0000,80_0000_261,256,73140,2300
80_0000,80_0000_262,256,72453,2332
80_0000,80_0000_263,256,72024,2296
80_0000,80_0000_264,256,72033,2740
80_0000,80_0000_265,256,72342,2120
80_0000,80_0000_266,256,71787,2152
80_0000,80_0000_267,256,71904,2196
80_0000,80_0000_268,256,72558,2096
80_0000,80_0000_269,256,72384,2156
80_0000,80_0000_270,256,73161,2360
80_0000,80_0000_271,256,73341,2008
80_0000,80_0000_272,256,73152,1596
80_0000,80_0000_273,256,73368,796
80_0000,80_0000_274,256,73122,1124
80_0000,80_0000_275,256,73092,1940
80_0000,80_0000_276,256,73536,2416
80_0000,80_0000_277,256,73239,2604
80_0000,80_0000_278,256,73320,2528
80_0000,80_0000_279,256,73338,2576
80_0000,80_0000_280,256,73347,2892
80_0000,80_0000_281,256,73296,3380
80_0000,80_0000_282,256,73722,3592
80_0000,80_0000_283,256,74232,3496
80_0000,80_0000_284,256,73719,2896
80_0000,80_0000_285,256,73890,1200
80_0000,80_0000_286,256,74298,1792
80_0000,80_0000_287,256,74190,2572
80_0000,80_0000_288,256,74046,3096
80_0000,80_0000_289,256,74541,3060
80_0000,80_0000_290,256,74400,3624
80_0000,80_0000_291,256,73818,3848
80_0000,80_0000_292,256,74103,3656
80_0000,80_0000_293,256,74562,3640
80_0000,80_0000_294,256,74703,3804
80_0000,80_0000_295,256,74733,3188
80_0000,80_0000_296,256,74355,3532
80_0000,80_0000_297,256,73803,2620
80_0000,80_0000_298,256,74109,2984
80_0000,80_0000_299,256,73548,2384
80_0000,80_0000_300,256,72519,2444
80_0000,80_0000_301,256,72921,2460
80_0000,80_0000_302,256,73134,2316
80_0000,80_0000_303,256,73572,1740
80_0000,80_0000_304,256,73845,2740
80_0000,80_0000_305,256,74925,3320
80_0000,80_0000_306,256,74229,2764
80_0000,80_0000_307,256,74703,3244
80_0000,80_0000_308,256,75015,3604
80_0000,80_0000_309,256,74487,2800
80_0000,80_0000_310,256,74841,3068
80_0000,80_0000_311,256,74646,2632
80_0000,80_0000_312,256,74433,3356
80_0000,80_0000_313,256,74247,3336
80_0000,80_0000_314,256,74658,4228
80_0000,80_0000_315,256,73959,4432
80_0000,80_0000_316,256,73611,3272
80_0000,80_0000_317,256,73722,3060
80_0000,80_0000_318,256,73797,2860
80_0000,80_0000_319,256,73650,4452
80_0000,80_0000_320,256,73713,3896
80_0000,80_0000_321,256,73416,4224
80_0000,80_0000_322,256,73284,3288
80_0000,80_0000_323,256,73134,2112
80_0000,80_0000_324,256,73254,2296
80_0000,80_0000_325,256,73092,2268
80_0000,80_0000_326,256,72699,2196
80_0000,80_0000_327,256,72333,1948
80_0000,80_0000_328,256,71865,1376
80_0000,80_0000_329,256,71922,1196
80_0000,80_0000_330,256,70974,652
80_0000,80_0000_331,256,70836,1032
80_0000,80_0000_332,256,70572,724
80_0000,80_0000_333,256,70008,788
80_0000,80_0000_334,256,70176,848
80_0000,80_0000_335,256,69729,996
80_0000,80_0000_336,256,69732,944
80_0000,80_0000_337,256,69615,812
80_0000,80_0000_338,256,69516,680
80_0000,80_0000_339,256,69465,708
80_0000,80_0000_340,256,69252,756
80_0000,80_0000_341,256,69138,864
80_0000,80_0000_342,256,69435,676
80_0000,80_0000_343,256,69762,692
80_0000,80_0000_344,256,69333,668
80_0000,80_0000_345,256,69828,660
80_0000,80_0000_346,256,69870,660
80_0000,80_0000_347,256,70242,768
80_0000,80_0000_348,256,70932,800
80_0000,80_0000_349,256,70197,864
80_0000,80_0000_350,256,69885,980
80_0000,80_0000_351,256,70566,1040
80_0000,80_0000_352,256,70704,1296
80_0000,80_0000_353,256,70779,1732
80_0000,80_0000_354,256,70992,1768
80_0000,80_0000_355,256,70479,2484
80_0000,80_0000_356,256,70680,2704
80_0000,80_0000_357,256,70692,2640
80_0000,80_0000_358,256,70350,3604
80_0000,80_0000_359,256,69432,3800
80_0000,80_0000_360,256,69762,3632
80_0000,80_0000_361,256,68973,3200
80_0000,80_0000_362,256,68817,3456
80_0000,80_0000_363,256,68523,3528
80_0000,80_0000_364,256,68364,3292
80_0000,80_0000_365,256,68016,3360
80_0000,80_0000_366,256,68370,3660
80_0000,80_0000_367,256,68343,3676
80_0000,80_0000_368,256,68061,4032
80_0000,80_0000_369,256,68358,3960
80_0000,80_0000_370,256,68430,3376
80_0000,80_0000_371,256,68583,2936
80_0000,80_0000_372,256,68391,2776
80_0000,80_0000_373,256,68508,3100
80_0000,80_0000_374,256,68355,2460
80_0000,80_0000_375,256,68250,3116
80_0000,80_0000_376,256,68532,3144
80_0000,80_0000_377,256,68361,3572
80_0000,80_0000_378,256,68202,3652
80_0000,80_0000_379,256,68562,3612
80_0000,80_0000_380,256,68397,2880
80_0000,80_0000_381,256,68586,2952
80_0000,80_0000_382,256,68769,3180
80_0000,80_0000_383,256,68778,3520
80_0000,80_0000_384,256,68466,3188
80_0000,80_0000_385,256,68757,3008
80_0000,80_0000_386,256,68502,3040
80_0000,80_0000_387,256,68661,2880
80_0000,80_0000_388,256,68847,2964
80_0000,80_0000_389,256,68640,2992
80_0000,80_0000_390,256,68358,3020
80_0000,80_0000_391,256,68613,3124
80_0000,80_0000_392,256,67746,2728
80_0000,80_0000_393,256,66876,2964
80_0000,80_0000_394,256,66222,2716
80_0000,80_0000_395,256,65574,2352
80_0000,80_0000_396,256,64629,2300
80_0000,80_0000_397,256,64446,2060
80_0000,80_0000_398,256,63687,2164
80_0000,80_0000_399,256,62874,2020
80_0000,80_0000_400,256,62316,1788
80_0000,80_0000_401,256,61491,1856
80_0000,80_0000_402,256,60627,1804
80_0000,80_0000_403,256,59880,1680
80_0000,80_0000_404,256,59238,1576
80_0000,80_0000_405,256,58950,1300
80_0000,80_0000_406,256,58821,1408
80_0000,80_0000_407,256,58479,1096
80_0000,80_0000_408,256,57741,912
80_0000,80_0000_409,256,57363,1216
80_0000,80_0000_410,256,56796,1012
80_0000,80_0000_411,256,56646,936
80_0000,80_0000_412,256,56568,880
80_0000,80_0000_413,256,56523,1044
80_0000,80_0000_414,256,55854,804
80_0000,80_0000_415,256,55734,1084
80_0000,80_0000_416,256,55551,1144
80_0000,80_0000_417,256,55314,2652
80_0000,80_0000_418,256,54969,3024
80_0000,80_0000_419,256,55065,3112
80_0000,80_0000_420,256,54510,2940
80_0000,80_0000_421,256,54594,2140
80_0000,80_0000_422,256,54402,2220
80_0000,80_0000_423,256,53925,2204
80_0000,80_0000_424,256,53709,2788
80_0000,80_0000_425,256,54153,2592
80_0000,80_0000_426,256,53055,2208
80_0000,80_0000_427,256,52707,2620
80_0000,80_0000_428,256,52440,2496
80_0000,80_0000_429,256,51795,2352
80_0000,80_0000_430,256,51543,2588
80_0000,80_0000_431,256,51534,2892
80_0000,80_0000_432,256,50745,3176
80_0000,80_0000_433,256,50052,3064
80_0000,80_0000_434,256,50223,3124
80_0000,80_0000_435,256,49587,2896
80_0000,80_0000_436,256,49041,2724
80_0000,80_0000_437,256,48792,2900
80_0000,80_0000_438,256,48582,2816
80_0000,80_0000_439,256,48264,2928
80_0000,80_0000_440,256,48123,2648
80_0000,80_0000_441,256,47706,2312
80_0000,80_0000_442,256,47235,1860
80_0000,80_0000_443,256,47094,1872
80_0000,80_0000_444,256,47040,2120
80_0000,80_0000_445,256,46539,2252
80_0000,80_0000_446,256,46194,2356
80_0000,80_0000_447,256,45894,2336
80_0000,80_0000_448,256,45330,2052
80_0000,80_0000_449,256,45147,1560
80_0000,80_0000_450,256,44922,1412
80_0000,80_0000_451,256,44325,1068
80_0000,80_0000_452,256,44280,1300
80_0000,80_0000_453,256,44280,944
80_0000,80_0000_454,256,43725,1012
80_0000,80_0000_455,256,43455,1120
80_0000,80_0000_456,256,43383,1020
80_0000,80_0000_457,256,42846,928
80_0000,80_0000_458,256,42951,884
80_0000,80_0000_459,256,42552,804
80_0000,80_0000_460,256,41847,776
80_0000,80_0000_461,256,41199,700
80_0000,80_0000_462,256,40983,672
80_0000,80_0000_463,256,40500,688
80_0000,80_0000_464,256,39861,580
80_0000,80_0000_465,256,39522,672
80_0000,80_0000_466,256,38817,528
80_0000,80_0000_467,256,38043,520
80_0000,80_0000_468,256,37812,432
80_0000,80_0000_469,256,37056,572
80_0000,80_0000_470,256,36426,392
80_0000,80_0000_471,256,35988,580
80_0000,80_0000_472,256,35412,748
80_0000,80_0000_473,256,34593,592
80_0000,80_0000_474,256,34152,532
80_0000,80_0000_475,256,33558,736
80_0000,80_0000_476,256,33192,476
80_0000,80_0000_477,256,32622,1044
80_0000,80_0000_478,256,32262,792
80_0000,80_0000_479,256,31536,392
80_0000,80_0000_480,256,30993,284
80_0000,80_0000_481,256,30684,176
80_0000,80_0000_482,256,29970,276
80_0000,80_0000_483,256,29064,408
80_0000,80_0000_484,256,28971,264
80_0000,80_0000_485,256,28272,0
80_0000,80_0000_486,256,27810,0
80_0000,80_0000_487,256,27264,48
80_0000,80_0000_488,256,27099,0
80_0000,80_0000_489,256,26595,104
80_0000,80_0000_490,256,26232,160
80_0000,80_0000_491,256,25560,304
80_0000,80_0000_492,256,24957,228
80_0000,80_0000_493,256,24753,176
80_0000,80_0000_494,256,24120,124
80_0000,80_0000_495,256,23607,172
80_0000,80_0000_496,256,23031,4
80_0000,80_0000_497,256,22653,0
80_0000,80_0000_498,256,21957,160
80_0000,80_0000_499,256,21702,0
80_0000,80_0000_500,256,21075,404
80_0000,80_0000_501,256,20523,28
80_0000,80_0000_502,256,20364,68
80_0000,80_0000_503,256,19746,100
80_0000,80_0000_504,256,19116,252
80_0000,80_0000_505,256,18711,196
80_0000,80_0000_506,256,17916,124
80_0000,80_0000_507,256,17571,260
80_0000,80_0000_508,256,17076,296
80_0000,80_0000_509,256,16677,240
80_0000,80_0000_510,256,16143,124
80_0000,80_0000_511,256,15624,152
80_0000,80_0000_512,256,15189,0
80_0000,80_0000_513,256,14538,0
80_0000,80_0000_514,256,14217,0
80_0000,80_0000_515,256,13677,88
80_0000,80_0000_516,256,13293,0
80_0000,80_0000_517,256,12702,36
80_0000,80_0000_518,256,12237,276
80_0000,80_0000_519,256,11844,96
80_0000,80_0000_520,256,11256,92
80_0000,80_0000_521,256,10674,0
80_0000,80_0000_522,256,10245,0
80_0000,80_0000_523,256,9894,0
80_0000,80_0000_524,256,9480,12
80_0000,80_0000_525,256,8997,0
80_0000,80_0000_526,256,8565,0
80_0000,80_0000_527,256,8142,0
80_0000,80_0000_528,256,7620,0
80_0000,80_0000_529,256,7065,0
80_0000,80_0000_530,256,6654,0
80_0000,80_0000_531,256,6057,0
80_0000,80_0000_532,256,5565,0
80_0000,80_0000_533,256,5160,0
80_0000,80_0000_534,256,4683,0
80_0000,80_0000_535,256,4230,0
80_0000,80_0000_536,256,3855,96
80_0000,80_0000_537,256,3300,148
80_0000,80_0000_538,256,2937,8
80_0000,80_0000_539,256,2829,0
80_0000,80_0000_540,256,2679,0
80_0000,80_0000_541,256,2502,48
80_0000,80_0000_542,256,2253,0
80_0000,80_0000_543,256,2055,0
80_0000,80_0000_544,256,1779,0
80_0000,80_0000_545,256,1554,0
80_0000,80_0000_546,256,1341,172
80_0000,80_0000_547,256,1143,0
80_0000,80_0000_548,256,954,0
80_0000,80_0000_549,256,816,40
80_0000,80_0000_550,256,678,192
80_0000,80_0000_551,256,501,356
81_0000,81_0000_056,256,15,144
81_0000,81_0000_057,256,39,204
81_0000,81_0000_058,256,114,332
81_0000,81_0000_059,256,165,492
81_0000,81_0000_060,256,231,560
81_0000,81_0000_061,256,249,484
81_0000,81_0000_062,256,282,672
81_0000,81_0000_063,256,348,664
81_0000,81_0000_064,256,468,680
81_0000,81_0000_065,256,588,584
81_0000,81_0000_066,256,702,636
81_0000,81_0000_067,256,789,556
81_0000,81_0000_068,256,849,516
81_0000,81_0000_069,256,981,252
81_0000,81_0000_070,256,1050,324
81_0000,81_0000_071,256,1131,460
81_0000,81_0000_072,256,1299,440
81_0000,81_0000_073,256,1446,536
81_0000,81_0000_074,256,1515,500
81_0000,81_0000_075,256,1692,508
81_0000,81_0000_076,256,1878,912
81_0000,81_0000_077,256,2085,968
81_0000,81_0000_078,256,2328,1104
81_0000,81_0000_079,256,2643,1392
81_0000,81_0000_080,256,2940,1180
81_0000,81_0000_081,256,3153,1152
81_0000,81_0000_082,256,3435,1052
81_0000,81_0000_083,256,3732,1076
81_0000,81_0000_084,256,3963,1116
81_0000,81_0000_085,256,4221,1088
81_0000,81_0000_086,256,4407,1144
81_0000,81_0000_087,256,4746,1060
81_0000,81_0000_088,256,4977,1044
81_0000,81_0000_089,256,5268,1060
81_0000,81_0000_090,256,5613,1284
81_0000,81_0000_091,256,5922,1236
81_0000,81_0000_092,256,6267,1180
81_0000,81_0000_093,256,6576,1120
81_0000,81_0000_094,256,7002,1364
81_0000,81_0000_095,256,7494,1472
81_0000,81_0000_096,256,8028,1484
81_0000,81_0000_097,256,8379,1496
81_0000,81_0000_098,256,8841,1456
81_0000,81_0000_099,256,9288,1368
81_0000,81_0000_100,256,9681,1492
81_0000,81_0000_101,256,10284,1380
81_0000,81_0000_102,256,10767,1192
81_0000,81_0000_103,256,11334,612
81_0000,81_0000_104,256,11787,628
81_0000,81_0000_105,256,12390,976
81_0000,81_0000_106,256,12978,1012
81_0000,81_0000_107,256,13479,1116
81_0000,81_0000_108,256,14112,1360
81_0000,81_0000_109,256,14778,1272
81_0000,81_0000_110,256,15459,964
81_0000,81_0000_111,256,16155,940
81_0000,81_0000_112,256,16845,1308
81_0000,81_0000_113,256,17619,1376
81_0000,81_0000_114,256,18423,1388
81_0000,81_0000_115,256,19521,1688
81_0000,81_0000_116,256,20268,1220
81_0000,81_0000_117,256,21174,1276
81_0000,81_0000_118,256,22200,772
81_0000,81_0000_119,256,23181,676
81_0000,81_0000_120,256,24153,852
81_0000,81_0000_121,256,25206,796
81_0000,81_0000_122,256,26316,836
81_0000,81_0000_123,256,27303,808
81_0000,81_0000_124,256,28293,1668
81_0000,81_0000_125,256,29379,1756
81_0000,81_0000_126,256,30186,2168
81_0000,81_0000_127,256,31602,2164
81_0000,81_0000_128,256,32700,2752
81_0000,81_0000_129,256,33837,2440
81_0000,81_0000_130,256,34890,1912
81_0000,81_0000_131,256,36084,832
81_0000,81_0000_132,256,37029,836
81_0000,81_0000_133,256,38241,1256
81_0000,81_0000_134,256,39450,1280
81_0000,81_0000_135,256,40719,1488
81_0000,81_0000_136,256,41988,1192
81_0000,81_0000_137,256,43407,1312
81_0000,81_0000_138,256,44691,1836
81_0000,81_0000_139,256,46056,2592
81_0000,81_0000_140,256,47172,2088
81_0000,81_0000_141,256,48387,2348
81_0000,81_0000_142,256,49518,2496
81_0000,81_0000_143,256,50883,1548
81_0000,81_0000_144,256,52041,1400
81_0000,81_0000_145,256,53340,1432
81_0000,81_0000_146,256,54297,1408
81_0000,81_0000_147,256,55383,1640
81_0000,81_0000_148,256,56712,1736
81_0000,81_0000_149,256,57789,3700
81_0000,81_0000_150,256,59046,3736
81_0000,81_0000_151,256,60480,3932
81_0000,81_0000_152,256,61833,3936
81_0000,81_0000_153,256,63165,3828
81_0000,81_0000_154,256,64539,3552
81_0000,81_0000_155,256,65760,3812
81_0000,81_0000_156,256,67083,4024
81_0000,81_0000_157,256,68547,3964
81_0000,81_0000_158,256,69675,3672
81_0000,81_0000_159,256,70683,2952
81_0000,81_0000_160,256,71856,1904
81_0000,81_0000_161,256,72870,3348
81_0000,81_0000_162,256,73665,5256
81_0000,81_0000_163,256,74787,5748
81_0000,81_0000_164,256,75921,6928
81_0000,81_0000_165,256,77244,6872
81_0000,81_0000_166,256,78027,7124
81_0000,81_0000_167,256,78741,6640
81_0000,81_0000_168,256,79212,6596
81_0000,81_0000_169,256,79728,6840
81_0000,81_0000_170,256,80295,6780
81_0000,81_0000_171,256,80853,6904
81_0000,81_0000_172,256,81390,6012
81_0000,81_0000_173,256,81909,6092
81_0000,81_0000_174,256,82419,5860
81_0000,81_0000_175,256,82998,5860
81_0000,81_0000_176,256,83604,5564
81_0000,81_0000_177,256,84297,5112
81_0000,81_0000_178,256,85353,5036
81_0000,81_0000_179,256,86460,4480
81_0000,81_0000_180,256,87234,5836
81_0000,81_0000_181,256,88233,6028
81_0000,81_0000_182,256,88902,5964
81_0000,81_0000_183,256,90045,6612
81_0000,81_0000_184,256,90786,5896
81_0000,81_0000_185,256,91398,6060
81_0000,81_0000_186,256,91917,6636
81_0000,81_0000_187,256,92619,7188
81_0000,81_0000_188,256,93054,8548
81_0000,81_0000_189,256,93525,9016
81_0000,81_0000_190,256,94107,9232
81_0000,81_0000_191,256,94554,9096
81_0000,81_0000_192,256,94809,9216
81_0000,81_0000_193,256,95286,9740
81_0000,81_0000_194,256,95811,9968
81_0000,81_0000_195,256,96540,9576
81_0000,81_0000_196,256,97104,9520
81_0000,81_0000_197,256,97704,10368
81_0000,81_0000_198,256,97518,10012
81_0000,81_0000_199,256,97305,9356
81_0000,81_0000_200,256,97161,9652
81_0000,81_0000_201,256,96864,9596
81_0000,81_0000_202,256,96828,7356
81_0000,81_0000_203,256,96513,9676
81_0000,81_0000_204,256,96279,9544
81_0000,81_0000_205,256,96132,6560
81_0000,81_0000_206,256,95967,6520
81_0000,81_0000_207,256,95757,6408
81_0000,81_0000_208,256,95634,5956
81_0000,81_0000_209,256,95334,5684
81_0000,81_0000_210,256,95028,6072
81_0000,81_0000_211,256,94896,5768
81_0000,81_0000_212,256,94689,5260
81_0000,81_0000_213,256,94419,5236
81_0000,81_0000_214,256,94329,5776
81_0000,81_0000_215,256,94428,6448
81_0000,81_0000_216,256,94296,7820
81_0000,81_0000_217,256,94149,8028
81_0000,81_0000_218,256,93960,7528
81_0000,81_0000_219,256,94140,6960
81_0000,81_0000_220,256,93828,6324
81_0000,81_0000_221,256,93621,6404
81_0000,81_0000_222,256,93510,5452
81_0000,81_0000_223,256,93498,3600
81_0000,81_0000_224,256,93534,3708
81_0000,81_0000_225,256,93615,5116
81_0000,81_0000_226,256,93528,6184
81_0000,81_0000_227,256,93543,6820
81_0000,81_0000_228,256,93612,7324
81_0000,81_0000_229,256,93408,7348
81_0000,81_0000_230,256,93339,6712
81_0000,81_0000_231,256,93237,5664
81_0000,81_0000_232,256,93576,4980
81_0000,81_0000_233,256,93846,4968
81_0000,81_0000_234,256,93852,4116
81_0000,81_0000_235,256,94233,2784
81_0000,81_0000_236,256,94437,2084
81_0000,81_0000_237,256,94599,2492
81_0000,81_0000_238,256,94389,1592
81_0000,81_0000_239,256,94833,1372
81_0000,81_0000_240,256,94923,1084
81_0000,81_0000_241,256,94803,384
81_0000,81_0000_242,256,94719,908
81_0000,81_0000_243,256,94362,1192
81_0000,81_0000_244,256,94425,772
81_0000,81_0000_245,256,94449,12
81_0000,81_0000_246,256,94203,248
81_0000,81_0000_247,256,94182,136
81_0000,81_0000_248,256,94146,656
81_0000,81_0000_249,256,94059,468
81_0000,81_0000_250,256,93954,832
81_0000,81_0000_251,256,93624,1044
81_0000,81_0000_252,256,93438,656
81_0000,81_0000_253,256,93204,944
81_0000,81_0000_254,256,92874,968
81_0000,81_0000_255,256,92691,1172
81_0000,81_0000_256,256,92415,1248
81_0000,81_0000_257,256,92391,980
81_0000,81_0000_258,256,92364,844
81_0000,81_0000_259,256,92478,552
81_0000,81_0000_260,256,92352,620
81_0000,81_0000_261,256,92274,536
81_0000,81_0000_262,256,92418,820
81_0000,81_0000_263,256,92355,2420
81_0000,81_0000_264,256,92352,2972
81_0000,81_0000_265,256,92364,3776
81_0000,81_0000_266,256,92655,3508
81_0000,81_0000_267,256,92646,3892
81_0000,81_0000_268,256,92511,4188
81_0000,81_0000_269,256,92190,3916
81_0000,81_0000_270,256,92163,4660
81_0000,81_0000_271,256,91791,4320
81_0000,81_0000_272,256,92040,5260
81_0000,81_0000_273,256,91866,5136
81_0000,81_0000_274,256,91839,4768
81_0000,81_0000_275,256,91593,3664
81_0000,81_0000_276,256,91104,3520
81_0000,81_0000_277,256,90822,3260
81_0000,81_0000_278,256,90648,3248
81_0000,81_0000_279,256,90762,4612
81_0000,81_0000_280,256,90621,5300
81_0000,81_0000_281,256,90390,6680
81_0000,81_0000_282,256,90261,6184
81_0000,81_0000_283,256,90060,6560
81_0000,81_0000_284,256,90126,4952
81_0000,81_0000_285,256,90108,3596
81_0000,81_0000_286,256,90018,3208
81_0000,81_0000_287,256,90030,4032
81_0000,81_0000_288,256,90123,3152
81_0000,81_0000_289,256,89778,3204
81_0000,81_0000_290,256,89769,3544
81_0000,81_0000_291,256,89448,3092
81_0000,81_0000_292,256,89205,2728
81_0000,81_0000_293,256,89097,1824
81_0000,81_0000_294,256,88833,1640
81_0000,81_0000_295,256,88734,1632
81_0000,81_0000_296,256,88491,1844
81_0000,81_0000_297,256,88311,1536
81_0000,81_0000_298,256,87702,1592
81_0000,81_0000_299,256,87540,2048
81_0000,81_0000_300,256,87432,2388
81_0000,81_0000_301,256,87264,2096
81_0000,81_0000_302,256,86973,1736
81_0000,81_0000_303,256,86799,1976
81_0000,81_0000_304,256,86589,2088
81_0000,81_0000_305,256,86514,1820
81_0000,81_0000_306,256,86274,2168
81_0000,81_0000_307,256,86031,2912
81_0000,81_0000_308,256,85821,2480
81_0000,81_0000_309,256,85524,3172
81_0000,81_0000_310,256,85278,2812
81_0000,81_0000_311,256,84942,2408
81_0000,81_0000_312,256,84645,1932
81_0000,81_0000_313,256,84396,1876
81_0000,81_0000_314,256,84192,2148
81_0000,81_0000_315,256,83898,2344
81_0000,81_0000_316,256,83547,1520
81_0000,81_0000_317,256,83229,936
81_0000,81_0000_318,256,82887,1812
81_0000,81_0000_319,256,82536,1952
81_0000,81_0000_320,256,82335,2416
81_0000,81_0000_321,256,82107,2536
81_0000,81_0000_322,256,81753,2820
81_0000,81_0000_323,256,81561,2764
81_0000,81_0000_324,256,81378,1904
81_0000,81_0000_325,256,81105,1980
81_0000,81_0000_326,256,80865,1688
81_0000,81_0000_327,256,80730,1848
81_0000,81_0000_328,256,80877,2624
81_0000,81_0000_329,256,80307,2976
81_0000,81_0000_330,256,80361,2988
81_0000,81_0000_331,256,80418,2920
81_0000,81_0000_332,256,80325,2932
81_0000,81_0000_333,256,80391,3264
81_0000,81_0000_334,256,80472,2824
81_0000,81_0000_335,256,80421,2616
81_0000,81_0000_336,256,80601,2364
81_0000,81_0000_337,256,80466,2492
81_0000,81_0000_338,256,80442,2632
81_0000,81_0000_339,256,80505,2764
81_0000,81_0000_340,256,80547,2688
81_0000,81_0000_341,256,80775,2788
81_0000,81_0000_342,256,80808,2460
81_0000,81_0000_343,256,80802,2308
81_0000,81_0000_344,256,80640,2188
81_0000,81_0000_345,256,80478,2112
81_0000,81_0000_346,256,80445,1800
81_0000,81_0000_347,256,80412,2372
81_0000,81_0000_348,256,80112,2680
81_0000,81_0000_349,256,79806,2652
81_0000,81_0000_350,256,79509,2956
81_0000,81_0000_351,256,79266,3368
81_0000,81_0000_352,256,78930,3056
81_0000,81_0000_353,256,78759,3140
81_0000,81_0000_354,256,78483,3272
81_0000,81_0000_355,256,78285,3268
81_0000,81_0000_356,256,77934,3596
81_0000,81_0000_357,256,77670,3636
81_0000,81_0000_358,256,77343,3108
81_0000,81_0000_359,256,77043,3504
81_0000,81_0000_360,256,76848,3828
81_0000,81_0000_361,256,76575,3856
81_0000,81_0000_362,256,76257,3432
81_0000,81_0000_363,256,75966,3824
81_0000,81_0000_364,256,75669,4028
81_0000,81_0000_365,256,75279,4192
81_0000,81_0000_366,256,75027,3568
81_0000,81_0000_367,256,74718,3432
81_0000,81_0000_368,256,74430,3608
81_0000,81_0000_369,256,73986,3816
81_0000,81_0000_370,256,73626,4024
81_0000,81_0000_371,256,73302,4156
81_0000,81_0000_372,256,72918,4268
81_0000,81_0000_373,256,72609,4164
81_0000,81_0000_374,256,72171,3448
81_0000,81_0000_375,256,71766,3028
81_0000,81_0000_376,256,71238,2776
81_0000,81_0000_377,256,70920,2708
81_0000,81_0000_378,256,70608,2492
81_0000,81_0000_379,256,70137,2196
81_0000,81_0000_380,256,69687,1912
81_0000,81_0000_381,256,69303,1476
81_0000,81_0000_382,256,68940,1632
81_0000,81_0000_383,256,68724,1252
81_0000,81_0000_384,256,68277,1204
81_0000,81_0000_385,256,67770,1280
81_0000,81_0000_386,256,67344,976
81_0000,81_0000_387,256,67071,952
81_0000,81_0000_388,256,66795,884
81_0000,81_0000_389,256,66399,916
81_0000,81_0000_390,256,65964,1176
81_0000,81_0000_391,256,65559,1100
81_0000,81_0000_392,256,65190,1096
81_0000,81_0000_393,256,64752,1132
81_0000,81_0000_394,256,64500,1180
81_0000,81_0000_395,256,64107,1180
81_0000,81_0000_396,256,63672,1484
81_0000,81_0000_397,256,63171,1360
81_0000,81_0000_398,256,62847,1540
81_0000,81_0000_399,256,62355,1560
81_0000,81_0000_400,256,61962,1452
81_0000,81_0000_401,256,61449,1564
81_0000,81_0000_402,256,61062,1620
81_0000,81_0000_403,256,60642,1476
81_0000,81_0000_404,256,60099,1432
81_0000,81_0000_405,256,59595,1352
81_0000,81_0000_406,256,59244,1360
81_0000,81_0000_407,256,58764,1460
81_0000,81_0000_408,256,58347,1596
81_0000,81_0000_409,256,57882,2092
81_0000,81_0000_410,256,57354,1348
81_0000,81_0000_411,256,56973,1220
81_0000,81_0000_412,256,56478,1048
81_0000,81_0000_413,256,56010,1092
81_0000,81_0000_414,256,55542,712
81_0000,81_0000_415,256,55029,984
81_0000,81_0000_416,256,54597,1460
81_0000,81_0000_417,256,54081,1328
81_0000,81_0000_418,256,53673,940
81_0000,81_0000_419,256,53199,1076
81_0000,81_0000_420,256,52773,1120
81_0000,81_0000_421,256,52215,1324
81_0000,81_0000_422,256,51738,1156
81_0000,81_0000_423,256,51285,1248
81_0000,81_0000_424,256,50877,1176
81_0000,81_0000_425,256,50391,828
81_0000,81_0000_426,256,49998,912
81_0000,81_0000_427,256,49590,884
81_0000,81_0000_428,256,49239,824
81_0000,81_0000_429,256,48756,764
81_0000,81_0000_430,256,48417,940
81_0000,81_0000_431,256,48042,712
81_0000,81_0000_432,256,47619,736
81_0000,81_0000_433,256,47370,896
81_0000,81_0000_434,256,47088,736
81_0000,81_0000_435,256,46827,876
81_0000,81_0000_436,256,46509,1152
81_0000,81_0000_437,256,45804,964
81_0000,81_0000_438,256,45090,1000
81_0000,81_0000_439,256,44496,856
81_0000,81_0000_440,256,43884,1100
81_0000,81_0000_441,256,43242,828
81_0000,81_0000_442,256,42486,908
81_0000,81_0000_443,256,42006,1196
81_0000,81_0000_444,256,41214,976
81_0000,81_0000_445,256,40539,940
81_0000,81_0000_446,256,39804,1000
81_0000,81_0000_447,256,39102,844
81_0000,81_0000_448,256,38214,752
81_0000,81_0000_449,256,37524,756
81_0000,81_0000_450,256,36741,780
81_0000,81_0000_451,256,35844,568
81_0000,81_0000_452,256,35085,548
81_0000,81_0000_453,256,34395,320
81_0000,81_0000_454,256,33720,84
81_0000,81_0000_455,256,32919,248
81_0000,81_0000_456,256,32283,8
81_0000,81_0000_457,256,31446,388
81_0000,81_0000_458,256,30678,168
81_0000,81_0000_459,256,29874,184
81_0000,81_0000_460,256,29082,24
81_0000,81_0000_461,256,28227,372
81_0000,81_0000_462,256,27447,260
81_0000,81_0000_463,256,26625,336
81_0000,81_0000_464,256,25863,228
81_0000,81_0000_465,256,25083,172
81_0000,81_0000_466,256,24369,220
81_0000,81_0000_467,256,23568,312
81_0000,81_0000_468,256,22779,8
81_0000,81_0000_469,256,21993,0
81_0000,81_0000_470,256,21342,4
81_0000,81_0000_471,256,20646,16
81_0000,81_0000_472,256,20040,0
81_0000,81_0000_473,256,19392,0
81_0000,81_0000_474,256,18639,0
81_0000,81_0000_475,256,18117,0
81_0000,81_0000_476,256,17487,148
81_0000,81_0000_477,256,16824,220
81_0000,81_0000_478,256,16212,0
81_0000,81_0000_479,256,15654,0
81_0000,81_0000_480,256,15018,0
81_0000,81_0000_481,256,14445,0
81_0000,81_0000_482,256,13869,12
81_0000,81_0000_483,256,13203,168
81_0000,81_0000_484,256,12627,16
81_0000,81_0000_485,256,12078,0
81_0000,81_0000_486,256,11610,0
81_0000,81_0000_487,256,11091,16
81_0000,81_0000_488,256,10539,0
81_0000,81_0000_489,256,10059,0
81_0000,81_0000_490,256,9540,96
81_0000,81_0000_491,256,9069,0
81_0000,81_0000_492,256,8634,0
81_0000,81_0000_493,256,8169,132
81_0000,81_0000_494,256,7656,16
81_0000,81_0000_495,256,7218,0
81_0000,81_0000_496,256,6765,0
81_0000,81_0000_497,256,6354,0
81_0000,81_0000_498,256,6024,0
81_0000,81_0000_499,256,5586,0
81_0000,81_0000_500,256,5187,48
81_0000,81_0000_501,256,4701,8
81_0000,81_0000_502,256,4197,0
81_0000,81_0000_503,256,3774,0
81_0000,81_0000_504,256,3315,348
81_0000,81_0000_505,256,2751,160
81_0000,81_0000_506,256,2364,68
81_0000,81_0000_507,256,1989,0
81_0000,81_0000_508,256,1710,40
81_0000,81_0000_509,256,1455,0
81_0000,81_0000_510,256,1221,0
81_0000,81_0000_511,256,1074,0
81_0000,81_0000_512,256,828,80
81_0000,81_0000_513,256,525,256
81_0000,81_0000_514,256,282,152
81_0000,81_0000_515,256,177,244
82_0000,82_0000_021,256,30,0
82_0000,82_0000_022,256,135,304
82_0000,82_0000_023,256,213,344
82_0000,82_0000_024,256,276,404
82_0000,82_0000_025,256,360,380
82_0000,82_0000_026,256,420,180
82_0000,82_0000_027,256,489,288
82_0000,82_0000_028,256,609,636
82_0000,82_0000_029,256,681,664
82_0000,82_0000_030,256,750,708
82_0000,82_0000_031,256,840,688
82_0000,82_0000_032,256,957,268
82_0000,82_0000_033,256,1062,192
82_0000,82_0000_034,256,1194,600
82_0000,82_0000_035,256,1287,788
82_0000,82_0000_036,256,1407,1080
82_0000,82_0000_037,256,1485,944
82_0000,82_0000_038,256,1668,932
82_0000,82_0000_039,256,1821,776
82_0000,82_0000_040,256,2016,780
82_0000,82_0000_041,256,2202,1132
82_0000,82_0000_042,256,2421,1020
82_0000,82_0000_043,256,2667,932
82_0000,82_0000_044,256,3027,804
82_0000,82_0000_045,256,3309,1136
82_0000,82_0000_046,256,3624,1044
82_0000,82_0000_047,256,3921,1180
82_0000,82_0000_048,256,4383,1432
82_0000,82_0000_049,256,4818,1436
82_0000,82_0000_050,256,5121,1308
82_0000,82_0000_051,256,5451,1516
82_0000,82_0000_052,256,5868,1788
82_0000,82_0000_053,256,6333,1376
82_0000,82_0000_054,256,6603,1632
82_0000,82_0000_055,256,6984,1564
82_0000,82_0000_056,256,7359,1464
82_0000,82_0000_057,256,7680,1340
82_0000,82_0000_058,256,8079,1440
82_0000,82_0000_059,256,8619,1108
82_0000,82_0000_060,256,9072,1116
82_0000,82_0000_061,256,9477,1056
82_0000,82_0000_062,256,9984,1132
82_0000,82_0000_063,256,10509,648
82_0000,82_0000_064,256,11001,696
82_0000,82_0000_065,256,11454,744
82_0000,82_0000_066,256,11976,668
82_0000,82_0000_067,256,12531,724
82_0000,82_0000_068,256,12897,832
82_0000,82_0000_069,256,13392,616
82_0000,82_0000_070,256,14259,440
82_0000,82_0000_071,256,14766,284
82_0000,82_0000_072,256,15435,8
82_0000,82_0000_073,256,15975,0
82_0000,82_0000_074,256,16647,0
82_0000,82_0000_075,256,17238,0
82_0000,82_0000_076,256,17856,272
82_0000,82_0000_077,256,18528,376
82_0000,82_0000_078,256,19185,612
82_0000,82_0000_079,256,19950,712
82_0000,82_0000_080,256,20640,652
82_0000,82_0000_081,256,21345,360
82_0000,82_0000_082,256,22098,264
82_0000,82_0000_083,256,22899,236
82_0000,82_0000_084,256,23697,224
82_0000,82_0000_085,256,24642,240
82_0000,82_0000_086,256,25452,300
82_0000,82_0000_087,256,26448,224
82_0000,82_0000_088,256,27501,360
82_0000,82_0000_089,256,28578,348
82_0000,82_0000_090,256,29859,484
82_0000,82_0000_091,256,30954,344
82_0000,82_0000_092,256,31968,360
82_0000,82_0000_093,256,33096,456
82_0000,82_0000_094,256,34428,752
82_0000,82_0000_095,256,35529,936
82_0000,82_0000_096,256,36834,988
82_0000,82_0000_097,256,37920,796
82_0000,82_0000_098,256,39087,1028
82_0000,82_0000_099,256,40524,1368
82_0000,82_0000_100,256,41868,1384
82_0000,82_0000_101,256,42735,788
82_0000,82_0000_102,256,43956,1644
82_0000,82_0000_103,256,45465,1880
82_0000,82_0000_104,256,46989,2064
82_0000,82_0000_105,256,48957,2292
82_0000,82_0000_106,256,51048,2140
82_0000,82_0000_107,256,52950,1284
82_0000,82_0000_108,256,54768,1352
82_0000,82_0000_109,256,56586,1636
82_0000,82_0000_110,256,58758,1728
82_0000,82_0000_111,256,61026,2012
82_0000,82_0000_112,256,63180,2040
82_0000,82_0000_113,256,65352,1888
82_0000,82_0000_114,256,67470,1312
82_0000,82_0000_115,256,69684,1216
82_0000,82_0000_116,256,71442,1980
82_0000,82_0000_117,256,73692,2124
82_0000,82_0000_118,256,76119,2384
82_0000,82_0000_119,256,78516,2248
82_0000,82_0000_120,256,81180,1752
82_0000,82_0000_121,256,83973,504
82_0000,82_0000_122,256,86262,1480
82_0000,82_0000_123,256,88899,1260
82_0000,82_0000_124,256,91521,892
82_0000,82_0000_125,256,94113,940
82_0000,82_0000_126,256,97218,1456
82_0000,82_0000_127,256,99990,1496
82_0000,82_0000_128,256,101916,1164
82_0000,82_0000_129,256,103797,1432
82_0000,82_0000_130,256,106146,1848
82_0000,82_0000_131,256,107256,1756
82_0000,82_0000_132,256,107811,1952
82_0000,82_0000_133,256,108051,1732
82_0000,82_0000_134,256,108354,744
82_0000,82_0000_135,256,108873,60
82_0000,82_0000_136,256,109554,792
82_0000,82_0000_137,256,109509,572
82_0000,82_0000_138,256,109260,516
82_0000,82_0000_139,256,109068,392
82_0000,82_0000_140,256,108840,336
82_0000,82_0000_141,256,108570,72
82_0000,82_0000_142,256,108336,100
82_0000,82_0000_143,256,108195,384
82_0000,82_0000_144,256,108123,340
82_0000,82_0000_145,256,108000,0
82_0000,82_0000_146,256,107667,0
82_0000,82_0000_147,256,107577,0
82_0000,82_0000_148,256,107562,0
82_0000,82_0000_149,256,107184,0
82_0000,82_0000_150,256,107229,108
82_0000,82_0000_151,256,106971,276
82_0000,82_0000_152,256,106668,0
82_0000,82_0000_153,256,106218,296
82_0000,82_0000_154,256,105828,396
82_0000,82_0000_155,256,105504,408
82_0000,82_0000_156,256,105798,404
82_0000,82_0000_157,256,105666,320
82_0000,82_0000_158,256,105399,344
82_0000,82_0000_159,256,105591,392
82_0000,82_0000_160,256,105594,828
82_0000,82_0000_161,256,105372,844
82_0000,82_0000_162,256,105411,928
82_0000,82_0000_163,256,105381,1008
82_0000,82_0000_164,256,105102,908
82_0000,82_0000_165,256,105135,1120
82_0000,82_0000_166,256,105246,1196
82_0000,82_0000_167,256,105135,1100
82_0000,82_0000_168,256,105234,1240
82_0000,82_0000_169,256,105360,1332
82_0000,82_0000_170,256,105222,1276
82_0000,82_0000_171,256,105288,1156
82_0000,82_0000_172,256,105165,1020
82_0000,82_0000_173,256,105054,1524
82_0000,82_0000_174,256,105270,1760
82_0000,82_0000_175,256,105450,1952
82_0000,82_0000_176,256,105504,2332
82_0000,82_0000_177,256,105462,2440
82_0000,82_0000_178,256,105336,2540
82_0000,82_0000_179,256,105171,2624
82_0000,82_0000_180,256,105204,2188
82_0000,82_0000_181,256,105120,2196
82_0000,82_0000_182,256,104964,2228
82_0000,82_0000_183,256,105120,2360
82_0000,82_0000_184,256,104895,2556
82_0000,82_0000_185,256,104529,1800
82_0000,82_0000_186,256,104352,2096
82_0000,82_0000_187,256,104409,2392
82_0000,82_0000_188,256,104439,2944
82_0000,82_0000_189,256,102693,2668
82_0000,82_0000_190,256,102867,2908
82_0000,82_0000_191,256,102834,2772
82_0000,82_0000_192,256,102696,2136
82_0000,82_0000_193,256,102531,1760
82_0000,82_0000_194,256,102384,1692
82_0000,82_0000_195,256,101967,1224
82_0000,82_0000_196,256,102036,1492
82_0000,82_0000_197,256,101760,972
82_0000,82_0000_198,256,101370,1292
82_0000,82_0000_199,256,100899,1292
82_0000,82_0000_200,256,100521,1252
82_0000,82_0000_201,256,100371,1868
82_0000,82_0000_202,256,100068,2000
82_0000,82_0000_203,256,99888,1880
82_0000,82_0000_204,256,99783,2436
82_0000,82_0000_205,256,99354,2996
82_0000,82_0000_206,256,99348,2896
82_0000,82_0000_207,256,99783,2664
82_0000,82_0000_208,256,99666,2688
82_0000,82_0000_209,256,99816,2820
82_0000,82_0000_210,256,100353,2612
82_0000,82_0000_211,256,100761,3040
82_0000,82_0000_212,256,100563,2844
82_0000,82_0000_213,256,100575,2800
82_0000,82_0000_214,256,100671,2764
82_0000,82_0000_215,256,100650,2876
82_0000,82_0000_216,256,100830,2620
82_0000,82_0000_217,256,100782,2652
82_0000,82_0000_218,256,100413,2048
82_0000,82_0000_219,256,100254,1376
82_0000,82_0000_220,256,100080,2048
82_0000,82_0000_221,256,99804,2308
82_0000,82_0000_222,256,99954,2080
82_0000,82_0000_223,256,99720,2012
82_0000,82_0000_224,256,99402,2536
82_0000,82_0000_225,256,99129,1940
82_0000,82_0000_226,256,98922,2176
82_0000,82_0000_227,256,98634,2152
82_0000,82_0000_228,256,98367,1988
82_0000,82_0000_229,256,98016,2032
82_0000,82_0000_230,256,97104,2476
82_0000,82_0000_231,256,96765,2368
82_0000,82_0000_232,256,96489,2140
82_0000,82_0000_233,256,96351,2676
82_0000,82_0000_234,256,96600,2676
82_0000,82_0000_235,256,96726,2164
82_0000,82_0000_236,256,96378,2184
82_0000,82_0000_237,256,96549,2272
82_0000,82_0000_238,256,96438,2800
82_0000,82_0000_239,256,96114,3188
82_0000,82_0000_240,256,95997,3092
82_0000,82_0000_241,256,95835,2708
82_0000,82_0000_242,256,95445,2548
82_0000,82_0000_243,256,95109,2688
82_0000,82_0000_244,256,95085,2472
82_0000,82_0000_245,256,94776,2340
82_0000,82_0000_246,256,94548,2112
82_0000,82_0000_247,256,94611,2100
82_0000,82_0000_248,256,94488,1892
82_0000,82_0000_249,256,94317,1700
82_0000,82_0000_250,256,94260,1748
82_0000,82_0000_251,256,93912,1492
82_0000,82_0000_252,256,93822,1316
82_0000,82_0000_253,256,93471,712
82_0000,82_0000_254,256,93033,660
82_0000,82_0000_255,256,92835,544
82_0000,82_0000_256,256,92496,532
82_0000,82_0000_257,256,91839,560
82_0000,82_0000_258,256,91404,580
82_0000,82_0000_259,256,91023,780
82_0000,82_0000_260,256,90420,696
82_0000,82_0000_261,256,90246,940
82_0000,82_0000_262,256,89646,1028
82_0000,82_0000_263,256,89100,896
82_0000,82_0000_264,256,88650,828
82_0000,82_0000_265,256,88074,1052
82_0000,82_0000_266,256,87420,1028
82_0000,82_0000_267,256,86853,932
82_0000,82_0000_268,256,86367,1008
82_0000,82_0000_269,256,85740,1040
82_0000,82_0000_270,256,85107,1000
82_0000,82_0000_271,256,84585,1116
82_0000,82_0000_272,256,83595,1176
82_0000,82_0000_273,256,82971,1112
82_0000,82_0000_274,256,82362,1068
82_0000,82_0000_275,256,81714,1072
82_0000,82_0000_276,256,81126,980
82_0000,82_0000_277,256,80520,1060
82_0000,82_0000_278,256,79842,1016
82_0000,82_0000_279,256,79218,1156
82_0000,82_0000_280,256,78333,1020
82_0000,82_0000_281,256,77685,1364
82_0000,82_0000_282,256,77067,1424
82_0000,82_0000_283,256,76413,1384
82_0000,82_0000_284,256,75588,1352
82_0000,82_0000_285,256,74778,1452
82_0000,82_0000_286,256,74031,1568
82_0000,82_0000_287,256,73227,1624
82_0000,82_0000_288,256,72648,2032
82_0000,82_0000_289,256,71832,1964
82_0000,82_0000_290,256,70974,1892
82_0000,82_0000_291,256,70146,1992
82_0000,82_0000_292,256,69249,1880
82_0000,82_0000_293,256,68292,2328
82_0000,82_0000_294,256,67440,2600
82_0000,82_0000_295,256,66363,2364
82_0000,82_0000_296,256,65094,2184
82_0000,82_0000_297,256,64242,2064
82_0000,82_0000_298,256,63204,1996
82_0000,82_0000_299,256,62040,1044
82_0000,82_0000_300,256,61050,896
82_0000,82_0000_301,256,59958,900
82_0000,82_0000_302,256,58851,880
82_0000,82_0000_303,256,57954,836
82_0000,82_0000_304,256,56862,1008
82_0000,82_0000_305,256,55848,1012
82_0000,82_0000_306,256,55002,1008
82_0000,82_0000_307,256,53886,1044
82_0000,82_0000_308,256,52593,908
82_0000,82_0000_309,256,51663,500
82_0000,82_0000_310,256,50676,556
82_0000,82_0000_311,256,49587,464
82_0000,82_0000_312,256,48594,556
82_0000,82_0000_313,256,47712,672
82_0000,82_0000_314,256,46629,656
82_0000,82_0000_315,256,45690,708
82_0000,82_0000_316,256,44715,716
82_0000,82_0000_317,256,43437,784
82_0000,82_0000_318,256,42537,632
82_0000,82_0000_319,256,41538,528
82_0000,82_0000_320,256,40446,540
82_0000,82_0000_321,256,39369,484
82_0000,82_0000_322,256,38145,536
82_0000,82_0000_323,256,36921,560
82_0000,82_0000_324,256,35700,532
82_0000,82_0000_325,256,34506,428
82_0000,82_0000_326,256,33273,356
82_0000,82_0000_327,256,31920,360
82_0000,82_0000_328,256,30549,416
82_0000,82_0000_329,256,29220,456
82_0000,82_0000_330,256,27714,448
82_0000,82_0000_331,256,26394,408
82_0000,82_0000_332,256,25137,436
82_0000,82_0000_333,256,24048,424
82_0000,82_0000_334,256,22713,408
82_0000,82_0000_335,256,21222,208
82_0000,82_0000_336,256,19959,256
82_0000,82_0000_337,256,18693,0
82_0000,82_0000_338,256,17454,0
82_0000,82_0000_339,256,16245,0
82_0000,82_0000_340,256,15009,168
82_0000,82_0000_341,256,13749,196
82_0000,82_0000_342,256,12489,544
82_0000,82_0000_343,256,11223,984
82_0000,82_0000_344,256,9531,916
82_0000,82_0000_345,256,7974,864
82_0000,82_0000_346,256,6249,612
82_0000,82_0000_347,256,5256,140
82_0000,82_0000_348,256,4365,300
82_0000,82_0000_349,256,3336,624
82_0000,82_0000_350,256,2514,392
82_0000,82_0000_351,256,2016,488
82_0000,82_0000_352,256,1482,656
82_0000,82_0000_353,256,924,508
134_0000,134_0000_017,256,15,20
134_0000,134_0000_018,256,30,76
134_0000,134_0000_019,256,42,112
134_0000,134_0000_020,256,96,284
134_0000,134_0000_021,256,165,496
134_0000,134_0000_022,256,219,576
134_0000,134_0000_023,256,297,780
134_0000,134_0000_024,256,339,900
134_0000,134_0000_025,256,327,872
134_0000,134_0000_026,256,231,712
134_0000,134_0000_027,256,309,756
134_0000,134_0000_028,256,402,740
134_0000,134_0000_029,256,471,756
134_0000,134_0000_030,256,546,912
134_0000,134_0000_031,256,663,1016
134_0000,134_0000_032,256,666,1004
134_0000,134_0000_033,256,711,1504
134_0000,134_0000_034,256,924,2036
134_0000,134_0000_035,256,1143,2472
134_0000,134_0000_036,256,1341,2908
134_0000,134_0000_037,256,1350,2692
134_0000,134_0000_038,256,1473,2828
134_0000,134_0000_039,256,1761,3016
134_0000,134_0000_040,256,1926,3284
134_0000,134_0000_041,256,2043,3200
134_0000,134_0000_042,256,2256,3088
134_0000,134_0000_043,256,2403,3276
134_0000,134_0000_044,256,3033,3852
134_0000,134_0000_045,256,3486,3892
134_0000,134_0000_046,256,4020,4096
134_0000,134_0000_047,256,4278,4284
134_0000,134_0000_048,256,4590,4508
134_0000,134_0000_049,256,4926,4440
134_0000,134_0000_050,256,5133,4176
134_0000,134_0000_051,256,5754,4312
134_0000,134_0000_052,256,6060,4228
134_0000,134_0000_053,256,6474,4324
134_0000,134_0000_054,256,7005,4496
134_0000,134_0000_055,256,7665,5012
134_0000,134_0000_056,256,8292,5264
134_0000,134_0000_057,256,8820,5548
134_0000,134_0000_058,256,9375,5608
134_0000,134_0000_059,256,9990,5908
134_0000,134_0000_060,256,10764,6272
134_0000,134_0000_061,256,11439,5780
134_0000,134_0000_062,256,12123,6244
134_0000,134_0000_063,256,12762,6336
134_0000,134_0000_064,256,13398,6452
134_0000,134_0000_065,256,14181,6692
134_0000,134_0000_066,256,14916,6780
134_0000,134_0000_067,256,15558,6388
134_0000,134_0000_068,256,16536,6148
134_0000,134_0000_069,256,17625,5916
134_0000,134_0000_070,256,18204,5884
134_0000,134_0000_071,256,18588,6136
134_0000,134_0000_072,256,19125,7452
134_0000,134_0000_073,256,19863,8264
134_0000,134_0000_074,256,20622,8448
134_0000,134_0000_075,256,21756,8608
134_0000,134_0000_076,256,22755,8720
134_0000,134_0000_077,256,23880,8128
134_0000,134_0000_078,256,25212,9192
134_0000,134_0000_079,256,26118,9496
134_0000,134_0000_080,256,27366,9492
134_0000,134_0000_081,256,28506,9852
134_0000,134_0000_082,256,29649,9896
134_0000,134_0000_083,256,30918,10116
134_0000,134_0000_084,256,32205,10736
134_0000,134_0000_085,256,33336,10956
134_0000,134_0000_086,256,34557,11220
134_0000,134_0000_087,256,35844,11060
134_0000,134_0000_088,256,37098,10240
134_0000,134_0000_089,256,38400,9900
134_0000,134_0000_090,256,39966,10380
134_0000,134_0000_091,256,41397,11116
134_0000,134_0000_092,256,42882,10520
134_0000,134_0000_093,256,44325,10252
134_0000,134_0000_094,256,45582,9420
134_0000,134_0000_095,256,47289,9900
134_0000,134_0000_096,256,48888,11148
134_0000,134_0000_097,256,50199,11600
134_0000,134_0000_098,256,51660,11500
134_0000,134_0000_099,256,52872,10596
134_0000,134_0000_100,256,54048,9536
134_0000,134_0000_101,256,55191,8164
134_0000,134_0000_102,256,56613,7860
134_0000,134_0000_103,256,57393,8208
134_0000,134_0000_104,256,58680,8396
134_0000,134_0000_105,256,59721,8084
134_0000,134_0000_106,256,60843,7388
134_0000,134_0000_107,256,62757,6880
134_0000,134_0000_108,256,64401,8720
134_0000,134_0000_109,256,65871,8360
134_0000,134_0000_110,256,67278,7812
134_0000,134_0000_111,256,68658,7844
134_0000,134_0000_112,256,69825,6280
134_0000,134_0000_113,256,71613,7716
134_0000,134_0000_114,256,72993,6304
134_0000,134_0000_115,256,74226,6484
134_0000,134_0000_116,256,75678,6368
134_0000,134_0000_117,256,76824,7216
134_0000,134_0000_118,256,77985,9880
134_0000,134_0000_119,256,78906,9504
134_0000,134_0000_120,256,80175,9052
134_0000,134_0000_121,256,81423,7752
134_0000,134_0000_122,256,83331,5840
134_0000,134_0000_123,256,86097,6520
134_0000,134_0000_124,256,87897,5300
134_0000,134_0000_125,256,87897,6124
134_0000,134_0000_126,256,87957,6228
134_0000,134_0000_127,256,87810,5388
134_0000,134_0000_128,256,88014,4928
134_0000,134_0000_129,256,88044,4548
134_0000,134_0000_130,256,87834,4900
134_0000,134_0000_131,256,87909,4996
134_0000,134_0000_132,256,87810,6120
134_0000,134_0000_133,256,87690,6240
134_0000,134_0000_134,256,87369,6844
134_0000,134_0000_135,256,86280,5756
134_0000,134_0000_136,256,85650,5308
134_0000,134_0000_137,256,84885,5784
134_0000,134_0000_138,256,83988,5228
134_0000,134_0000_139,256,84021,4624
134_0000,134_0000_140,256,84552,4956
134_0000,134_0000_141,256,84810,3824
134_0000,134_0000_142,256,85065,4252
134_0000,134_0000_143,256,85692,5028
134_0000,134_0000_144,256,86124,5120
134_0000,134_0000_145,256,86769,5820
134_0000,134_0000_146,256,87150,5868
134_0000,134_0000_147,256,87285,6188
134_0000,134_0000_148,256,87501,6636
134_0000,134_0000_149,256,87687,6612
134_0000,134_0000_150,256,87924,6576
134_0000,134_0000_151,256,88005,6836
134_0000,134_0000_152,256,88107,6404
134_0000,134_0000_153,256,88680,6232
134_0000,134_0000_154,256,89049,5636
134_0000,134_0000_155,256,89481,5624
134_0000,134_0000_156,256,89619,6148
134_0000,134_0000_157,256,89358,5948
134_0000,134_0000_158,256,89511,5892
134_0000,134_0000_159,256,89541,5772
134_0000,134_0000_160,256,89370,5272
134_0000,134_0000_161,256,89340,5112
134_0000,134_0000_162,256,89265,5524
134_0000,134_0000_163,256,89460,5384
134_0000,134_0000_164,256,89874,4464
134_0000,134_0000_165,256,90102,4608
134_0000,134_0000_166,256,89994,5352
134_0000,134_0000_167,256,89955,5836
134_0000,134_0000_168,256,89838,6388
134_0000,134_0000_169,256,89766,5784
134_0000,134_0000_170,256,90498,4696
134_0000,134_0000_171,256,90972,4932
134_0000,134_0000_172,256,90909,4692
134_0000,134_0000_173,256,91353,4436
134_0000,134_0000_174,256,91470,3676
134_0000,134_0000_175,256,91362,3744
134_0000,134_0000_176,256,91326,4180
134_0000,134_0000_177,256,90996,4084
134_0000,134_0000_178,256,90561,3812
134_0000,134_0000_179,256,90606,3712
134_0000,134_0000_180,256,91014,3616
134_0000,134_0000_181,256,91302,2860
134_0000,134_0000_182,256,91716,4256
134_0000,134_0000_183,256,91971,4032
134_0000,134_0000_184,256,91902,4252
134_0000,134_0000_185,256,92043,4880
134_0000,134_0000_186,256,91983,4512
134_0000,134_0000_187,256,91749,4080
134_0000,134_0000_188,256,91866,3544
134_0000,134_0000_189,256,91833,2900
134_0000,134_0000_190,256,91716,2836
134_0000,134_0000_191,256,91581,2916
134_0000,134_0000_192,256,91338,3072
134_0000,134_0000_193,256,90774,2840
134_0000,134_0000_194,256,90696,3004
134_0000,134_0000_195,256,90804,2244
134_0000,134_0000_196,256,90579,2872
134_0000,134_0000_197,256,90693,3168
134_0000,134_0000_198,256,90753,3324
134_0000,134_0000_199,256,90672,3836
134_0000,134_0000_200,256,90510,3592
134_0000,134_0000_201,256,90246,2772
134_0000,134_0000_202,256,90057,4016
134_0000,134_0000_203,256,89826,3660
134_0000,134_0000_204,256,89523,3684
134_0000,134_0000_205,256,89370,2792
134_0000,134_0000_206,256,89439,3644
134_0000,134_0000_207,256,89493,3112
134_0000,134_0000_208,256,89211,3220
134_0000,134_0000_209,256,89424,3000
134_0000,134_0000_210,256,89529,2424
134_0000,134_0000_211,256,89520,2220
134_0000,134_0000_212,256,89790,2376
134_0000,134_0000_213,256,89745,2980
134_0000,134_0000_214,256,89571,2704
134_0000,134_0000_215,256,89538,2556
134_0000,134_0000_216,256,89529,2908
134_0000,134_0000_217,256,89439,2568
134_0000,134_0000_218,256,89727,2020
134_0000,134_0000_219,256,89637,1716
134_0000,134_0000_220,256,89619,2736
134_0000,134_0000_221,256,89496,3676
134_0000,134_0000_222,256,89502,3928
134_0000,134_0000_223,256,89544,4064
134_0000,134_0000_224,256,89406,4372
134_0000,134_0000_225,256,89223,3816
134_0000,134_0000_226,256,88953,4104
134_0000,134_0000_227,256,88818,3476
134_0000,134_0000_228,256,88443,3156
134_0000,134_0000_229,256,87939,3260
134_0000,134_0000_230,256,87762,3516
134_0000,134_0000_231,256,87477,3416
134_0000,134_0000_232,256,87231,2932
134_0000,134_0000_233,256,87093,3068
134_0000,134_0000_234,256,86685,2516
134_0000,134_0000_235,256,86442,2408
134_0000,134_0000_236,256,85989,2560
134_0000,134_0000_237,256,85443,2464
134_0000,134_0000_238,256,84915,2196
134_0000,134_0000_239,256,84639,1660
134_0000,134_0000_240,256,84273,1628
134_0000,134_0000_241,256,83583,1588
134_0000,134_0000_242,256,83013,1436
134_0000,134_0000_243,256,82332,1816
134_0000,134_0000_244,256,81882,1880
134_0000,134_0000_245,256,81210,1836
134_0000,134_0000_246,256,80661,1328
134_0000,134_0000_247,256,80007,1404
134_0000,134_0000_248,256,79635,1680
134_0000,134_0000_249,256,79197,1620
134_0000,134_0000_250,256,78330,1428
134_0000,134_0000_251,256,77793,1288
134_0000,134_0000_252,256,77172,2032
134_0000,134_0000_253,256,76536,1576
134_0000,134_0000_254,256,76191,1076
134_0000,134_0000_255,256,75600,1052
134_0000,134_0000_256,256,74745,816
134_0000,134_0000_257,256,74427,824
134_0000,134_0000_258,256,73812,1120
134_0000,134_0000_259,256,73068,1676
134_0000,134_0000_260,256,72441,1568
134_0000,134_0000_261,256,71712,1440
134_0000,134_0000_262,256,71082,1476
134_0000,134_0000_263,256,70599,1440
134_0000,134_0000_264,256,69975,1780
134_0000,134_0000_265,256,69147,1588
134_0000,134_0000_266,256,68451,1204
134_0000,134_0000_267,256,67425,768
134_0000,134_0000_268,256,66672,1216
134_0000,134_0000_269,256,66120,1552
134_0000,134_0000_270,256,65370,1372
134_0000,134_0000_271,256,64632,1820
134_0000,134_0000_272,256,63771,1868
134_0000,134_0000_273,256,63054,2220
134_0000,134_0000_274,256,62328,1872
134_0000,134_0000_275,256,61521,1296
134_0000,134_0000_276,256,61155,1652
134_0000,134_0000_277,256,60360,1212
134_0000,134_0000_278,256,59604,756
134_0000,134_0000_279,256,58563,1252
134_0000,134_0000_280,256,57711,1040
134_0000,134_0000_281,256,56769,788
134_0000,134_0000_282,256,55887,768
134_0000,134_0000_283,256,54876,1080
134_0000,134_0000_284,256,53946,1044
134_0000,134_0000_285,256,53001,800
134_0000,134_0000_286,256,51861,1100
134_0000,134_0000_287,256,50682,1372
134_0000,134_0000_288,256,49494,1148
134_0000,134_0000_289,256,48315,724
134_0000,134_0000_290,256,47307,552
134_0000,134_0000_291,256,46023,488
134_0000,134_0000_292,256,44808,512
134_0000,134_0000_293,256,44037,640
134_0000,134_0000_294,256,43035,404
134_0000,134_0000_295,256,41931,264
134_0000,134_0000_296,256,40962,120
134_0000,134_0000_297,256,39963,548
134_0000,134_0000_298,256,38895,448
134_0000,134_0000_299,256,37839,592
134_0000,134_0000_300,256,36669,668
134_0000,134_0000_301,256,35652,360
134_0000,134_0000_302,256,34638,204
134_0000,134_0000_303,256,33612,264
134_0000,134_0000_304,256,32592,344
134_0000,134_0000_305,256,31695,404
134_0000,134_0000_306,256,30720,544
134_0000,134_0000_307,256,29712,672
134_0000,134_0000_308,256,28818,836
134_0000,134_0000_309,256,27747,572
134_0000,134_0000_310,256,26745,496
134_0000,134_0000_311,256,25707,484
134_0000,134_0000_312,256,24741,420
134_0000,134_0000_313,256,23742,364
134_0000,134_0000_314,256,22824,164
134_0000,134_0000_315,256,21774,0
134_0000,134_0000_316,256,20772,0
134_0000,134_0000_317,256,19827,0
134_0000,134_0000_318,256,18831,36
134_0000,134_0000_319,256,17796,0
134_0000,134_0000_320,256,16815,124
134_0000,134_0000_321,256,15807,84
134_0000,134_0000_322,256,14595,0
134_0000,134_0000_323,256,13560,160
134_0000,134_0000_324,256,12675,324
134_0000,134_0000_325,256,11802,128
134_0000,134_0000_326,256,10911,0
134_0000,134_0000_327,256,9960,0
134_0000,134_0000_328,256,9147,128
134_0000,134_0000_329,256,8322,0
134_0000,134_0000_330,256,7530,28
134_0000,134_0000_331,256,6789,308
134_0000,134_0000_332,256,5976,432
134_0000,134_0000_333,256,5070,0
134_0000,134_0000_334,256,4200,124
134_0000,134_0000_335,256,3468,296
134_0000,134_0000_336,256,2853,4
134_0000,134_0000_337,256,2268,0
134_0000,134_0000_338,256,1902,0
134_0000,134_0000_339,256,1554,488
134_0000,134_0000_340,256,1059,636
135_0000,135_0000_014,256,6,0
135_0000,135_0000_015,256,15,40
135_0000,135_0000_016,256,45,256
135_0000,135_0000_017,256,96,372
135_0000,135_0000_018,256,135,420
135_0000,135_0000_019,256,168,432
135_0000,135_0000_020,256,219,652
135_0000,135_0000_021,256,258,700
135_0000,135_0000_022,256,297,732
135_0000,135_0000_023,256,327,432
135_0000,135_0000_024,256,408,476
135_0000,135_0000_025,256,564,820
135_0000,135_0000_026,256,753,1044
135_0000,135_0000_027,256,978,1212
135_0000,135_0000_028,256,1152,1184
135_0000,135_0000_029,256,1269,1292
135_0000,135_0000_030,256,1407,1380
135_0000,135_0000_031,256,1467,1276
135_0000,135_0000_032,256,1530,1384
135_0000,135_0000_033,256,1602,1424
135_0000,135_0000_034,256,1686,1512
135_0000,135_0000_035,256,1767,1684
135_0000,135_0000_036,256,1812,1732
135_0000,135_0000_037,256,1983,1816
135_0000,135_0000_038,256,2151,1852
135_0000,135_0000_039,256,2373,1976
135_0000,135_0000_040,256,2565,2044
135_0000,135_0000_041,256,2739,2124
135_0000,135_0000_042,256,2898,2252
135_0000,135_0000_043,256,3069,2372
135_0000,135_0000_044,256,3246,2248
135_0000,135_0000_045,256,3342,2312
135_0000,135_0000_046,256,3486,2364
135_0000,135_0000_047,256,3564,2500
135_0000,135_0000_048,256,3738,2772
135_0000,135_0000_049,256,3819,2912
135_0000,135_0000_050,256,4020,2944
135_0000,135_0000_051,256,4209,2984
135_0000,135_0000_052,256,4473,3164
135_0000,135_0000_053,256,4683,3280
135_0000,135_0000_054,256,5007,3388
135_0000,135_0000_055,256,5217,3416
135_0000,135_0000_056,256,5541,3752
135_0000,135_0000_057,256,5901,3888
135_0000,135_0000_058,256,6195,4012
135_0000,135_0000_059,256,6459,4064
135_0000,135_0000_060,256,6663,3940
135_0000,135_0000_061,256,7155,4156
135_0000,135_0000_062,256,7620,4368
135_0000,135_0000_063,256,8058,4488
135_0000,135_0000_064,256,8496,4872
135_0000,135_0000_065,256,8892,5152
135_0000,135_0000_066,256,9390,5200
135_0000,135_0000_067,256,9930,5224
135_0000,135_0000_068,256,10257,5568
135_0000,135_0000_069,256,10743,5640
135_0000,135_0000_070,256,11370,5852
135_0000,135_0000_071,256,12006,5512
135_0000,135_0000_072,256,12453,5536
135_0000,135_0000_073,256,13068,5740
135_0000,135_0000_074,256,13836,6132
135_0000,135_0000_075,256,14238,6360
135_0000,135_0000_076,256,14631,6656
135_0000,135_0000_077,256,15429,7124
135_0000,135_0000_078,256,16011,7524
135_0000,135_0000_079,256,16578,7580
135_0000,135_0000_080,256,17166,7592
135_0000,135_0000_081,256,17766,7580
135_0000,135_0000_082,256,18594,7376
135_0000,135_0000_083,256,19650,7776
135_0000,135_0000_084,256,20250,7924
135_0000,135_0000_085,256,20469,7948
135_0000,135_0000_086,256,21621,8468
135_0000,135_0000_087,256,22410,6996
135_0000,135_0000_088,256,23361,7836
135_0000,135_0000_089,256,23880,8400
135_0000,135_0000_090,256,24543,8628
135_0000,135_0000_091,256,25281,9140
135_0000,135_0000_092,256,26211,9340
135_0000,135_0000_093,256,26883,9728
135_0000,135_0000_094,256,27522,11808
135_0000,135_0000_095,256,28350,10528
135_0000,135_0000_096,256,29163,10712
135_0000,135_0000_097,256,29871,12704
135_0000,135_0000_098,256,30813,12964
135_0000,135_0000_099,256,31752,13324
135_0000,135_0000_100,256,32709,12604
135_0000,135_0000_101,256,33477,11736
135_0000,135_0000_102,256,34524,11904
135_0000,135_0000_103,256,35580,11380
135_0000,135_0000_104,256,36705,11540
135_0000,135_0000_105,256,37752,15488
135_0000,135_0000_106,256,38793,15672
135_0000,135_0000_107,256,39651,12800
135_0000,135_0000_108,256,40380,12672
135_0000,135_0000_109,256,41457,13028
135_0000,135_0000_110,256,42444,12860
135_0000,135_0000_111,256,43233,12996
135_0000,135_0000_112,256,44250,13520
135_0000,135_0000_113,256,45255,13672
135_0000,135_0000_114,256,46413,13444
135_0000,135_0000_115,256,47997,12780
135_0000,135_0000_116,256,49479,13312
135_0000,135_0000_117,256,51282,13772
135_0000,135_0000_118,256,53265,14260
135_0000,135_0000_119,256,55239,14568
135_0000,135_0000_120,256,57006,14896
135_0000,135_0000_121,256,58932,14520
135_0000,135_0000_122,256,60357,14156
135_0000,135_0000_123,256,61326,13168
135_0000,135_0000_124,256,62343,13696
135_0000,135_0000_125,256,63408,13888
135_0000,135_0000_126,256,65454,14852
135_0000,135_0000_127,256,66708,14928
135_0000,135_0000_128,256,67911,12608
135_0000,135_0000_129,256,68898,11480
135_0000,135_0000_130,256,70026,9544
135_0000,135_0000_131,256,70017,9660
135_0000,135_0000_132,256,70038,8640
135_0000,135_0000_133,256,70203,8032
135_0000,135_0000_134,256,70362,8856
135_0000,135_0000_135,256,70326,9468
135_0000,135_0000_136,256,70461,9108
135_0000,135_0000_137,256,70554,8752
135_0000,135_0000_138,256,70740,8600
135_0000,135_0000_139,256,70557,8380
135_0000,135_0000_140,256,70536,8112
135_0000,135_0000_141,256,70392,8044
135_0000,135_0000_142,256,70416,7492
135_0000,135_0000_143,256,70686,7168
135_0000,135_0000_144,256,70992,6644
135_0000,135_0000_145,256,71238,7140
135_0000,135_0000_146,256,71097,6900
135_0000,135_0000_147,256,70881,6852
135_0000,135_0000_148,256,70827,6956
135_0000,135_0000_149,256,70734,7448
135_0000,135_0000_150,256,70422,7448
135_0000,135_0000_151,256,70221,7452
135_0000,135_0000_152,256,70320,8012
135_0000,135_0000_153,256,70197,7688
135_0000,135_0000_154,256,70149,6336
135_0000,135_0000_155,256,70068,5632
135_0000,135_0000_156,256,69762,5848
135_0000,135_0000_157,256,69852,5792
135_0000,135_0000_158,256,69957,6304
135_0000,135_0000_159,256,69894,5848
135_0000,135_0000_160,256,69951,4256
135_0000,135_0000_161,256,69867,4388
135_0000,135_0000_162,256,69924,4696
135_0000,135_0000_163,256,69789,4888
135_0000,135_0000_164,256,69486,5064
135_0000,135_0000_165,256,69177,5576
135_0000,135_0000_166,256,69384,4884
135_0000,135_0000_167,256,69525,5380
135_0000,135_0000_168,256,68931,5276
135_0000,135_0000_169,256,68595,4788
135_0000,135_0000_170,256,68196,3652
135_0000,135_0000_171,256,68085,3088
135_0000,135_0000_172,256,67665,5064
135_0000,135_0000_173,256,67416,6168
135_0000,135_0000_174,256,67395,5868
135_0000,135_0000_175,256,67290,5648
135_0000,135_0000_176,256,67479,5572
135_0000,135_0000_177,256,67437,4820
135_0000,135_0000_178,256,67596,6112
135_0000,135_0000_179,256,67641,5980
135_0000,135_0000_180,256,67539,4920
135_0000,135_0000_181,256,67596,5396
135_0000,135_0000_182,256,67545,5284
135_0000,135_0000_183,256,67782,4336
135_0000,135_0000_184,256,68148,4548
135_0000,135_0000_185,256,68262,4256
135_0000,135_0000_186,256,68790,3756
135_0000,135_0000_187,256,68952,3040
135_0000,135_0000_188,256,69045,2496
135_0000,135_0000_189,256,69414,2592
135_0000,135_0000_190,256,70257,3152
135_0000,135_0000_191,256,71373,3408
135_0000,135_0000_192,256,71397,3060
135_0000,135_0000_193,256,71088,4296
135_0000,135_0000_194,256,71052,4432
135_0000,135_0000_195,256,70986,4512
135_0000,135_0000_196,256,71142,4988
135_0000,135_0000_197,256,71184,3900
135_0000,135_0000_198,256,71415,3356
135_0000,135_0000_199,256,71727,3436
135_0000,135_0000_200,256,71898,4184
135_0000,135_0000_201,256,71820,3744
135_0000,135_0000_202,256,71712,3216
135_0000,135_0000_203,256,71598,3180
135_0000,135_0000_204,256,71436,4300
135_0000,135_0000_205,256,71337,4596
135_0000,135_0000_206,256,71412,4172
135_0000,135_0000_207,256,70842,3128
135_0000,135_0000_208,256,70299,3372
135_0000,135_0000_209,256,70053,3892
135_0000,135_0000_210,256,69792,3932
135_0000,135_0000_211,256,69393,4156
135_0000,135_0000_212,256,69171,3992
135_0000,135_0000_213,256,69087,4352
135_0000,135_0000_214,256,69018,3452
135_0000,135_0000_215,256,68733,4020
135_0000,135_0000_216,256,68331,4316
135_0000,135_0000_217,256,68385,4336
135_0000,135_0000_218,256,68136,3776
135_0000,135_0000_219,256,68004,3228
135_0000,135_0000_220,256,68058,3128
135_0000,135_0000_221,256,67644,3224
135_0000,135_0000_222,256,67389,3024
135_0000,135_0000_223,256,67377,3900
135_0000,135_0000_224,256,67449,4088
135_0000,135_0000_225,256,67266,3852
135_0000,135_0000_226,256,66927,2520
135_0000,135_0000_227,256,66795,2964
135_0000,135_0000_228,256,66531,2612
135_0000,135_0000_229,256,66306,2460
135_0000,135_0000_230,256,65982,2012
135_0000,135_0000_231,256,65745,2076
135_0000,135_0000_232,256,65676,1784
135_0000,135_0000_233,256,65382,1788
135_0000,135_0000_234,256,65451,2832
135_0000,135_0000_235,256,65475,3504
135_0000,135_0000_236,256,65301,3260
135_0000,135_0000_237,256,64974,3280
135_0000,135_0000_238,256,64785,2256
135_0000,135_0000_239,256,64770,2560
135_0000,135_0000_240,256,64332,2128
135_0000,135_0000_241,256,64188,1360
135_0000,135_0000_242,256,63726,1656
135_0000,135_0000_243,256,63300,1756
135_0000,135_0000_244,256,62733,1824
135_0000,135_0000_245,256,62316,1892
135_0000,135_0000_246,256,61836,2452
135_0000,135_0000_247,256,61431,1664
135_0000,135_0000_248,256,60834,1384
135_0000,135_0000_249,256,60075,1368
135_0000,135_0000_250,256,59700,592
135_0000,135_0000_251,256,59502,1064
135_0000,135_0000_252,256,59004,720
135_0000,135_0000_253,256,58389,552
135_0000,135_0000_254,256,57897,228
135_0000,135_0000_255,256,57408,1048
135_0000,135_0000_256,256,57123,976
135_0000,135_0000_257,256,56613,1140
135_0000,135_0000_258,256,55983,1600
135_0000,135_0000_259,256,55467,1400
135_0000,135_0000_260,256,54921,1328
135_0000,135_0000_261,256,54360,820
135_0000,135_0000_262,256,53904,792
135_0000,135_0000_263,256,53331,1280
135_0000,135_0000_264,256,52479,1376
135_0000,135_0000_265,256,51762,992
135_0000,135_0000_266,256,51198,844
135_0000,135_0000_267,256,50481,744
135_0000,135_0000_268,256,49842,736
135_0000,135_0000_269,256,49146,956
135_0000,135_0000_270,256,48447,704
135_0000,135_0000_271,256,47922,872
135_0000,135_0000_272,256,47220,904
135_0000,135_0000_273,256,46566,1396
135_0000,135_0000_274,256,45900,1460
135_0000,135_0000_275,256,45231,1100
135_0000,135_0000_276,256,44625,832
135_0000,135_0000_277,256,44106,984
135_0000,135_0000_278,256,43605,1184
135_0000,135_0000_279,256,42960,1176
135_0000,135_0000_280,256,42480,1008
135_0000,135_0000_281,256,41802,888
135_0000,135_0000_282,256,41136,656
135_0000,135_0000_283,256,40854,672
135_0000,135_0000_284,256,40326,624
135_0000,135_0000_285,256,39735,640
135_0000,135_0000_286,256,39285,656
135_0000,135_0000_287,256,38868,372
135_0000,135_0000_288,256,38388,236
135_0000,135_0000_289,256,37962,320
135_0000,135_0000_290,256,37455,252
135_0000,135_0000_291,256,36870,400
135_0000,135_0000_292,256,36432,272
135_0000,135_0000_293,256,36081,228
135_0000,135_0000_294,256,35577,240
135_0000,135_0000_295,256,35364,444
135_0000,135_0000_296,256,35121,812
135_0000,135_0000_297,256,34635,728
135_0000,135_0000_298,256,34143,180
135_0000,135_0000_299,256,33531,276
135_0000,135_0000_300,256,32682,140
135_0000,135_0000_301,256,32112,152
135_0000,135_0000_302,256,31455,688
135_0000,135_0000_303,256,30711,484
135_0000,135_0000_304,256,30069,136
135_0000,135_0000_305,256,29352,0
135_0000,135_0000_306,256,28554,160
135_0000,135_0000_307,256,27699,0
135_0000,135_0000_308,256,26958,56
135_0000,135_0000_309,256,26172,0
135_0000,135_0000_310,256,25437,276
135_0000,135_0000_311,256,24879,180
135_0000,135_0000_312,256,24165,220
135_0000,135_0000_313,256,23469,272
135_0000,135_0000_314,256,22779,268
135_0000,135_0000_315,256,22023,244
135_0000,135_0000_316,256,21462,376
135_0000,135_0000_317,256,20724,328
135_0000,135_0000_318,256,20058,128
135_0000,135_0000_319,256,19278,176
135_0000,135_0000_320,256,18456,404
135_0000,135_0000_321,256,17793,372
135_0000,135_0000_322,256,17037,304
135_0000,135_0000_323,256,16254,244
135_0000,135_0000_324,256,15309,180
135_0000,135_0000_325,256,14376,0
135_0000,135_0000_326,256,13476,0
135_0000,135_0000_327,256,12579,0
135_0000,135_0000_328,256,11604,0
135_0000,135_0000_329,256,10713,0
135_0000,135_0000_330,256,9711,0
135_0000,135_0000_331,256,8814,0
135_0000,135_0000_332,256,7908,0
135_0000,135_0000_333,256,6981,144
135_0000,135_0000_334,256,5901,376
135_0000,135_0000_335,256,4950,572
135_0000,135_0000_336,256,4068,312
135_0000,135_0000_337,256,3234,652
135_0000,135_0000_338,256,2181,416
135_0000,135_0000_339,256,1191,256
135_0000,135_0000_340,256,834,344
136_0000,136_0000_051,256,42,12
136_0000,136_0000_052,256,102,324
136_0000,136_0000_053,256,150,384
136_0000,136_0000_054,256,213,536
136_0000,136_0000_055,256,267,616
136_0000,136_0000_056,256,276,752
136_0000,136_0000_057,256,309,892
136_0000,136_0000_058,256,429,884
136_0000,136_0000_059,256,516,1276
136_0000,136_0000_060,256,546,1084
136_0000,136_0000_061,256,618,1168
136_0000,136_0000_062,256,801,1336
136_0000,136_0000_063,256,915,1464
136_0000,136_0000_064,256,1053,1424
136_0000,136_0000_065,256,1293,1404
136_0000,136_0000_066,256,1533,1520
136_0000,136_0000_067,256,1893,1776
136_0000,136_0000_068,256,2013,2572
136_0000,136_0000_069,256,2397,3284
136_0000,136_0000_070,256,2568,3620
136_0000,136_0000_071,256,2745,3548
136_0000,136_0000_072,256,3045,3724
136_0000,136_0000_073,256,3459,3820
136_0000,136_0000_074,256,3915,4012
136_0000,136_0000_075,256,4443,4184
136_0000,136_0000_076,256,4842,4368
136_0000,136_0000_077,256,5172,4200
136_0000,136_0000_078,256,5595,4280
136_0000,136_0000_079,256,6222,4336
136_0000,136_0000_080,256,6675,4720
136_0000,136_0000_081,256,7392,5080
136_0000,136_0000_082,256,8145,5504
136_0000,136_0000_083,256,8796,5764
136_0000,136_0000_084,256,9330,6408
136_0000,136_0000_085,256,9957,6224
136_0000,136_0000_086,256,10755,6004
136_0000,136_0000_087,256,11676,7116
136_0000,136_0000_088,256,12687,7276
136_0000,136_0000_089,256,13482,7884
136_0000,136_0000_090,256,14451,8272
136_0000,136_0000_091,256,15315,7980
136_0000,136_0000_092,256,16266,9036
136_0000,136_0000_093,256,16989,8752
136_0000,136_0000_094,256,17994,8684
136_0000,136_0000_095,256,18885,8924
136_0000,136_0000_096,256,19770,8052
136_0000,136_0000_097,256,20832,8280
136_0000,136_0000_098,256,22155,8420
136_0000,136_0000_099,256,23616,8184
136_0000,136_0000_100,256,24882,8756
136_0000,136_0000_101,256,26250,9396
136_0000,136_0000_102,256,27351,11580
136_0000,136_0000_103,256,28830,12092
136_0000,136_0000_104,256,29904,11888
136_0000,136_0000_105,256,31659,10576
136_0000,136_0000_106,256,33072,12288
136_0000,136_0000_107,256,34416,12984
136_0000,136_0000_108,256,35895,14836
136_0000,136_0000_109,256,37290,14220
136_0000,136_0000_110,256,38730,10424
136_0000,136_0000_111,256,40203,13112
136_0000,136_0000_112,256,41820,14992
136_0000,136_0000_113,256,43776,16040
136_0000,136_0000_114,256,45678,16840
136_0000,136_0000_115,256,47619,15644
136_0000,136_0000_116,256,50361,15616
136_0000,136_0000_117,256,51909,15828
136_0000,136_0000_118,256,53028,14972
136_0000,136_0000_119,256,53982,14840
136_0000,136_0000_120,256,55068,17064
136_0000,136_0000_121,256,55821,16436
136_0000,136_0000_122,256,56640,15948
136_0000,136_0000_123,256,57471,14420
136_0000,136_0000_124,256,58533,15700
136_0000,136_0000_125,256,60243,16452
136_0000,136_0000_126,256,61464,15460
136_0000,136_0000_127,256,62487,15492
136_0000,136_0000_128,256,62625,14816
136_0000,136_0000_129,256,62760,14624
136_0000,136_0000_130,256,62817,14764
136_0000,136_0000_131,256,63165,13884
136_0000,136_0000_132,256,63750,13528
136_0000,136_0000_133,256,64251,13256
136_0000,136_0000_134,256,64407,13408
136_0000,136_0000_135,256,64965,14464
136_0000,136_0000_136,256,65163,15112
136_0000,136_0000_137,256,65487,14148
136_0000,136_0000_138,256,66072,14260
136_0000,136_0000_139,256,66552,14332
136_0000,136_0000_140,256,67029,14444
136_0000,136_0000_141,256,67644,14208
136_0000,136_0000_142,256,68385,13800
136_0000,136_0000_143,256,69051,12276
136_0000,136_0000_144,256,69249,12492
136_0000,136_0000_145,256,69714,13240
136_0000,136_0000_146,256,70230,12848
136_0000,136_0000_147,256,71187,13460
136_0000,136_0000_148,256,71850,12940
136_0000,136_0000_149,256,72822,12368
136_0000,136_0000_150,256,74340,11536
136_0000,136_0000_151,256,75219,11476
136_0000,136_0000_152,256,75792,12356
136_0000,136_0000_153,256,76638,12176
136_0000,136_0000_154,256,77460,12000
136_0000,136_0000_155,256,78438,11772
136_0000,136_0000_156,256,79053,11524
136_0000,136_0000_157,256,79755,11336
136_0000,136_0000_158,256,80601,11248
136_0000,136_0000_159,256,81063,11124
136_0000,136_0000_160,256,81927,13064
136_0000,136_0000_161,256,83004,12744
136_0000,136_0000_162,256,84144,11084
136_0000,136_0000_163,256,85707,11124
136_0000,136_0000_164,256,85527,11744
136_0000,136_0000_165,256,85836,11532
136_0000,136_0000_166,256,86013,11912
136_0000,136_0000_167,256,86298,12060
136_0000,136_0000_168,256,86271,12448
136_0000,136_0000_169,256,85632,12268
136_0000,136_0000_170,256,85089,11132
136_0000,136_0000_171,256,84867,10556
136_0000,136_0000_172,256,84777,11172
136_0000,136_0000_173,256,84990,11168
136_0000,136_0000_174,256,85314,10344
136_0000,136_0000_175,256,85842,10000
136_0000,136_0000_176,256,86409,10716
136_0000,136_0000_177,256,87003,9968
136_0000,136_0000_178,256,86706,9944
136_0000,136_0000_179,256,86919,9600
136_0000,136_0000_180,256,86799,9428
136_0000,136_0000_181,256,86961,10656
136_0000,136_0000_182,256,87744,10168
136_0000,136_0000_183,256,88317,11324
136_0000,136_0000_184,256,88587,10324
136_0000,136_0000_185,256,88755,9672
136_0000,136_0000_186,256,88533,9208
136_0000,136_0000_187,256,89100,9856
136_0000,136_0000_188,256,88938,9476
136_0000,136_0000_189,256,89193,9292
136_0000,136_0000_190,256,89835,9268
136_0000,136_0000_191,256,90306,8600
136_0000,136_0000_192,256,90477,8952
136_0000,136_0000_193,256,90477,8156
136_0000,136_0000_194,256,90849,8580
136_0000,136_0000_195,256,91437,8448
136_0000,136_0000_196,256,91527,7580
136_0000,136_0000_197,256,91476,7336
136_0000,136_0000_198,256,91545,7496
136_0000,136_0000_199,256,91674,7256
136_0000,136_0000_200,256,91725,7620
136_0000,136_0000_201,256,91614,6896
136_0000,136_0000_202,256,91422,7328
136_0000,136_0000_203,256,91281,7696
136_0000,136_0000_204,256,90975,8300
136_0000,136_0000_205,256,90708,8120
136_0000,136_0000_206,256,90198,7948
136_0000,136_0000_207,256,89643,7676
136_0000,136_0000_208,256,89235,7128
136_0000,136_0000_209,256,89121,6600
136_0000,136_0000_210,256,89301,6688
136_0000,136_0000_211,256,89445,6260
136_0000,136_0000_212,256,89214,6424
136_0000,136_0000_213,256,89028,6848
136_0000,136_0000_214,256,88587,7188
136_0000,136_0000_215,256,88059,7160
136_0000,136_0000_216,256,87678,6624
136_0000,136_0000_217,256,87381,6460
136_0000,136_0000_218,256,87090,6608
136_0000,136_0000_219,256,86676,6080
136_0000,136_0000_220,256,86265,5332
136_0000,136_0000_221,256,85944,6352
136_0000,136_0000_222,256,85449,6100
136_0000,136_0000_223,256,85317,6300
136_0000,136_0000_224,256,85365,6628
136_0000,136_0000_225,256,85515,7336
136_0000,136_0000_226,256,85197,7204
136_0000,136_0000_227,256,84861,6964
136_0000,136_0000_228,256,84927,6580
136_0000,136_0000_229,256,85050,6492
136_0000,136_0000_230,256,84993,7208
136_0000,136_0000_231,256,84813,7396
136_0000,136_0000_232,256,84456,7560
136_0000,136_0000_233,256,84219,7744
136_0000,136_0000_234,256,83991,8036
136_0000,136_0000_235,256,83781,8132
136_0000,136_0000_236,256,83328,8388
136_0000,136_0000_237,256,83409,8040
136_0000,136_0000_238,256,83460,7704
136_0000,136_0000_239,256,83685,7468
136_0000,136_0000_240,256,84468,7344
136_0000,136_0000_241,256,84330,6796
136_0000,136_0000_242,256,84063,6896
136_0000,136_0000_243,256,84510,7132
136_0000,136_0000_244,256,84294,6504
136_0000,136_0000_245,256,83901,6852
136_0000,136_0000_246,256,83481,6024
136_0000,136_0000_247,256,82980,5388
136_0000,136_0000_248,256,82509,4656
136_0000,136_0000_249,256,81915,4380
136_0000,136_0000_250,256,81414,4024
136_0000,136_0000_251,256,80646,4352
136_0000,136_0000_252,256,80073,4436
136_0000,136_0000_253,256,79461,3576
136_0000,136_0000_254,256,79002,5016
136_0000,136_0000_255,256,78480,5488
136_0000,136_0000_256,256,77739,5972
136_0000,136_0000_257,256,77172,5796
136_0000,136_0000_258,256,76812,6060
136_0000,136_0000_259,256,76194,5496
136_0000,136_0000_260,256,75702,4520
136_0000,136_0000_261,256,75375,4348
136_0000,136_0000_262,256,75096,4824
136_0000,136_0000_263,256,74889,4904
136_0000,136_0000_264,256,74814,5460
136_0000,136_0000_265,256,74529,4204
136_0000,136_0000_266,256,74136,4868
136_0000,136_0000_267,256,73806,4332
136_0000,136_0000_268,256,73371,3920
136_0000,136_0000_269,256,72819,4008
136_0000,136_0000_270,256,72582,5056
136_0000,136_0000_271,256,72093,4000
136_0000,136_0000_272,256,71682,3320
136_0000,136_0000_273,256,71367,3616
136_0000,136_0000_274,256,70842,3304
136_0000,136_0000_275,256,70419,3308
136_0000,136_0000_276,256,69996,3432
136_0000,136_0000_277,256,69321,3248
136_0000,136_0000_278,256,69000,2180
136_0000,136_0000_279,256,68508,3204
136_0000,136_0000_280,256,68007,4652
136_0000,136_0000_281,256,67380,3560
136_0000,136_0000_282,256,66732,1968
136_0000,136_0000_283,256,66171,2084
136_0000,136_0000_284,256,65547,2468
136_0000,136_0000_285,256,65232,2080
136_0000,136_0000_286,256,64698,2888
136_0000,136_0000_287,256,64146,3388
136_0000,136_0000_288,256,63543,3316
136_0000,136_0000_289,256,62994,2984
136_0000,136_0000_290,256,62340,2348
136_0000,136_0000_291,256,61758,1952
136_0000,136_0000_292,256,61146,2580
136_0000,136_0000_293,256,60705,2404
136_0000,136_0000_294,256,60066,2060
136_0000,136_0000_295,256,59523,2616
136_0000,136_0000_296,256,58995,2796
136_0000,136_0000_297,256,58437,1544
136_0000,136_0000_298,256,57627,1432
136_0000,136_0000_299,256,56952,1084
136_0000,136_0000_300,256,56172,1352
136_0000,136_0000_301,256,55530,740
136_0000,136_0000_302,256,54723,776
136_0000,136_0000_303,256,54030,896
136_0000,136_0000_304,256,53325,840
136_0000,136_0000_305,256,52428,516
136_0000,136_0000_306,256,51522,196
136_0000,136_0000_307,256,50469,616
136_0000,136_0000_308,256,49548,480
136_0000,136_0000_309,256,48543,376
136_0000,136_0000_310,256,47553,264
136_0000,136_0000_311,256,46698,700
136_0000,136_0000_312,256,45615,704
136_0000,136_0000_313,256,44529,868
136_0000,136_0000_314,256,43551,1136
136_0000,136_0000_315,256,42585,1252
136_0000,136_0000_316,256,41613,684
136_0000,136_0000_317,256,40500,584
136_0000,136_0000_318,256,39690,1068
136_0000,136_0000_319,256,38742,1776
136_0000,136_0000_320,256,37491,1272
136_0000,136_0000_321,256,36651,1348
136_0000,136_0000_322,256,35616,1464
136_0000,136_0000_323,256,34752,948
136_0000,136_0000_324,256,33957,852
136_0000,136_0000_325,256,33087,648
136_0000,136_0000_326,256,32184,920
136_0000,136_0000_327,256,31338,792
136_0000,136_0000_328,256,30462,1340
136_0000,136_0000_329,256,29475,896
136_0000,136_0000_330,256,28608,556
136_0000,136_0000_331,256,27663,600
136_0000,136_0000_332,256,26733,716
136_0000,136_0000_333,256,25647,416
136_0000,136_0000_334,256,24744,308
136_0000,136_0000_335,256,23886,288
136_0000,136_0000_336,256,23124,428
136_0000,136_0000_337,256,22419,996
136_0000,136_0000_338,256,21579,520
136_0000,136_0000_339,256,20727,592
136_0000,136_0000_340,256,19899,524
136_0000,136_0000_341,256,19062,480
136_0000,136_0000_342,256,18312,476
136_0000,136_0000_343,256,17445,564
136_0000,136_0000_344,256,16626,760
136_0000,136_0000_345,256,15750,808
136_0000,136_0000_346,256,15003,408
136_0000,136_0000_347,256,14292,512
136_0000,136_0000_348,256,13332,404
136_0000,136_0000_349,256,12309,520
136_0000,136_0000_350,256,11499,812
136_0000,136_0000_351,256,10731,1080
136_0000,136_0000_352,256,10059,904
136_0000,136_0000_353,256,9231,1124
136_0000,136_0000_354,256,8235,1016
136_0000,136_0000_355,256,7488,876
136_0000,136_0000_356,256,6765,1076
136_0000,136_0000_357,256,5910,1356
136_0000,136_0000_358,256,5190,980
136_0000,136_0000_359,256,4524,1060
136_0000,136_0000_360,256,3762,284
136_0000,136_0000_361,256,3351,840
136_0000,136_0000_362,256,2730,620
136_0000,136_0000_363,256,2160,636
136_0000,136_0000_364,256,1740,464
136_0000,136_0000_365,256,1344,456
136_0000,136_0000_366,256,1005,300
136_0000,136_0000_367,256,672,88
136_0000,136_0000_368,256,423,140
136_0000,136_0000_369,256,297,284
136_0000,136_0000_370,256,165,244
137_0000,137_0000_024,256,0,0
137_0000,137_0000_025,256,42,56
137_0000,137_0000_026,256,201,444
137_0000,137_0000_027,256,345,484
137_0000,137_0000_028,256,405,520
137_0000,137_0000_029,256,465,612
137_0000,137_0000_030,256,588,616
137_0000,137_0000_031,256,777,648
137_0000,137_0000_032,256,963,580
137_0000,137_0000_033,256,1131,536
137_0000,137_0000_034,256,1383,1176
137_0000,137_0000_035,256,1608,1288
137_0000,137_0000_036,256,1875,1336
137_0000,137_0000_037,256,2079,1324
137_0000,137_0000_038,256,2361,1372
137_0000,137_0000_039,256,2613,1356
137_0000,137_0000_040,256,2835,1256
137_0000,137_0000_041,256,3108,1392
137_0000,137_0000_042,256,3459,1512
137_0000,137_0000_043,256,3789,1924
137_0000,137_0000_044,256,4128,2220
137_0000,137_0000_045,256,4659,2664
137_0000,137_0000_046,256,5292,2832
137_0000,137_0000_047,256,5934,2572
137_0000,137_0000_048,256,6549,2688
137_0000,137_0000_049,256,7215,3600
137_0000,137_0000_050,256,7770,3620
137_0000,137_0000_051,256,8421,3596
137_0000,137_0000_052,256,9102,3692
137_0000,137_0000_053,256,10089,3908
137_0000,137_0000_054,256,10989,4300
137_0000,137_0000_055,256,11958,3840
137_0000,137_0000_056,256,12768,4332
137_0000,137_0000_057,256,13626,4292
137_0000,137_0000_058,256,14532,4776
137_0000,137_0000_059,256,15522,5000
137_0000,137_0000_060,256,16668,3804
137_0000,137_0000_061,256,17757,4808
137_0000,137_0000_062,256,18783,4744
137_0000,137_0000_063,256,19866,5492
137_0000,137_0000_064,256,21126,4764
137_0000,137_0000_065,256,22404,4380
137_0000,137_0000_066,256,23724,4868
137_0000,137_0000_067,256,24954,5260
137_0000,137_0000_068,256,26661,6620
137_0000,137_0000_069,256,28284,5792
137_0000,137_0000_070,256,30588,6396
137_0000,137_0000_071,256,32781,7188
137_0000,137_0000_072,256,34920,6972
137_0000,137_0000_073,256,36978,6800
137_0000,137_0000_074,256,39150,8408
137_0000,137_0000_075,256,41220,7784
137_0000,137_0000_076,256,43266,5664
137_0000,137_0000_077,256,45141,6120
137_0000,137_0000_078,256,47463,6292
137_0000,137_0000_079,256,49389,6264
137_0000,137_0000_080,256,51405,6424
137_0000,137_0000_081,256,53190,6452
137_0000,137_0000_082,256,55494,6468
137_0000,137_0000_083,256,57600,6432
137_0000,137_0000_084,256,60075,7164
137_0000,137_0000_085,256,62307,6632
137_0000,137_0000_086,256,64491,7104
137_0000,137_0000_087,256,66639,7456
137_0000,137_0000_088,256,69468,7984
137_0000,137_0000_089,256,72462,7552
137_0000,137_0000_090,256,76074,8032
137_0000,137_0000_091,256,78135,8384
137_0000,137_0000_092,256,79584,8156
137_0000,137_0000_093,256,81030,8228
137_0000,137_0000_094,256,82335,8276
137_0000,137_0000_095,256,83577,8004
137_0000,137_0000_096,256,85329,7848
137_0000,137_0000_097,256,86814,7448
137_0000,137_0000_098,256,88080,6112
137_0000,137_0000_099,256,89784,6168
137_0000,137_0000_100,256,91287,7708
137_0000,137_0000_101,256,93450,8972
137_0000,137_0000_102,256,94467,8064
137_0000,137_0000_103,256,94125,7168
137_0000,137_0000_104,256,93564,7784
137_0000,137_0000_105,256,93690,7564
137_0000,137_0000_106,256,93621,7788
137_0000,137_0000_107,256,93336,7992
137_0000,137_0000_108,256,93528,7852
137_0000,137_0000_109,256,93546,7528
137_0000,137_0000_110,256,93585,6572
137_0000,137_0000_111,256,93735,6060
137_0000,137_0000_112,256,93705,5664
137_0000,137_0000_113,256,93783,5000
137_0000,137_0000_114,256,93996,5072
137_0000,137_0000_115,256,93819,4844
137_0000,137_0000_116,256,93519,4048
137_0000,137_0000_117,256,93672,4188
137_0000,137_0000_118,256,93774,4272
137_0000,137_0000_119,256,93525,3968
137_0000,137_0000_120,256,93789,4304
137_0000,137_0000_121,256,93729,3844
137_0000,137_0000_122,256,93573,3072
137_0000,137_0000_123,256,93885,2768
137_0000,137_0000_124,256,93930,2392
137_0000,137_0000_125,256,93972,2476
137_0000,137_0000_126,256,94173,2296
137_0000,137_0000_127,256,94242,2176
137_0000,137_0000_128,256,94038,2472
137_0000,137_0000_129,256,94389,2556
137_0000,137_0000_130,256,94515,2544
137_0000,137_0000_131,256,94161,2580
137_0000,137_0000_132,256,94113,2940
137_0000,137_0000_133,256,94113,2948
137_0000,137_0000_134,256,94149,2660
137_0000,137_0000_135,256,94254,2860
137_0000,137_0000_136,256,94269,3084
137_0000,137_0000_137,256,94062,3784
137_0000,137_0000_138,256,94044,3920
137_0000,137_0000_139,256,93981,3580
137_0000,137_0000_140,256,94101,3740
137_0000,137_0000_141,256,94020,3216
137_0000,137_0000_142,256,94107,3068
137_0000,137_0000_143,256,94047,2900
137_0000,137_0000_144,256,94161,2860
137_0000,137_0000_145,256,94443,2812
137_0000,137_0000_146,256,94449,2468
137_0000,137_0000_147,256,94863,2560
137_0000,137_0000_148,256,95145,2756
137_0000,137_0000_149,256,95169,2832
137_0000,137_0000_150,256,95556,2632
137_0000,137_0000_151,256,95616,2964
137_0000,137_0000_152,256,95466,3296
137_0000,137_0000_153,256,95805,3484
137_0000,137_0000_154,256,95832,3240
137_0000,137_0000_155,256,95670,3388
137_0000,137_0000_156,256,95850,3308
137_0000,137_0000_157,256,96144,3476
137_0000,137_0000_158,256,96315,3212
137_0000,137_0000_159,256,96711,2916
137_0000,137_0000_160,256,96741,3016
137_0000,137_0000_161,256,96915,2948
137_0000,137_0000_162,256,97131,2912
137_0000,137_0000_163,256,97110,3576
137_0000,137_0000_164,256,97065,3116
137_0000,137_0000_165,256,97266,3248
137_0000,137_0000_166,256,97611,3012
137_0000,137_0000_167,256,97713,2720
137_0000,137_0000_168,256,98295,3528
137_0000,137_0000_169,256,98457,4808
137_0000,137_0000_170,256,98544,5084
137_0000,137_0000_171,256,98955,4856
137_0000,137_0000_172,256,99381,4544
137_0000,137_0000_173,256,99441,3980
137_0000,137_0000_174,256,99819,3600
137_0000,137_0000_175,256,100365,3740
137_0000,137_0000_176,256,100404,3716
137_0000,137_0000_177,256,100728,3824
137_0000,137_0000_178,256,100995,4312
137_0000,137_0000_179,256,100824,3532
137_0000,137_0000_180,256,101160,3460
137_0000,137_0000_181,256,101271,3788
137_0000,137_0000_182,256,100935,3932
137_0000,137_0000_183,256,100896,4460
137_0000,137_0000_184,256,100479,4604
137_0000,137_0000_185,256,100137,4580
137_0000,137_0000_186,256,100218,3956
137_0000,137_0000_187,256,99657,3240
137_0000,137_0000_188,256,99339,3048
137_0000,137_0000_189,256,99372,2760
137_0000,137_0000_190,256,99504,2788
137_0000,137_0000_191,256,99177,2828
137_0000,137_0000_192,256,99123,2968
137_0000,137_0000_193,256,99198,3464
137_0000,137_0000_194,256,98496,3384
137_0000,137_0000_195,256,98493,3392
137_0000,137_0000_196,256,98790,3512
137_0000,137_0000_197,256,98451,3528
137_0000,137_0000_198,256,98379,3504
137_0000,137_0000_199,256,98307,3328
137_0000,137_0000_200,256,98331,3344
137_0000,137_0000_201,256,98487,3164
137_0000,137_0000_202,256,98694,3732
137_0000,137_0000_203,256,98760,4180
137_0000,137_0000_204,256,98973,3840
137_0000,137_0000_205,256,99159,3868
137_0000,137_0000_206,256,98862,4772
137_0000,137_0000_207,256,98811,4296
137_0000,137_0000_208,256,98508,4776
137_0000,137_0000_209,256,97821,5044
137_0000,137_0000_210,256,97701,5316
137_0000,137_0000_211,256,97491,4956
137_0000,137_0000_212,256,97089,4996
137_0000,137_0000_213,256,97020,5164
137_0000,137_0000_214,256,97179,4648
137_0000,137_0000_215,256,97041,3904
137_0000,137_0000_216,256,97089,3008
137_0000,137_0000_217,256,96897,3780
137_0000,137_0000_218,256,97101,4288
137_0000,137_0000_219,256,97383,4316
137_0000,137_0000_220,256,97368,4884
137_0000,137_0000_221,256,96981,3820
137_0000,137_0000_222,256,97107,3136
137_0000,137_0000_223,256,96777,3520
137_0000,137_0000_224,256,96375,3252
137_0000,137_0000_225,256,96483,3360
137_0000,137_0000_226,256,96462,3468
137_0000,137_0000_227,256,96405,2884
137_0000,137_0000_228,256,96261,2424
137_0000,137_0000_229,256,95637,2484
137_0000,137_0000_230,256,95223,2520
137_0000,137_0000_231,256,95502,2364
137_0000,137_0000_232,256,95049,2384
137_0000,137_0000_233,256,94605,2600
137_0000,137_0000_234,256,94308,1904
137_0000,137_0000_235,256,94044,2624
137_0000,137_0000_236,256,93483,2600
137_0000,137_0000_237,256,93372,2760
137_0000,137_0000_238,256,92808,1320
137_0000,137_0000_239,256,92136,1416
137_0000,137_0000_240,256,91830,1796
137_0000,137_0000_241,256,91416,2504
137_0000,137_0000_242,256,91185,3016
137_0000,137_0000_243,256,91449,2216
137_0000,137_0000_244,256,91107,2564
137_0000,137_0000_245,256,90729,2340
137_0000,137_0000_246,256,90108,2312
137_0000,137_0000_247,256,89799,1724
137_0000,137_0000_248,256,89157,1972
137_0000,137_0000_249,256,88683,1560
137_0000,137_0000_250,256,88113,1904
137_0000,137_0000_251,256,87330,2408
137_0000,137_0000_252,256,86697,3344
137_0000,137_0000_253,256,86223,3160
137_0000,137_0000_254,256,85464,2672
137_0000,137_0000_255,256,84801,2472
137_0000,137_0000_256,256,83820,2604
137_0000,137_0000_257,256,83115,2608
137_0000,137_0000_258,256,82941,3476
137_0000,137_0000_259,256,82452,2952
137_0000,137_0000_260,256,81930,2124
137_0000,137_0000_261,256,81681,2272
137_0000,137_0000_262,256,81198,2236
137_0000,137_0000_263,256,80619,2064
137_0000,137_0000_264,256,80124,2124
137_0000,137_0000_265,256,79365,2276
137_0000,137_0000_266,256,78552,2240
137_0000,137_0000_267,256,78141,2264
137_0000,137_0000_268,256,77430,2176
137_0000,137_0000_269,256,76485,2168
137_0000,137_0000_270,256,75888,1920
137_0000,137_0000_271,256,75099,1784
137_0000,137_0000_272,256,74148,1992
137_0000,137_0000_273,256,73299,1960
137_0000,137_0000_274,256,72126,1020
137_0000,137_0000_275,256,71040,816
137_0000,137_0000_276,256,70398,1256
137_0000,137_0000_277,256,69594,1804
137_0000,137_0000_278,256,68787,1968
137_0000,137_0000_279,256,67956,2072
137_0000,137_0000_280,256,66789,3024
137_0000,137_0000_281,256,65700,2808
137_0000,137_0000_282,256,65094,2104
137_0000,137_0000_283,256,64533,1784
137_0000,137_0000_284,256,63813,1592
137_0000,137_0000_285,256,63114,1552
137_0000,137_0000_286,256,62673,1364
137_0000,137_0000_287,256,61851,1056
137_0000,137_0000_288,256,61305,944
137_0000,137_0000_289,256,60603,384
137_0000,137_0000_290,256,59793,1768
137_0000,137_0000_291,256,59268,1580
137_0000,137_0000_292,256,58785,1084
137_0000,137_0000_293,256,58035,536
137_0000,137_0000_294,256,57486,1200
137_0000,137_0000_295,256,56916,1388
137_0000,137_0000_296,256,55959,1388
137_0000,137_0000_297,256,55404,1532
137_0000,137_0000_298,256,54558,1700
137_0000,137_0000_299,256,53574,1780
137_0000,137_0000_300,256,52782,2056
137_0000,137_0000_301,256,51918,2000
137_0000,137_0000_302,256,51045,2068
137_0000,137_0000_303,256,50229,1980
137_0000,137_0000_304,256,49092,1600
137_0000,137_0000_305,256,48129,2200
137_0000,137_0000_306,256,47424,2388
137_0000,137_0000_307,256,46371,2088
137_0000,137_0000_308,256,45390,1844
137_0000,137_0000_309,256,44826,1460
137_0000,137_0000_310,256,44073,1376
137_0000,137_0000_311,256,43221,932
137_0000,137_0000_312,256,42630,940
137_0000,137_0000_313,256,41850,1000
137_0000,137_0000_314,256,40926,1228
137_0000,137_0000_315,256,40005,1536
137_0000,137_0000_316,256,38997,1228
137_0000,137_0000_317,256,38091,1464
137_0000,137_0000_318,256,37023,1832
137_0000,137_0000_319,256,36048,1744
137_0000,137_0000_320,256,35070,1664
137_0000,137_0000_321,256,34290,1048
137_0000,137_0000_322,256,33195,1240
137_0000,137_0000_323,256,32331,1488
137_0000,137_0000_324,256,31569,1448
137_0000,137_0000_325,256,30366,1980
137_0000,137_0000_326,256,29250,1580
137_0000,137_0000_327,256,28305,1644
137_0000,137_0000_328,256,27276,1596
137_0000,137_0000_329,256,26001,1992
137_0000,137_0000_330,256,24960,2028
137_0000,137_0000_331,256,23937,1980
137_0000,137_0000_332,256,23013,2312
137_0000,137_0000_333,256,22143,2492
137_0000,137_0000_334,256,21180,2560
137_0000,137_0000_335,256,20346,3068
137_0000,137_0000_336,256,19506,2988
137_0000,137_0000_337,256,18300,3156
137_0000,137_0000_338,256,17118,2672
137_0000,137_0000_339,256,16170,2608
137_0000,137_0000_340,256,14853,2292
137_0000,137_0000_341,256,13449,2280
137_0000,137_0000_342,256,12519,2668
137_0000,137_0000_343,256,11517,3100
137_0000,137_0000_344,256,10008,3052
137_0000,137_0000_345,256,8634,3032
137_0000,137_0000_346,256,7620,3088
137_0000,137_0000_347,256,6735,3072
137_0000,137_0000_348,256,5805,2760
137_0000,137_0000_349,256,4746,2528
137_0000,137_0000_350,256,3678,2268
137_0000,137_0000_351,256,2247,1304
137_0000,137_0000_352,256,1536,924
137_0000,137_0000_353,256,1047,496
137_0000,137_0000_354,256,432,380
137_0000,137_0000_355,256,333,304
137_0000,137_0000_356,256,87,72
145_0000,145_0000_021,256,3,0
145_0000,145_0000_022,256,60,352
145_0000,145_0000_023,256,117,392
145_0000,145_0000_024,256,150,468
145_0000,145_0000_025,256,336,584
145_0000,145_0000_026,256,591,764
145_0000,145_0000_027,256,945,1020
145_0000,145_0000_028,256,1626,1816
145_0000,145_0000_029,256,2229,2356
145_0000,145_0000_030,256,2739,2352
145_0000,145_0000_031,256,3090,2508
145_0000,145_0000_032,256,3543,2340
145_0000,145_0000_033,256,3957,2352
145_0000,145_0000_034,256,4560,2444
145_0000,145_0000_035,256,5070,2868
145_0000,145_0000_036,256,5790,3124
145_0000,145_0000_037,256,6543,3124
145_0000,145_0000_038,256,7554,3664
145_0000,145_0000_039,256,8646,3772
145_0000,145_0000_040,256,9735,4268
145_0000,145_0000_041,256,10746,5476
145_0000,145_0000_042,256,11829,5888
145_0000,145_0000_043,256,13137,5576
145_0000,145_0000_044,256,14607,6648
145_0000,145_0000_045,256,15891,6996
145_0000,145_0000_046,256,17547,7508
145_0000,145_0000_047,256,19146,7952
145_0000,145_0000_048,256,20835,8940
145_0000,145_0000_049,256,22989,9576
145_0000,145_0000_050,256,26016,9844
145_0000,145_0000_051,256,29763,11412
145_0000,145_0000_052,256,32808,11396
145_0000,145_0000_053,256,35448,11140
145_0000,145_0000_054,256,38247,10780
145_0000,145_0000_055,256,41136,10548
145_0000,145_0000_056,256,44124,9116
145_0000,145_0000_057,256,46611,9104
145_0000,145_0000_058,256,50016,9344
145_0000,145_0000_059,256,54219,8592
145_0000,145_0000_060,256,59763,10164
145_0000,145_0000_061,256,65682,8984
145_0000,145_0000_062,256,70008,9096
145_0000,145_0000_063,256,76497,9832
145_0000,145_0000_064,256,79458,9608
145_0000,145_0000_065,256,80685,9004
145_0000,145_0000_066,256,82125,8908
145_0000,145_0000_067,256,84297,8404
145_0000,145_0000_068,256,87885,10100
145_0000,145_0000_069,256,90390,10560
145_0000,145_0000_070,256,89919,8960
145_0000,145_0000_071,256,89010,8044
145_0000,145_0000_072,256,88143,7312
145_0000,145_0000_073,256,87612,6920
145_0000,145_0000_074,256,87516,7168
145_0000,145_0000_075,256,87072,6728
145_0000,145_0000_076,256,86409,6752
145_0000,145_0000_077,256,85713,6632
145_0000,145_0000_078,256,85857,5540
145_0000,145_0000_079,256,86274,5948
145_0000,145_0000_080,256,86310,7052
145_0000,145_0000_081,256,85875,5876
145_0000,145_0000_082,256,85716,6008
145_0000,145_0000_083,256,85893,5668
145_0000,145_0000_084,256,86124,5596
145_0000,145_0000_085,256,85605,4312
145_0000,145_0000_086,256,85230,3832
145_0000,145_0000_087,256,84126,4632
145_0000,145_0000_088,256,83961,5756
145_0000,145_0000_089,256,84201,6424
145_0000,145_0000_090,256,84477,5312
145_0000,145_0000_091,256,84951,5204
145_0000,145_0000_092,256,85110,4500
145_0000,145_0000_093,256,85200,3668
145_0000,145_0000_094,256,85050,2816
145_0000,145_0000_095,256,85251,2688
145_0000,145_0000_096,256,85197,3156
145_0000,145_0000_097,256,84138,3188
145_0000,145_0000_098,256,83373,3664
145_0000,145_0000_099,256,82836,4336
145_0000,145_0000_100,256,82872,4084
145_0000,145_0000_101,256,82971,3808
145_0000,145_0000_102,256,82407,3816
145_0000,145_0000_103,256,82668,4028
145_0000,145_0000_104,256,83187,4168
145_0000,145_0000_105,256,83625,3512
145_0000,145_0000_106,256,84192,3704
145_0000,145_0000_107,256,84741,4128
145_0000,145_0000_108,256,84531,4484
145_0000,145_0000_109,256,84165,5180
145_0000,145_0000_110,256,83628,5196
145_0000,145_0000_111,256,83259,4636
145_0000,145_0000_112,256,83571,4556
145_0000,145_0000_113,256,84522,4024
145_0000,145_0000_114,256,84963,5052
145_0000,145_0000_115,256,85032,4972
145_0000,145_0000_116,256,85602,4276
145_0000,145_0000_117,256,85932,4156
145_0000,145_0000_118,256,86283,3660
145_0000,145_0000_119,256,86172,3508
145_0000,145_0000_120,256,85395,4340
145_0000,145_0000_121,256,84759,4276
145_0000,145_0000_122,256,84294,4828
145_0000,145_0000_123,256,84261,4824
145_0000,145_0000_124,256,83748,4304
145_0000,145_0000_125,256,83394,3728
145_0000,145_0000_126,256,82524,3472
145_0000,145_0000_127,256,81618,4760
145_0000,145_0000_128,256,82050,5516
145_0000,145_0000_129,256,82851,5696
145_0000,145_0000_130,256,83211,5816
145_0000,145_0000_131,256,82737,6540
145_0000,145_0000_132,256,82950,6444
145_0000,145_0000_133,256,83361,5488
145_0000,145_0000_134,256,83835,6004
145_0000,145_0000_135,256,83760,5184
145_0000,145_0000_136,256,83541,4620
145_0000,145_0000_137,256,83481,4504
145_0000,145_0000_138,256,83592,5196
145_0000,145_0000_139,256,83808,5548
145_0000,145_0000_140,256,83646,5856
145_0000,145_0000_141,256,83322,6364
145_0000,145_0000_142,256,82836,6108
145_0000,145_0000_143,256,82947,6192
145_0000,145_0000_144,256,83676,6664
145_0000,145_0000_145,256,84165,6184
145_0000,145_0000_146,256,84582,5920
145_0000,145_0000_147,256,84870,5880
145_0000,145_0000_148,256,84945,6224
145_0000,145_0000_149,256,84831,6016
145_0000,145_0000_150,256,84837,6596
145_0000,145_0000_151,256,85110,6280
145_0000,145_0000_152,256,84306,5932
145_0000,145_0000_153,256,83601,4752
145_0000,145_0000_154,256,83046,4988
145_0000,145_0000_155,256,83079,5104
145_0000,145_0000_156,256,84984,5152
145_0000,145_0000_157,256,84717,4796
145_0000,145_0000_158,256,84021,5320
145_0000,145_0000_159,256,83079,6348
145_0000,145_0000_160,256,82587,6604
145_0000,145_0000_161,256,82347,6772
145_0000,145_0000_162,256,81420,7208
145_0000,145_0000_163,256,79650,7348
145_0000,145_0000_164,256,78318,6460
145_0000,145_0000_165,256,78123,5868
145_0000,145_0000_166,256,77739,6204
145_0000,145_0000_167,256,76881,6488
145_0000,145_0000_168,256,76350,6036
145_0000,145_0000_169,256,75522,5320
145_0000,145_0000_170,256,75771,6132
145_0000,145_0000_171,256,75396,5496
145_0000,145_0000_172,256,75021,5100
145_0000,145_0000_173,256,74790,5496
145_0000,145_0000_174,256,74115,5324
145_0000,145_0000_175,256,73122,5920
145_0000,145_0000_176,256,72495,5532
145_0000,145_0000_177,256,71781,5320
145_0000,145_0000_178,256,71436,5312
145_0000,145_0000_179,256,71469,5552
145_0000,145_0000_180,256,70836,4900
145_0000,145_0000_181,256,69906,5384
145_0000,145_0000_182,256,68613,4936
145_0000,145_0000_183,256,67431,4640
145_0000,145_0000_184,256,66552,5452
145_0000,145_0000_185,256,65361,5608
145_0000,145_0000_186,256,63954,5428
145_0000,145_0000_187,256,63756,5540
145_0000,145_0000_188,256,63036,6008
145_0000,145_0000_189,256,62211,6168
145_0000,145_0000_190,256,61119,6184
145_0000,145_0000_191,256,59904,6508
145_0000,145_0000_192,256,58488,5676
145_0000,145_0000_193,256,57420,5764
145_0000,145_0000_194,256,56823,5220
145_0000,145_0000_195,256,55965,5260
145_0000,145_0000_196,256,54729,4868
145_0000,145_0000_197,256,53292,5216
145_0000,145_0000_198,256,52062,5712
145_0000,145_0000_199,256,51291,5780
145_0000,145_0000_200,256,50556,5444
145_0000,145_0000_201,256,50208,5308
145_0000,145_0000_202,256,49839,5888
145_0000,145_0000_203,256,49161,6720
145_0000,145_0000_204,256,48393,6320
145_0000,145_0000_205,256,47808,5500
145_0000,145_0000_206,256,47220,5056
145_0000,145_0000_207,256,46422,4196
145_0000,145_0000_208,256,44421,3888
145_0000,145_0000_209,256,43164,3988
145_0000,145_0000_210,256,42489,4040
145_0000,145_0000_211,256,42033,3628
145_0000,145_0000_212,256,42126,3312
145_0000,145_0000_213,256,41751,3884
145_0000,145_0000_214,256,41277,3656
145_0000,145_0000_215,256,40266,3756
145_0000,145_0000_216,256,39894,3480
145_0000,145_0000_217,256,39576,3824
145_0000,145_0000_218,256,39198,2848
145_0000,145_0000_219,256,37941,3388
145_0000,145_0000_220,256,36759,3680
145_0000,145_0000_221,256,35679,3436
145_0000,145_0000_222,256,34728,3172
145_0000,145_0000_223,256,34101,3980
145_0000,145_0000_224,256,33309,4448
145_0000,145_0000_225,256,32775,4276
145_0000,145_0000_226,256,32115,4328
145_0000,145_0000_227,256,31266,4004
145_0000,145_0000_228,256,30684,3936
145_0000,145_0000_229,256,30078,3948
145_0000,145_0000_230,256,29187,3688
145_0000,145_0000_231,256,27783,3548
145_0000,145_0000_232,256,26625,2976
145_0000,145_0000_233,256,26043,3472
145_0000,145_0000_234,256,25449,3736
145_0000,145_0000_235,256,24705,3344
145_0000,145_0000_236,256,23379,3224
145_0000,145_0000_237,256,22350,3324
145_0000,145_0000_238,256,21564,3396
145_0000,145_0000_239,256,21174,3776
145_0000,145_0000_240,256,20550,3988
145_0000,145_0000_241,256,19212,4228
145_0000,145_0000_242,256,18039,4292
145_0000,145_0000_243,256,17238,4320
145_0000,145_0000_244,256,16380,4276
145_0000,145_0000_245,256,16047,4388
145_0000,145_0000_246,256,15735,4424
145_0000,145_0000_247,256,14547,3808
145_0000,145_0000_248,256,12975,3580
145_0000,145_0000_249,256,12135,3328
145_0000,145_0000_250,256,11151,3480
145_0000,145_0000_251,256,9522,3184
145_0000,145_0000_252,256,8016,3252
145_0000,145_0000_253,256,6366,2948
145_0000,145_0000_254,256,5442,2692
145_0000,145_0000_255,256,4218,2228
145_0000,145_0000_256,256,3084,1844
145_0000,145_0000_257,256,1836,1212
145_0000,145_0000_258,256,1149,944
145_0000,145_0000_259,256,528,724
146_0000,146_0000_013,256,48,12
146_0000,146_0000_014,256,204,0
146_0000,146_0000_015,256,369,460
146_0000,146_0000_016,256,549,852
146_0000,146_0000_017,256,642,920
146_0000,146_0000_018,256,750,1028
146_0000,146_0000_019,256,861,1104
146_0000,146_0000_020,256,1026,1096
146_0000,146_0000_021,256,1236,1184
146_0000,146_0000_022,256,1305,1164
146_0000,146_0000_023,256,1437,1180
146_0000,146_0000_024,256,1548,1300
146_0000,146_0000_025,256,1794,1356
146_0000,146_0000_026,256,1887,1360
146_0000,146_0000_027,256,2031,1300
146_0000,146_0000_028,256,2139,1484
146_0000,146_0000_029,256,2196,1492
146_0000,146_0000_030,256,2373,1744
146_0000,146_0000_031,256,2502,1768
146_0000,146_0000_032,256,2679,1892
146_0000,146_0000_033,256,2892,1944
146_0000,146_0000_034,256,3051,2036
146_0000,146_0000_035,256,3288,2108
146_0000,146_0000_036,256,3609,2160
146_0000,146_0000_037,256,3786,1948
146_0000,146_0000_038,256,3909,2092
146_0000,146_0000_039,256,4155,2348
146_0000,146_0000_040,256,4341,2316
146_0000,146_0000_041,256,4563,2404
146_0000,146_0000_042,256,4683,2616
146_0000,146_0000_043,256,4953,2588
146_0000,146_0000_044,256,5118,2692
146_0000,146_0000_045,256,5403,3276
146_0000,146_0000_046,256,5844,3396
146_0000,146_0000_047,256,6150,3328
146_0000,146_0000_048,256,6516,3608
146_0000,146_0000_049,256,6798,3700
146_0000,146_0000_050,256,7194,3744
146_0000,146_0000_051,256,7668,4060
146_0000,146_0000_052,256,8208,3692
146_0000,146_0000_053,256,8601,3360
146_0000,146_0000_054,256,8940,4252
146_0000,146_0000_055,256,9369,3920
146_0000,146_0000_056,256,9789,3900
146_0000,146_0000_057,256,10320,4276
146_0000,146_0000_058,256,10812,4820
146_0000,146_0000_059,256,11124,4716
146_0000,146_0000_060,256,11874,4816
146_0000,146_0000_061,256,12375,5244
146_0000,146_0000_062,256,12945,5640
146_0000,146_0000_063,256,13860,5396
146_0000,146_0000_064,256,14622,5436
146_0000,146_0000_065,256,15375,5592
146_0000,146_0000_066,256,15894,5536
146_0000,146_0000_067,256,16410,5428
146_0000,146_0000_068,256,16983,5648
146_0000,146_0000_069,256,17622,5216
146_0000,146_0000_070,256,17991,5864
146_0000,146_0000_071,256,18543,6308
146_0000,146_0000_072,256,19101,6556
146_0000,146_0000_073,256,19497,6420
146_0000,146_0000_074,256,19995,6380
146_0000,146_0000_075,256,20604,5644
146_0000,146_0000_076,256,21153,5652
146_0000,146_0000_077,256,21741,6252
146_0000,146_0000_078,256,22425,6512
146_0000,146_0000_079,256,22956,6520
146_0000,146_0000_080,256,23679,6308
146_0000,146_0000_081,256,24366,5324
146_0000,146_0000_082,256,25050,5900
146_0000,146_0000_083,256,25590,6060
146_0000,146_0000_084,256,26232,5492
146_0000,146_0000_085,256,26874,5844
146_0000,146_0000_086,256,27708,5652
146_0000,146_0000_087,256,28434,5968
146_0000,146_0000_088,256,29013,4864
146_0000,146_0000_089,256,29433,4928
146_0000,146_0000_090,256,30210,5416
146_0000,146_0000_091,256,31068,5404
146_0000,146_0000_092,256,31860,5820
146_0000,146_0000_093,256,32589,6388
146_0000,146_0000_094,256,33318,6804
146_0000,146_0000_095,256,33954,6768
146_0000,146_0000_096,256,34830,5412
146_0000,146_0000_097,256,35664,5904
146_0000,146_0000_098,256,36660,6020
146_0000,146_0000_099,256,37593,5404
146_0000,146_0000_100,256,38511,6100
146_0000,146_0000_101,256,39447,6304
146_0000,146_0000_102,256,40434,6184
146_0000,146_0000_103,256,41517,8176
146_0000,146_0000_104,256,42399,7428
146_0000,146_0000_105,256,43395,6404
146_0000,146_0000_106,256,44100,6044
146_0000,146_0000_107,256,44946,5032
146_0000,146_0000_108,256,45780,4520
146_0000,146_0000_109,256,46650,5716
146_0000,146_0000_110,256,47454,6072
146_0000,146_0000_111,256,48186,5092
146_0000,146_0000_112,256,49311,5428
146_0000,146_0000_113,256,50262,4248
146_0000,146_0000_114,256,51408,4240
146_0000,146_0000_115,256,52413,3696
146_0000,146_0000_116,256,53550,4592
146_0000,146_0000_117,256,54744,3876
146_0000,146_0000_118,256,55989,4168
146_0000,146_0000_119,256,57414,3800
146_0000,146_0000_120,256,59277,3952
146_0000,146_0000_121,256,61257,4008
146_0000,146_0000_122,256,62736,5048
146_0000,146_0000_123,256,64791,5384
146_0000,146_0000_124,256,66450,4272
146_0000,146_0000_125,256,69138,4512
146_0000,146_0000_126,256,72477,4652
146_0000,146_0000_127,256,74769,5632
146_0000,146_0000_128,256,76689,6260
146_0000,146_0000_129,256,78654,7592
146_0000,146_0000_130,256,81072,5996
146_0000,146_0000_131,256,83196,6072
146_0000,146_0000_132,256,86013,5100
146_0000,146_0000_133,256,89106,5768
146_0000,146_0000_134,256,91476,4776
146_0000,146_0000_135,256,91557,3136
146_0000,146_0000_136,256,91680,3472
146_0000,146_0000_137,256,91053,5364
146_0000,146_0000_138,256,91683,5052
146_0000,146_0000_139,256,92250,4680
146_0000,146_0000_140,256,92244,5596
146_0000,146_0000_141,256,92499,5208
146_0000,146_0000_142,256,92871,4336
146_0000,146_0000_143,256,93039,4820
146_0000,146_0000_144,256,93288,5088
146_0000,146_0000_145,256,93279,5376
146_0000,146_0000_146,256,92688,5104
146_0000,146_0000_147,256,92454,4732
146_0000,146_0000_148,256,92001,5212
146_0000,146_0000_149,256,91335,5308
146_0000,146_0000_150,256,91029,5000
146_0000,146_0000_151,256,90804,4544
146_0000,146_0000_152,256,90363,5352
146_0000,146_0000_153,256,90057,5548
146_0000,146_0000_154,256,89595,4952
146_0000,146_0000_155,256,88881,5152
146_0000,146_0000_156,256,88290,4224
146_0000,146_0000_157,256,87912,3664
146_0000,146_0000_158,256,86475,4148
146_0000,146_0000_159,256,86052,4484
146_0000,146_0000_160,256,86202,4892
146_0000,146_0000_161,256,86346,4776
146_0000,146_0000_162,256,86286,4452
146_0000,146_0000_163,256,85395,3868
146_0000,146_0000_164,256,84954,3828
146_0000,146_0000_165,256,84747,4696
146_0000,146_0000_166,256,84819,5112
146_0000,146_0000_167,256,84417,5200
146_0000,146_0000_168,256,83946,3212
146_0000,146_0000_169,256,83619,2660
146_0000,146_0000_170,256,82923,2980
146_0000,146_0000_171,256,81588,2752
146_0000,146_0000_172,256,80859,3072
146_0000,146_0000_173,256,80229,3408
146_0000,146_0000_174,256,80415,4316
146_0000,146_0000_175,256,80178,5084
146_0000,146_0000_176,256,79371,4760
146_0000,146_0000_177,256,78510,4772
146_0000,146_0000_178,256,78036,4400
146_0000,146_0000_179,256,77685,4324
146_0000,146_0000_180,256,77247,3668
146_0000,146_0000_181,256,76821,2680
146_0000,146_0000_182,256,76401,2656
146_0000,146_0000_183,256,76020,2700
146_0000,146_0000_184,256,75897,2892
146_0000,146_0000_185,256,75528,3556
146_0000,146_0000_186,256,75513,3780
146_0000,146_0000_187,256,75897,4388
146_0000,146_0000_188,256,75504,4640
146_0000,146_0000_189,256,75075,4180
146_0000,146_0000_190,256,74649,3604
146_0000,146_0000_191,256,74040,4620
146_0000,146_0000_192,256,73395,4312
146_0000,146_0000_193,256,72903,5116
146_0000,146_0000_194,256,72468,5024
146_0000,146_0000_195,256,72450,6120
146_0000,146_0000_196,256,72573,5732
146_0000,146_0000_197,256,72273,4676
146_0000,146_0000_198,256,71967,4040
146_0000,146_0000_199,256,71676,4440
146_0000,146_0000_200,256,71436,4896
146_0000,146_0000_201,256,71511,4776
146_0000,146_0000_202,256,71367,4496
146_0000,146_0000_203,256,70668,4664
146_0000,146_0000_204,256,70263,4508
146_0000,146_0000_205,256,69906,4920
146_0000,146_0000_206,256,69789,4644
146_0000,146_0000_207,256,69912,5020
146_0000,146_0000_208,256,69507,4880
146_0000,146_0000_209,256,69162,4684
146_0000,146_0000_210,256,68646,4708
146_0000,146_0000_211,256,68442,4736
146_0000,146_0000_212,256,68229,3184
146_0000,146_0000_213,256,67971,4172
146_0000,146_0000_214,256,67593,3776
146_0000,146_0000_215,256,67341,3380
146_0000,146_0000_216,256,67164,2812
146_0000,146_0000_217,256,67113,3292
146_0000,146_0000_218,256,66981,3448
146_0000,146_0000_219,256,66846,3548
146_0000,146_0000_220,256,66705,3680
146_0000,146_0000_221,256,66816,3192
146_0000,146_0000_222,256,66618,3156
146_0000,146_0000_223,256,66651,3068
146_0000,146_0000_224,256,66591,4044
146_0000,146_0000_225,256,66309,4260
146_0000,146_0000_226,256,66024,2872
146_0000,146_0000_227,256,66426,2008
146_0000,146_0000_228,256,66450,2160
146_0000,146_0000_229,256,66033,2300
146_0000,146_0000_230,256,65643,1864
146_0000,146_0000_231,256,65121,1572
146_0000,146_0000_232,256,64428,1168
146_0000,146_0000_233,256,63969,656
146_0000,146_0000_234,256,63384,888
146_0000,146_0000_235,256,62775,1096
146_0000,146_0000_236,256,62157,1292
146_0000,146_0000_237,256,61656,2048
146_0000,146_0000_238,256,60831,1408
146_0000,146_0000_239,256,60132,1780
146_0000,146_0000_240,256,59715,1668
146_0000,146_0000_241,256,58908,1600
146_0000,146_0000_242,256,58284,2136
146_0000,146_0000_243,256,57900,2112
146_0000,146_0000_244,256,57207,1616
146_0000,146_0000_245,256,56457,2012
146_0000,146_0000_246,256,55947,1988
146_0000,146_0000_247,256,55317,1508
146_0000,146_0000_248,256,54702,1428
146_0000,146_0000_249,256,54180,1428
146_0000,146_0000_250,256,53505,1356
146_0000,146_0000_251,256,52830,1152
146_0000,146_0000_252,256,52203,668
146_0000,146_0000_253,256,51738,228
146_0000,146_0000_254,256,51435,396
146_0000,146_0000_255,256,51147,540
146_0000,146_0000_256,256,50535,572
146_0000,146_0000_257,256,49950,564
146_0000,146_0000_258,256,49281,516
146_0000,146_0000_259,256,48651,1012
146_0000,146_0000_260,256,48081,1124
146_0000,146_0000_261,256,47457,1120
146_0000,146_0000_262,256,46677,1140
146_0000,146_0000_263,256,45843,1028
146_0000,146_0000_264,256,45093,1360
146_0000,146_0000_265,256,44331,1260
146_0000,146_0000_266,256,43254,1012
146_0000,146_0000_267,256,42498,708
146_0000,146_0000_268,256,41586,732
146_0000,146_0000_269,256,40419,324
146_0000,146_0000_270,256,39552,1232
146_0000,146_0000_271,256,38550,680
146_0000,146_0000_272,256,37407,656
146_0000,146_0000_273,256,36429,480
146_0000,146_0000_274,256,35367,320
146_0000,146_0000_275,256,34428,304
146_0000,146_0000_276,256,33489,328
146_0000,146_0000_277,256,32325,364
146_0000,146_0000_278,256,31308,780
146_0000,146_0000_279,256,30195,552
146_0000,146_0000_280,256,29292,508
146_0000,146_0000_281,256,28341,452
146_0000,146_0000_282,256,27495,224
146_0000,146_0000_283,256,26445,80
146_0000,146_0000_284,256,25539,460
146_0000,146_0000_285,256,24663,640
146_0000,146_0000_286,256,23706,1204
146_0000,146_0000_287,256,22632,800
146_0000,146_0000_288,256,21645,560
146_0000,146_0000_289,256,20622,1040
146_0000,146_0000_290,256,19563,584
146_0000,146_0000_291,256,18756,972
146_0000,146_0000_292,256,17775,1400
146_0000,146_0000_293,256,16992,1116
146_0000,146_0000_294,256,16248,868
146_0000,146_0000_295,256,15354,604
146_0000,146_0000_296,256,14370,384
146_0000,146_0000_297,256,13491,636
146_0000,146_0000_298,256,12588,832
146_0000,146_0000_299,256,11586,452
146_0000,146_0000_300,256,10584,440
146_0000,146_0000_301,256,9720,268
146_0000,146_0000_302,256,8958,0
146_0000,146_0000_303,256,8295,256
146_0000,146_0000_304,256,7326,52
146_0000,146_0000_305,256,6309,400
146_0000,146_0000_306,256,5598,660
146_0000,146_0000_307,256,4965,448
146_0000,146_0000_308,256,4161,456
146_0000,146_0000_309,256,3753,280
146_0000,146_0000_310,256,3270,456
146_0000,146_0000_311,256,2805,648
146_0000,146_0000_312,256,2496,820
146_0000,146_0000_313,256,2049,956
146_0000,146_0000_314,256,1431,728
146_0000,146_0000_315,256,849,544
161_0000,161_0000_048,256,36,292
161_0000,161_0000_049,256,123,348
161_0000,161_0000_050,256,183,536
161_0000,161_0000_051,256,213,532
161_0000,161_0000_052,256,312,688
161_0000,161_0000_053,256,579,668
161_0000,161_0000_054,256,909,764
161_0000,161_0000_055,256,1194,1000
161_0000,161_0000_056,256,1587,1076
161_0000,161_0000_057,256,1905,1328
161_0000,161_0000_058,256,2226,1732
161_0000,161_0000_059,256,2607,1848
161_0000,161_0000_060,256,3105,2100
161_0000,161_0000_061,256,3471,2188
161_0000,161_0000_062,256,3765,2340
161_0000,161_0000_063,256,4041,2652
161_0000,161_0000_064,256,4518,2616
161_0000,161_0000_065,256,5013,2468
161_0000,161_0000_066,256,5544,2760
161_0000,161_0000_067,256,6045,3028
161_0000,161_0000_068,256,6498,3020
161_0000,161_0000_069,256,7149,3800
161_0000,161_0000_070,256,7872,4052
161_0000,161_0000_071,256,8409,4284
161_0000,161_0000_072,256,8967,4256
161_0000,161_0000_073,256,9489,4512
161_0000,161_0000_074,256,10176,4780
161_0000,161_0000_075,256,11109,5228
161_0000,161_0000_076,256,11667,5396
161_0000,161_0000_077,256,12339,5420
161_0000,161_0000_078,256,13197,5996
161_0000,161_0000_079,256,13992,6568
161_0000,161_0000_080,256,15033,6536
161_0000,161_0000_081,256,15942,7032
161_0000,161_0000_082,256,16749,7012
161_0000,161_0000_083,256,17550,7632
161_0000,161_0000_084,256,18465,7664
161_0000,161_0000_085,256,19539,8208
161_0000,161_0000_086,256,20688,8124
161_0000,161_0000_087,256,21765,8244
161_0000,161_0000_088,256,22620,7776
161_0000,161_0000_089,256,23688,7012
161_0000,161_0000_090,256,24852,6956
161_0000,161_0000_091,256,25740,6944
161_0000,161_0000_092,256,26850,7948
161_0000,161_0000_093,256,28233,8868
161_0000,161_0000_094,256,29904,8892
161_0000,161_0000_095,256,31473,8964
161_0000,161_0000_096,256,33102,9568
161_0000,161_0000_097,256,34233,9584
161_0000,161_0000_098,256,35382,9036
161_0000,161_0000_099,256,37032,9428
161_0000,161_0000_100,256,38481,10520
161_0000,161_0000_101,256,40296,10880
161_0000,161_0000_102,256,42327,11960
161_0000,161_0000_103,256,43770,12176
161_0000,161_0000_104,256,44820,11772
161_0000,161_0000_105,256,46050,11572
161_0000,161_0000_106,256,47091,11124
161_0000,161_0000_107,256,48105,10464
161_0000,161_0000_108,256,49422,10768
161_0000,161_0000_109,256,50214,10784
161_0000,161_0000_110,256,50910,10848
161_0000,161_0000_111,256,51405,11292
161_0000,161_0000_112,256,51795,12252
161_0000,161_0000_113,256,52269,12252
161_0000,161_0000_114,256,52986,11836
161_0000,161_0000_115,256,53586,11216
161_0000,161_0000_116,256,54414,10828
161_0000,161_0000_117,256,55293,11192
161_0000,161_0000_118,256,55872,10792
161_0000,161_0000_119,256,56895,10572
161_0000,161_0000_120,256,57975,11128
161_0000,161_0000_121,256,59082,11400
161_0000,161_0000_122,256,60507,11196
161_0000,161_0000_123,256,61869,11348
161_0000,161_0000_124,256,63168,11744
161_0000,161_0000_125,256,64368,11492
161_0000,161_0000_126,256,65469,12016
161_0000,161_0000_127,256,66324,12060
161_0000,161_0000_128,256,67452,12448
161_0000,161_0000_129,256,68538,11796
161_0000,161_0000_130,256,69447,12160
161_0000,161_0000_131,256,70833,11428
161_0000,161_0000_132,256,72351,11708
161_0000,161_0000_133,256,73713,13148
161_0000,161_0000_134,256,75513,11744
161_0000,161_0000_135,256,77721,11044
161_0000,161_0000_136,256,78732,10092
161_0000,161_0000_137,256,79059,8596
161_0000,161_0000_138,256,79455,8496
161_0000,161_0000_139,256,79740,7600
161_0000,161_0000_140,256,79953,7904
161_0000,161_0000_141,256,80070,6792
161_0000,161_0000_142,256,80193,6752
161_0000,161_0000_143,256,80715,6184
161_0000,161_0000_144,256,80892,7332
161_0000,161_0000_145,256,80904,7588
161_0000,161_0000_146,256,80952,7184
161_0000,161_0000_147,256,81189,6056
161_0000,161_0000_148,256,81300,6084
161_0000,161_0000_149,256,81552,5592
161_0000,161_0000_150,256,81978,4984
161_0000,161_0000_151,256,82044,5200
161_0000,161_0000_152,256,82281,5164
161_0000,161_0000_153,256,82677,4828
161_0000,161_0000_154,256,82716,4308
161_0000,161_0000_155,256,82908,4148
161_0000,161_0000_156,256,82992,4676
161_0000,161_0000_157,256,82911,4968
161_0000,161_0000_158,256,83586,4572
161_0000,161_0000_159,256,83844,4808
161_0000,161_0000_160,256,84117,4512
161_0000,161_0000_161,256,84807,5032
161_0000,161_0000_162,256,84918,4568
161_0000,161_0000_163,256,85062,5060
161_0000,161_0000_164,256,85227,5676
161_0000,161_0000_165,256,85200,5736
161_0000,161_0000_166,256,84504,5044
161_0000,161_0000_167,256,84978,5004
161_0000,161_0000_168,256,85239,4916
161_0000,161_0000_169,256,85191,4996
161_0000,161_0000_170,256,85668,5640
161_0000,161_0000_171,256,86034,5224
161_0000,161_0000_172,256,86253,5208
161_0000,161_0000_173,256,86655,4664
161_0000,161_0000_174,256,86892,4592
161_0000,161_0000_175,256,87090,4448
161_0000,161_0000_176,256,87528,4492
161_0000,161_0000_177,256,87996,4720
161_0000,161_0000_178,256,88440,4452
161_0000,161_0000_179,256,89178,4900
161_0000,161_0000_180,256,89679,4508
161_0000,161_0000_181,256,90132,4092
161_0000,161_0000_182,256,90756,3744
161_0000,161_0000_183,256,91233,3612
161_0000,161_0000_184,256,91710,3208
161_0000,161_0000_185,256,92235,3088
161_0000,161_0000_186,256,92289,3132
161_0000,161_0000_187,256,92583,3056
161_0000,161_0000_188,256,92721,3284
161_0000,161_0000_189,256,92184,3892
161_0000,161_0000_190,256,92088,4176
161_0000,161_0000_191,256,92493,4728
161_0000,161_0000_192,256,93006,4556
161_0000,161_0000_193,256,93669,5116
161_0000,161_0000_194,256,94824,5900
161_0000,161_0000_195,256,95304,5644
161_0000,161_0000_196,256,95721,4344
161_0000,161_0000_197,256,96165,3800
161_0000,161_0000_198,256,95805,3556
161_0000,161_0000_199,256,94998,3972
161_0000,161_0000_200,256,95094,4224
161_0000,161_0000_201,256,95157,2996
161_0000,161_0000_202,256,94995,3768
161_0000,161_0000_203,256,95175,3952
161_0000,161_0000_204,256,94770,3524
161_0000,161_0000_205,256,94458,3748
161_0000,161_0000_206,256,94377,3400
161_0000,161_0000_207,256,93909,3840
161_0000,161_0000_208,256,93672,2824
161_0000,161_0000_209,256,93873,3160
161_0000,161_0000_210,256,93918,3964
161_0000,161_0000_211,256,94035,3060
161_0000,161_0000_212,256,94110,3168
161_0000,161_0000_213,256,94053,3184
161_0000,161_0000_214,256,93855,4248
161_0000,161_0000_215,256,93909,3948
161_0000,161_0000_216,256,93852,3348
161_0000,161_0000_217,256,93855,2740
161_0000,161_0000_218,256,94035,3184
161_0000,161_0000_219,256,93720,3760
161_0000,161_0000_220,256,93471,4392
161_0000,161_0000_221,256,93564,3668
161_0000,161_0000_222,256,93735,3524
161_0000,161_0000_223,256,93993,3588
161_0000,161_0000_224,256,93978,3364
161_0000,161_0000_225,256,93897,3576
161_0000,161_0000_226,256,93933,3996
161_0000,161_0000_227,256,94044,3728
161_0000,161_0000_228,256,94125,3912
161_0000,161_0000_229,256,93945,3932
161_0000,161_0000_230,256,94251,3780
161_0000,161_0000_231,256,94293,3448
161_0000,161_0000_232,256,94554,3036
161_0000,161_0000_233,256,94941,3056
161_0000,161_0000_234,256,95406,3276
161_0000,161_0000_235,256,95427,3112
161_0000,161_0000_236,256,95787,3208
161_0000,161_0000_237,256,96135,3648
161_0000,161_0000_238,256,95949,2952
161_0000,161_0000_239,256,95880,3448
161_0000,161_0000_240,256,96012,3788
161_0000,161_0000_241,256,95919,3684
161_0000,161_0000_242,256,96144,3504
161_0000,161_0000_243,256,95970,2992
161_0000,161_0000_244,256,95688,2636
161_0000,161_0000_245,256,95709,3084
161_0000,161_0000_246,256,95538,2980
161_0000,161_0000_247,256,95403,2092
161_0000,161_0000_248,256,95631,2044
161_0000,161_0000_249,256,95544,2128
161_0000,161_0000_250,256,95307,2128
161_0000,161_0000_251,256,94941,1544
161_0000,161_0000_252,256,94374,2040
161_0000,161_0000_253,256,94029,2032
161_0000,161_0000_254,256,93744,1672
161_0000,161_0000_255,256,93870,2820
161_0000,161_0000_256,256,93672,2416
161_0000,161_0000_257,256,93846,2604
161_0000,161_0000_258,256,93912,1856
161_0000,161_0000_259,256,93669,1688
161_0000,161_0000_260,256,93756,2104
161_0000,161_0000_261,256,93441,2300
161_0000,161_0000_262,256,92757,2072
161_0000,161_0000_263,256,92256,2168
161_0000,161_0000_264,256,91899,2592
161_0000,161_0000_265,256,91422,2144
161_0000,161_0000_266,256,90927,1648
161_0000,161_0000_267,256,90279,1604
161_0000,161_0000_268,256,89643,1792
161_0000,161_0000_269,256,89157,1536
161_0000,161_0000_270,256,88533,1688
161_0000,161_0000_271,256,88077,1900
161_0000,161_0000_272,256,87570,1940
161_0000,161_0000_273,256,86991,1336
161_0000,161_0000_274,256,86268,1360
161_0000,161_0000_275,256,85656,1416
161_0000,161_0000_276,256,84978,1532
161_0000,161_0000_277,256,84204,1604
161_0000,161_0000_278,256,83640,1412
161_0000,161_0000_279,256,83163,1936
161_0000,161_0000_280,256,82215,2220
161_0000,161_0000_281,256,81642,1860
161_0000,161_0000_282,256,81051,2036
161_0000,161_0000_283,256,80199,2216
161_0000,161_0000_284,256,79695,2580
161_0000,161_0000_285,256,79089,2668
161_0000,161_0000_286,256,78432,2940
161_0000,161_0000_287,256,77856,2632
161_0000,161_0000_288,256,77214,2620
161_0000,161_0000_289,256,76620,2704
161_0000,161_0000_290,256,76068,2612
161_0000,161_0000_291,256,75435,2416
161_0000,161_0000_292,256,74874,2744
161_0000,161_0000_293,256,74343,2212
161_0000,161_0000_294,256,73686,2196
161_0000,161_0000_295,256,72888,1588
161_0000,161_0000_296,256,72354,1796
161_0000,161_0000_297,256,71952,1488
161_0000,161_0000_298,256,71349,1476
161_0000,161_0000_299,256,70884,1708
161_0000,161_0000_300,256,70449,2096
161_0000,161_0000_301,256,69954,2584
161_0000,161_0000_302,256,69555,2208
161_0000,161_0000_303,256,69006,1876
161_0000,161_0000_304,256,68565,1764
161_0000,161_0000_305,256,68151,1660
161_0000,161_0000_306,256,67719,1200
161_0000,161_0000_307,256,67029,1712
161_0000,161_0000_308,256,66459,1160
161_0000,161_0000_309,256,65919,2004
161_0000,161_0000_310,256,65511,1724
161_0000,161_0000_311,256,65166,1516
161_0000,161_0000_312,256,64530,1532
161_0000,161_0000_313,256,63780,1500
161_0000,161_0000_314,256,63132,1584
161_0000,161_0000_315,256,62172,2348
161_0000,161_0000_316,256,61392,2088
161_0000,161_0000_317,256,60741,1672
161_0000,161_0000_318,256,59970,1208
161_0000,161_0000_319,256,58932,1060
161_0000,161_0000_320,256,58113,764
161_0000,161_0000_321,256,57102,884
161_0000,161_0000_322,256,56046,916
161_0000,161_0000_323,256,55179,1664
161_0000,161_0000_324,256,54186,1604
161_0000,161_0000_325,256,53331,1808
161_0000,161_0000_326,256,52422,1848
161_0000,161_0000_327,256,51546,1288
161_0000,161_0000_328,256,50598,1392
161_0000,161_0000_329,256,49758,876
161_0000,161_0000_330,256,48876,544
161_0000,161_0000_331,256,48264,360
161_0000,161_0000_332,256,47502,0
161_0000,161_0000_333,256,46668,40
161_0000,161_0000_334,256,45876,352
161_0000,161_0000_335,256,44988,496
161_0000,161_0000_336,256,44277,392
161_0000,161_0000_337,256,43503,512
161_0000,161_0000_338,256,42798,828
161_0000,161_0000_339,256,42084,684
161_0000,161_0000_340,256,41286,208
161_0000,161_0000_341,256,40398,200
161_0000,161_0000_342,256,39567,96
161_0000,161_0000_343,256,38652,112
161_0000,161_0000_344,256,37986,88
161_0000,161_0000_345,256,37086,132
161_0000,161_0000_346,256,36087,0
161_0000,161_0000_347,256,35436,28
161_0000,161_0000_348,256,34626,336
161_0000,161_0000_349,256,33807,500
161_0000,161_0000_350,256,32982,720
161_0000,161_0000_351,256,32031,416
161_0000,161_0000_352,256,30969,444
161_0000,161_0000_353,256,29949,368
161_0000,161_0000_354,256,28815,216
161_0000,161_0000_355,256,27732,212
161_0000,161_0000_356,256,26769,276
161_0000,161_0000_357,256,25752,0
161_0000,161_0000_358,256,24621,0
161_0000,161_0000_359,256,23754,220
161_0000,161_0000_360,256,22887,212
161_0000,161_0000_361,256,21813,44
161_0000,161_0000_362,256,20613,60
161_0000,161_0000_363,256,19452,0
161_0000,161_0000_364,256,18390,0
161_0000,161_0000_365,256,17370,168
161_0000,161_0000_366,256,16251,76
161_0000,161_0000_367,256,15063,104
161_0000,161_0000_368,256,13887,720
161_0000,161_0000_369,256,12519,896
161_0000,161_0000_370,256,11076,1132
161_0000,161_0000_371,256,9924,2072
161_0000,161_0000_372,256,8766,1880
161_0000,161_0000_373,256,7272,2100
161_0000,161_0000_374,256,5604,1700
161_0000,161_0000_375,256,4581,1268
161_0000,161_0000_376,256,3843,1152
161_0000,161_0000_377,256,3393,1080
161_0000,161_0000_378,256,2949,1308
161_0000,161_0000_379,256,1623,640
