orig_name,random_name
066_fibrosis_093.png,orig00000.png
149_fibrosis_046.png,orig00001.png
064_fibrosis_147.png,orig00002.png
068_fibrosis_120.png,orig00003.png
136_fibrosis_212.png,orig00004.png
140_fibrosis_038.png,orig00005.png
140_fibrosis_119.png,orig00006.png
193_fibrosis_067.png,orig00007.png
203_fibrosis_073.png,orig00008.png
082_fibrosis_073.png,orig00009.png
084_fibrosis_166.png,orig00010.png
197_fibrosis_107.png,orig00011.png
068_fibrosis_075.png,orig00012.png
082_fibrosis_134.png,orig00013.png
147_fibrosis_188.png,orig00014.png
139_fibrosis_033.png,orig00015.png
131_fibrosis_152.png,orig00016.png
076_fibrosis_065.png,orig00017.png
071_fibrosis_120.png,orig00018.png
082_fibrosis_259.png,orig00019.png
072_fibrosis_200.png,orig00020.png
141_fibrosis_088.png,orig00021.png
146_fibrosis_155.png,orig00022.png
192_fibrosis_266.png,orig00023.png
068_fibrosis_126.png,orig00024.png
148_fibrosis_066.png,orig00025.png
084_fibrosis_101.png,orig00026.png
146_fibrosis_199.png,orig00027.png
077_fibrosis_264.png,orig00028.png
196_fibrosis_255.png,orig00029.png
131_fibrosis_122.png,orig00030.png
146_fibrosis_185.png,orig00031.png
192_fibrosis_214.png,orig00032.png
196_fibrosis_099.png,orig00033.png
078_fibrosis_309.png,orig00034.png
200_fibrosis_085.png,orig00035.png
194_fibrosis_112.png,orig00036.png
082_fibrosis_205.png,orig00037.png
134_fibrosis_256.png,orig00038.png
075_fibrosis_115.png,orig00039.png
131_fibrosis_202.png,orig00040.png
198_fibrosis_205.png,orig00041.png
201_fibrosis_154.png,orig00042.png
067_fibrosis_098.png,orig00043.png
080_fibrosis_231.png,orig00044.png
136_fibrosis_139.png,orig00045.png
034_fibrosis_238.png,orig00046.png
128_fibrosis_202.png,orig00047.png
149_fibrosis_192.png,orig00048.png
197_fibrosis_158.png,orig00049.png
197_fibrosis_210.png,orig00050.png
078_fibrosis_147.png,orig00051.png
146_fibrosis_193.png,orig00052.png
064_fibrosis_230.png,orig00053.png
128_fibrosis_201.png,orig00054.png
072_fibrosis_022.png,orig00055.png
146_fibrosis_266.png,orig00056.png
129_fibrosis_134.png,orig00057.png
064_fibrosis_135.png,orig00058.png
068_fibrosis_281.png,orig00059.png
075_fibrosis_187.png,orig00060.png
139_fibrosis_225.png,orig00061.png
067_fibrosis_073.png,orig00062.png
033_fibrosis_129.png,orig00063.png
076_fibrosis_103.png,orig00064.png
192_fibrosis_089.png,orig00065.png
149_fibrosis_020.png,orig00066.png
073_fibrosis_302.png,orig00067.png
148_fibrosis_195.png,orig00068.png
201_fibrosis_204.png,orig00069.png
140_fibrosis_163.png,orig00070.png
074_fibrosis_071.png,orig00071.png
148_fibrosis_139.png,orig00072.png
138_fibrosis_160.png,orig00073.png
199_fibrosis_035.png,orig00074.png
080_fibrosis_342.png,orig00075.png
076_fibrosis_129.png,orig00076.png
066_fibrosis_039.png,orig00077.png
068_fibrosis_031.png,orig00078.png
078_fibrosis_225.png,orig00079.png
201_fibrosis_059.png,orig00080.png
082_fibrosis_157.png,orig00081.png
128_fibrosis_103.png,orig00082.png
134_fibrosis_020.png,orig00083.png
139_fibrosis_048.png,orig00084.png
075_fibrosis_220.png,orig00085.png
198_fibrosis_190.png,orig00086.png
129_fibrosis_064.png,orig00087.png
139_fibrosis_201.png,orig00088.png
066_fibrosis_104.png,orig00089.png
148_fibrosis_128.png,orig00090.png
066_fibrosis_228.png,orig00091.png
080_fibrosis_208.png,orig00092.png
080_fibrosis_305.png,orig00093.png
145_fibrosis_083.png,orig00094.png
139_fibrosis_274.png,orig00095.png
069_fibrosis_205.png,orig00096.png
200_fibrosis_101.png,orig00097.png
068_fibrosis_030.png,orig00098.png
129_fibrosis_224.png,orig00099.png
197_fibrosis_040.png,orig00100.png
136_fibrosis_211.png,orig00101.png
194_fibrosis_069.png,orig00102.png
131_fibrosis_023.png,orig00103.png
141_fibrosis_260.png,orig00104.png
132_fibrosis_251.png,orig00105.png
072_fibrosis_231.png,orig00106.png
131_fibrosis_176.png,orig00107.png
078_fibrosis_103.png,orig00108.png
132_fibrosis_058.png,orig00109.png
131_fibrosis_319.png,orig00110.png
127_fibrosis_368.png,orig00111.png
132_fibrosis_267.png,orig00112.png
033_fibrosis_308.png,orig00113.png
201_fibrosis_199.png,orig00114.png
146_fibrosis_252.png,orig00115.png
132_fibrosis_027.png,orig00116.png
139_fibrosis_266.png,orig00117.png
034_fibrosis_302.png,orig00118.png
131_fibrosis_315.png,orig00119.png
137_fibrosis_062.png,orig00120.png
065_fibrosis_105.png,orig00121.png
072_fibrosis_112.png,orig00122.png
138_fibrosis_038.png,orig00123.png
146_fibrosis_249.png,orig00124.png
136_fibrosis_103.png,orig00125.png
196_fibrosis_279.png,orig00126.png
196_fibrosis_205.png,orig00127.png
135_fibrosis_225.png,orig00128.png
127_fibrosis_258.png,orig00129.png
149_fibrosis_027.png,orig00130.png
080_fibrosis_415.png,orig00131.png
137_fibrosis_286.png,orig00132.png
071_fibrosis_221.png,orig00133.png
194_fibrosis_131.png,orig00134.png
198_fibrosis_066.png,orig00135.png
200_fibrosis_096.png,orig00136.png
198_fibrosis_112.png,orig00137.png
033_fibrosis_133.png,orig00138.png
066_fibrosis_277.png,orig00139.png
067_fibrosis_045.png,orig00140.png
131_fibrosis_162.png,orig00141.png
140_fibrosis_215.png,orig00142.png
135_fibrosis_239.png,orig00143.png
141_fibrosis_182.png,orig00144.png
140_fibrosis_094.png,orig00145.png
074_fibrosis_183.png,orig00146.png
203_fibrosis_129.png,orig00147.png
139_fibrosis_287.png,orig00148.png
081_fibrosis_318.png,orig00149.png
127_fibrosis_112.png,orig00150.png
069_fibrosis_100.png,orig00151.png
141_fibrosis_212.png,orig00152.png
140_fibrosis_071.png,orig00153.png
076_fibrosis_100.png,orig00154.png
067_fibrosis_210.png,orig00155.png
141_fibrosis_166.png,orig00156.png
140_fibrosis_054.png,orig00157.png
196_fibrosis_259.png,orig00158.png
128_fibrosis_033.png,orig00159.png
078_fibrosis_032.png,orig00160.png
143_fibrosis_030.png,orig00161.png
080_fibrosis_349.png,orig00162.png
066_fibrosis_208.png,orig00163.png
196_fibrosis_282.png,orig00164.png
128_fibrosis_190.png,orig00165.png
073_fibrosis_127.png,orig00166.png
084_fibrosis_172.png,orig00167.png
069_fibrosis_116.png,orig00168.png
145_fibrosis_097.png,orig00169.png
084_fibrosis_024.png,orig00170.png
064_fibrosis_032.png,orig00171.png
128_fibrosis_228.png,orig00172.png
076_fibrosis_035.png,orig00173.png
201_fibrosis_092.png,orig00174.png
196_fibrosis_035.png,orig00175.png
077_fibrosis_287.png,orig00176.png
127_fibrosis_369.png,orig00177.png
136_fibrosis_098.png,orig00178.png
077_fibrosis_295.png,orig00179.png
081_fibrosis_275.png,orig00180.png
140_fibrosis_055.png,orig00181.png
135_fibrosis_278.png,orig00182.png
198_fibrosis_062.png,orig00183.png
197_fibrosis_147.png,orig00184.png
127_fibrosis_031.png,orig00185.png
078_fibrosis_310.png,orig00186.png
129_fibrosis_079.png,orig00187.png
067_fibrosis_075.png,orig00188.png
132_fibrosis_168.png,orig00189.png
078_fibrosis_178.png,orig00190.png
075_fibrosis_257.png,orig00191.png
071_fibrosis_170.png,orig00192.png
194_fibrosis_140.png,orig00193.png
198_fibrosis_059.png,orig00194.png
200_fibrosis_057.png,orig00195.png
201_fibrosis_052.png,orig00196.png
068_fibrosis_231.png,orig00197.png
149_fibrosis_134.png,orig00198.png
129_fibrosis_063.png,orig00199.png
131_fibrosis_289.png,orig00200.png
034_fibrosis_236.png,orig00201.png
201_fibrosis_124.png,orig00202.png
069_fibrosis_086.png,orig00203.png
080_fibrosis_325.png,orig00204.png
193_fibrosis_182.png,orig00205.png
146_fibrosis_115.png,orig00206.png
195_fibrosis_095.png,orig00207.png
192_fibrosis_253.png,orig00208.png
131_fibrosis_295.png,orig00209.png
134_fibrosis_061.png,orig00210.png
197_fibrosis_216.png,orig00211.png
203_fibrosis_041.png,orig00212.png
084_fibrosis_118.png,orig00213.png
084_fibrosis_062.png,orig00214.png
137_fibrosis_184.png,orig00215.png
074_fibrosis_139.png,orig00216.png
198_fibrosis_149.png,orig00217.png
137_fibrosis_206.png,orig00218.png
148_fibrosis_032.png,orig00219.png
064_fibrosis_274.png,orig00220.png
139_fibrosis_389.png,orig00221.png
139_fibrosis_025.png,orig00222.png
084_fibrosis_100.png,orig00223.png
080_fibrosis_238.png,orig00224.png
068_fibrosis_224.png,orig00225.png
148_fibrosis_164.png,orig00226.png
146_fibrosis_144.png,orig00227.png
129_fibrosis_191.png,orig00228.png
140_fibrosis_213.png,orig00229.png
069_fibrosis_162.png,orig00230.png
146_fibrosis_054.png,orig00231.png
135_fibrosis_158.png,orig00232.png
148_fibrosis_201.png,orig00233.png
080_fibrosis_371.png,orig00234.png
138_fibrosis_201.png,orig00235.png
077_fibrosis_298.png,orig00236.png
201_fibrosis_047.png,orig00237.png
192_fibrosis_026.png,orig00238.png
149_fibrosis_108.png,orig00239.png
076_fibrosis_175.png,orig00240.png
069_fibrosis_108.png,orig00241.png
069_fibrosis_266.png,orig00242.png
140_fibrosis_304.png,orig00243.png
200_fibrosis_109.png,orig00244.png
069_fibrosis_163.png,orig00245.png
193_fibrosis_153.png,orig00246.png
075_fibrosis_252.png,orig00247.png
074_fibrosis_215.png,orig00248.png
132_fibrosis_270.png,orig00249.png
128_fibrosis_247.png,orig00250.png
200_fibrosis_132.png,orig00251.png
127_fibrosis_174.png,orig00252.png
192_fibrosis_140.png,orig00253.png
194_fibrosis_169.png,orig00254.png
076_fibrosis_074.png,orig00255.png
149_fibrosis_183.png,orig00256.png
072_fibrosis_228.png,orig00257.png
127_fibrosis_144.png,orig00258.png
074_fibrosis_233.png,orig00259.png
196_fibrosis_138.png,orig00260.png
128_fibrosis_187.png,orig00261.png
136_fibrosis_149.png,orig00262.png
192_fibrosis_084.png,orig00263.png
149_fibrosis_276.png,orig00264.png
072_fibrosis_117.png,orig00265.png
149_fibrosis_062.png,orig00266.png
140_fibrosis_110.png,orig00267.png
148_fibrosis_039.png,orig00268.png
069_fibrosis_237.png,orig00269.png
143_fibrosis_048.png,orig00270.png
064_fibrosis_060.png,orig00271.png
148_fibrosis_112.png,orig00272.png
197_fibrosis_226.png,orig00273.png
072_fibrosis_142.png,orig00274.png
148_fibrosis_161.png,orig00275.png
064_fibrosis_128.png,orig00276.png
084_fibrosis_220.png,orig00277.png
149_fibrosis_102.png,orig00278.png
140_fibrosis_143.png,orig00279.png
193_fibrosis_092.png,orig00280.png
196_fibrosis_065.png,orig00281.png
199_fibrosis_121.png,orig00282.png
072_fibrosis_074.png,orig00283.png
147_fibrosis_289.png,orig00284.png
145_fibrosis_146.png,orig00285.png
074_fibrosis_251.png,orig00286.png
074_fibrosis_026.png,orig00287.png
127_fibrosis_266.png,orig00288.png
069_fibrosis_128.png,orig00289.png
192_fibrosis_041.png,orig00290.png
075_fibrosis_193.png,orig00291.png
128_fibrosis_073.png,orig00292.png
138_fibrosis_034.png,orig00293.png
069_fibrosis_169.png,orig00294.png
149_fibrosis_096.png,orig00295.png
128_fibrosis_238.png,orig00296.png
065_fibrosis_150.png,orig00297.png
066_fibrosis_236.png,orig00298.png
201_fibrosis_180.png,orig00299.png
077_fibrosis_189.png,orig00300.png
145_fibrosis_161.png,orig00301.png
135_fibrosis_149.png,orig00302.png
080_fibrosis_302.png,orig00303.png
076_fibrosis_061.png,orig00304.png
066_fibrosis_024.png,orig00305.png
131_fibrosis_021.png,orig00306.png
138_fibrosis_026.png,orig00307.png
064_fibrosis_225.png,orig00308.png
084_fibrosis_153.png,orig00309.png
071_fibrosis_169.png,orig00310.png
079_fibrosis_164.png,orig00311.png
078_fibrosis_228.png,orig00312.png
132_fibrosis_032.png,orig00313.png
149_fibrosis_130.png,orig00314.png
078_fibrosis_052.png,orig00315.png
069_fibrosis_297.png,orig00316.png
192_fibrosis_252.png,orig00317.png
075_fibrosis_244.png,orig00318.png
148_fibrosis_043.png,orig00319.png
069_fibrosis_136.png,orig00320.png
072_fibrosis_118.png,orig00321.png
081_fibrosis_316.png,orig00322.png
128_fibrosis_221.png,orig00323.png
137_fibrosis_130.png,orig00324.png
198_fibrosis_132.png,orig00325.png
075_fibrosis_094.png,orig00326.png
194_fibrosis_253.png,orig00327.png
069_fibrosis_105.png,orig00328.png
081_fibrosis_197.png,orig00329.png
147_fibrosis_209.png,orig00330.png
077_fibrosis_200.png,orig00331.png
129_fibrosis_078.png,orig00332.png
066_fibrosis_069.png,orig00333.png
134_fibrosis_089.png,orig00334.png
079_fibrosis_186.png,orig00335.png
132_fibrosis_112.png,orig00336.png
148_fibrosis_091.png,orig00337.png
135_fibrosis_269.png,orig00338.png
134_fibrosis_126.png,orig00339.png
127_fibrosis_127.png,orig00340.png
131_fibrosis_036.png,orig00341.png
201_fibrosis_044.png,orig00342.png
145_fibrosis_108.png,orig00343.png
197_fibrosis_087.png,orig00344.png
147_fibrosis_084.png,orig00345.png
065_fibrosis_121.png,orig00346.png
076_fibrosis_153.png,orig00347.png
128_fibrosis_241.png,orig00348.png
080_fibrosis_370.png,orig00349.png
127_fibrosis_309.png,orig00350.png
198_fibrosis_120.png,orig00351.png
127_fibrosis_171.png,orig00352.png
139_fibrosis_194.png,orig00353.png
196_fibrosis_134.png,orig00354.png
034_fibrosis_036.png,orig00355.png
067_fibrosis_180.png,orig00356.png
134_fibrosis_196.png,orig00357.png
132_fibrosis_212.png,orig00358.png
195_fibrosis_082.png,orig00359.png
075_fibrosis_084.png,orig00360.png
067_fibrosis_152.png,orig00361.png
141_fibrosis_084.png,orig00362.png
067_fibrosis_097.png,orig00363.png
084_fibrosis_148.png,orig00364.png
033_fibrosis_239.png,orig00365.png
067_fibrosis_168.png,orig00366.png
147_fibrosis_161.png,orig00367.png
127_fibrosis_048.png,orig00368.png
078_fibrosis_314.png,orig00369.png
064_fibrosis_071.png,orig00370.png
076_fibrosis_059.png,orig00371.png
034_fibrosis_342.png,orig00372.png
034_fibrosis_335.png,orig00373.png
084_fibrosis_240.png,orig00374.png
132_fibrosis_255.png,orig00375.png
193_fibrosis_180.png,orig00376.png
066_fibrosis_323.png,orig00377.png
201_fibrosis_173.png,orig00378.png
066_fibrosis_030.png,orig00379.png
080_fibrosis_200.png,orig00380.png
069_fibrosis_156.png,orig00381.png
075_fibrosis_205.png,orig00382.png
080_fibrosis_319.png,orig00383.png
064_fibrosis_051.png,orig00384.png
140_fibrosis_182.png,orig00385.png
082_fibrosis_094.png,orig00386.png
194_fibrosis_085.png,orig00387.png
137_fibrosis_268.png,orig00388.png
143_fibrosis_195.png,orig00389.png
203_fibrosis_083.png,orig00390.png
129_fibrosis_220.png,orig00391.png
148_fibrosis_036.png,orig00392.png
139_fibrosis_318.png,orig00393.png
194_fibrosis_187.png,orig00394.png
139_fibrosis_246.png,orig00395.png
071_fibrosis_079.png,orig00396.png
194_fibrosis_194.png,orig00397.png
134_fibrosis_249.png,orig00398.png
137_fibrosis_148.png,orig00399.png
146_fibrosis_036.png,orig00400.png
065_fibrosis_103.png,orig00401.png
076_fibrosis_247.png,orig00402.png
071_fibrosis_203.png,orig00403.png
128_fibrosis_069.png,orig00404.png
198_fibrosis_230.png,orig00405.png
075_fibrosis_140.png,orig00406.png
067_fibrosis_199.png,orig00407.png
131_fibrosis_231.png,orig00408.png
132_fibrosis_175.png,orig00409.png
064_fibrosis_206.png,orig00410.png
071_fibrosis_240.png,orig00411.png
203_fibrosis_058.png,orig00412.png
064_fibrosis_105.png,orig00413.png
147_fibrosis_087.png,orig00414.png
078_fibrosis_036.png,orig00415.png
081_fibrosis_096.png,orig00416.png
077_fibrosis_152.png,orig00417.png
072_fibrosis_021.png,orig00418.png
072_fibrosis_246.png,orig00419.png
066_fibrosis_290.png,orig00420.png
071_fibrosis_226.png,orig00421.png
081_fibrosis_309.png,orig00422.png
079_fibrosis_291.png,orig00423.png
198_fibrosis_191.png,orig00424.png
078_fibrosis_244.png,orig00425.png
198_fibrosis_115.png,orig00426.png
192_fibrosis_235.png,orig00427.png
147_fibrosis_148.png,orig00428.png
203_fibrosis_048.png,orig00429.png
194_fibrosis_236.png,orig00430.png
131_fibrosis_183.png,orig00431.png
084_fibrosis_122.png,orig00432.png
072_fibrosis_135.png,orig00433.png
137_fibrosis_065.png,orig00434.png
081_fibrosis_283.png,orig00435.png
134_fibrosis_058.png,orig00436.png
131_fibrosis_181.png,orig00437.png
139_fibrosis_093.png,orig00438.png
074_fibrosis_261.png,orig00439.png
075_fibrosis_209.png,orig00440.png
136_fibrosis_164.png,orig00441.png
077_fibrosis_214.png,orig00442.png
080_fibrosis_344.png,orig00443.png
080_fibrosis_290.png,orig00444.png
066_fibrosis_151.png,orig00445.png
139_fibrosis_252.png,orig00446.png
078_fibrosis_226.png,orig00447.png
147_fibrosis_165.png,orig00448.png
074_fibrosis_326.png,orig00449.png
071_fibrosis_082.png,orig00450.png
140_fibrosis_116.png,orig00451.png
129_fibrosis_062.png,orig00452.png
201_fibrosis_028.png,orig00453.png
195_fibrosis_182.png,orig00454.png
149_fibrosis_035.png,orig00455.png
128_fibrosis_273.png,orig00456.png
034_fibrosis_283.png,orig00457.png
066_fibrosis_340.png,orig00458.png
149_fibrosis_086.png,orig00459.png
136_fibrosis_083.png,orig00460.png
072_fibrosis_044.png,orig00461.png
135_fibrosis_100.png,orig00462.png
067_fibrosis_104.png,orig00463.png
078_fibrosis_198.png,orig00464.png
143_fibrosis_193.png,orig00465.png
135_fibrosis_169.png,orig00466.png
074_fibrosis_158.png,orig00467.png
034_fibrosis_284.png,orig00468.png
145_fibrosis_046.png,orig00469.png
201_fibrosis_023.png,orig00470.png
073_fibrosis_212.png,orig00471.png
129_fibrosis_202.png,orig00472.png
071_fibrosis_187.png,orig00473.png
192_fibrosis_194.png,orig00474.png
141_fibrosis_115.png,orig00475.png
149_fibrosis_088.png,orig00476.png
128_fibrosis_166.png,orig00477.png
149_fibrosis_155.png,orig00478.png
197_fibrosis_152.png,orig00479.png
084_fibrosis_064.png,orig00480.png
196_fibrosis_243.png,orig00481.png
077_fibrosis_186.png,orig00482.png
067_fibrosis_088.png,orig00483.png
078_fibrosis_112.png,orig00484.png
148_fibrosis_052.png,orig00485.png
196_fibrosis_114.png,orig00486.png
140_fibrosis_236.png,orig00487.png
076_fibrosis_241.png,orig00488.png
192_fibrosis_116.png,orig00489.png
196_fibrosis_287.png,orig00490.png
134_fibrosis_063.png,orig00491.png
066_fibrosis_250.png,orig00492.png
074_fibrosis_107.png,orig00493.png
076_fibrosis_242.png,orig00494.png
072_fibrosis_132.png,orig00495.png
146_fibrosis_151.png,orig00496.png
195_fibrosis_101.png,orig00497.png
199_fibrosis_094.png,orig00498.png
071_fibrosis_228.png,orig00499.png
134_fibrosis_211.png,orig00500.png
074_fibrosis_168.png,orig00501.png
147_fibrosis_052.png,orig00502.png
064_fibrosis_099.png,orig00503.png
128_fibrosis_121.png,orig00504.png
201_fibrosis_071.png,orig00505.png
073_fibrosis_254.png,orig00506.png
080_fibrosis_361.png,orig00507.png
129_fibrosis_163.png,orig00508.png
074_fibrosis_085.png,orig00509.png
148_fibrosis_213.png,orig00510.png
197_fibrosis_187.png,orig00511.png
074_fibrosis_187.png,orig00512.png
072_fibrosis_232.png,orig00513.png
149_fibrosis_116.png,orig00514.png
072_fibrosis_041.png,orig00515.png
141_fibrosis_080.png,orig00516.png
034_fibrosis_077.png,orig00517.png
129_fibrosis_027.png,orig00518.png
069_fibrosis_167.png,orig00519.png
127_fibrosis_291.png,orig00520.png
076_fibrosis_134.png,orig00521.png
132_fibrosis_190.png,orig00522.png
137_fibrosis_039.png,orig00523.png
149_fibrosis_271.png,orig00524.png
195_fibrosis_061.png,orig00525.png
138_fibrosis_045.png,orig00526.png
141_fibrosis_048.png,orig00527.png
195_fibrosis_134.png,orig00528.png
196_fibrosis_121.png,orig00529.png
140_fibrosis_176.png,orig00530.png
149_fibrosis_065.png,orig00531.png
136_fibrosis_251.png,orig00532.png
068_fibrosis_146.png,orig00533.png
197_fibrosis_088.png,orig00534.png
074_fibrosis_213.png,orig00535.png
082_fibrosis_092.png,orig00536.png
199_fibrosis_112.png,orig00537.png
078_fibrosis_025.png,orig00538.png
201_fibrosis_025.png,orig00539.png
145_fibrosis_203.png,orig00540.png
078_fibrosis_214.png,orig00541.png
128_fibrosis_270.png,orig00542.png
033_fibrosis_315.png,orig00543.png
066_fibrosis_179.png,orig00544.png
079_fibrosis_261.png,orig00545.png
200_fibrosis_095.png,orig00546.png
199_fibrosis_096.png,orig00547.png
136_fibrosis_070.png,orig00548.png
148_fibrosis_187.png,orig00549.png
127_fibrosis_224.png,orig00550.png
077_fibrosis_334.png,orig00551.png
079_fibrosis_248.png,orig00552.png
071_fibrosis_091.png,orig00553.png
138_fibrosis_078.png,orig00554.png
076_fibrosis_037.png,orig00555.png
201_fibrosis_208.png,orig00556.png
127_fibrosis_212.png,orig00557.png
075_fibrosis_060.png,orig00558.png
136_fibrosis_244.png,orig00559.png
197_fibrosis_098.png,orig00560.png
131_fibrosis_136.png,orig00561.png
082_fibrosis_101.png,orig00562.png
127_fibrosis_119.png,orig00563.png
127_fibrosis_151.png,orig00564.png
198_fibrosis_151.png,orig00565.png
065_fibrosis_033.png,orig00566.png
132_fibrosis_143.png,orig00567.png
066_fibrosis_083.png,orig00568.png
195_fibrosis_071.png,orig00569.png
073_fibrosis_225.png,orig00570.png
075_fibrosis_034.png,orig00571.png
197_fibrosis_119.png,orig00572.png
072_fibrosis_033.png,orig00573.png
075_fibrosis_092.png,orig00574.png
129_fibrosis_021.png,orig00575.png
069_fibrosis_216.png,orig00576.png
073_fibrosis_250.png,orig00577.png
196_fibrosis_182.png,orig00578.png
195_fibrosis_038.png,orig00579.png
134_fibrosis_071.png,orig00580.png
072_fibrosis_125.png,orig00581.png
077_fibrosis_177.png,orig00582.png
146_fibrosis_076.png,orig00583.png
201_fibrosis_120.png,orig00584.png
196_fibrosis_208.png,orig00585.png
131_fibrosis_115.png,orig00586.png
131_fibrosis_265.png,orig00587.png
073_fibrosis_164.png,orig00588.png
071_fibrosis_034.png,orig00589.png
139_fibrosis_303.png,orig00590.png
081_fibrosis_195.png,orig00591.png
132_fibrosis_023.png,orig00592.png
196_fibrosis_136.png,orig00593.png
078_fibrosis_219.png,orig00594.png
139_fibrosis_118.png,orig00595.png
138_fibrosis_119.png,orig00596.png
149_fibrosis_110.png,orig00597.png
140_fibrosis_142.png,orig00598.png
148_fibrosis_103.png,orig00599.png
192_fibrosis_077.png,orig00600.png
203_fibrosis_141.png,orig00601.png
139_fibrosis_212.png,orig00602.png
194_fibrosis_134.png,orig00603.png
196_fibrosis_200.png,orig00604.png
148_fibrosis_200.png,orig00605.png
069_fibrosis_207.png,orig00606.png
147_fibrosis_126.png,orig00607.png
082_fibrosis_214.png,orig00608.png
128_fibrosis_239.png,orig00609.png
072_fibrosis_177.png,orig00610.png
075_fibrosis_106.png,orig00611.png
072_fibrosis_247.png,orig00612.png
066_fibrosis_320.png,orig00613.png
129_fibrosis_173.png,orig00614.png
069_fibrosis_094.png,orig00615.png
084_fibrosis_075.png,orig00616.png
069_fibrosis_076.png,orig00617.png
196_fibrosis_215.png,orig00618.png
074_fibrosis_325.png,orig00619.png
193_fibrosis_076.png,orig00620.png
141_fibrosis_070.png,orig00621.png
134_fibrosis_045.png,orig00622.png
034_fibrosis_177.png,orig00623.png
199_fibrosis_089.png,orig00624.png
078_fibrosis_086.png,orig00625.png
069_fibrosis_232.png,orig00626.png
201_fibrosis_202.png,orig00627.png
139_fibrosis_292.png,orig00628.png
080_fibrosis_297.png,orig00629.png
065_fibrosis_120.png,orig00630.png
139_fibrosis_177.png,orig00631.png
136_fibrosis_042.png,orig00632.png
071_fibrosis_197.png,orig00633.png
147_fibrosis_238.png,orig00634.png
066_fibrosis_053.png,orig00635.png
137_fibrosis_139.png,orig00636.png
203_fibrosis_065.png,orig00637.png
198_fibrosis_043.png,orig00638.png
076_fibrosis_253.png,orig00639.png
141_fibrosis_234.png,orig00640.png
193_fibrosis_059.png,orig00641.png
132_fibrosis_053.png,orig00642.png
148_fibrosis_220.png,orig00643.png
140_fibrosis_027.png,orig00644.png
131_fibrosis_039.png,orig00645.png
069_fibrosis_283.png,orig00646.png
068_fibrosis_152.png,orig00647.png
196_fibrosis_049.png,orig00648.png
076_fibrosis_030.png,orig00649.png
196_fibrosis_235.png,orig00650.png
079_fibrosis_219.png,orig00651.png
148_fibrosis_172.png,orig00652.png
127_fibrosis_253.png,orig00653.png
200_fibrosis_162.png,orig00654.png
033_fibrosis_319.png,orig00655.png
069_fibrosis_246.png,orig00656.png
196_fibrosis_133.png,orig00657.png
082_fibrosis_219.png,orig00658.png
136_fibrosis_150.png,orig00659.png
143_fibrosis_058.png,orig00660.png
195_fibrosis_153.png,orig00661.png
193_fibrosis_131.png,orig00662.png
066_fibrosis_134.png,orig00663.png
139_fibrosis_340.png,orig00664.png
082_fibrosis_246.png,orig00665.png
147_fibrosis_124.png,orig00666.png
138_fibrosis_095.png,orig00667.png
198_fibrosis_134.png,orig00668.png
128_fibrosis_124.png,orig00669.png
131_fibrosis_250.png,orig00670.png
194_fibrosis_041.png,orig00671.png
134_fibrosis_199.png,orig00672.png
132_fibrosis_216.png,orig00673.png
066_fibrosis_238.png,orig00674.png
137_fibrosis_140.png,orig00675.png
139_fibrosis_373.png,orig00676.png
068_fibrosis_204.png,orig00677.png
033_fibrosis_224.png,orig00678.png
140_fibrosis_075.png,orig00679.png
066_fibrosis_239.png,orig00680.png
064_fibrosis_165.png,orig00681.png
195_fibrosis_124.png,orig00682.png
073_fibrosis_276.png,orig00683.png
127_fibrosis_319.png,orig00684.png
203_fibrosis_051.png,orig00685.png
140_fibrosis_157.png,orig00686.png
069_fibrosis_148.png,orig00687.png
146_fibrosis_232.png,orig00688.png
078_fibrosis_182.png,orig00689.png
200_fibrosis_029.png,orig00690.png
146_fibrosis_159.png,orig00691.png
076_fibrosis_026.png,orig00692.png
081_fibrosis_098.png,orig00693.png
069_fibrosis_268.png,orig00694.png
199_fibrosis_110.png,orig00695.png
075_fibrosis_130.png,orig00696.png
201_fibrosis_078.png,orig00697.png
148_fibrosis_020.png,orig00698.png
149_fibrosis_128.png,orig00699.png
072_fibrosis_155.png,orig00700.png
075_fibrosis_178.png,orig00701.png
068_fibrosis_115.png,orig00702.png
082_fibrosis_195.png,orig00703.png
135_fibrosis_117.png,orig00704.png
134_fibrosis_124.png,orig00705.png
074_fibrosis_116.png,orig00706.png
203_fibrosis_110.png,orig00707.png
084_fibrosis_032.png,orig00708.png
074_fibrosis_120.png,orig00709.png
075_fibrosis_059.png,orig00710.png
082_fibrosis_089.png,orig00711.png
192_fibrosis_027.png,orig00712.png
068_fibrosis_060.png,orig00713.png
128_fibrosis_150.png,orig00714.png
201_fibrosis_102.png,orig00715.png
135_fibrosis_203.png,orig00716.png
065_fibrosis_087.png,orig00717.png
196_fibrosis_061.png,orig00718.png
131_fibrosis_291.png,orig00719.png
136_fibrosis_204.png,orig00720.png
128_fibrosis_070.png,orig00721.png
148_fibrosis_209.png,orig00722.png
149_fibrosis_208.png,orig00723.png
071_fibrosis_099.png,orig00724.png
128_fibrosis_222.png,orig00725.png
134_fibrosis_116.png,orig00726.png
136_fibrosis_125.png,orig00727.png
149_fibrosis_111.png,orig00728.png
200_fibrosis_189.png,orig00729.png
068_fibrosis_087.png,orig00730.png
077_fibrosis_320.png,orig00731.png
148_fibrosis_138.png,orig00732.png
075_fibrosis_069.png,orig00733.png
141_fibrosis_173.png,orig00734.png
073_fibrosis_266.png,orig00735.png
197_fibrosis_100.png,orig00736.png
078_fibrosis_075.png,orig00737.png
195_fibrosis_329.png,orig00738.png
149_fibrosis_144.png,orig00739.png
140_fibrosis_059.png,orig00740.png
140_fibrosis_155.png,orig00741.png
140_fibrosis_051.png,orig00742.png
068_fibrosis_139.png,orig00743.png
034_fibrosis_306.png,orig00744.png
203_fibrosis_089.png,orig00745.png
194_fibrosis_151.png,orig00746.png
134_fibrosis_050.png,orig00747.png
196_fibrosis_047.png,orig00748.png
074_fibrosis_169.png,orig00749.png
033_fibrosis_117.png,orig00750.png
129_fibrosis_106.png,orig00751.png
033_fibrosis_143.png,orig00752.png
196_fibrosis_163.png,orig00753.png
064_fibrosis_191.png,orig00754.png
082_fibrosis_293.png,orig00755.png
131_fibrosis_191.png,orig00756.png
146_fibrosis_059.png,orig00757.png
197_fibrosis_097.png,orig00758.png
193_fibrosis_050.png,orig00759.png
068_fibrosis_259.png,orig00760.png
066_fibrosis_169.png,orig00761.png
140_fibrosis_202.png,orig00762.png
203_fibrosis_167.png,orig00763.png
082_fibrosis_278.png,orig00764.png
195_fibrosis_309.png,orig00765.png
078_fibrosis_160.png,orig00766.png
132_fibrosis_066.png,orig00767.png
194_fibrosis_086.png,orig00768.png
192_fibrosis_150.png,orig00769.png
196_fibrosis_102.png,orig00770.png
146_fibrosis_027.png,orig00771.png
203_fibrosis_116.png,orig00772.png
033_fibrosis_051.png,orig00773.png
069_fibrosis_294.png,orig00774.png
139_fibrosis_286.png,orig00775.png
141_fibrosis_099.png,orig00776.png
074_fibrosis_324.png,orig00777.png
034_fibrosis_054.png,orig00778.png
072_fibrosis_069.png,orig00779.png
080_fibrosis_237.png,orig00780.png
034_fibrosis_277.png,orig00781.png
078_fibrosis_139.png,orig00782.png
073_fibrosis_216.png,orig00783.png
081_fibrosis_260.png,orig00784.png
141_fibrosis_068.png,orig00785.png
080_fibrosis_369.png,orig00786.png
194_fibrosis_108.png,orig00787.png
127_fibrosis_241.png,orig00788.png
201_fibrosis_108.png,orig00789.png
194_fibrosis_205.png,orig00790.png
135_fibrosis_257.png,orig00791.png
131_fibrosis_159.png,orig00792.png
197_fibrosis_096.png,orig00793.png
131_fibrosis_035.png,orig00794.png
196_fibrosis_165.png,orig00795.png
073_fibrosis_244.png,orig00796.png
148_fibrosis_114.png,orig00797.png
148_fibrosis_224.png,orig00798.png
067_fibrosis_209.png,orig00799.png
084_fibrosis_270.png,orig00800.png
066_fibrosis_197.png,orig00801.png
137_fibrosis_230.png,orig00802.png
137_fibrosis_164.png,orig00803.png
073_fibrosis_251.png,orig00804.png
073_fibrosis_147.png,orig00805.png
077_fibrosis_316.png,orig00806.png
140_fibrosis_218.png,orig00807.png
149_fibrosis_220.png,orig00808.png
033_fibrosis_307.png,orig00809.png
128_fibrosis_100.png,orig00810.png
127_fibrosis_084.png,orig00811.png
201_fibrosis_174.png,orig00812.png
064_fibrosis_027.png,orig00813.png
084_fibrosis_234.png,orig00814.png
129_fibrosis_099.png,orig00815.png
149_fibrosis_146.png,orig00816.png
068_fibrosis_175.png,orig00817.png
140_fibrosis_263.png,orig00818.png
139_fibrosis_030.png,orig00819.png
203_fibrosis_100.png,orig00820.png
137_fibrosis_165.png,orig00821.png
139_fibrosis_117.png,orig00822.png
197_fibrosis_191.png,orig00823.png
195_fibrosis_167.png,orig00824.png
127_fibrosis_345.png,orig00825.png
066_fibrosis_034.png,orig00826.png
135_fibrosis_111.png,orig00827.png
078_fibrosis_316.png,orig00828.png
192_fibrosis_212.png,orig00829.png
193_fibrosis_106.png,orig00830.png
074_fibrosis_157.png,orig00831.png
076_fibrosis_110.png,orig00832.png
084_fibrosis_290.png,orig00833.png
081_fibrosis_196.png,orig00834.png
146_fibrosis_194.png,orig00835.png
069_fibrosis_178.png,orig00836.png
127_fibrosis_152.png,orig00837.png
078_fibrosis_040.png,orig00838.png
128_fibrosis_027.png,orig00839.png
129_fibrosis_137.png,orig00840.png
072_fibrosis_039.png,orig00841.png
145_fibrosis_197.png,orig00842.png
131_fibrosis_057.png,orig00843.png
138_fibrosis_107.png,orig00844.png
073_fibrosis_273.png,orig00845.png
145_fibrosis_166.png,orig00846.png
140_fibrosis_228.png,orig00847.png
131_fibrosis_168.png,orig00848.png
136_fibrosis_242.png,orig00849.png
127_fibrosis_141.png,orig00850.png
137_fibrosis_254.png,orig00851.png
078_fibrosis_153.png,orig00852.png
193_fibrosis_095.png,orig00853.png
076_fibrosis_097.png,orig00854.png
196_fibrosis_026.png,orig00855.png
033_fibrosis_242.png,orig00856.png
140_fibrosis_086.png,orig00857.png
148_fibrosis_077.png,orig00858.png
137_fibrosis_171.png,orig00859.png
080_fibrosis_346.png,orig00860.png
132_fibrosis_124.png,orig00861.png
141_fibrosis_206.png,orig00862.png
195_fibrosis_226.png,orig00863.png
076_fibrosis_224.png,orig00864.png
197_fibrosis_121.png,orig00865.png
067_fibrosis_238.png,orig00866.png
140_fibrosis_062.png,orig00867.png
078_fibrosis_043.png,orig00868.png
074_fibrosis_267.png,orig00869.png
071_fibrosis_215.png,orig00870.png
080_fibrosis_239.png,orig00871.png
082_fibrosis_144.png,orig00872.png
192_fibrosis_171.png,orig00873.png
078_fibrosis_189.png,orig00874.png
140_fibrosis_179.png,orig00875.png
084_fibrosis_147.png,orig00876.png
127_fibrosis_328.png,orig00877.png
138_fibrosis_239.png,orig00878.png
143_fibrosis_074.png,orig00879.png
034_fibrosis_148.png,orig00880.png
195_fibrosis_328.png,orig00881.png
138_fibrosis_112.png,orig00882.png
134_fibrosis_200.png,orig00883.png
203_fibrosis_102.png,orig00884.png
148_fibrosis_148.png,orig00885.png
141_fibrosis_271.png,orig00886.png
064_fibrosis_229.png,orig00887.png
033_fibrosis_241.png,orig00888.png
072_fibrosis_211.png,orig00889.png
138_fibrosis_125.png,orig00890.png
064_fibrosis_054.png,orig00891.png
075_fibrosis_276.png,orig00892.png
127_fibrosis_200.png,orig00893.png
077_fibrosis_145.png,orig00894.png
073_fibrosis_233.png,orig00895.png
195_fibrosis_150.png,orig00896.png
141_fibrosis_230.png,orig00897.png
079_fibrosis_188.png,orig00898.png
143_fibrosis_021.png,orig00899.png
145_fibrosis_130.png,orig00900.png
201_fibrosis_130.png,orig00901.png
132_fibrosis_164.png,orig00902.png
082_fibrosis_217.png,orig00903.png
148_fibrosis_176.png,orig00904.png
145_fibrosis_062.png,orig00905.png
073_fibrosis_326.png,orig00906.png
139_fibrosis_327.png,orig00907.png
147_fibrosis_220.png,orig00908.png
074_fibrosis_160.png,orig00909.png
203_fibrosis_146.png,orig00910.png
141_fibrosis_063.png,orig00911.png
192_fibrosis_123.png,orig00912.png
131_fibrosis_257.png,orig00913.png
068_fibrosis_208.png,orig00914.png
137_fibrosis_264.png,orig00915.png
134_fibrosis_180.png,orig00916.png
200_fibrosis_155.png,orig00917.png
139_fibrosis_299.png,orig00918.png
084_fibrosis_248.png,orig00919.png
082_fibrosis_142.png,orig00920.png
134_fibrosis_177.png,orig00921.png
131_fibrosis_262.png,orig00922.png
147_fibrosis_174.png,orig00923.png
128_fibrosis_206.png,orig00924.png
084_fibrosis_154.png,orig00925.png
198_fibrosis_054.png,orig00926.png
127_fibrosis_086.png,orig00927.png
073_fibrosis_187.png,orig00928.png
193_fibrosis_156.png,orig00929.png
079_fibrosis_243.png,orig00930.png
195_fibrosis_282.png,orig00931.png
194_fibrosis_184.png,orig00932.png
127_fibrosis_188.png,orig00933.png
192_fibrosis_066.png,orig00934.png
067_fibrosis_195.png,orig00935.png
196_fibrosis_303.png,orig00936.png
069_fibrosis_069.png,orig00937.png
146_fibrosis_068.png,orig00938.png
075_fibrosis_071.png,orig00939.png
079_fibrosis_223.png,orig00940.png
071_fibrosis_233.png,orig00941.png
066_fibrosis_347.png,orig00942.png
199_fibrosis_104.png,orig00943.png
135_fibrosis_249.png,orig00944.png
138_fibrosis_161.png,orig00945.png
194_fibrosis_136.png,orig00946.png
079_fibrosis_132.png,orig00947.png
134_fibrosis_264.png,orig00948.png
084_fibrosis_152.png,orig00949.png
200_fibrosis_179.png,orig00950.png
139_fibrosis_211.png,orig00951.png
084_fibrosis_181.png,orig00952.png
072_fibrosis_092.png,orig00953.png
066_fibrosis_044.png,orig00954.png
148_fibrosis_079.png,orig00955.png
149_fibrosis_207.png,orig00956.png
129_fibrosis_221.png,orig00957.png
193_fibrosis_155.png,orig00958.png
138_fibrosis_164.png,orig00959.png
074_fibrosis_076.png,orig00960.png
149_fibrosis_215.png,orig00961.png
077_fibrosis_158.png,orig00962.png
135_fibrosis_114.png,orig00963.png
067_fibrosis_159.png,orig00964.png
077_fibrosis_319.png,orig00965.png
073_fibrosis_234.png,orig00966.png
072_fibrosis_223.png,orig00967.png
082_fibrosis_255.png,orig00968.png
138_fibrosis_163.png,orig00969.png
192_fibrosis_244.png,orig00970.png
140_fibrosis_183.png,orig00971.png
078_fibrosis_246.png,orig00972.png
077_fibrosis_266.png,orig00973.png
194_fibrosis_101.png,orig00974.png
196_fibrosis_168.png,orig00975.png
072_fibrosis_138.png,orig00976.png
082_fibrosis_309.png,orig00977.png
147_fibrosis_221.png,orig00978.png
128_fibrosis_205.png,orig00979.png
033_fibrosis_305.png,orig00980.png
146_fibrosis_248.png,orig00981.png
080_fibrosis_242.png,orig00982.png
135_fibrosis_135.png,orig00983.png
072_fibrosis_282.png,orig00984.png
080_fibrosis_210.png,orig00985.png
145_fibrosis_106.png,orig00986.png
148_fibrosis_268.png,orig00987.png
198_fibrosis_131.png,orig00988.png
131_fibrosis_297.png,orig00989.png
071_fibrosis_142.png,orig00990.png
203_fibrosis_053.png,orig00991.png
074_fibrosis_270.png,orig00992.png
084_fibrosis_177.png,orig00993.png
129_fibrosis_087.png,orig00994.png
079_fibrosis_231.png,orig00995.png
033_fibrosis_147.png,orig00996.png
064_fibrosis_200.png,orig00997.png
078_fibrosis_174.png,orig00998.png
069_fibrosis_120.png,orig00999.png
077_fibrosis_223.png,orig01000.png
198_fibrosis_020.png,orig01001.png
075_fibrosis_285.png,orig01002.png
201_fibrosis_068.png,orig01003.png
197_fibrosis_125.png,orig01004.png
066_fibrosis_259.png,orig01005.png
193_fibrosis_078.png,orig01006.png
064_fibrosis_234.png,orig01007.png
131_fibrosis_067.png,orig01008.png
064_fibrosis_119.png,orig01009.png
082_fibrosis_240.png,orig01010.png
074_fibrosis_045.png,orig01011.png
197_fibrosis_156.png,orig01012.png
146_fibrosis_065.png,orig01013.png
073_fibrosis_124.png,orig01014.png
072_fibrosis_094.png,orig01015.png
135_fibrosis_087.png,orig01016.png
127_fibrosis_077.png,orig01017.png
067_fibrosis_102.png,orig01018.png
067_fibrosis_072.png,orig01019.png
082_fibrosis_132.png,orig01020.png
078_fibrosis_173.png,orig01021.png
135_fibrosis_138.png,orig01022.png
198_fibrosis_038.png,orig01023.png
129_fibrosis_211.png,orig01024.png
136_fibrosis_189.png,orig01025.png
193_fibrosis_081.png,orig01026.png
033_fibrosis_312.png,orig01027.png
201_fibrosis_224.png,orig01028.png
199_fibrosis_111.png,orig01029.png
084_fibrosis_030.png,orig01030.png
081_fibrosis_172.png,orig01031.png
073_fibrosis_274.png,orig01032.png
081_fibrosis_346.png,orig01033.png
143_fibrosis_082.png,orig01034.png
197_fibrosis_174.png,orig01035.png
034_fibrosis_065.png,orig01036.png
197_fibrosis_082.png,orig01037.png
198_fibrosis_035.png,orig01038.png
145_fibrosis_080.png,orig01039.png
141_fibrosis_197.png,orig01040.png
198_fibrosis_092.png,orig01041.png
078_fibrosis_037.png,orig01042.png
066_fibrosis_348.png,orig01043.png
079_fibrosis_255.png,orig01044.png
129_fibrosis_155.png,orig01045.png
129_fibrosis_236.png,orig01046.png
143_fibrosis_090.png,orig01047.png
128_fibrosis_259.png,orig01048.png
143_fibrosis_089.png,orig01049.png
129_fibrosis_197.png,orig01050.png
200_fibrosis_177.png,orig01051.png
068_fibrosis_158.png,orig01052.png
077_fibrosis_258.png,orig01053.png
064_fibrosis_131.png,orig01054.png
071_fibrosis_252.png,orig01055.png
198_fibrosis_158.png,orig01056.png
203_fibrosis_119.png,orig01057.png
067_fibrosis_020.png,orig01058.png
072_fibrosis_217.png,orig01059.png
128_fibrosis_066.png,orig01060.png
147_fibrosis_171.png,orig01061.png
192_fibrosis_137.png,orig01062.png
065_fibrosis_116.png,orig01063.png
147_fibrosis_212.png,orig01064.png
127_fibrosis_078.png,orig01065.png
195_fibrosis_211.png,orig01066.png
131_fibrosis_180.png,orig01067.png
138_fibrosis_147.png,orig01068.png
146_fibrosis_183.png,orig01069.png
146_fibrosis_262.png,orig01070.png
076_fibrosis_049.png,orig01071.png
201_fibrosis_191.png,orig01072.png
141_fibrosis_259.png,orig01073.png
132_fibrosis_118.png,orig01074.png
149_fibrosis_087.png,orig01075.png
137_fibrosis_231.png,orig01076.png
128_fibrosis_145.png,orig01077.png
082_fibrosis_245.png,orig01078.png
071_fibrosis_130.png,orig01079.png
068_fibrosis_195.png,orig01080.png
073_fibrosis_174.png,orig01081.png
071_fibrosis_259.png,orig01082.png
068_fibrosis_245.png,orig01083.png
068_fibrosis_057.png,orig01084.png
067_fibrosis_194.png,orig01085.png
068_fibrosis_279.png,orig01086.png
065_fibrosis_117.png,orig01087.png
192_fibrosis_260.png,orig01088.png
201_fibrosis_065.png,orig01089.png
197_fibrosis_127.png,orig01090.png
068_fibrosis_171.png,orig01091.png
067_fibrosis_176.png,orig01092.png
077_fibrosis_314.png,orig01093.png
077_fibrosis_070.png,orig01094.png
065_fibrosis_020.png,orig01095.png
200_fibrosis_188.png,orig01096.png
075_fibrosis_047.png,orig01097.png
034_fibrosis_029.png,orig01098.png
147_fibrosis_253.png,orig01099.png
134_fibrosis_153.png,orig01100.png
084_fibrosis_213.png,orig01101.png
080_fibrosis_357.png,orig01102.png
075_fibrosis_077.png,orig01103.png
195_fibrosis_146.png,orig01104.png
080_fibrosis_374.png,orig01105.png
033_fibrosis_083.png,orig01106.png
069_fibrosis_250.png,orig01107.png
196_fibrosis_151.png,orig01108.png
196_fibrosis_063.png,orig01109.png
131_fibrosis_275.png,orig01110.png
064_fibrosis_224.png,orig01111.png
146_fibrosis_106.png,orig01112.png
073_fibrosis_175.png,orig01113.png
079_fibrosis_191.png,orig01114.png
064_fibrosis_125.png,orig01115.png
200_fibrosis_050.png,orig01116.png
066_fibrosis_051.png,orig01117.png
072_fibrosis_166.png,orig01118.png
076_fibrosis_205.png,orig01119.png
137_fibrosis_097.png,orig01120.png
073_fibrosis_064.png,orig01121.png
147_fibrosis_195.png,orig01122.png
127_fibrosis_095.png,orig01123.png
134_fibrosis_212.png,orig01124.png
074_fibrosis_314.png,orig01125.png
140_fibrosis_239.png,orig01126.png
074_fibrosis_186.png,orig01127.png
149_fibrosis_129.png,orig01128.png
193_fibrosis_146.png,orig01129.png
136_fibrosis_206.png,orig01130.png
136_fibrosis_099.png,orig01131.png
194_fibrosis_156.png,orig01132.png
135_fibrosis_162.png,orig01133.png
193_fibrosis_038.png,orig01134.png
076_fibrosis_121.png,orig01135.png
127_fibrosis_195.png,orig01136.png
128_fibrosis_112.png,orig01137.png
197_fibrosis_236.png,orig01138.png
137_fibrosis_214.png,orig01139.png
146_fibrosis_137.png,orig01140.png
131_fibrosis_172.png,orig01141.png
064_fibrosis_302.png,orig01142.png
069_fibrosis_080.png,orig01143.png
081_fibrosis_193.png,orig01144.png
192_fibrosis_053.png,orig01145.png
138_fibrosis_222.png,orig01146.png
072_fibrosis_187.png,orig01147.png
069_fibrosis_118.png,orig01148.png
141_fibrosis_224.png,orig01149.png
137_fibrosis_077.png,orig01150.png
065_fibrosis_149.png,orig01151.png
075_fibrosis_157.png,orig01152.png
132_fibrosis_263.png,orig01153.png
066_fibrosis_269.png,orig01154.png
139_fibrosis_155.png,orig01155.png
068_fibrosis_203.png,orig01156.png
082_fibrosis_269.png,orig01157.png
064_fibrosis_139.png,orig01158.png
131_fibrosis_185.png,orig01159.png
074_fibrosis_020.png,orig01160.png
200_fibrosis_197.png,orig01161.png
033_fibrosis_256.png,orig01162.png
132_fibrosis_155.png,orig01163.png
080_fibrosis_428.png,orig01164.png
195_fibrosis_116.png,orig01165.png
193_fibrosis_148.png,orig01166.png
139_fibrosis_200.png,orig01167.png
149_fibrosis_097.png,orig01168.png
147_fibrosis_062.png,orig01169.png
073_fibrosis_099.png,orig01170.png
139_fibrosis_181.png,orig01171.png
140_fibrosis_181.png,orig01172.png
192_fibrosis_256.png,orig01173.png
129_fibrosis_266.png,orig01174.png
071_fibrosis_083.png,orig01175.png
146_fibrosis_023.png,orig01176.png
192_fibrosis_056.png,orig01177.png
194_fibrosis_188.png,orig01178.png
078_fibrosis_094.png,orig01179.png
138_fibrosis_225.png,orig01180.png
069_fibrosis_235.png,orig01181.png
128_fibrosis_230.png,orig01182.png
139_fibrosis_213.png,orig01183.png
192_fibrosis_166.png,orig01184.png
140_fibrosis_216.png,orig01185.png
192_fibrosis_205.png,orig01186.png
192_fibrosis_046.png,orig01187.png
140_fibrosis_184.png,orig01188.png
071_fibrosis_045.png,orig01189.png
132_fibrosis_026.png,orig01190.png
084_fibrosis_280.png,orig01191.png
074_fibrosis_032.png,orig01192.png
131_fibrosis_263.png,orig01193.png
034_fibrosis_134.png,orig01194.png
129_fibrosis_166.png,orig01195.png
074_fibrosis_195.png,orig01196.png
143_fibrosis_162.png,orig01197.png
131_fibrosis_331.png,orig01198.png
071_fibrosis_027.png,orig01199.png
199_fibrosis_063.png,orig01200.png
143_fibrosis_166.png,orig01201.png
079_fibrosis_246.png,orig01202.png
081_fibrosis_354.png,orig01203.png
069_fibrosis_223.png,orig01204.png
075_fibrosis_064.png,orig01205.png
072_fibrosis_179.png,orig01206.png
141_fibrosis_049.png,orig01207.png
069_fibrosis_222.png,orig01208.png
033_fibrosis_240.png,orig01209.png
147_fibrosis_202.png,orig01210.png
127_fibrosis_202.png,orig01211.png
128_fibrosis_260.png,orig01212.png
131_fibrosis_170.png,orig01213.png
068_fibrosis_271.png,orig01214.png
069_fibrosis_291.png,orig01215.png
073_fibrosis_151.png,orig01216.png
081_fibrosis_361.png,orig01217.png
127_fibrosis_083.png,orig01218.png
140_fibrosis_023.png,orig01219.png
149_fibrosis_136.png,orig01220.png
138_fibrosis_240.png,orig01221.png
137_fibrosis_063.png,orig01222.png
192_fibrosis_248.png,orig01223.png
034_fibrosis_147.png,orig01224.png
137_fibrosis_141.png,orig01225.png
196_fibrosis_313.png,orig01226.png
139_fibrosis_100.png,orig01227.png
079_fibrosis_208.png,orig01228.png
137_fibrosis_229.png,orig01229.png
146_fibrosis_234.png,orig01230.png
131_fibrosis_025.png,orig01231.png
134_fibrosis_251.png,orig01232.png
193_fibrosis_094.png,orig01233.png
068_fibrosis_218.png,orig01234.png
129_fibrosis_124.png,orig01235.png
077_fibrosis_027.png,orig01236.png
072_fibrosis_257.png,orig01237.png
079_fibrosis_177.png,orig01238.png
141_fibrosis_270.png,orig01239.png
127_fibrosis_376.png,orig01240.png
141_fibrosis_210.png,orig01241.png
074_fibrosis_211.png,orig01242.png
065_fibrosis_042.png,orig01243.png
064_fibrosis_196.png,orig01244.png
080_fibrosis_320.png,orig01245.png
201_fibrosis_207.png,orig01246.png
128_fibrosis_234.png,orig01247.png
066_fibrosis_126.png,orig01248.png
195_fibrosis_043.png,orig01249.png
194_fibrosis_159.png,orig01250.png
075_fibrosis_291.png,orig01251.png
128_fibrosis_171.png,orig01252.png
194_fibrosis_317.png,orig01253.png
081_fibrosis_136.png,orig01254.png
069_fibrosis_206.png,orig01255.png
082_fibrosis_076.png,orig01256.png
203_fibrosis_149.png,orig01257.png
127_fibrosis_154.png,orig01258.png
081_fibrosis_347.png,orig01259.png
077_fibrosis_101.png,orig01260.png
195_fibrosis_158.png,orig01261.png
084_fibrosis_292.png,orig01262.png
149_fibrosis_216.png,orig01263.png
149_fibrosis_177.png,orig01264.png
078_fibrosis_126.png,orig01265.png
194_fibrosis_020.png,orig01266.png
128_fibrosis_107.png,orig01267.png
139_fibrosis_159.png,orig01268.png
068_fibrosis_237.png,orig01269.png
145_fibrosis_175.png,orig01270.png
201_fibrosis_083.png,orig01271.png
069_fibrosis_073.png,orig01272.png
195_fibrosis_247.png,orig01273.png
033_fibrosis_113.png,orig01274.png
197_fibrosis_021.png,orig01275.png
137_fibrosis_126.png,orig01276.png
082_fibrosis_302.png,orig01277.png
197_fibrosis_221.png,orig01278.png
195_fibrosis_203.png,orig01279.png
199_fibrosis_101.png,orig01280.png
134_fibrosis_083.png,orig01281.png
193_fibrosis_123.png,orig01282.png
194_fibrosis_260.png,orig01283.png
147_fibrosis_297.png,orig01284.png
193_fibrosis_142.png,orig01285.png
141_fibrosis_171.png,orig01286.png
197_fibrosis_075.png,orig01287.png
140_fibrosis_115.png,orig01288.png
073_fibrosis_063.png,orig01289.png
080_fibrosis_373.png,orig01290.png
077_fibrosis_192.png,orig01291.png
033_fibrosis_310.png,orig01292.png
129_fibrosis_126.png,orig01293.png
068_fibrosis_236.png,orig01294.png
146_fibrosis_125.png,orig01295.png
082_fibrosis_281.png,orig01296.png
196_fibrosis_269.png,orig01297.png
137_fibrosis_180.png,orig01298.png
034_fibrosis_195.png,orig01299.png
139_fibrosis_344.png,orig01300.png
131_fibrosis_276.png,orig01301.png
139_fibrosis_168.png,orig01302.png
078_fibrosis_119.png,orig01303.png
201_fibrosis_103.png,orig01304.png
195_fibrosis_301.png,orig01305.png
078_fibrosis_165.png,orig01306.png
197_fibrosis_093.png,orig01307.png
134_fibrosis_046.png,orig01308.png
132_fibrosis_073.png,orig01309.png
136_fibrosis_147.png,orig01310.png
073_fibrosis_101.png,orig01311.png
064_fibrosis_251.png,orig01312.png
072_fibrosis_104.png,orig01313.png
200_fibrosis_102.png,orig01314.png
079_fibrosis_241.png,orig01315.png
075_fibrosis_218.png,orig01316.png
064_fibrosis_157.png,orig01317.png
135_fibrosis_271.png,orig01318.png
145_fibrosis_082.png,orig01319.png
196_fibrosis_187.png,orig01320.png
140_fibrosis_241.png,orig01321.png
135_fibrosis_096.png,orig01322.png
066_fibrosis_102.png,orig01323.png
140_fibrosis_253.png,orig01324.png
147_fibrosis_117.png,orig01325.png
075_fibrosis_031.png,orig01326.png
193_fibrosis_047.png,orig01327.png
033_fibrosis_081.png,orig01328.png
078_fibrosis_194.png,orig01329.png
128_fibrosis_163.png,orig01330.png
064_fibrosis_215.png,orig01331.png
196_fibrosis_037.png,orig01332.png
143_fibrosis_064.png,orig01333.png
147_fibrosis_167.png,orig01334.png
198_fibrosis_198.png,orig01335.png
196_fibrosis_304.png,orig01336.png
131_fibrosis_241.png,orig01337.png
075_fibrosis_202.png,orig01338.png
198_fibrosis_095.png,orig01339.png
131_fibrosis_316.png,orig01340.png
067_fibrosis_245.png,orig01341.png
128_fibrosis_169.png,orig01342.png
077_fibrosis_225.png,orig01343.png
149_fibrosis_031.png,orig01344.png
077_fibrosis_107.png,orig01345.png
075_fibrosis_234.png,orig01346.png
192_fibrosis_092.png,orig01347.png
132_fibrosis_205.png,orig01348.png
201_fibrosis_098.png,orig01349.png
068_fibrosis_114.png,orig01350.png
131_fibrosis_157.png,orig01351.png
127_fibrosis_121.png,orig01352.png
146_fibrosis_056.png,orig01353.png
034_fibrosis_161.png,orig01354.png
194_fibrosis_111.png,orig01355.png
072_fibrosis_266.png,orig01356.png
068_fibrosis_091.png,orig01357.png
074_fibrosis_244.png,orig01358.png
068_fibrosis_162.png,orig01359.png
068_fibrosis_287.png,orig01360.png
131_fibrosis_321.png,orig01361.png
129_fibrosis_278.png,orig01362.png
127_fibrosis_054.png,orig01363.png
136_fibrosis_200.png,orig01364.png
203_fibrosis_115.png,orig01365.png
079_fibrosis_074.png,orig01366.png
132_fibrosis_090.png,orig01367.png
148_fibrosis_074.png,orig01368.png
135_fibrosis_106.png,orig01369.png
071_fibrosis_137.png,orig01370.png
128_fibrosis_032.png,orig01371.png
127_fibrosis_352.png,orig01372.png
066_fibrosis_057.png,orig01373.png
147_fibrosis_216.png,orig01374.png
129_fibrosis_265.png,orig01375.png
076_fibrosis_029.png,orig01376.png
135_fibrosis_234.png,orig01377.png
082_fibrosis_244.png,orig01378.png
203_fibrosis_063.png,orig01379.png
065_fibrosis_064.png,orig01380.png
147_fibrosis_094.png,orig01381.png
128_fibrosis_258.png,orig01382.png
197_fibrosis_036.png,orig01383.png
079_fibrosis_046.png,orig01384.png
074_fibrosis_171.png,orig01385.png
132_fibrosis_272.png,orig01386.png
034_fibrosis_061.png,orig01387.png
141_fibrosis_045.png,orig01388.png
127_fibrosis_218.png,orig01389.png
068_fibrosis_228.png,orig01390.png
081_fibrosis_325.png,orig01391.png
146_fibrosis_077.png,orig01392.png
196_fibrosis_131.png,orig01393.png
068_fibrosis_129.png,orig01394.png
065_fibrosis_056.png,orig01395.png
069_fibrosis_258.png,orig01396.png
073_fibrosis_135.png,orig01397.png
072_fibrosis_043.png,orig01398.png
068_fibrosis_028.png,orig01399.png
134_fibrosis_131.png,orig01400.png
131_fibrosis_026.png,orig01401.png
078_fibrosis_157.png,orig01402.png
139_fibrosis_291.png,orig01403.png
143_fibrosis_057.png,orig01404.png
196_fibrosis_207.png,orig01405.png
127_fibrosis_346.png,orig01406.png
073_fibrosis_054.png,orig01407.png
079_fibrosis_109.png,orig01408.png
069_fibrosis_314.png,orig01409.png
078_fibrosis_188.png,orig01410.png
074_fibrosis_309.png,orig01411.png
067_fibrosis_251.png,orig01412.png
064_fibrosis_177.png,orig01413.png
079_fibrosis_155.png,orig01414.png
084_fibrosis_110.png,orig01415.png
148_fibrosis_204.png,orig01416.png
194_fibrosis_152.png,orig01417.png
147_fibrosis_228.png,orig01418.png
077_fibrosis_195.png,orig01419.png
132_fibrosis_230.png,orig01420.png
143_fibrosis_145.png,orig01421.png
143_fibrosis_203.png,orig01422.png
134_fibrosis_154.png,orig01423.png
194_fibrosis_032.png,orig01424.png
077_fibrosis_335.png,orig01425.png
138_fibrosis_226.png,orig01426.png
146_fibrosis_050.png,orig01427.png
194_fibrosis_167.png,orig01428.png
131_fibrosis_242.png,orig01429.png
192_fibrosis_101.png,orig01430.png
141_fibrosis_235.png,orig01431.png
143_fibrosis_034.png,orig01432.png
068_fibrosis_052.png,orig01433.png
068_fibrosis_068.png,orig01434.png
128_fibrosis_082.png,orig01435.png
203_fibrosis_046.png,orig01436.png
203_fibrosis_161.png,orig01437.png
128_fibrosis_137.png,orig01438.png
069_fibrosis_245.png,orig01439.png
193_fibrosis_103.png,orig01440.png
072_fibrosis_105.png,orig01441.png
072_fibrosis_066.png,orig01442.png
198_fibrosis_105.png,orig01443.png
081_fibrosis_365.png,orig01444.png
136_fibrosis_174.png,orig01445.png
069_fibrosis_126.png,orig01446.png
194_fibrosis_273.png,orig01447.png
080_fibrosis_382.png,orig01448.png
129_fibrosis_028.png,orig01449.png
066_fibrosis_088.png,orig01450.png
075_fibrosis_039.png,orig01451.png
200_fibrosis_151.png,orig01452.png
198_fibrosis_051.png,orig01453.png
069_fibrosis_267.png,orig01454.png
064_fibrosis_138.png,orig01455.png
129_fibrosis_128.png,orig01456.png
082_fibrosis_285.png,orig01457.png
200_fibrosis_130.png,orig01458.png
137_fibrosis_021.png,orig01459.png
073_fibrosis_318.png,orig01460.png
073_fibrosis_083.png,orig01461.png
129_fibrosis_072.png,orig01462.png
072_fibrosis_052.png,orig01463.png
146_fibrosis_218.png,orig01464.png
197_fibrosis_214.png,orig01465.png
075_fibrosis_026.png,orig01466.png
193_fibrosis_119.png,orig01467.png
199_fibrosis_058.png,orig01468.png
064_fibrosis_133.png,orig01469.png
071_fibrosis_042.png,orig01470.png
067_fibrosis_216.png,orig01471.png
075_fibrosis_242.png,orig01472.png
143_fibrosis_103.png,orig01473.png
201_fibrosis_040.png,orig01474.png
141_fibrosis_021.png,orig01475.png
084_fibrosis_143.png,orig01476.png
139_fibrosis_198.png,orig01477.png
066_fibrosis_052.png,orig01478.png
200_fibrosis_044.png,orig01479.png
066_fibrosis_296.png,orig01480.png
079_fibrosis_308.png,orig01481.png
081_fibrosis_360.png,orig01482.png
140_fibrosis_029.png,orig01483.png
146_fibrosis_058.png,orig01484.png
147_fibrosis_256.png,orig01485.png
143_fibrosis_072.png,orig01486.png
064_fibrosis_210.png,orig01487.png
080_fibrosis_392.png,orig01488.png
069_fibrosis_293.png,orig01489.png
132_fibrosis_206.png,orig01490.png
128_fibrosis_031.png,orig01491.png
078_fibrosis_113.png,orig01492.png
080_fibrosis_240.png,orig01493.png
198_fibrosis_171.png,orig01494.png
077_fibrosis_294.png,orig01495.png
196_fibrosis_093.png,orig01496.png
065_fibrosis_083.png,orig01497.png
194_fibrosis_103.png,orig01498.png
071_fibrosis_150.png,orig01499.png
132_fibrosis_261.png,orig01500.png
148_fibrosis_155.png,orig01501.png
198_fibrosis_056.png,orig01502.png
138_fibrosis_177.png,orig01503.png
080_fibrosis_420.png,orig01504.png
127_fibrosis_371.png,orig01505.png
200_fibrosis_041.png,orig01506.png
078_fibrosis_217.png,orig01507.png
200_fibrosis_092.png,orig01508.png
136_fibrosis_065.png,orig01509.png
129_fibrosis_216.png,orig01510.png
141_fibrosis_043.png,orig01511.png
135_fibrosis_190.png,orig01512.png
138_fibrosis_159.png,orig01513.png
147_fibrosis_196.png,orig01514.png
033_fibrosis_262.png,orig01515.png
127_fibrosis_260.png,orig01516.png
193_fibrosis_135.png,orig01517.png
197_fibrosis_205.png,orig01518.png
145_fibrosis_198.png,orig01519.png
127_fibrosis_361.png,orig01520.png
071_fibrosis_131.png,orig01521.png
074_fibrosis_218.png,orig01522.png
139_fibrosis_129.png,orig01523.png
131_fibrosis_307.png,orig01524.png
073_fibrosis_209.png,orig01525.png
194_fibrosis_087.png,orig01526.png
135_fibrosis_166.png,orig01527.png
193_fibrosis_132.png,orig01528.png
131_fibrosis_083.png,orig01529.png
078_fibrosis_061.png,orig01530.png
084_fibrosis_233.png,orig01531.png
033_fibrosis_309.png,orig01532.png
129_fibrosis_222.png,orig01533.png
140_fibrosis_103.png,orig01534.png
199_fibrosis_060.png,orig01535.png
064_fibrosis_180.png,orig01536.png
075_fibrosis_249.png,orig01537.png
081_fibrosis_118.png,orig01538.png
128_fibrosis_102.png,orig01539.png
195_fibrosis_249.png,orig01540.png
131_fibrosis_156.png,orig01541.png
131_fibrosis_145.png,orig01542.png
072_fibrosis_182.png,orig01543.png
140_fibrosis_135.png,orig01544.png
072_fibrosis_048.png,orig01545.png
139_fibrosis_056.png,orig01546.png
140_fibrosis_080.png,orig01547.png
072_fibrosis_206.png,orig01548.png
194_fibrosis_244.png,orig01549.png
200_fibrosis_066.png,orig01550.png
077_fibrosis_115.png,orig01551.png
073_fibrosis_042.png,orig01552.png
034_fibrosis_188.png,orig01553.png
143_fibrosis_111.png,orig01554.png
135_fibrosis_043.png,orig01555.png
135_fibrosis_025.png,orig01556.png
195_fibrosis_131.png,orig01557.png
138_fibrosis_191.png,orig01558.png
192_fibrosis_070.png,orig01559.png
138_fibrosis_050.png,orig01560.png
197_fibrosis_074.png,orig01561.png
136_fibrosis_163.png,orig01562.png
132_fibrosis_241.png,orig01563.png
134_fibrosis_263.png,orig01564.png
132_fibrosis_098.png,orig01565.png
071_fibrosis_073.png,orig01566.png
203_fibrosis_024.png,orig01567.png
074_fibrosis_192.png,orig01568.png
068_fibrosis_113.png,orig01569.png
128_fibrosis_236.png,orig01570.png
073_fibrosis_141.png,orig01571.png
135_fibrosis_274.png,orig01572.png
193_fibrosis_088.png,orig01573.png
079_fibrosis_154.png,orig01574.png
073_fibrosis_145.png,orig01575.png
132_fibrosis_210.png,orig01576.png
194_fibrosis_062.png,orig01577.png
135_fibrosis_054.png,orig01578.png
127_fibrosis_027.png,orig01579.png
082_fibrosis_103.png,orig01580.png
147_fibrosis_067.png,orig01581.png
132_fibrosis_162.png,orig01582.png
200_fibrosis_174.png,orig01583.png
129_fibrosis_252.png,orig01584.png
140_fibrosis_315.png,orig01585.png
140_fibrosis_156.png,orig01586.png
066_fibrosis_075.png,orig01587.png
136_fibrosis_249.png,orig01588.png
129_fibrosis_077.png,orig01589.png
075_fibrosis_033.png,orig01590.png
137_fibrosis_154.png,orig01591.png
084_fibrosis_183.png,orig01592.png
069_fibrosis_277.png,orig01593.png
132_fibrosis_276.png,orig01594.png
135_fibrosis_208.png,orig01595.png
077_fibrosis_342.png,orig01596.png
067_fibrosis_085.png,orig01597.png
077_fibrosis_272.png,orig01598.png
198_fibrosis_147.png,orig01599.png
134_fibrosis_069.png,orig01600.png
146_fibrosis_134.png,orig01601.png
135_fibrosis_119.png,orig01602.png
072_fibrosis_103.png,orig01603.png
071_fibrosis_097.png,orig01604.png
136_fibrosis_073.png,orig01605.png
195_fibrosis_188.png,orig01606.png
198_fibrosis_091.png,orig01607.png
146_fibrosis_123.png,orig01608.png
136_fibrosis_252.png,orig01609.png
129_fibrosis_235.png,orig01610.png
192_fibrosis_232.png,orig01611.png
134_fibrosis_043.png,orig01612.png
195_fibrosis_035.png,orig01613.png
132_fibrosis_257.png,orig01614.png
127_fibrosis_373.png,orig01615.png
033_fibrosis_060.png,orig01616.png
138_fibrosis_075.png,orig01617.png
071_fibrosis_257.png,orig01618.png
201_fibrosis_186.png,orig01619.png
064_fibrosis_052.png,orig01620.png
077_fibrosis_151.png,orig01621.png
147_fibrosis_131.png,orig01622.png
067_fibrosis_215.png,orig01623.png
066_fibrosis_060.png,orig01624.png
131_fibrosis_129.png,orig01625.png
137_fibrosis_207.png,orig01626.png
146_fibrosis_154.png,orig01627.png
139_fibrosis_116.png,orig01628.png
078_fibrosis_108.png,orig01629.png
194_fibrosis_113.png,orig01630.png
034_fibrosis_343.png,orig01631.png
194_fibrosis_195.png,orig01632.png
136_fibrosis_158.png,orig01633.png
146_fibrosis_257.png,orig01634.png
131_fibrosis_089.png,orig01635.png
081_fibrosis_348.png,orig01636.png
076_fibrosis_251.png,orig01637.png
192_fibrosis_203.png,orig01638.png
064_fibrosis_227.png,orig01639.png
077_fibrosis_293.png,orig01640.png
139_fibrosis_226.png,orig01641.png
127_fibrosis_113.png,orig01642.png
138_fibrosis_220.png,orig01643.png
143_fibrosis_180.png,orig01644.png
078_fibrosis_190.png,orig01645.png
198_fibrosis_161.png,orig01646.png
073_fibrosis_320.png,orig01647.png
147_fibrosis_155.png,orig01648.png
137_fibrosis_276.png,orig01649.png
201_fibrosis_112.png,orig01650.png
139_fibrosis_324.png,orig01651.png
074_fibrosis_150.png,orig01652.png
069_fibrosis_251.png,orig01653.png
069_fibrosis_174.png,orig01654.png
198_fibrosis_202.png,orig01655.png
082_fibrosis_162.png,orig01656.png
132_fibrosis_063.png,orig01657.png
067_fibrosis_219.png,orig01658.png
127_fibrosis_330.png,orig01659.png
076_fibrosis_142.png,orig01660.png
141_fibrosis_165.png,orig01661.png
131_fibrosis_060.png,orig01662.png
075_fibrosis_055.png,orig01663.png
077_fibrosis_023.png,orig01664.png
199_fibrosis_122.png,orig01665.png
064_fibrosis_056.png,orig01666.png
198_fibrosis_144.png,orig01667.png
076_fibrosis_078.png,orig01668.png
064_fibrosis_228.png,orig01669.png
077_fibrosis_350.png,orig01670.png
145_fibrosis_176.png,orig01671.png
078_fibrosis_208.png,orig01672.png
073_fibrosis_232.png,orig01673.png
135_fibrosis_082.png,orig01674.png
134_fibrosis_065.png,orig01675.png
129_fibrosis_193.png,orig01676.png
081_fibrosis_168.png,orig01677.png
193_fibrosis_163.png,orig01678.png
064_fibrosis_183.png,orig01679.png
135_fibrosis_263.png,orig01680.png
074_fibrosis_154.png,orig01681.png
034_fibrosis_132.png,orig01682.png
132_fibrosis_044.png,orig01683.png
077_fibrosis_140.png,orig01684.png
139_fibrosis_268.png,orig01685.png
077_fibrosis_255.png,orig01686.png
075_fibrosis_203.png,orig01687.png
033_fibrosis_177.png,orig01688.png
197_fibrosis_077.png,orig01689.png
129_fibrosis_238.png,orig01690.png
071_fibrosis_124.png,orig01691.png
072_fibrosis_203.png,orig01692.png
072_fibrosis_188.png,orig01693.png
075_fibrosis_263.png,orig01694.png
033_fibrosis_071.png,orig01695.png
072_fibrosis_227.png,orig01696.png
192_fibrosis_167.png,orig01697.png
073_fibrosis_148.png,orig01698.png
064_fibrosis_236.png,orig01699.png
075_fibrosis_048.png,orig01700.png
201_fibrosis_082.png,orig01701.png
071_fibrosis_123.png,orig01702.png
067_fibrosis_125.png,orig01703.png
131_fibrosis_237.png,orig01704.png
147_fibrosis_199.png,orig01705.png
069_fibrosis_308.png,orig01706.png
140_fibrosis_050.png,orig01707.png
148_fibrosis_159.png,orig01708.png
195_fibrosis_326.png,orig01709.png
080_fibrosis_386.png,orig01710.png
077_fibrosis_253.png,orig01711.png
195_fibrosis_274.png,orig01712.png
129_fibrosis_085.png,orig01713.png
064_fibrosis_193.png,orig01714.png
146_fibrosis_212.png,orig01715.png
077_fibrosis_312.png,orig01716.png
129_fibrosis_176.png,orig01717.png
072_fibrosis_189.png,orig01718.png
138_fibrosis_076.png,orig01719.png
192_fibrosis_139.png,orig01720.png
147_fibrosis_232.png,orig01721.png
148_fibrosis_152.png,orig01722.png
081_fibrosis_110.png,orig01723.png
145_fibrosis_089.png,orig01724.png
135_fibrosis_250.png,orig01725.png
078_fibrosis_082.png,orig01726.png
193_fibrosis_152.png,orig01727.png
138_fibrosis_246.png,orig01728.png
149_fibrosis_260.png,orig01729.png
141_fibrosis_124.png,orig01730.png
074_fibrosis_176.png,orig01731.png
081_fibrosis_248.png,orig01732.png
193_fibrosis_026.png,orig01733.png
064_fibrosis_078.png,orig01734.png
129_fibrosis_025.png,orig01735.png
148_fibrosis_086.png,orig01736.png
193_fibrosis_144.png,orig01737.png
034_fibrosis_265.png,orig01738.png
071_fibrosis_127.png,orig01739.png
147_fibrosis_258.png,orig01740.png
127_fibrosis_244.png,orig01741.png
198_fibrosis_063.png,orig01742.png
080_fibrosis_314.png,orig01743.png
140_fibrosis_172.png,orig01744.png
074_fibrosis_269.png,orig01745.png
138_fibrosis_056.png,orig01746.png
136_fibrosis_191.png,orig01747.png
127_fibrosis_261.png,orig01748.png
194_fibrosis_235.png,orig01749.png
145_fibrosis_109.png,orig01750.png
134_fibrosis_272.png,orig01751.png
201_fibrosis_029.png,orig01752.png
203_fibrosis_123.png,orig01753.png
138_fibrosis_139.png,orig01754.png
076_fibrosis_132.png,orig01755.png
081_fibrosis_140.png,orig01756.png
198_fibrosis_177.png,orig01757.png
065_fibrosis_130.png,orig01758.png
065_fibrosis_069.png,orig01759.png
075_fibrosis_293.png,orig01760.png
138_fibrosis_257.png,orig01761.png
192_fibrosis_095.png,orig01762.png
203_fibrosis_113.png,orig01763.png
149_fibrosis_122.png,orig01764.png
071_fibrosis_159.png,orig01765.png
064_fibrosis_202.png,orig01766.png
137_fibrosis_068.png,orig01767.png
076_fibrosis_106.png,orig01768.png
145_fibrosis_099.png,orig01769.png
196_fibrosis_213.png,orig01770.png
192_fibrosis_120.png,orig01771.png
073_fibrosis_281.png,orig01772.png
084_fibrosis_033.png,orig01773.png
076_fibrosis_262.png,orig01774.png
139_fibrosis_271.png,orig01775.png
127_fibrosis_082.png,orig01776.png
082_fibrosis_239.png,orig01777.png
075_fibrosis_182.png,orig01778.png
076_fibrosis_090.png,orig01779.png
196_fibrosis_115.png,orig01780.png
072_fibrosis_190.png,orig01781.png
141_fibrosis_132.png,orig01782.png
148_fibrosis_044.png,orig01783.png
149_fibrosis_246.png,orig01784.png
127_fibrosis_187.png,orig01785.png
080_fibrosis_317.png,orig01786.png
139_fibrosis_199.png,orig01787.png
145_fibrosis_122.png,orig01788.png
197_fibrosis_061.png,orig01789.png
137_fibrosis_075.png,orig01790.png
082_fibrosis_207.png,orig01791.png
135_fibrosis_090.png,orig01792.png
068_fibrosis_048.png,orig01793.png
143_fibrosis_053.png,orig01794.png
195_fibrosis_077.png,orig01795.png
127_fibrosis_393.png,orig01796.png
078_fibrosis_209.png,orig01797.png
192_fibrosis_192.png,orig01798.png
141_fibrosis_060.png,orig01799.png
136_fibrosis_118.png,orig01800.png
203_fibrosis_078.png,orig01801.png
034_fibrosis_157.png,orig01802.png
149_fibrosis_139.png,orig01803.png
135_fibrosis_105.png,orig01804.png
129_fibrosis_144.png,orig01805.png
131_fibrosis_116.png,orig01806.png
139_fibrosis_218.png,orig01807.png
131_fibrosis_267.png,orig01808.png
147_fibrosis_134.png,orig01809.png
140_fibrosis_118.png,orig01810.png
081_fibrosis_273.png,orig01811.png
082_fibrosis_274.png,orig01812.png
147_fibrosis_282.png,orig01813.png
128_fibrosis_048.png,orig01814.png
081_fibrosis_293.png,orig01815.png
137_fibrosis_269.png,orig01816.png
077_fibrosis_188.png,orig01817.png
137_fibrosis_305.png,orig01818.png
064_fibrosis_303.png,orig01819.png
073_fibrosis_180.png,orig01820.png
084_fibrosis_020.png,orig01821.png
076_fibrosis_139.png,orig01822.png
068_fibrosis_039.png,orig01823.png
132_fibrosis_109.png,orig01824.png
196_fibrosis_251.png,orig01825.png
149_fibrosis_261.png,orig01826.png
064_fibrosis_034.png,orig01827.png
068_fibrosis_127.png,orig01828.png
127_fibrosis_216.png,orig01829.png
141_fibrosis_038.png,orig01830.png
146_fibrosis_133.png,orig01831.png
136_fibrosis_195.png,orig01832.png
194_fibrosis_165.png,orig01833.png
196_fibrosis_198.png,orig01834.png
068_fibrosis_062.png,orig01835.png
067_fibrosis_126.png,orig01836.png
081_fibrosis_271.png,orig01837.png
139_fibrosis_110.png,orig01838.png
146_fibrosis_237.png,orig01839.png
194_fibrosis_219.png,orig01840.png
135_fibrosis_137.png,orig01841.png
082_fibrosis_208.png,orig01842.png
149_fibrosis_196.png,orig01843.png
078_fibrosis_138.png,orig01844.png
194_fibrosis_203.png,orig01845.png
193_fibrosis_129.png,orig01846.png
131_fibrosis_248.png,orig01847.png
148_fibrosis_070.png,orig01848.png
197_fibrosis_194.png,orig01849.png
194_fibrosis_139.png,orig01850.png
193_fibrosis_124.png,orig01851.png
195_fibrosis_243.png,orig01852.png
078_fibrosis_140.png,orig01853.png
147_fibrosis_075.png,orig01854.png
201_fibrosis_039.png,orig01855.png
077_fibrosis_065.png,orig01856.png
034_fibrosis_274.png,orig01857.png
084_fibrosis_173.png,orig01858.png
082_fibrosis_258.png,orig01859.png
199_fibrosis_040.png,orig01860.png
067_fibrosis_233.png,orig01861.png
139_fibrosis_254.png,orig01862.png
064_fibrosis_030.png,orig01863.png
067_fibrosis_256.png,orig01864.png
074_fibrosis_317.png,orig01865.png
079_fibrosis_082.png,orig01866.png
071_fibrosis_236.png,orig01867.png
075_fibrosis_165.png,orig01868.png
147_fibrosis_187.png,orig01869.png
192_fibrosis_111.png,orig01870.png
143_fibrosis_206.png,orig01871.png
068_fibrosis_196.png,orig01872.png
077_fibrosis_210.png,orig01873.png
148_fibrosis_151.png,orig01874.png
138_fibrosis_132.png,orig01875.png
141_fibrosis_065.png,orig01876.png
127_fibrosis_042.png,orig01877.png
077_fibrosis_112.png,orig01878.png
147_fibrosis_239.png,orig01879.png
199_fibrosis_115.png,orig01880.png
131_fibrosis_196.png,orig01881.png
078_fibrosis_078.png,orig01882.png
197_fibrosis_108.png,orig01883.png
203_fibrosis_152.png,orig01884.png
140_fibrosis_121.png,orig01885.png
064_fibrosis_246.png,orig01886.png
078_fibrosis_306.png,orig01887.png
193_fibrosis_112.png,orig01888.png
071_fibrosis_144.png,orig01889.png
137_fibrosis_210.png,orig01890.png
194_fibrosis_245.png,orig01891.png
149_fibrosis_147.png,orig01892.png
141_fibrosis_244.png,orig01893.png
066_fibrosis_324.png,orig01894.png
200_fibrosis_121.png,orig01895.png
196_fibrosis_172.png,orig01896.png
193_fibrosis_121.png,orig01897.png
074_fibrosis_074.png,orig01898.png
082_fibrosis_300.png,orig01899.png
138_fibrosis_168.png,orig01900.png
077_fibrosis_055.png,orig01901.png
138_fibrosis_023.png,orig01902.png
136_fibrosis_186.png,orig01903.png
145_fibrosis_129.png,orig01904.png
079_fibrosis_209.png,orig01905.png
195_fibrosis_039.png,orig01906.png
081_fibrosis_154.png,orig01907.png
149_fibrosis_269.png,orig01908.png
201_fibrosis_161.png,orig01909.png
194_fibrosis_286.png,orig01910.png
136_fibrosis_032.png,orig01911.png
076_fibrosis_198.png,orig01912.png
194_fibrosis_098.png,orig01913.png
203_fibrosis_097.png,orig01914.png
145_fibrosis_050.png,orig01915.png
143_fibrosis_141.png,orig01916.png
127_fibrosis_206.png,orig01917.png
067_fibrosis_154.png,orig01918.png
199_fibrosis_084.png,orig01919.png
134_fibrosis_174.png,orig01920.png
196_fibrosis_236.png,orig01921.png
140_fibrosis_090.png,orig01922.png
082_fibrosis_242.png,orig01923.png
074_fibrosis_165.png,orig01924.png
199_fibrosis_105.png,orig01925.png
137_fibrosis_223.png,orig01926.png
198_fibrosis_219.png,orig01927.png
137_fibrosis_041.png,orig01928.png
064_fibrosis_145.png,orig01929.png
072_fibrosis_070.png,orig01930.png
069_fibrosis_102.png,orig01931.png
147_fibrosis_064.png,orig01932.png
034_fibrosis_315.png,orig01933.png
084_fibrosis_201.png,orig01934.png
072_fibrosis_214.png,orig01935.png
203_fibrosis_079.png,orig01936.png
132_fibrosis_199.png,orig01937.png
196_fibrosis_254.png,orig01938.png
066_fibrosis_130.png,orig01939.png
127_fibrosis_125.png,orig01940.png
079_fibrosis_196.png,orig01941.png
068_fibrosis_086.png,orig01942.png
147_fibrosis_255.png,orig01943.png
081_fibrosis_286.png,orig01944.png
079_fibrosis_143.png,orig01945.png
076_fibrosis_092.png,orig01946.png
141_fibrosis_158.png,orig01947.png
075_fibrosis_056.png,orig01948.png
134_fibrosis_243.png,orig01949.png
149_fibrosis_037.png,orig01950.png
139_fibrosis_101.png,orig01951.png
084_fibrosis_164.png,orig01952.png
198_fibrosis_185.png,orig01953.png
132_fibrosis_160.png,orig01954.png
128_fibrosis_086.png,orig01955.png
073_fibrosis_237.png,orig01956.png
194_fibrosis_138.png,orig01957.png
139_fibrosis_148.png,orig01958.png
132_fibrosis_172.png,orig01959.png
197_fibrosis_084.png,orig01960.png
143_fibrosis_036.png,orig01961.png
134_fibrosis_076.png,orig01962.png
148_fibrosis_098.png,orig01963.png
201_fibrosis_131.png,orig01964.png
135_fibrosis_251.png,orig01965.png
079_fibrosis_260.png,orig01966.png
195_fibrosis_121.png,orig01967.png
200_fibrosis_129.png,orig01968.png
082_fibrosis_090.png,orig01969.png
192_fibrosis_170.png,orig01970.png
074_fibrosis_037.png,orig01971.png
077_fibrosis_252.png,orig01972.png
128_fibrosis_162.png,orig01973.png
064_fibrosis_205.png,orig01974.png
127_fibrosis_305.png,orig01975.png
134_fibrosis_245.png,orig01976.png
196_fibrosis_252.png,orig01977.png
141_fibrosis_151.png,orig01978.png
145_fibrosis_027.png,orig01979.png
132_fibrosis_283.png,orig01980.png
078_fibrosis_134.png,orig01981.png
131_fibrosis_108.png,orig01982.png
135_fibrosis_048.png,orig01983.png
139_fibrosis_209.png,orig01984.png
081_fibrosis_160.png,orig01985.png
067_fibrosis_212.png,orig01986.png
127_fibrosis_168.png,orig01987.png
128_fibrosis_028.png,orig01988.png
071_fibrosis_165.png,orig01989.png
139_fibrosis_348.png,orig01990.png
033_fibrosis_259.png,orig01991.png
071_fibrosis_072.png,orig01992.png
065_fibrosis_140.png,orig01993.png
127_fibrosis_145.png,orig01994.png
136_fibrosis_215.png,orig01995.png
074_fibrosis_138.png,orig01996.png
132_fibrosis_196.png,orig01997.png
149_fibrosis_169.png,orig01998.png
146_fibrosis_146.png,orig01999.png
066_fibrosis_247.png,orig02000.png
198_fibrosis_204.png,orig02001.png
132_fibrosis_024.png,orig02002.png
067_fibrosis_068.png,orig02003.png
149_fibrosis_197.png,orig02004.png
198_fibrosis_196.png,orig02005.png
137_fibrosis_270.png,orig02006.png
199_fibrosis_065.png,orig02007.png
147_fibrosis_224.png,orig02008.png
139_fibrosis_196.png,orig02009.png
137_fibrosis_101.png,orig02010.png
131_fibrosis_300.png,orig02011.png
077_fibrosis_069.png,orig02012.png
127_fibrosis_357.png,orig02013.png
134_fibrosis_028.png,orig02014.png
135_fibrosis_204.png,orig02015.png
197_fibrosis_215.png,orig02016.png
139_fibrosis_125.png,orig02017.png
129_fibrosis_232.png,orig02018.png
147_fibrosis_201.png,orig02019.png
079_fibrosis_124.png,orig02020.png
076_fibrosis_230.png,orig02021.png
194_fibrosis_232.png,orig02022.png
066_fibrosis_201.png,orig02023.png
195_fibrosis_094.png,orig02024.png
068_fibrosis_027.png,orig02025.png
146_fibrosis_177.png,orig02026.png
034_fibrosis_178.png,orig02027.png
141_fibrosis_160.png,orig02028.png
143_fibrosis_020.png,orig02029.png
196_fibrosis_185.png,orig02030.png
075_fibrosis_241.png,orig02031.png
081_fibrosis_287.png,orig02032.png
198_fibrosis_176.png,orig02033.png
143_fibrosis_118.png,orig02034.png
074_fibrosis_193.png,orig02035.png
074_fibrosis_022.png,orig02036.png
197_fibrosis_237.png,orig02037.png
074_fibrosis_100.png,orig02038.png
195_fibrosis_279.png,orig02039.png
069_fibrosis_070.png,orig02040.png
067_fibrosis_144.png,orig02041.png
194_fibrosis_080.png,orig02042.png
064_fibrosis_152.png,orig02043.png
072_fibrosis_185.png,orig02044.png
080_fibrosis_378.png,orig02045.png
064_fibrosis_318.png,orig02046.png
146_fibrosis_108.png,orig02047.png
066_fibrosis_264.png,orig02048.png
127_fibrosis_375.png,orig02049.png
147_fibrosis_241.png,orig02050.png
143_fibrosis_044.png,orig02051.png
136_fibrosis_162.png,orig02052.png
077_fibrosis_078.png,orig02053.png
132_fibrosis_186.png,orig02054.png
138_fibrosis_215.png,orig02055.png
140_fibrosis_219.png,orig02056.png
067_fibrosis_188.png,orig02057.png
200_fibrosis_043.png,orig02058.png
078_fibrosis_114.png,orig02059.png
071_fibrosis_084.png,orig02060.png
069_fibrosis_256.png,orig02061.png
138_fibrosis_055.png,orig02062.png
084_fibrosis_161.png,orig02063.png
034_fibrosis_196.png,orig02064.png
195_fibrosis_241.png,orig02065.png
073_fibrosis_194.png,orig02066.png
139_fibrosis_067.png,orig02067.png
197_fibrosis_109.png,orig02068.png
134_fibrosis_208.png,orig02069.png
066_fibrosis_342.png,orig02070.png
200_fibrosis_127.png,orig02071.png
147_fibrosis_100.png,orig02072.png
068_fibrosis_168.png,orig02073.png
080_fibrosis_310.png,orig02074.png
139_fibrosis_086.png,orig02075.png
132_fibrosis_170.png,orig02076.png
127_fibrosis_134.png,orig02077.png
195_fibrosis_194.png,orig02078.png
072_fibrosis_192.png,orig02079.png
139_fibrosis_376.png,orig02080.png
138_fibrosis_134.png,orig02081.png
066_fibrosis_155.png,orig02082.png
139_fibrosis_221.png,orig02083.png
195_fibrosis_068.png,orig02084.png
139_fibrosis_134.png,orig02085.png
076_fibrosis_155.png,orig02086.png
141_fibrosis_186.png,orig02087.png
148_fibrosis_084.png,orig02088.png
073_fibrosis_100.png,orig02089.png
200_fibrosis_020.png,orig02090.png
135_fibrosis_213.png,orig02091.png
140_fibrosis_246.png,orig02092.png
137_fibrosis_266.png,orig02093.png
145_fibrosis_182.png,orig02094.png
201_fibrosis_069.png,orig02095.png
078_fibrosis_151.png,orig02096.png
195_fibrosis_141.png,orig02097.png
135_fibrosis_085.png,orig02098.png
192_fibrosis_126.png,orig02099.png
140_fibrosis_145.png,orig02100.png
195_fibrosis_152.png,orig02101.png
203_fibrosis_112.png,orig02102.png
128_fibrosis_267.png,orig02103.png
138_fibrosis_072.png,orig02104.png
137_fibrosis_157.png,orig02105.png
138_fibrosis_113.png,orig02106.png
197_fibrosis_181.png,orig02107.png
140_fibrosis_043.png,orig02108.png
132_fibrosis_238.png,orig02109.png
077_fibrosis_073.png,orig02110.png
129_fibrosis_273.png,orig02111.png
200_fibrosis_163.png,orig02112.png
140_fibrosis_199.png,orig02113.png
069_fibrosis_157.png,orig02114.png
073_fibrosis_329.png,orig02115.png
195_fibrosis_230.png,orig02116.png
129_fibrosis_185.png,orig02117.png
138_fibrosis_205.png,orig02118.png
074_fibrosis_081.png,orig02119.png
034_fibrosis_059.png,orig02120.png
068_fibrosis_185.png,orig02121.png
066_fibrosis_268.png,orig02122.png
201_fibrosis_136.png,orig02123.png
198_fibrosis_160.png,orig02124.png
192_fibrosis_128.png,orig02125.png
140_fibrosis_227.png,orig02126.png
139_fibrosis_089.png,orig02127.png
073_fibrosis_082.png,orig02128.png
072_fibrosis_107.png,orig02129.png
128_fibrosis_264.png,orig02130.png
146_fibrosis_062.png,orig02131.png
078_fibrosis_245.png,orig02132.png
203_fibrosis_085.png,orig02133.png
195_fibrosis_155.png,orig02134.png
148_fibrosis_198.png,orig02135.png
193_fibrosis_024.png,orig02136.png
141_fibrosis_057.png,orig02137.png
195_fibrosis_033.png,orig02138.png
066_fibrosis_064.png,orig02139.png
199_fibrosis_107.png,orig02140.png
200_fibrosis_051.png,orig02141.png
033_fibrosis_222.png,orig02142.png
033_fibrosis_331.png,orig02143.png
131_fibrosis_206.png,orig02144.png
066_fibrosis_154.png,orig02145.png
079_fibrosis_301.png,orig02146.png
081_fibrosis_306.png,orig02147.png
149_fibrosis_044.png,orig02148.png
082_fibrosis_307.png,orig02149.png
082_fibrosis_131.png,orig02150.png
066_fibrosis_270.png,orig02151.png
065_fibrosis_136.png,orig02152.png
194_fibrosis_061.png,orig02153.png
146_fibrosis_067.png,orig02154.png
146_fibrosis_112.png,orig02155.png
145_fibrosis_058.png,orig02156.png
075_fibrosis_284.png,orig02157.png
135_fibrosis_228.png,orig02158.png
199_fibrosis_075.png,orig02159.png
139_fibrosis_081.png,orig02160.png
066_fibrosis_058.png,orig02161.png
131_fibrosis_022.png,orig02162.png
134_fibrosis_040.png,orig02163.png
074_fibrosis_273.png,orig02164.png
136_fibrosis_066.png,orig02165.png
141_fibrosis_192.png,orig02166.png
149_fibrosis_107.png,orig02167.png
129_fibrosis_022.png,orig02168.png
074_fibrosis_164.png,orig02169.png
079_fibrosis_165.png,orig02170.png
065_fibrosis_058.png,orig02171.png
127_fibrosis_049.png,orig02172.png
075_fibrosis_154.png,orig02173.png
128_fibrosis_155.png,orig02174.png
074_fibrosis_178.png,orig02175.png
200_fibrosis_025.png,orig02176.png
145_fibrosis_214.png,orig02177.png
082_fibrosis_156.png,orig02178.png
143_fibrosis_033.png,orig02179.png
194_fibrosis_132.png,orig02180.png
194_fibrosis_063.png,orig02181.png
076_fibrosis_267.png,orig02182.png
127_fibrosis_245.png,orig02183.png
075_fibrosis_204.png,orig02184.png
071_fibrosis_200.png,orig02185.png
128_fibrosis_039.png,orig02186.png
149_fibrosis_126.png,orig02187.png
139_fibrosis_280.png,orig02188.png
069_fibrosis_097.png,orig02189.png
067_fibrosis_117.png,orig02190.png
068_fibrosis_193.png,orig02191.png
078_fibrosis_320.png,orig02192.png
127_fibrosis_109.png,orig02193.png
073_fibrosis_140.png,orig02194.png
135_fibrosis_023.png,orig02195.png
069_fibrosis_226.png,orig02196.png
146_fibrosis_025.png,orig02197.png
127_fibrosis_355.png,orig02198.png
065_fibrosis_137.png,orig02199.png
129_fibrosis_083.png,orig02200.png
195_fibrosis_111.png,orig02201.png
074_fibrosis_217.png,orig02202.png
195_fibrosis_321.png,orig02203.png
076_fibrosis_234.png,orig02204.png
074_fibrosis_182.png,orig02205.png
192_fibrosis_081.png,orig02206.png
072_fibrosis_174.png,orig02207.png
066_fibrosis_210.png,orig02208.png
066_fibrosis_322.png,orig02209.png
131_fibrosis_324.png,orig02210.png
072_fibrosis_281.png,orig02211.png
132_fibrosis_136.png,orig02212.png
141_fibrosis_139.png,orig02213.png
068_fibrosis_020.png,orig02214.png
131_fibrosis_314.png,orig02215.png
127_fibrosis_297.png,orig02216.png
143_fibrosis_179.png,orig02217.png
127_fibrosis_323.png,orig02218.png
138_fibrosis_052.png,orig02219.png
196_fibrosis_241.png,orig02220.png
131_fibrosis_084.png,orig02221.png
143_fibrosis_209.png,orig02222.png
082_fibrosis_287.png,orig02223.png
066_fibrosis_283.png,orig02224.png
131_fibrosis_099.png,orig02225.png
078_fibrosis_107.png,orig02226.png
197_fibrosis_055.png,orig02227.png
135_fibrosis_027.png,orig02228.png
140_fibrosis_139.png,orig02229.png
193_fibrosis_077.png,orig02230.png
145_fibrosis_186.png,orig02231.png
194_fibrosis_116.png,orig02232.png
138_fibrosis_249.png,orig02233.png
195_fibrosis_027.png,orig02234.png
134_fibrosis_266.png,orig02235.png
194_fibrosis_079.png,orig02236.png
077_fibrosis_108.png,orig02237.png
135_fibrosis_147.png,orig02238.png
128_fibrosis_043.png,orig02239.png
066_fibrosis_113.png,orig02240.png
084_fibrosis_256.png,orig02241.png
195_fibrosis_238.png,orig02242.png
082_fibrosis_263.png,orig02243.png
146_fibrosis_222.png,orig02244.png
127_fibrosis_314.png,orig02245.png
081_fibrosis_320.png,orig02246.png
131_fibrosis_283.png,orig02247.png
135_fibrosis_093.png,orig02248.png
078_fibrosis_222.png,orig02249.png
129_fibrosis_257.png,orig02250.png
076_fibrosis_089.png,orig02251.png
075_fibrosis_149.png,orig02252.png
033_fibrosis_134.png,orig02253.png
066_fibrosis_174.png,orig02254.png
134_fibrosis_136.png,orig02255.png
198_fibrosis_026.png,orig02256.png
071_fibrosis_098.png,orig02257.png
196_fibrosis_307.png,orig02258.png
195_fibrosis_297.png,orig02259.png
078_fibrosis_142.png,orig02260.png
080_fibrosis_298.png,orig02261.png
147_fibrosis_057.png,orig02262.png
131_fibrosis_065.png,orig02263.png
034_fibrosis_183.png,orig02264.png
065_fibrosis_104.png,orig02265.png
137_fibrosis_107.png,orig02266.png
149_fibrosis_212.png,orig02267.png
149_fibrosis_074.png,orig02268.png
147_fibrosis_194.png,orig02269.png
139_fibrosis_342.png,orig02270.png
147_fibrosis_183.png,orig02271.png
141_fibrosis_026.png,orig02272.png
203_fibrosis_131.png,orig02273.png
081_fibrosis_350.png,orig02274.png
077_fibrosis_228.png,orig02275.png
201_fibrosis_022.png,orig02276.png
194_fibrosis_099.png,orig02277.png
148_fibrosis_113.png,orig02278.png
137_fibrosis_138.png,orig02279.png
139_fibrosis_339.png,orig02280.png
131_fibrosis_150.png,orig02281.png
069_fibrosis_280.png,orig02282.png
148_fibrosis_174.png,orig02283.png
033_fibrosis_182.png,orig02284.png
195_fibrosis_135.png,orig02285.png
075_fibrosis_123.png,orig02286.png
147_fibrosis_103.png,orig02287.png
200_fibrosis_167.png,orig02288.png
137_fibrosis_304.png,orig02289.png
197_fibrosis_059.png,orig02290.png
131_fibrosis_078.png,orig02291.png
131_fibrosis_062.png,orig02292.png
033_fibrosis_252.png,orig02293.png
131_fibrosis_201.png,orig02294.png
139_fibrosis_310.png,orig02295.png
138_fibrosis_149.png,orig02296.png
149_fibrosis_270.png,orig02297.png
128_fibrosis_157.png,orig02298.png
197_fibrosis_229.png,orig02299.png
139_fibrosis_122.png,orig02300.png
077_fibrosis_217.png,orig02301.png
148_fibrosis_034.png,orig02302.png
033_fibrosis_144.png,orig02303.png
066_fibrosis_184.png,orig02304.png
127_fibrosis_034.png,orig02305.png
072_fibrosis_278.png,orig02306.png
201_fibrosis_172.png,orig02307.png
077_fibrosis_221.png,orig02308.png
075_fibrosis_072.png,orig02309.png
080_fibrosis_365.png,orig02310.png
079_fibrosis_078.png,orig02311.png
076_fibrosis_244.png,orig02312.png
139_fibrosis_273.png,orig02313.png
140_fibrosis_210.png,orig02314.png
138_fibrosis_118.png,orig02315.png
197_fibrosis_081.png,orig02316.png
080_fibrosis_387.png,orig02317.png
084_fibrosis_038.png,orig02318.png
127_fibrosis_340.png,orig02319.png
064_fibrosis_098.png,orig02320.png
135_fibrosis_078.png,orig02321.png
194_fibrosis_214.png,orig02322.png
075_fibrosis_259.png,orig02323.png
198_fibrosis_136.png,orig02324.png
065_fibrosis_038.png,orig02325.png
074_fibrosis_231.png,orig02326.png
127_fibrosis_394.png,orig02327.png
139_fibrosis_092.png,orig02328.png
034_fibrosis_070.png,orig02329.png
197_fibrosis_024.png,orig02330.png
197_fibrosis_052.png,orig02331.png
132_fibrosis_229.png,orig02332.png
139_fibrosis_222.png,orig02333.png
064_fibrosis_245.png,orig02334.png
127_fibrosis_321.png,orig02335.png
064_fibrosis_136.png,orig02336.png
067_fibrosis_170.png,orig02337.png
081_fibrosis_355.png,orig02338.png
127_fibrosis_184.png,orig02339.png
141_fibrosis_039.png,orig02340.png
148_fibrosis_117.png,orig02341.png
138_fibrosis_083.png,orig02342.png
072_fibrosis_251.png,orig02343.png
148_fibrosis_146.png,orig02344.png
131_fibrosis_109.png,orig02345.png
069_fibrosis_299.png,orig02346.png
076_fibrosis_122.png,orig02347.png
067_fibrosis_214.png,orig02348.png
149_fibrosis_154.png,orig02349.png
134_fibrosis_269.png,orig02350.png
143_fibrosis_159.png,orig02351.png
197_fibrosis_099.png,orig02352.png
067_fibrosis_243.png,orig02353.png
073_fibrosis_071.png,orig02354.png
071_fibrosis_202.png,orig02355.png
034_fibrosis_193.png,orig02356.png
076_fibrosis_095.png,orig02357.png
073_fibrosis_084.png,orig02358.png
075_fibrosis_068.png,orig02359.png
147_fibrosis_129.png,orig02360.png
080_fibrosis_388.png,orig02361.png
194_fibrosis_204.png,orig02362.png
082_fibrosis_080.png,orig02363.png
134_fibrosis_025.png,orig02364.png
127_fibrosis_128.png,orig02365.png
137_fibrosis_204.png,orig02366.png
143_fibrosis_035.png,orig02367.png
064_fibrosis_310.png,orig02368.png
131_fibrosis_088.png,orig02369.png
081_fibrosis_142.png,orig02370.png
065_fibrosis_133.png,orig02371.png
131_fibrosis_212.png,orig02372.png
199_fibrosis_056.png,orig02373.png
072_fibrosis_075.png,orig02374.png
138_fibrosis_156.png,orig02375.png
131_fibrosis_204.png,orig02376.png
069_fibrosis_263.png,orig02377.png
127_fibrosis_312.png,orig02378.png
200_fibrosis_178.png,orig02379.png
077_fibrosis_322.png,orig02380.png
139_fibrosis_255.png,orig02381.png
194_fibrosis_288.png,orig02382.png
193_fibrosis_080.png,orig02383.png
072_fibrosis_209.png,orig02384.png
138_fibrosis_030.png,orig02385.png
139_fibrosis_205.png,orig02386.png
194_fibrosis_201.png,orig02387.png
141_fibrosis_216.png,orig02388.png
072_fibrosis_158.png,orig02389.png
084_fibrosis_065.png,orig02390.png
069_fibrosis_173.png,orig02391.png
076_fibrosis_204.png,orig02392.png
197_fibrosis_146.png,orig02393.png
075_fibrosis_142.png,orig02394.png
074_fibrosis_155.png,orig02395.png
034_fibrosis_171.png,orig02396.png
139_fibrosis_282.png,orig02397.png
145_fibrosis_107.png,orig02398.png
137_fibrosis_281.png,orig02399.png
201_fibrosis_048.png,orig02400.png
201_fibrosis_182.png,orig02401.png
198_fibrosis_075.png,orig02402.png
140_fibrosis_173.png,orig02403.png
075_fibrosis_065.png,orig02404.png
132_fibrosis_185.png,orig02405.png
132_fibrosis_025.png,orig02406.png
066_fibrosis_192.png,orig02407.png
080_fibrosis_418.png,orig02408.png
138_fibrosis_022.png,orig02409.png
082_fibrosis_294.png,orig02410.png
134_fibrosis_183.png,orig02411.png
066_fibrosis_194.png,orig02412.png
140_fibrosis_151.png,orig02413.png
034_fibrosis_152.png,orig02414.png
197_fibrosis_110.png,orig02415.png
073_fibrosis_107.png,orig02416.png
127_fibrosis_267.png,orig02417.png
199_fibrosis_095.png,orig02418.png
134_fibrosis_230.png,orig02419.png
131_fibrosis_081.png,orig02420.png
149_fibrosis_224.png,orig02421.png
192_fibrosis_195.png,orig02422.png
195_fibrosis_298.png,orig02423.png
147_fibrosis_248.png,orig02424.png
140_fibrosis_186.png,orig02425.png
195_fibrosis_080.png,orig02426.png
080_fibrosis_296.png,orig02427.png
196_fibrosis_181.png,orig02428.png
134_fibrosis_127.png,orig02429.png
135_fibrosis_174.png,orig02430.png
198_fibrosis_048.png,orig02431.png
145_fibrosis_128.png,orig02432.png
137_fibrosis_094.png,orig02433.png
129_fibrosis_258.png,orig02434.png
078_fibrosis_085.png,orig02435.png
078_fibrosis_215.png,orig02436.png
127_fibrosis_076.png,orig02437.png
137_fibrosis_051.png,orig02438.png
140_fibrosis_063.png,orig02439.png
079_fibrosis_256.png,orig02440.png
128_fibrosis_269.png,orig02441.png
137_fibrosis_249.png,orig02442.png
135_fibrosis_109.png,orig02443.png
072_fibrosis_136.png,orig02444.png
078_fibrosis_169.png,orig02445.png
034_fibrosis_081.png,orig02446.png
074_fibrosis_245.png,orig02447.png
143_fibrosis_199.png,orig02448.png
139_fibrosis_147.png,orig02449.png
076_fibrosis_032.png,orig02450.png
135_fibrosis_151.png,orig02451.png
127_fibrosis_123.png,orig02452.png
064_fibrosis_276.png,orig02453.png
192_fibrosis_216.png,orig02454.png
139_fibrosis_162.png,orig02455.png
145_fibrosis_114.png,orig02456.png
145_fibrosis_031.png,orig02457.png
132_fibrosis_120.png,orig02458.png
084_fibrosis_207.png,orig02459.png
197_fibrosis_149.png,orig02460.png
145_fibrosis_103.png,orig02461.png
033_fibrosis_272.png,orig02462.png
140_fibrosis_167.png,orig02463.png
075_fibrosis_127.png,orig02464.png
199_fibrosis_059.png,orig02465.png
073_fibrosis_283.png,orig02466.png
147_fibrosis_111.png,orig02467.png
078_fibrosis_155.png,orig02468.png
146_fibrosis_120.png,orig02469.png
127_fibrosis_238.png,orig02470.png
066_fibrosis_144.png,orig02471.png
067_fibrosis_198.png,orig02472.png
143_fibrosis_214.png,orig02473.png
076_fibrosis_148.png,orig02474.png
192_fibrosis_110.png,orig02475.png
034_fibrosis_220.png,orig02476.png
149_fibrosis_239.png,orig02477.png
033_fibrosis_271.png,orig02478.png
195_fibrosis_174.png,orig02479.png
148_fibrosis_154.png,orig02480.png
148_fibrosis_257.png,orig02481.png
071_fibrosis_057.png,orig02482.png
033_fibrosis_213.png,orig02483.png
127_fibrosis_037.png,orig02484.png
072_fibrosis_183.png,orig02485.png
134_fibrosis_175.png,orig02486.png
078_fibrosis_127.png,orig02487.png
068_fibrosis_042.png,orig02488.png
077_fibrosis_209.png,orig02489.png
141_fibrosis_128.png,orig02490.png
129_fibrosis_074.png,orig02491.png
069_fibrosis_309.png,orig02492.png
084_fibrosis_278.png,orig02493.png
136_fibrosis_039.png,orig02494.png
137_fibrosis_127.png,orig02495.png
139_fibrosis_049.png,orig02496.png
131_fibrosis_048.png,orig02497.png
201_fibrosis_129.png,orig02498.png
131_fibrosis_269.png,orig02499.png
140_fibrosis_209.png,orig02500.png
149_fibrosis_320.png,orig02501.png
076_fibrosis_256.png,orig02502.png
068_fibrosis_257.png,orig02503.png
068_fibrosis_159.png,orig02504.png
082_fibrosis_067.png,orig02505.png
141_fibrosis_085.png,orig02506.png
079_fibrosis_044.png,orig02507.png
194_fibrosis_026.png,orig02508.png
135_fibrosis_129.png,orig02509.png
034_fibrosis_186.png,orig02510.png
195_fibrosis_189.png,orig02511.png
082_fibrosis_231.png,orig02512.png
127_fibrosis_045.png,orig02513.png
139_fibrosis_157.png,orig02514.png
064_fibrosis_248.png,orig02515.png
065_fibrosis_119.png,orig02516.png
127_fibrosis_169.png,orig02517.png
073_fibrosis_185.png,orig02518.png
071_fibrosis_161.png,orig02519.png
131_fibrosis_066.png,orig02520.png
074_fibrosis_272.png,orig02521.png
140_fibrosis_091.png,orig02522.png
195_fibrosis_109.png,orig02523.png
082_fibrosis_279.png,orig02524.png
082_fibrosis_109.png,orig02525.png
033_fibrosis_235.png,orig02526.png
075_fibrosis_229.png,orig02527.png
131_fibrosis_163.png,orig02528.png
080_fibrosis_220.png,orig02529.png
140_fibrosis_196.png,orig02530.png
136_fibrosis_159.png,orig02531.png
082_fibrosis_187.png,orig02532.png
134_fibrosis_053.png,orig02533.png
139_fibrosis_123.png,orig02534.png
135_fibrosis_115.png,orig02535.png
128_fibrosis_279.png,orig02536.png
075_fibrosis_248.png,orig02537.png
080_fibrosis_294.png,orig02538.png
066_fibrosis_031.png,orig02539.png
079_fibrosis_206.png,orig02540.png
195_fibrosis_231.png,orig02541.png
135_fibrosis_240.png,orig02542.png
135_fibrosis_122.png,orig02543.png
139_fibrosis_154.png,orig02544.png
200_fibrosis_148.png,orig02545.png
143_fibrosis_151.png,orig02546.png
193_fibrosis_143.png,orig02547.png
136_fibrosis_184.png,orig02548.png
084_fibrosis_150.png,orig02549.png
129_fibrosis_231.png,orig02550.png
077_fibrosis_201.png,orig02551.png
194_fibrosis_173.png,orig02552.png
139_fibrosis_375.png,orig02553.png
192_fibrosis_164.png,orig02554.png
081_fibrosis_341.png,orig02555.png
077_fibrosis_251.png,orig02556.png
033_fibrosis_053.png,orig02557.png
140_fibrosis_125.png,orig02558.png
073_fibrosis_220.png,orig02559.png
066_fibrosis_119.png,orig02560.png
081_fibrosis_146.png,orig02561.png
064_fibrosis_171.png,orig02562.png
084_fibrosis_139.png,orig02563.png
145_fibrosis_169.png,orig02564.png
149_fibrosis_237.png,orig02565.png
140_fibrosis_026.png,orig02566.png
073_fibrosis_098.png,orig02567.png
201_fibrosis_021.png,orig02568.png
068_fibrosis_112.png,orig02569.png
195_fibrosis_219.png,orig02570.png
140_fibrosis_044.png,orig02571.png
068_fibrosis_104.png,orig02572.png
193_fibrosis_147.png,orig02573.png
033_fibrosis_324.png,orig02574.png
197_fibrosis_200.png,orig02575.png
136_fibrosis_134.png,orig02576.png
074_fibrosis_263.png,orig02577.png
068_fibrosis_097.png,orig02578.png
128_fibrosis_167.png,orig02579.png
067_fibrosis_201.png,orig02580.png
138_fibrosis_244.png,orig02581.png
074_fibrosis_184.png,orig02582.png
077_fibrosis_243.png,orig02583.png
066_fibrosis_193.png,orig02584.png
075_fibrosis_146.png,orig02585.png
072_fibrosis_025.png,orig02586.png
080_fibrosis_301.png,orig02587.png
069_fibrosis_145.png,orig02588.png
197_fibrosis_196.png,orig02589.png
075_fibrosis_189.png,orig02590.png
075_fibrosis_170.png,orig02591.png
077_fibrosis_248.png,orig02592.png
078_fibrosis_318.png,orig02593.png
033_fibrosis_248.png,orig02594.png
084_fibrosis_135.png,orig02595.png
073_fibrosis_161.png,orig02596.png
135_fibrosis_193.png,orig02597.png
134_fibrosis_144.png,orig02598.png
193_fibrosis_090.png,orig02599.png
081_fibrosis_094.png,orig02600.png
141_fibrosis_087.png,orig02601.png
073_fibrosis_106.png,orig02602.png
195_fibrosis_310.png,orig02603.png
192_fibrosis_200.png,orig02604.png
129_fibrosis_107.png,orig02605.png
148_fibrosis_255.png,orig02606.png
066_fibrosis_162.png,orig02607.png
146_fibrosis_264.png,orig02608.png
071_fibrosis_132.png,orig02609.png
079_fibrosis_149.png,orig02610.png
127_fibrosis_301.png,orig02611.png
194_fibrosis_102.png,orig02612.png
071_fibrosis_125.png,orig02613.png
195_fibrosis_072.png,orig02614.png
068_fibrosis_167.png,orig02615.png
074_fibrosis_117.png,orig02616.png
071_fibrosis_209.png,orig02617.png
147_fibrosis_162.png,orig02618.png
200_fibrosis_166.png,orig02619.png
148_fibrosis_048.png,orig02620.png
132_fibrosis_029.png,orig02621.png
145_fibrosis_124.png,orig02622.png
192_fibrosis_280.png,orig02623.png
148_fibrosis_206.png,orig02624.png
135_fibrosis_031.png,orig02625.png
140_fibrosis_211.png,orig02626.png
068_fibrosis_099.png,orig02627.png
195_fibrosis_314.png,orig02628.png
147_fibrosis_082.png,orig02629.png
199_fibrosis_116.png,orig02630.png
033_fibrosis_214.png,orig02631.png
075_fibrosis_310.png,orig02632.png
140_fibrosis_185.png,orig02633.png
072_fibrosis_264.png,orig02634.png
136_fibrosis_051.png,orig02635.png
077_fibrosis_148.png,orig02636.png
074_fibrosis_297.png,orig02637.png
081_fibrosis_258.png,orig02638.png
127_fibrosis_102.png,orig02639.png
067_fibrosis_228.png,orig02640.png
139_fibrosis_050.png,orig02641.png
132_fibrosis_104.png,orig02642.png
139_fibrosis_338.png,orig02643.png
071_fibrosis_253.png,orig02644.png
066_fibrosis_330.png,orig02645.png
065_fibrosis_082.png,orig02646.png
192_fibrosis_082.png,orig02647.png
033_fibrosis_197.png,orig02648.png
064_fibrosis_253.png,orig02649.png
076_fibrosis_083.png,orig02650.png
084_fibrosis_184.png,orig02651.png
131_fibrosis_146.png,orig02652.png
201_fibrosis_157.png,orig02653.png
147_fibrosis_243.png,orig02654.png
071_fibrosis_153.png,orig02655.png
196_fibrosis_169.png,orig02656.png
127_fibrosis_317.png,orig02657.png
078_fibrosis_243.png,orig02658.png
196_fibrosis_293.png,orig02659.png
200_fibrosis_089.png,orig02660.png
201_fibrosis_163.png,orig02661.png
139_fibrosis_082.png,orig02662.png
200_fibrosis_087.png,orig02663.png
137_fibrosis_030.png,orig02664.png
073_fibrosis_092.png,orig02665.png
079_fibrosis_176.png,orig02666.png
143_fibrosis_122.png,orig02667.png
197_fibrosis_151.png,orig02668.png
137_fibrosis_215.png,orig02669.png
068_fibrosis_140.png,orig02670.png
068_fibrosis_084.png,orig02671.png
194_fibrosis_217.png,orig02672.png
131_fibrosis_064.png,orig02673.png
067_fibrosis_167.png,orig02674.png
139_fibrosis_160.png,orig02675.png
075_fibrosis_061.png,orig02676.png
197_fibrosis_150.png,orig02677.png
129_fibrosis_123.png,orig02678.png
084_fibrosis_082.png,orig02679.png
131_fibrosis_112.png,orig02680.png
127_fibrosis_167.png,orig02681.png
069_fibrosis_067.png,orig02682.png
074_fibrosis_310.png,orig02683.png
139_fibrosis_294.png,orig02684.png
127_fibrosis_038.png,orig02685.png
134_fibrosis_082.png,orig02686.png
129_fibrosis_260.png,orig02687.png
194_fibrosis_168.png,orig02688.png
146_fibrosis_201.png,orig02689.png
147_fibrosis_051.png,orig02690.png
143_fibrosis_093.png,orig02691.png
196_fibrosis_167.png,orig02692.png
131_fibrosis_141.png,orig02693.png
135_fibrosis_212.png,orig02694.png
143_fibrosis_102.png,orig02695.png
140_fibrosis_109.png,orig02696.png
074_fibrosis_115.png,orig02697.png
077_fibrosis_337.png,orig02698.png
147_fibrosis_120.png,orig02699.png
034_fibrosis_340.png,orig02700.png
149_fibrosis_227.png,orig02701.png
195_fibrosis_178.png,orig02702.png
193_fibrosis_141.png,orig02703.png
131_fibrosis_173.png,orig02704.png
143_fibrosis_094.png,orig02705.png
200_fibrosis_147.png,orig02706.png
149_fibrosis_132.png,orig02707.png
129_fibrosis_246.png,orig02708.png
149_fibrosis_093.png,orig02709.png
193_fibrosis_128.png,orig02710.png
129_fibrosis_119.png,orig02711.png
076_fibrosis_147.png,orig02712.png
138_fibrosis_128.png,orig02713.png
084_fibrosis_294.png,orig02714.png
071_fibrosis_239.png,orig02715.png
141_fibrosis_074.png,orig02716.png
069_fibrosis_188.png,orig02717.png
195_fibrosis_065.png,orig02718.png
069_fibrosis_123.png,orig02719.png
196_fibrosis_052.png,orig02720.png
140_fibrosis_222.png,orig02721.png
127_fibrosis_289.png,orig02722.png
147_fibrosis_204.png,orig02723.png
134_fibrosis_098.png,orig02724.png
073_fibrosis_239.png,orig02725.png
132_fibrosis_149.png,orig02726.png
131_fibrosis_164.png,orig02727.png
076_fibrosis_216.png,orig02728.png
200_fibrosis_184.png,orig02729.png
076_fibrosis_246.png,orig02730.png
073_fibrosis_316.png,orig02731.png
139_fibrosis_058.png,orig02732.png
137_fibrosis_113.png,orig02733.png
143_fibrosis_192.png,orig02734.png
139_fibrosis_306.png,orig02735.png
084_fibrosis_196.png,orig02736.png
137_fibrosis_105.png,orig02737.png
064_fibrosis_240.png,orig02738.png
132_fibrosis_201.png,orig02739.png
203_fibrosis_154.png,orig02740.png
192_fibrosis_185.png,orig02741.png
149_fibrosis_201.png,orig02742.png
141_fibrosis_146.png,orig02743.png
065_fibrosis_039.png,orig02744.png
141_fibrosis_189.png,orig02745.png
071_fibrosis_224.png,orig02746.png
077_fibrosis_352.png,orig02747.png
147_fibrosis_121.png,orig02748.png
128_fibrosis_054.png,orig02749.png
077_fibrosis_180.png,orig02750.png
076_fibrosis_048.png,orig02751.png
146_fibrosis_231.png,orig02752.png
132_fibrosis_178.png,orig02753.png
067_fibrosis_187.png,orig02754.png
073_fibrosis_317.png,orig02755.png
136_fibrosis_216.png,orig02756.png
136_fibrosis_205.png,orig02757.png
064_fibrosis_087.png,orig02758.png
128_fibrosis_056.png,orig02759.png
071_fibrosis_068.png,orig02760.png
134_fibrosis_038.png,orig02761.png
138_fibrosis_214.png,orig02762.png
139_fibrosis_202.png,orig02763.png
137_fibrosis_106.png,orig02764.png
075_fibrosis_027.png,orig02765.png
072_fibrosis_102.png,orig02766.png
127_fibrosis_304.png,orig02767.png
131_fibrosis_261.png,orig02768.png
069_fibrosis_312.png,orig02769.png
145_fibrosis_079.png,orig02770.png
071_fibrosis_251.png,orig02771.png
139_fibrosis_231.png,orig02772.png
197_fibrosis_190.png,orig02773.png
079_fibrosis_221.png,orig02774.png
196_fibrosis_109.png,orig02775.png
136_fibrosis_226.png,orig02776.png
129_fibrosis_189.png,orig02777.png
081_fibrosis_134.png,orig02778.png
080_fibrosis_234.png,orig02779.png
078_fibrosis_195.png,orig02780.png
140_fibrosis_148.png,orig02781.png
148_fibrosis_207.png,orig02782.png
140_fibrosis_168.png,orig02783.png
147_fibrosis_259.png,orig02784.png
143_fibrosis_091.png,orig02785.png
141_fibrosis_067.png,orig02786.png
129_fibrosis_089.png,orig02787.png
066_fibrosis_344.png,orig02788.png
134_fibrosis_056.png,orig02789.png
143_fibrosis_136.png,orig02790.png
134_fibrosis_139.png,orig02791.png
149_fibrosis_206.png,orig02792.png
134_fibrosis_049.png,orig02793.png
131_fibrosis_299.png,orig02794.png
197_fibrosis_085.png,orig02795.png
069_fibrosis_231.png,orig02796.png
081_fibrosis_295.png,orig02797.png
194_fibrosis_268.png,orig02798.png
141_fibrosis_245.png,orig02799.png
075_fibrosis_073.png,orig02800.png
081_fibrosis_300.png,orig02801.png
082_fibrosis_169.png,orig02802.png
132_fibrosis_211.png,orig02803.png
076_fibrosis_187.png,orig02804.png
194_fibrosis_052.png,orig02805.png
139_fibrosis_164.png,orig02806.png
136_fibrosis_069.png,orig02807.png
198_fibrosis_122.png,orig02808.png
195_fibrosis_293.png,orig02809.png
131_fibrosis_142.png,orig02810.png
196_fibrosis_119.png,orig02811.png
134_fibrosis_080.png,orig02812.png
067_fibrosis_240.png,orig02813.png
146_fibrosis_082.png,orig02814.png
199_fibrosis_039.png,orig02815.png
076_fibrosis_220.png,orig02816.png
075_fibrosis_067.png,orig02817.png
195_fibrosis_087.png,orig02818.png
132_fibrosis_250.png,orig02819.png
132_fibrosis_113.png,orig02820.png
072_fibrosis_258.png,orig02821.png
139_fibrosis_115.png,orig02822.png
067_fibrosis_213.png,orig02823.png
196_fibrosis_122.png,orig02824.png
137_fibrosis_248.png,orig02825.png
138_fibrosis_141.png,orig02826.png
196_fibrosis_095.png,orig02827.png
199_fibrosis_057.png,orig02828.png
065_fibrosis_123.png,orig02829.png
196_fibrosis_309.png,orig02830.png
127_fibrosis_284.png,orig02831.png
128_fibrosis_034.png,orig02832.png
143_fibrosis_144.png,orig02833.png
131_fibrosis_107.png,orig02834.png
067_fibrosis_050.png,orig02835.png
067_fibrosis_078.png,orig02836.png
064_fibrosis_313.png,orig02837.png
201_fibrosis_194.png,orig02838.png
136_fibrosis_093.png,orig02839.png
077_fibrosis_048.png,orig02840.png
127_fibrosis_298.png,orig02841.png
073_fibrosis_241.png,orig02842.png
199_fibrosis_109.png,orig02843.png
071_fibrosis_095.png,orig02844.png
082_fibrosis_210.png,orig02845.png
138_fibrosis_067.png,orig02846.png
071_fibrosis_241.png,orig02847.png
084_fibrosis_266.png,orig02848.png
146_fibrosis_259.png,orig02849.png
198_fibrosis_052.png,orig02850.png
199_fibrosis_131.png,orig02851.png
075_fibrosis_168.png,orig02852.png
065_fibrosis_066.png,orig02853.png
140_fibrosis_195.png,orig02854.png
139_fibrosis_232.png,orig02855.png
073_fibrosis_330.png,orig02856.png
081_fibrosis_191.png,orig02857.png
193_fibrosis_075.png,orig02858.png
129_fibrosis_228.png,orig02859.png
196_fibrosis_191.png,orig02860.png
127_fibrosis_207.png,orig02861.png
131_fibrosis_259.png,orig02862.png
196_fibrosis_153.png,orig02863.png
194_fibrosis_243.png,orig02864.png
078_fibrosis_233.png,orig02865.png
197_fibrosis_242.png,orig02866.png
146_fibrosis_035.png,orig02867.png
132_fibrosis_085.png,orig02868.png
071_fibrosis_243.png,orig02869.png
201_fibrosis_126.png,orig02870.png
066_fibrosis_111.png,orig02871.png
077_fibrosis_063.png,orig02872.png
127_fibrosis_120.png,orig02873.png
066_fibrosis_218.png,orig02874.png
137_fibrosis_102.png,orig02875.png
141_fibrosis_062.png,orig02876.png
128_fibrosis_116.png,orig02877.png
076_fibrosis_254.png,orig02878.png
145_fibrosis_188.png,orig02879.png
075_fibrosis_197.png,orig02880.png
127_fibrosis_029.png,orig02881.png
066_fibrosis_314.png,orig02882.png
082_fibrosis_153.png,orig02883.png
073_fibrosis_306.png,orig02884.png
072_fibrosis_065.png,orig02885.png
196_fibrosis_058.png,orig02886.png
075_fibrosis_295.png,orig02887.png
079_fibrosis_157.png,orig02888.png
143_fibrosis_121.png,orig02889.png
132_fibrosis_071.png,orig02890.png
137_fibrosis_052.png,orig02891.png
077_fibrosis_103.png,orig02892.png
198_fibrosis_129.png,orig02893.png
192_fibrosis_215.png,orig02894.png
146_fibrosis_221.png,orig02895.png
033_fibrosis_326.png,orig02896.png
084_fibrosis_185.png,orig02897.png
078_fibrosis_057.png,orig02898.png
132_fibrosis_108.png,orig02899.png
127_fibrosis_132.png,orig02900.png
128_fibrosis_030.png,orig02901.png
195_fibrosis_069.png,orig02902.png
075_fibrosis_282.png,orig02903.png
068_fibrosis_089.png,orig02904.png
074_fibrosis_068.png,orig02905.png
148_fibrosis_189.png,orig02906.png
143_fibrosis_040.png,orig02907.png
076_fibrosis_114.png,orig02908.png
033_fibrosis_039.png,orig02909.png
149_fibrosis_143.png,orig02910.png
081_fibrosis_159.png,orig02911.png
134_fibrosis_075.png,orig02912.png
075_fibrosis_053.png,orig02913.png
076_fibrosis_115.png,orig02914.png
137_fibrosis_103.png,orig02915.png
078_fibrosis_031.png,orig02916.png
128_fibrosis_261.png,orig02917.png
135_fibrosis_036.png,orig02918.png
201_fibrosis_117.png,orig02919.png
077_fibrosis_044.png,orig02920.png
196_fibrosis_076.png,orig02921.png
128_fibrosis_128.png,orig02922.png
146_fibrosis_189.png,orig02923.png
079_fibrosis_229.png,orig02924.png
198_fibrosis_143.png,orig02925.png
196_fibrosis_296.png,orig02926.png
148_fibrosis_022.png,orig02927.png
131_fibrosis_210.png,orig02928.png
071_fibrosis_199.png,orig02929.png
079_fibrosis_242.png,orig02930.png
080_fibrosis_321.png,orig02931.png
134_fibrosis_190.png,orig02932.png
072_fibrosis_216.png,orig02933.png
127_fibrosis_091.png,orig02934.png
147_fibrosis_278.png,orig02935.png
138_fibrosis_151.png,orig02936.png
075_fibrosis_107.png,orig02937.png
200_fibrosis_038.png,orig02938.png
072_fibrosis_275.png,orig02939.png
084_fibrosis_288.png,orig02940.png
136_fibrosis_170.png,orig02941.png
134_fibrosis_027.png,orig02942.png
074_fibrosis_294.png,orig02943.png
134_fibrosis_227.png,orig02944.png
148_fibrosis_180.png,orig02945.png
129_fibrosis_192.png,orig02946.png
146_fibrosis_102.png,orig02947.png
073_fibrosis_272.png,orig02948.png
074_fibrosis_301.png,orig02949.png
067_fibrosis_127.png,orig02950.png
139_fibrosis_191.png,orig02951.png
135_fibrosis_259.png,orig02952.png
131_fibrosis_308.png,orig02953.png
148_fibrosis_090.png,orig02954.png
145_fibrosis_165.png,orig02955.png
071_fibrosis_023.png,orig02956.png
082_fibrosis_139.png,orig02957.png
127_fibrosis_366.png,orig02958.png
138_fibrosis_255.png,orig02959.png
066_fibrosis_079.png,orig02960.png
196_fibrosis_298.png,orig02961.png
034_fibrosis_159.png,orig02962.png
128_fibrosis_141.png,orig02963.png
072_fibrosis_272.png,orig02964.png
192_fibrosis_030.png,orig02965.png
034_fibrosis_320.png,orig02966.png
139_fibrosis_024.png,orig02967.png
128_fibrosis_154.png,orig02968.png
140_fibrosis_081.png,orig02969.png
065_fibrosis_029.png,orig02970.png
147_fibrosis_143.png,orig02971.png
069_fibrosis_101.png,orig02972.png
135_fibrosis_226.png,orig02973.png
147_fibrosis_254.png,orig02974.png
069_fibrosis_150.png,orig02975.png
139_fibrosis_353.png,orig02976.png
141_fibrosis_020.png,orig02977.png
138_fibrosis_245.png,orig02978.png
071_fibrosis_183.png,orig02979.png
135_fibrosis_024.png,orig02980.png
134_fibrosis_055.png,orig02981.png
082_fibrosis_218.png,orig02982.png
135_fibrosis_133.png,orig02983.png
064_fibrosis_208.png,orig02984.png
140_fibrosis_074.png,orig02985.png
074_fibrosis_110.png,orig02986.png
196_fibrosis_146.png,orig02987.png
196_fibrosis_060.png,orig02988.png
076_fibrosis_158.png,orig02989.png
127_fibrosis_180.png,orig02990.png
066_fibrosis_076.png,orig02991.png
127_fibrosis_359.png,orig02992.png
075_fibrosis_063.png,orig02993.png
201_fibrosis_217.png,orig02994.png
075_fibrosis_128.png,orig02995.png
067_fibrosis_164.png,orig02996.png
071_fibrosis_249.png,orig02997.png
141_fibrosis_187.png,orig02998.png
135_fibrosis_102.png,orig02999.png
067_fibrosis_203.png,orig03000.png
128_fibrosis_153.png,orig03001.png
195_fibrosis_076.png,orig03002.png
084_fibrosis_055.png,orig03003.png
146_fibrosis_099.png,orig03004.png
067_fibrosis_179.png,orig03005.png
069_fibrosis_275.png,orig03006.png
077_fibrosis_166.png,orig03007.png
033_fibrosis_277.png,orig03008.png
079_fibrosis_302.png,orig03009.png
077_fibrosis_150.png,orig03010.png
134_fibrosis_176.png,orig03011.png
077_fibrosis_325.png,orig03012.png
129_fibrosis_090.png,orig03013.png
076_fibrosis_079.png,orig03014.png
068_fibrosis_141.png,orig03015.png
076_fibrosis_236.png,orig03016.png
134_fibrosis_022.png,orig03017.png
076_fibrosis_214.png,orig03018.png
134_fibrosis_185.png,orig03019.png
066_fibrosis_133.png,orig03020.png
195_fibrosis_324.png,orig03021.png
128_fibrosis_268.png,orig03022.png
072_fibrosis_170.png,orig03023.png
064_fibrosis_144.png,orig03024.png
076_fibrosis_075.png,orig03025.png
197_fibrosis_254.png,orig03026.png
066_fibrosis_038.png,orig03027.png
068_fibrosis_285.png,orig03028.png
131_fibrosis_153.png,orig03029.png
064_fibrosis_336.png,orig03030.png
132_fibrosis_156.png,orig03031.png
140_fibrosis_230.png,orig03032.png
066_fibrosis_318.png,orig03033.png
073_fibrosis_264.png,orig03034.png
076_fibrosis_250.png,orig03035.png
198_fibrosis_128.png,orig03036.png
033_fibrosis_278.png,orig03037.png
194_fibrosis_265.png,orig03038.png
136_fibrosis_172.png,orig03039.png
078_fibrosis_042.png,orig03040.png
084_fibrosis_203.png,orig03041.png
148_fibrosis_106.png,orig03042.png
069_fibrosis_179.png,orig03043.png
074_fibrosis_227.png,orig03044.png
131_fibrosis_311.png,orig03045.png
033_fibrosis_227.png,orig03046.png
073_fibrosis_228.png,orig03047.png
066_fibrosis_089.png,orig03048.png
082_fibrosis_221.png,orig03049.png
066_fibrosis_235.png,orig03050.png
192_fibrosis_247.png,orig03051.png
071_fibrosis_108.png,orig03052.png
075_fibrosis_111.png,orig03053.png
064_fibrosis_100.png,orig03054.png
138_fibrosis_203.png,orig03055.png
141_fibrosis_268.png,orig03056.png
064_fibrosis_025.png,orig03057.png
065_fibrosis_107.png,orig03058.png
034_fibrosis_290.png,orig03059.png
078_fibrosis_089.png,orig03060.png
128_fibrosis_051.png,orig03061.png
073_fibrosis_310.png,orig03062.png
199_fibrosis_033.png,orig03063.png
068_fibrosis_201.png,orig03064.png
145_fibrosis_042.png,orig03065.png
198_fibrosis_201.png,orig03066.png
128_fibrosis_168.png,orig03067.png
128_fibrosis_123.png,orig03068.png
146_fibrosis_170.png,orig03069.png
084_fibrosis_067.png,orig03070.png
135_fibrosis_202.png,orig03071.png
143_fibrosis_172.png,orig03072.png
139_fibrosis_333.png,orig03073.png
146_fibrosis_210.png,orig03074.png
192_fibrosis_052.png,orig03075.png
147_fibrosis_085.png,orig03076.png
137_fibrosis_225.png,orig03077.png
134_fibrosis_216.png,orig03078.png
069_fibrosis_255.png,orig03079.png
131_fibrosis_030.png,orig03080.png
138_fibrosis_140.png,orig03081.png
033_fibrosis_243.png,orig03082.png
064_fibrosis_189.png,orig03083.png
068_fibrosis_147.png,orig03084.png
201_fibrosis_066.png,orig03085.png
066_fibrosis_132.png,orig03086.png
064_fibrosis_178.png,orig03087.png
149_fibrosis_124.png,orig03088.png
067_fibrosis_157.png,orig03089.png
132_fibrosis_269.png,orig03090.png
074_fibrosis_306.png,orig03091.png
131_fibrosis_138.png,orig03092.png
071_fibrosis_030.png,orig03093.png
076_fibrosis_215.png,orig03094.png
075_fibrosis_214.png,orig03095.png
132_fibrosis_244.png,orig03096.png
128_fibrosis_148.png,orig03097.png
134_fibrosis_078.png,orig03098.png
137_fibrosis_161.png,orig03099.png
148_fibrosis_205.png,orig03100.png
197_fibrosis_233.png,orig03101.png
073_fibrosis_229.png,orig03102.png
082_fibrosis_262.png,orig03103.png
135_fibrosis_041.png,orig03104.png
196_fibrosis_237.png,orig03105.png
132_fibrosis_092.png,orig03106.png
139_fibrosis_046.png,orig03107.png
196_fibrosis_286.png,orig03108.png
075_fibrosis_233.png,orig03109.png
073_fibrosis_173.png,orig03110.png
135_fibrosis_231.png,orig03111.png
074_fibrosis_321.png,orig03112.png
065_fibrosis_034.png,orig03113.png
129_fibrosis_065.png,orig03114.png
129_fibrosis_285.png,orig03115.png
081_fibrosis_125.png,orig03116.png
034_fibrosis_034.png,orig03117.png
136_fibrosis_154.png,orig03118.png
131_fibrosis_229.png,orig03119.png
127_fibrosis_108.png,orig03120.png
197_fibrosis_106.png,orig03121.png
069_fibrosis_182.png,orig03122.png
078_fibrosis_143.png,orig03123.png
200_fibrosis_032.png,orig03124.png
193_fibrosis_020.png,orig03125.png
067_fibrosis_197.png,orig03126.png
139_fibrosis_238.png,orig03127.png
080_fibrosis_389.png,orig03128.png
066_fibrosis_211.png,orig03129.png
145_fibrosis_049.png,orig03130.png
141_fibrosis_083.png,orig03131.png
127_fibrosis_055.png,orig03132.png
138_fibrosis_029.png,orig03133.png
146_fibrosis_090.png,orig03134.png
072_fibrosis_049.png,orig03135.png
195_fibrosis_294.png,orig03136.png
078_fibrosis_166.png,orig03137.png
082_fibrosis_163.png,orig03138.png
196_fibrosis_292.png,orig03139.png
034_fibrosis_117.png,orig03140.png
139_fibrosis_073.png,orig03141.png
193_fibrosis_114.png,orig03142.png
192_fibrosis_047.png,orig03143.png
077_fibrosis_172.png,orig03144.png
195_fibrosis_180.png,orig03145.png
034_fibrosis_104.png,orig03146.png
203_fibrosis_120.png,orig03147.png
148_fibrosis_100.png,orig03148.png
080_fibrosis_338.png,orig03149.png
149_fibrosis_070.png,orig03150.png
140_fibrosis_158.png,orig03151.png
198_fibrosis_058.png,orig03152.png
129_fibrosis_263.png,orig03153.png
078_fibrosis_079.png,orig03154.png
140_fibrosis_203.png,orig03155.png
192_fibrosis_227.png,orig03156.png
135_fibrosis_103.png,orig03157.png
033_fibrosis_180.png,orig03158.png
200_fibrosis_067.png,orig03159.png
203_fibrosis_104.png,orig03160.png
135_fibrosis_176.png,orig03161.png
147_fibrosis_296.png,orig03162.png
201_fibrosis_027.png,orig03163.png
074_fibrosis_202.png,orig03164.png
082_fibrosis_066.png,orig03165.png
079_fibrosis_119.png,orig03166.png
194_fibrosis_023.png,orig03167.png
080_fibrosis_358.png,orig03168.png
131_fibrosis_280.png,orig03169.png
136_fibrosis_167.png,orig03170.png
145_fibrosis_021.png,orig03171.png
195_fibrosis_307.png,orig03172.png
147_fibrosis_207.png,orig03173.png
138_fibrosis_097.png,orig03174.png
134_fibrosis_149.png,orig03175.png
193_fibrosis_044.png,orig03176.png
067_fibrosis_250.png,orig03177.png
075_fibrosis_301.png,orig03178.png
128_fibrosis_195.png,orig03179.png
200_fibrosis_021.png,orig03180.png
077_fibrosis_142.png,orig03181.png
071_fibrosis_020.png,orig03182.png
145_fibrosis_211.png,orig03183.png
081_fibrosis_344.png,orig03184.png
194_fibrosis_123.png,orig03185.png
034_fibrosis_074.png,orig03186.png
065_fibrosis_095.png,orig03187.png
075_fibrosis_274.png,orig03188.png
127_fibrosis_064.png,orig03189.png
067_fibrosis_116.png,orig03190.png
148_fibrosis_095.png,orig03191.png
080_fibrosis_350.png,orig03192.png
069_fibrosis_172.png,orig03193.png
147_fibrosis_070.png,orig03194.png
129_fibrosis_104.png,orig03195.png
148_fibrosis_149.png,orig03196.png
139_fibrosis_320.png,orig03197.png
141_fibrosis_106.png,orig03198.png
197_fibrosis_092.png,orig03199.png
078_fibrosis_055.png,orig03200.png
146_fibrosis_086.png,orig03201.png
197_fibrosis_143.png,orig03202.png
078_fibrosis_097.png,orig03203.png
065_fibrosis_054.png,orig03204.png
033_fibrosis_101.png,orig03205.png
072_fibrosis_201.png,orig03206.png
196_fibrosis_032.png,orig03207.png
193_fibrosis_120.png,orig03208.png
201_fibrosis_152.png,orig03209.png
073_fibrosis_109.png,orig03210.png
140_fibrosis_180.png,orig03211.png
136_fibrosis_225.png,orig03212.png
193_fibrosis_175.png,orig03213.png
084_fibrosis_128.png,orig03214.png
194_fibrosis_022.png,orig03215.png
195_fibrosis_233.png,orig03216.png
149_fibrosis_083.png,orig03217.png
077_fibrosis_175.png,orig03218.png
134_fibrosis_039.png,orig03219.png
141_fibrosis_163.png,orig03220.png
069_fibrosis_111.png,orig03221.png
141_fibrosis_143.png,orig03222.png
141_fibrosis_148.png,orig03223.png
079_fibrosis_166.png,orig03224.png
137_fibrosis_155.png,orig03225.png
136_fibrosis_064.png,orig03226.png
068_fibrosis_124.png,orig03227.png
068_fibrosis_273.png,orig03228.png
135_fibrosis_144.png,orig03229.png
135_fibrosis_020.png,orig03230.png
066_fibrosis_153.png,orig03231.png
084_fibrosis_246.png,orig03232.png
073_fibrosis_224.png,orig03233.png
078_fibrosis_081.png,orig03234.png
149_fibrosis_186.png,orig03235.png
148_fibrosis_082.png,orig03236.png
067_fibrosis_120.png,orig03237.png
068_fibrosis_288.png,orig03238.png
079_fibrosis_101.png,orig03239.png
199_fibrosis_036.png,orig03240.png
033_fibrosis_165.png,orig03241.png
136_fibrosis_257.png,orig03242.png
072_fibrosis_030.png,orig03243.png
081_fibrosis_270.png,orig03244.png
077_fibrosis_333.png,orig03245.png
146_fibrosis_114.png,orig03246.png
193_fibrosis_025.png,orig03247.png
073_fibrosis_296.png,orig03248.png
033_fibrosis_303.png,orig03249.png
072_fibrosis_036.png,orig03250.png
128_fibrosis_225.png,orig03251.png
074_fibrosis_191.png,orig03252.png
143_fibrosis_124.png,orig03253.png
034_fibrosis_111.png,orig03254.png
064_fibrosis_084.png,orig03255.png
198_fibrosis_221.png,orig03256.png
082_fibrosis_137.png,orig03257.png
073_fibrosis_211.png,orig03258.png
146_fibrosis_163.png,orig03259.png
143_fibrosis_189.png,orig03260.png
137_fibrosis_079.png,orig03261.png
072_fibrosis_169.png,orig03262.png
135_fibrosis_164.png,orig03263.png
065_fibrosis_126.png,orig03264.png
140_fibrosis_192.png,orig03265.png
034_fibrosis_248.png,orig03266.png
065_fibrosis_068.png,orig03267.png
149_fibrosis_075.png,orig03268.png
145_fibrosis_040.png,orig03269.png
127_fibrosis_126.png,orig03270.png
196_fibrosis_173.png,orig03271.png
077_fibrosis_075.png,orig03272.png
073_fibrosis_245.png,orig03273.png
071_fibrosis_230.png,orig03274.png
196_fibrosis_062.png,orig03275.png
082_fibrosis_265.png,orig03276.png
071_fibrosis_210.png,orig03277.png
072_fibrosis_191.png,orig03278.png
149_fibrosis_034.png,orig03279.png
149_fibrosis_267.png,orig03280.png
139_fibrosis_080.png,orig03281.png
079_fibrosis_103.png,orig03282.png
147_fibrosis_060.png,orig03283.png
066_fibrosis_219.png,orig03284.png
068_fibrosis_198.png,orig03285.png
127_fibrosis_308.png,orig03286.png
075_fibrosis_167.png,orig03287.png
137_fibrosis_284.png,orig03288.png
084_fibrosis_162.png,orig03289.png
139_fibrosis_229.png,orig03290.png
077_fibrosis_099.png,orig03291.png
034_fibrosis_304.png,orig03292.png
127_fibrosis_249.png,orig03293.png
135_fibrosis_021.png,orig03294.png
143_fibrosis_137.png,orig03295.png
071_fibrosis_145.png,orig03296.png
127_fibrosis_300.png,orig03297.png
135_fibrosis_152.png,orig03298.png
195_fibrosis_129.png,orig03299.png
136_fibrosis_043.png,orig03300.png
149_fibrosis_282.png,orig03301.png
148_fibrosis_059.png,orig03302.png
065_fibrosis_047.png,orig03303.png
195_fibrosis_261.png,orig03304.png
134_fibrosis_112.png,orig03305.png
139_fibrosis_135.png,orig03306.png
069_fibrosis_273.png,orig03307.png
129_fibrosis_098.png,orig03308.png
192_fibrosis_226.png,orig03309.png
073_fibrosis_203.png,orig03310.png
135_fibrosis_256.png,orig03311.png
066_fibrosis_147.png,orig03312.png
139_fibrosis_335.png,orig03313.png
140_fibrosis_127.png,orig03314.png
197_fibrosis_148.png,orig03315.png
194_fibrosis_197.png,orig03316.png
137_fibrosis_301.png,orig03317.png
195_fibrosis_330.png,orig03318.png
129_fibrosis_059.png,orig03319.png
148_fibrosis_040.png,orig03320.png
201_fibrosis_128.png,orig03321.png
082_fibrosis_182.png,orig03322.png
127_fibrosis_341.png,orig03323.png
066_fibrosis_207.png,orig03324.png
145_fibrosis_142.png,orig03325.png
066_fibrosis_315.png,orig03326.png
137_fibrosis_208.png,orig03327.png
077_fibrosis_154.png,orig03328.png
197_fibrosis_044.png,orig03329.png
134_fibrosis_048.png,orig03330.png
198_fibrosis_155.png,orig03331.png
203_fibrosis_052.png,orig03332.png
067_fibrosis_032.png,orig03333.png
135_fibrosis_210.png,orig03334.png
192_fibrosis_172.png,orig03335.png
075_fibrosis_044.png,orig03336.png
134_fibrosis_052.png,orig03337.png
034_fibrosis_170.png,orig03338.png
200_fibrosis_137.png,orig03339.png
192_fibrosis_103.png,orig03340.png
193_fibrosis_069.png,orig03341.png
074_fibrosis_305.png,orig03342.png
066_fibrosis_081.png,orig03343.png
079_fibrosis_091.png,orig03344.png
146_fibrosis_044.png,orig03345.png
138_fibrosis_216.png,orig03346.png
201_fibrosis_042.png,orig03347.png
137_fibrosis_031.png,orig03348.png
192_fibrosis_127.png,orig03349.png
143_fibrosis_043.png,orig03350.png
193_fibrosis_064.png,orig03351.png
141_fibrosis_046.png,orig03352.png
139_fibrosis_065.png,orig03353.png
131_fibrosis_069.png,orig03354.png
141_fibrosis_201.png,orig03355.png
135_fibrosis_244.png,orig03356.png
201_fibrosis_058.png,orig03357.png
084_fibrosis_170.png,orig03358.png
074_fibrosis_091.png,orig03359.png
129_fibrosis_041.png,orig03360.png
081_fibrosis_371.png,orig03361.png
132_fibrosis_221.png,orig03362.png
146_fibrosis_070.png,orig03363.png
136_fibrosis_180.png,orig03364.png
128_fibrosis_272.png,orig03365.png
066_fibrosis_214.png,orig03366.png
195_fibrosis_202.png,orig03367.png
146_fibrosis_225.png,orig03368.png
141_fibrosis_236.png,orig03369.png
034_fibrosis_322.png,orig03370.png
131_fibrosis_305.png,orig03371.png
136_fibrosis_046.png,orig03372.png
081_fibrosis_092.png,orig03373.png
135_fibrosis_070.png,orig03374.png
066_fibrosis_092.png,orig03375.png
201_fibrosis_139.png,orig03376.png
076_fibrosis_101.png,orig03377.png
127_fibrosis_060.png,orig03378.png
140_fibrosis_036.png,orig03379.png
080_fibrosis_211.png,orig03380.png
132_fibrosis_103.png,orig03381.png
149_fibrosis_039.png,orig03382.png
082_fibrosis_173.png,orig03383.png
074_fibrosis_162.png,orig03384.png
084_fibrosis_160.png,orig03385.png
149_fibrosis_249.png,orig03386.png
072_fibrosis_152.png,orig03387.png
143_fibrosis_119.png,orig03388.png
196_fibrosis_221.png,orig03389.png
203_fibrosis_044.png,orig03390.png
149_fibrosis_167.png,orig03391.png
141_fibrosis_183.png,orig03392.png
075_fibrosis_164.png,orig03393.png
138_fibrosis_229.png,orig03394.png
034_fibrosis_252.png,orig03395.png
140_fibrosis_160.png,orig03396.png
139_fibrosis_290.png,orig03397.png
148_fibrosis_158.png,orig03398.png
075_fibrosis_289.png,orig03399.png
075_fibrosis_021.png,orig03400.png
069_fibrosis_127.png,orig03401.png
072_fibrosis_024.png,orig03402.png
140_fibrosis_152.png,orig03403.png
067_fibrosis_077.png,orig03404.png
148_fibrosis_153.png,orig03405.png
134_fibrosis_270.png,orig03406.png
065_fibrosis_090.png,orig03407.png
078_fibrosis_116.png,orig03408.png
074_fibrosis_220.png,orig03409.png
079_fibrosis_096.png,orig03410.png
143_fibrosis_079.png,orig03411.png
076_fibrosis_194.png,orig03412.png
135_fibrosis_145.png,orig03413.png
129_fibrosis_157.png,orig03414.png
033_fibrosis_245.png,orig03415.png
128_fibrosis_053.png,orig03416.png
138_fibrosis_207.png,orig03417.png
066_fibrosis_213.png,orig03418.png
079_fibrosis_121.png,orig03419.png
074_fibrosis_046.png,orig03420.png
074_fibrosis_148.png,orig03421.png
077_fibrosis_265.png,orig03422.png
148_fibrosis_170.png,orig03423.png
137_fibrosis_087.png,orig03424.png
067_fibrosis_185.png,orig03425.png
129_fibrosis_182.png,orig03426.png
077_fibrosis_174.png,orig03427.png
197_fibrosis_138.png,orig03428.png
147_fibrosis_235.png,orig03429.png
200_fibrosis_024.png,orig03430.png
067_fibrosis_138.png,orig03431.png
076_fibrosis_128.png,orig03432.png
194_fibrosis_070.png,orig03433.png
141_fibrosis_222.png,orig03434.png
147_fibrosis_152.png,orig03435.png
149_fibrosis_273.png,orig03436.png
196_fibrosis_315.png,orig03437.png
193_fibrosis_208.png,orig03438.png
194_fibrosis_147.png,orig03439.png
129_fibrosis_158.png,orig03440.png
080_fibrosis_427.png,orig03441.png
141_fibrosis_178.png,orig03442.png
079_fibrosis_249.png,orig03443.png
194_fibrosis_145.png,orig03444.png
129_fibrosis_174.png,orig03445.png
129_fibrosis_254.png,orig03446.png
075_fibrosis_286.png,orig03447.png
140_fibrosis_226.png,orig03448.png
034_fibrosis_052.png,orig03449.png
146_fibrosis_073.png,orig03450.png
136_fibrosis_030.png,orig03451.png
196_fibrosis_043.png,orig03452.png
077_fibrosis_292.png,orig03453.png
138_fibrosis_253.png,orig03454.png
201_fibrosis_125.png,orig03455.png
196_fibrosis_075.png,orig03456.png
196_fibrosis_225.png,orig03457.png
149_fibrosis_188.png,orig03458.png
132_fibrosis_181.png,orig03459.png
197_fibrosis_031.png,orig03460.png
069_fibrosis_117.png,orig03461.png
132_fibrosis_062.png,orig03462.png
199_fibrosis_108.png,orig03463.png
141_fibrosis_214.png,orig03464.png
064_fibrosis_035.png,orig03465.png
129_fibrosis_243.png,orig03466.png
132_fibrosis_187.png,orig03467.png
077_fibrosis_155.png,orig03468.png
136_fibrosis_156.png,orig03469.png
066_fibrosis_227.png,orig03470.png
077_fibrosis_219.png,orig03471.png
078_fibrosis_090.png,orig03472.png
064_fibrosis_086.png,orig03473.png
143_fibrosis_101.png,orig03474.png
064_fibrosis_207.png,orig03475.png
192_fibrosis_193.png,orig03476.png
197_fibrosis_126.png,orig03477.png
195_fibrosis_156.png,orig03478.png
073_fibrosis_049.png,orig03479.png
073_fibrosis_253.png,orig03480.png
197_fibrosis_183.png,orig03481.png
084_fibrosis_211.png,orig03482.png
129_fibrosis_244.png,orig03483.png
131_fibrosis_042.png,orig03484.png
064_fibrosis_047.png,orig03485.png
138_fibrosis_259.png,orig03486.png
198_fibrosis_077.png,orig03487.png
145_fibrosis_202.png,orig03488.png
139_fibrosis_326.png,orig03489.png
077_fibrosis_233.png,orig03490.png
138_fibrosis_162.png,orig03491.png
073_fibrosis_093.png,orig03492.png
147_fibrosis_053.png,orig03493.png
072_fibrosis_254.png,orig03494.png
139_fibrosis_066.png,orig03495.png
071_fibrosis_193.png,orig03496.png
203_fibrosis_106.png,orig03497.png
149_fibrosis_193.png,orig03498.png
129_fibrosis_175.png,orig03499.png
077_fibrosis_218.png,orig03500.png
136_fibrosis_214.png,orig03501.png
139_fibrosis_038.png,orig03502.png
033_fibrosis_163.png,orig03503.png
131_fibrosis_227.png,orig03504.png
065_fibrosis_085.png,orig03505.png
129_fibrosis_171.png,orig03506.png
141_fibrosis_044.png,orig03507.png
196_fibrosis_180.png,orig03508.png
127_fibrosis_274.png,orig03509.png
132_fibrosis_129.png,orig03510.png
145_fibrosis_209.png,orig03511.png
033_fibrosis_206.png,orig03512.png
193_fibrosis_104.png,orig03513.png
196_fibrosis_055.png,orig03514.png
071_fibrosis_163.png,orig03515.png
197_fibrosis_020.png,orig03516.png
064_fibrosis_151.png,orig03517.png
134_fibrosis_206.png,orig03518.png
073_fibrosis_169.png,orig03519.png
197_fibrosis_137.png,orig03520.png
143_fibrosis_086.png,orig03521.png
143_fibrosis_170.png,orig03522.png
066_fibrosis_152.png,orig03523.png
141_fibrosis_119.png,orig03524.png
064_fibrosis_160.png,orig03525.png
034_fibrosis_126.png,orig03526.png
068_fibrosis_033.png,orig03527.png
067_fibrosis_070.png,orig03528.png
034_fibrosis_310.png,orig03529.png
149_fibrosis_125.png,orig03530.png
077_fibrosis_060.png,orig03531.png
069_fibrosis_269.png,orig03532.png
196_fibrosis_113.png,orig03533.png
068_fibrosis_090.png,orig03534.png
197_fibrosis_142.png,orig03535.png
078_fibrosis_231.png,orig03536.png
074_fibrosis_246.png,orig03537.png
065_fibrosis_088.png,orig03538.png
149_fibrosis_047.png,orig03539.png
139_fibrosis_267.png,orig03540.png
074_fibrosis_319.png,orig03541.png
082_fibrosis_155.png,orig03542.png
073_fibrosis_291.png,orig03543.png
034_fibrosis_317.png,orig03544.png
073_fibrosis_192.png,orig03545.png
033_fibrosis_328.png,orig03546.png
071_fibrosis_172.png,orig03547.png
068_fibrosis_023.png,orig03548.png
076_fibrosis_085.png,orig03549.png
127_fibrosis_070.png,orig03550.png
203_fibrosis_128.png,orig03551.png
146_fibrosis_207.png,orig03552.png
194_fibrosis_081.png,orig03553.png
198_fibrosis_162.png,orig03554.png
034_fibrosis_124.png,orig03555.png
200_fibrosis_034.png,orig03556.png
147_fibrosis_083.png,orig03557.png
141_fibrosis_142.png,orig03558.png
069_fibrosis_181.png,orig03559.png
203_fibrosis_095.png,orig03560.png
145_fibrosis_137.png,orig03561.png
203_fibrosis_159.png,orig03562.png
074_fibrosis_029.png,orig03563.png
072_fibrosis_058.png,orig03564.png
141_fibrosis_123.png,orig03565.png
196_fibrosis_284.png,orig03566.png
200_fibrosis_058.png,orig03567.png
146_fibrosis_140.png,orig03568.png
129_fibrosis_122.png,orig03569.png
078_fibrosis_154.png,orig03570.png
078_fibrosis_045.png,orig03571.png
147_fibrosis_173.png,orig03572.png
078_fibrosis_255.png,orig03573.png
194_fibrosis_280.png,orig03574.png
075_fibrosis_299.png,orig03575.png
140_fibrosis_068.png,orig03576.png
074_fibrosis_161.png,orig03577.png
201_fibrosis_151.png,orig03578.png
067_fibrosis_061.png,orig03579.png
084_fibrosis_060.png,orig03580.png
201_fibrosis_200.png,orig03581.png
135_fibrosis_159.png,orig03582.png
134_fibrosis_195.png,orig03583.png
195_fibrosis_200.png,orig03584.png
146_fibrosis_268.png,orig03585.png
196_fibrosis_097.png,orig03586.png
192_fibrosis_023.png,orig03587.png
069_fibrosis_180.png,orig03588.png
201_fibrosis_134.png,orig03589.png
132_fibrosis_208.png,orig03590.png
067_fibrosis_112.png,orig03591.png
064_fibrosis_092.png,orig03592.png
128_fibrosis_199.png,orig03593.png
068_fibrosis_065.png,orig03594.png
066_fibrosis_173.png,orig03595.png
149_fibrosis_230.png,orig03596.png
149_fibrosis_235.png,orig03597.png
129_fibrosis_212.png,orig03598.png
137_fibrosis_232.png,orig03599.png
066_fibrosis_249.png,orig03600.png
139_fibrosis_243.png,orig03601.png
082_fibrosis_243.png,orig03602.png
147_fibrosis_077.png,orig03603.png
134_fibrosis_226.png,orig03604.png
065_fibrosis_102.png,orig03605.png
074_fibrosis_216.png,orig03606.png
073_fibrosis_088.png,orig03607.png
134_fibrosis_143.png,orig03608.png
134_fibrosis_103.png,orig03609.png
139_fibrosis_143.png,orig03610.png
071_fibrosis_164.png,orig03611.png
138_fibrosis_085.png,orig03612.png
078_fibrosis_128.png,orig03613.png
066_fibrosis_294.png,orig03614.png
195_fibrosis_031.png,orig03615.png
137_fibrosis_220.png,orig03616.png
075_fibrosis_226.png,orig03617.png
064_fibrosis_203.png,orig03618.png
140_fibrosis_318.png,orig03619.png
064_fibrosis_150.png,orig03620.png
127_fibrosis_228.png,orig03621.png
128_fibrosis_249.png,orig03622.png
073_fibrosis_153.png,orig03623.png
129_fibrosis_280.png,orig03624.png
076_fibrosis_076.png,orig03625.png
148_fibrosis_178.png,orig03626.png
069_fibrosis_171.png,orig03627.png
197_fibrosis_049.png,orig03628.png
129_fibrosis_075.png,orig03629.png
077_fibrosis_260.png,orig03630.png
080_fibrosis_295.png,orig03631.png
075_fibrosis_093.png,orig03632.png
132_fibrosis_227.png,orig03633.png
073_fibrosis_067.png,orig03634.png
069_fibrosis_301.png,orig03635.png
203_fibrosis_086.png,orig03636.png
199_fibrosis_050.png,orig03637.png
198_fibrosis_182.png,orig03638.png
132_fibrosis_282.png,orig03639.png
192_fibrosis_085.png,orig03640.png
128_fibrosis_250.png,orig03641.png
066_fibrosis_306.png,orig03642.png
143_fibrosis_022.png,orig03643.png
139_fibrosis_153.png,orig03644.png
131_fibrosis_187.png,orig03645.png
084_fibrosis_125.png,orig03646.png
199_fibrosis_132.png,orig03647.png
146_fibrosis_215.png,orig03648.png
136_fibrosis_240.png,orig03649.png
194_fibrosis_231.png,orig03650.png
192_fibrosis_037.png,orig03651.png
195_fibrosis_067.png,orig03652.png
200_fibrosis_027.png,orig03653.png
034_fibrosis_180.png,orig03654.png
076_fibrosis_093.png,orig03655.png
149_fibrosis_218.png,orig03656.png
201_fibrosis_144.png,orig03657.png
138_fibrosis_183.png,orig03658.png
033_fibrosis_190.png,orig03659.png
143_fibrosis_191.png,orig03660.png
135_fibrosis_026.png,orig03661.png
068_fibrosis_170.png,orig03662.png
147_fibrosis_244.png,orig03663.png
195_fibrosis_162.png,orig03664.png
138_fibrosis_102.png,orig03665.png
131_fibrosis_058.png,orig03666.png
141_fibrosis_179.png,orig03667.png
077_fibrosis_116.png,orig03668.png
071_fibrosis_136.png,orig03669.png
129_fibrosis_196.png,orig03670.png
082_fibrosis_165.png,orig03671.png
199_fibrosis_046.png,orig03672.png
147_fibrosis_218.png,orig03673.png
073_fibrosis_096.png,orig03674.png
127_fibrosis_139.png,orig03675.png
075_fibrosis_046.png,orig03676.png
200_fibrosis_064.png,orig03677.png
069_fibrosis_103.png,orig03678.png
079_fibrosis_181.png,orig03679.png
072_fibrosis_160.png,orig03680.png
082_fibrosis_149.png,orig03681.png
197_fibrosis_178.png,orig03682.png
139_fibrosis_126.png,orig03683.png
068_fibrosis_076.png,orig03684.png
147_fibrosis_236.png,orig03685.png
148_fibrosis_119.png,orig03686.png
129_fibrosis_142.png,orig03687.png
034_fibrosis_095.png,orig03688.png
073_fibrosis_201.png,orig03689.png
194_fibrosis_228.png,orig03690.png
076_fibrosis_168.png,orig03691.png
077_fibrosis_136.png,orig03692.png
068_fibrosis_295.png,orig03693.png
081_fibrosis_308.png,orig03694.png
065_fibrosis_057.png,orig03695.png
073_fibrosis_131.png,orig03696.png
147_fibrosis_081.png,orig03697.png
077_fibrosis_310.png,orig03698.png
064_fibrosis_164.png,orig03699.png
141_fibrosis_221.png,orig03700.png
200_fibrosis_048.png,orig03701.png
074_fibrosis_069.png,orig03702.png
145_fibrosis_194.png,orig03703.png
129_fibrosis_180.png,orig03704.png
081_fibrosis_294.png,orig03705.png
200_fibrosis_030.png,orig03706.png
148_fibrosis_169.png,orig03707.png
077_fibrosis_058.png,orig03708.png
195_fibrosis_022.png,orig03709.png
033_fibrosis_152.png,orig03710.png
138_fibrosis_127.png,orig03711.png
196_fibrosis_270.png,orig03712.png
131_fibrosis_154.png,orig03713.png
064_fibrosis_072.png,orig03714.png
077_fibrosis_153.png,orig03715.png
127_fibrosis_279.png,orig03716.png
137_fibrosis_152.png,orig03717.png
145_fibrosis_141.png,orig03718.png
131_fibrosis_175.png,orig03719.png
131_fibrosis_040.png,orig03720.png
195_fibrosis_253.png,orig03721.png
129_fibrosis_152.png,orig03722.png
148_fibrosis_217.png,orig03723.png
137_fibrosis_189.png,orig03724.png
082_fibrosis_082.png,orig03725.png
073_fibrosis_165.png,orig03726.png
034_fibrosis_189.png,orig03727.png
077_fibrosis_247.png,orig03728.png
065_fibrosis_074.png,orig03729.png
140_fibrosis_117.png,orig03730.png
199_fibrosis_026.png,orig03731.png
033_fibrosis_287.png,orig03732.png
066_fibrosis_158.png,orig03733.png
141_fibrosis_232.png,orig03734.png
034_fibrosis_331.png,orig03735.png
074_fibrosis_308.png,orig03736.png
148_fibrosis_121.png,orig03737.png
149_fibrosis_225.png,orig03738.png
066_fibrosis_331.png,orig03739.png
067_fibrosis_133.png,orig03740.png
077_fibrosis_110.png,orig03741.png
134_fibrosis_102.png,orig03742.png
131_fibrosis_052.png,orig03743.png
076_fibrosis_062.png,orig03744.png
134_fibrosis_094.png,orig03745.png
078_fibrosis_049.png,orig03746.png
129_fibrosis_056.png,orig03747.png
129_fibrosis_135.png,orig03748.png
196_fibrosis_033.png,orig03749.png
198_fibrosis_165.png,orig03750.png
033_fibrosis_216.png,orig03751.png
127_fibrosis_067.png,orig03752.png
082_fibrosis_251.png,orig03753.png
138_fibrosis_138.png,orig03754.png
143_fibrosis_149.png,orig03755.png
064_fibrosis_211.png,orig03756.png
143_fibrosis_096.png,orig03757.png
077_fibrosis_028.png,orig03758.png
081_fibrosis_090.png,orig03759.png
136_fibrosis_087.png,orig03760.png
138_fibrosis_158.png,orig03761.png
195_fibrosis_289.png,orig03762.png
134_fibrosis_244.png,orig03763.png
135_fibrosis_237.png,orig03764.png
199_fibrosis_053.png,orig03765.png
074_fibrosis_048.png,orig03766.png
080_fibrosis_404.png,orig03767.png
072_fibrosis_208.png,orig03768.png
196_fibrosis_081.png,orig03769.png
064_fibrosis_123.png,orig03770.png
194_fibrosis_251.png,orig03771.png
195_fibrosis_172.png,orig03772.png
137_fibrosis_203.png,orig03773.png
033_fibrosis_124.png,orig03774.png
140_fibrosis_064.png,orig03775.png
127_fibrosis_236.png,orig03776.png
066_fibrosis_246.png,orig03777.png
149_fibrosis_057.png,orig03778.png
129_fibrosis_198.png,orig03779.png
201_fibrosis_091.png,orig03780.png
140_fibrosis_099.png,orig03781.png
067_fibrosis_119.png,orig03782.png
034_fibrosis_211.png,orig03783.png
146_fibrosis_118.png,orig03784.png
132_fibrosis_031.png,orig03785.png
199_fibrosis_034.png,orig03786.png
132_fibrosis_094.png,orig03787.png
139_fibrosis_390.png,orig03788.png
134_fibrosis_057.png,orig03789.png
135_fibrosis_248.png,orig03790.png
134_fibrosis_240.png,orig03791.png
196_fibrosis_290.png,orig03792.png
146_fibrosis_060.png,orig03793.png
149_fibrosis_264.png,orig03794.png
073_fibrosis_257.png,orig03795.png
131_fibrosis_113.png,orig03796.png
196_fibrosis_022.png,orig03797.png
068_fibrosis_025.png,orig03798.png
069_fibrosis_147.png,orig03799.png
195_fibrosis_025.png,orig03800.png
141_fibrosis_185.png,orig03801.png
034_fibrosis_257.png,orig03802.png
077_fibrosis_328.png,orig03803.png
148_fibrosis_186.png,orig03804.png
141_fibrosis_136.png,orig03805.png
136_fibrosis_231.png,orig03806.png
078_fibrosis_250.png,orig03807.png
196_fibrosis_038.png,orig03808.png
196_fibrosis_222.png,orig03809.png
196_fibrosis_089.png,orig03810.png
131_fibrosis_320.png,orig03811.png
128_fibrosis_197.png,orig03812.png
131_fibrosis_117.png,orig03813.png
071_fibrosis_182.png,orig03814.png
132_fibrosis_102.png,orig03815.png
077_fibrosis_288.png,orig03816.png
072_fibrosis_082.png,orig03817.png
134_fibrosis_096.png,orig03818.png
033_fibrosis_188.png,orig03819.png
129_fibrosis_251.png,orig03820.png
078_fibrosis_218.png,orig03821.png
076_fibrosis_259.png,orig03822.png
196_fibrosis_242.png,orig03823.png
075_fibrosis_113.png,orig03824.png
148_fibrosis_231.png,orig03825.png
194_fibrosis_068.png,orig03826.png
135_fibrosis_178.png,orig03827.png
135_fibrosis_053.png,orig03828.png
066_fibrosis_245.png,orig03829.png
194_fibrosis_121.png,orig03830.png
194_fibrosis_174.png,orig03831.png
072_fibrosis_226.png,orig03832.png
137_fibrosis_181.png,orig03833.png
073_fibrosis_215.png,orig03834.png
066_fibrosis_301.png,orig03835.png
135_fibrosis_059.png,orig03836.png
136_fibrosis_028.png,orig03837.png
129_fibrosis_245.png,orig03838.png
141_fibrosis_231.png,orig03839.png
195_fibrosis_049.png,orig03840.png
140_fibrosis_238.png,orig03841.png
197_fibrosis_086.png,orig03842.png
148_fibrosis_141.png,orig03843.png
194_fibrosis_037.png,orig03844.png
138_fibrosis_059.png,orig03845.png
146_fibrosis_081.png,orig03846.png
073_fibrosis_120.png,orig03847.png
195_fibrosis_157.png,orig03848.png
068_fibrosis_254.png,orig03849.png
136_fibrosis_254.png,orig03850.png
194_fibrosis_078.png,orig03851.png
078_fibrosis_232.png,orig03852.png
137_fibrosis_037.png,orig03853.png
128_fibrosis_147.png,orig03854.png
073_fibrosis_260.png,orig03855.png
131_fibrosis_092.png,orig03856.png
131_fibrosis_290.png,orig03857.png
195_fibrosis_102.png,orig03858.png
078_fibrosis_120.png,orig03859.png
084_fibrosis_045.png,orig03860.png
033_fibrosis_284.png,orig03861.png
145_fibrosis_178.png,orig03862.png
196_fibrosis_088.png,orig03863.png
127_fibrosis_179.png,orig03864.png
075_fibrosis_143.png,orig03865.png
192_fibrosis_237.png,orig03866.png
084_fibrosis_027.png,orig03867.png
081_fibrosis_156.png,orig03868.png
140_fibrosis_122.png,orig03869.png
137_fibrosis_091.png,orig03870.png
074_fibrosis_181.png,orig03871.png
196_fibrosis_192.png,orig03872.png
075_fibrosis_312.png,orig03873.png
198_fibrosis_094.png,orig03874.png
137_fibrosis_089.png,orig03875.png
134_fibrosis_194.png,orig03876.png
203_fibrosis_136.png,orig03877.png
198_fibrosis_199.png,orig03878.png
082_fibrosis_295.png,orig03879.png
069_fibrosis_079.png,orig03880.png
072_fibrosis_236.png,orig03881.png
197_fibrosis_177.png,orig03882.png
068_fibrosis_100.png,orig03883.png
082_fibrosis_113.png,orig03884.png
078_fibrosis_158.png,orig03885.png
076_fibrosis_195.png,orig03886.png
198_fibrosis_123.png,orig03887.png
066_fibrosis_302.png,orig03888.png
135_fibrosis_196.png,orig03889.png
074_fibrosis_303.png,orig03890.png
034_fibrosis_175.png,orig03891.png
072_fibrosis_256.png,orig03892.png
137_fibrosis_022.png,orig03893.png
137_fibrosis_295.png,orig03894.png
065_fibrosis_114.png,orig03895.png
135_fibrosis_157.png,orig03896.png
064_fibrosis_305.png,orig03897.png
195_fibrosis_215.png,orig03898.png
033_fibrosis_268.png,orig03899.png
132_fibrosis_243.png,orig03900.png
033_fibrosis_257.png,orig03901.png
129_fibrosis_264.png,orig03902.png
081_fibrosis_137.png,orig03903.png
067_fibrosis_081.png,orig03904.png
141_fibrosis_041.png,orig03905.png
034_fibrosis_247.png,orig03906.png
140_fibrosis_233.png,orig03907.png
148_fibrosis_053.png,orig03908.png
195_fibrosis_201.png,orig03909.png
129_fibrosis_255.png,orig03910.png
074_fibrosis_088.png,orig03911.png
134_fibrosis_108.png,orig03912.png
132_fibrosis_041.png,orig03913.png
074_fibrosis_226.png,orig03914.png
136_fibrosis_040.png,orig03915.png
131_fibrosis_055.png,orig03916.png
141_fibrosis_229.png,orig03917.png
194_fibrosis_270.png,orig03918.png
146_fibrosis_224.png,orig03919.png
139_fibrosis_250.png,orig03920.png
064_fibrosis_182.png,orig03921.png
149_fibrosis_182.png,orig03922.png
193_fibrosis_039.png,orig03923.png
134_fibrosis_219.png,orig03924.png
201_fibrosis_035.png,orig03925.png
067_fibrosis_030.png,orig03926.png
139_fibrosis_055.png,orig03927.png
128_fibrosis_211.png,orig03928.png
129_fibrosis_051.png,orig03929.png
068_fibrosis_253.png,orig03930.png
078_fibrosis_072.png,orig03931.png
200_fibrosis_110.png,orig03932.png
135_fibrosis_099.png,orig03933.png
139_fibrosis_087.png,orig03934.png
149_fibrosis_079.png,orig03935.png
074_fibrosis_248.png,orig03936.png
127_fibrosis_327.png,orig03937.png
149_fibrosis_090.png,orig03938.png
198_fibrosis_194.png,orig03939.png
194_fibrosis_285.png,orig03940.png
072_fibrosis_150.png,orig03941.png
073_fibrosis_252.png,orig03942.png
068_fibrosis_232.png,orig03943.png
127_fibrosis_372.png,orig03944.png
141_fibrosis_152.png,orig03945.png
201_fibrosis_036.png,orig03946.png
145_fibrosis_116.png,orig03947.png
081_fibrosis_163.png,orig03948.png
033_fibrosis_204.png,orig03949.png
079_fibrosis_290.png,orig03950.png
129_fibrosis_120.png,orig03951.png
084_fibrosis_026.png,orig03952.png
065_fibrosis_053.png,orig03953.png
195_fibrosis_128.png,orig03954.png
078_fibrosis_117.png,orig03955.png
148_fibrosis_132.png,orig03956.png
201_fibrosis_141.png,orig03957.png
131_fibrosis_125.png,orig03958.png
147_fibrosis_108.png,orig03959.png
034_fibrosis_102.png,orig03960.png
073_fibrosis_065.png,orig03961.png
131_fibrosis_068.png,orig03962.png
129_fibrosis_103.png,orig03963.png
200_fibrosis_107.png,orig03964.png
143_fibrosis_114.png,orig03965.png
192_fibrosis_141.png,orig03966.png
147_fibrosis_240.png,orig03967.png
074_fibrosis_234.png,orig03968.png
198_fibrosis_173.png,orig03969.png
078_fibrosis_150.png,orig03970.png
192_fibrosis_246.png,orig03971.png
082_fibrosis_176.png,orig03972.png
073_fibrosis_081.png,orig03973.png
068_fibrosis_056.png,orig03974.png
081_fibrosis_199.png,orig03975.png
135_fibrosis_067.png,orig03976.png
201_fibrosis_215.png,orig03977.png
081_fibrosis_133.png,orig03978.png
139_fibrosis_345.png,orig03979.png
127_fibrosis_135.png,orig03980.png
201_fibrosis_189.png,orig03981.png
137_fibrosis_111.png,orig03982.png
146_fibrosis_139.png,orig03983.png
075_fibrosis_305.png,orig03984.png
131_fibrosis_087.png,orig03985.png
073_fibrosis_311.png,orig03986.png
140_fibrosis_214.png,orig03987.png
127_fibrosis_052.png,orig03988.png
034_fibrosis_204.png,orig03989.png
077_fibrosis_159.png,orig03990.png
134_fibrosis_231.png,orig03991.png
129_fibrosis_095.png,orig03992.png
200_fibrosis_103.png,orig03993.png
201_fibrosis_181.png,orig03994.png
033_fibrosis_223.png,orig03995.png
149_fibrosis_180.png,orig03996.png
138_fibrosis_243.png,orig03997.png
078_fibrosis_098.png,orig03998.png
134_fibrosis_072.png,orig03999.png
066_fibrosis_124.png,orig04000.png
079_fibrosis_224.png,orig04001.png
146_fibrosis_031.png,orig04002.png
069_fibrosis_202.png,orig04003.png
192_fibrosis_102.png,orig04004.png
129_fibrosis_239.png,orig04005.png
078_fibrosis_235.png,orig04006.png
078_fibrosis_080.png,orig04007.png
074_fibrosis_208.png,orig04008.png
140_fibrosis_032.png,orig04009.png
196_fibrosis_106.png,orig04010.png
201_fibrosis_164.png,orig04011.png
141_fibrosis_154.png,orig04012.png
071_fibrosis_219.png,orig04013.png
127_fibrosis_148.png,orig04014.png
193_fibrosis_164.png,orig04015.png
196_fibrosis_130.png,orig04016.png
072_fibrosis_060.png,orig04017.png
198_fibrosis_080.png,orig04018.png
075_fibrosis_290.png,orig04019.png
075_fibrosis_083.png,orig04020.png
077_fibrosis_034.png,orig04021.png
129_fibrosis_029.png,orig04022.png
075_fibrosis_194.png,orig04023.png
127_fibrosis_066.png,orig04024.png
199_fibrosis_080.png,orig04025.png
128_fibrosis_209.png,orig04026.png
137_fibrosis_088.png,orig04027.png
197_fibrosis_035.png,orig04028.png
066_fibrosis_222.png,orig04029.png
149_fibrosis_041.png,orig04030.png
084_fibrosis_216.png,orig04031.png
074_fibrosis_126.png,orig04032.png
148_fibrosis_033.png,orig04033.png
077_fibrosis_118.png,orig04034.png
195_fibrosis_050.png,orig04035.png
131_fibrosis_328.png,orig04036.png
078_fibrosis_229.png,orig04037.png
084_fibrosis_095.png,orig04038.png
068_fibrosis_249.png,orig04039.png
201_fibrosis_193.png,orig04040.png
077_fibrosis_062.png,orig04041.png
138_fibrosis_171.png,orig04042.png
067_fibrosis_094.png,orig04043.png
081_fibrosis_152.png,orig04044.png
084_fibrosis_035.png,orig04045.png
066_fibrosis_122.png,orig04046.png
196_fibrosis_080.png,orig04047.png
074_fibrosis_323.png,orig04048.png
067_fibrosis_022.png,orig04049.png
078_fibrosis_207.png,orig04050.png
196_fibrosis_079.png,orig04051.png
146_fibrosis_034.png,orig04052.png
140_fibrosis_056.png,orig04053.png
198_fibrosis_041.png,orig04054.png
148_fibrosis_076.png,orig04055.png
135_fibrosis_181.png,orig04056.png
196_fibrosis_057.png,orig04057.png
146_fibrosis_182.png,orig04058.png
075_fibrosis_191.png,orig04059.png
033_fibrosis_185.png,orig04060.png
139_fibrosis_179.png,orig04061.png
069_fibrosis_168.png,orig04062.png
197_fibrosis_115.png,orig04063.png
082_fibrosis_225.png,orig04064.png
195_fibrosis_163.png,orig04065.png
199_fibrosis_118.png,orig04066.png
146_fibrosis_078.png,orig04067.png
140_fibrosis_053.png,orig04068.png
073_fibrosis_118.png,orig04069.png
132_fibrosis_268.png,orig04070.png
136_fibrosis_232.png,orig04071.png
066_fibrosis_070.png,orig04072.png
200_fibrosis_133.png,orig04073.png
082_fibrosis_197.png,orig04074.png
131_fibrosis_272.png,orig04075.png
195_fibrosis_046.png,orig04076.png
082_fibrosis_188.png,orig04077.png
065_fibrosis_124.png,orig04078.png
065_fibrosis_113.png,orig04079.png
082_fibrosis_135.png,orig04080.png
138_fibrosis_089.png,orig04081.png
134_fibrosis_164.png,orig04082.png
081_fibrosis_351.png,orig04083.png
077_fibrosis_141.png,orig04084.png
146_fibrosis_244.png,orig04085.png
201_fibrosis_122.png,orig04086.png
074_fibrosis_223.png,orig04087.png
033_fibrosis_095.png,orig04088.png
136_fibrosis_049.png,orig04089.png
082_fibrosis_283.png,orig04090.png
128_fibrosis_151.png,orig04091.png
137_fibrosis_025.png,orig04092.png
073_fibrosis_289.png,orig04093.png
069_fibrosis_104.png,orig04094.png
078_fibrosis_053.png,orig04095.png
200_fibrosis_198.png,orig04096.png
141_fibrosis_153.png,orig04097.png
071_fibrosis_188.png,orig04098.png
131_fibrosis_121.png,orig04099.png
076_fibrosis_146.png,orig04100.png
201_fibrosis_093.png,orig04101.png
084_fibrosis_105.png,orig04102.png
197_fibrosis_252.png,orig04103.png
193_fibrosis_096.png,orig04104.png
080_fibrosis_352.png,orig04105.png
127_fibrosis_378.png,orig04106.png
136_fibrosis_144.png,orig04107.png
067_fibrosis_023.png,orig04108.png
148_fibrosis_029.png,orig04109.png
192_fibrosis_032.png,orig04110.png
140_fibrosis_137.png,orig04111.png
064_fibrosis_068.png,orig04112.png
199_fibrosis_097.png,orig04113.png
080_fibrosis_308.png,orig04114.png
200_fibrosis_031.png,orig04115.png
079_fibrosis_105.png,orig04116.png
034_fibrosis_106.png,orig04117.png
140_fibrosis_207.png,orig04118.png
194_fibrosis_105.png,orig04119.png
147_fibrosis_166.png,orig04120.png
138_fibrosis_187.png,orig04121.png
033_fibrosis_298.png,orig04122.png
138_fibrosis_144.png,orig04123.png
140_fibrosis_187.png,orig04124.png
068_fibrosis_261.png,orig04125.png
138_fibrosis_126.png,orig04126.png
139_fibrosis_077.png,orig04127.png
128_fibrosis_186.png,orig04128.png
134_fibrosis_142.png,orig04129.png
195_fibrosis_213.png,orig04130.png
077_fibrosis_100.png,orig04131.png
084_fibrosis_076.png,orig04132.png
078_fibrosis_315.png,orig04133.png
196_fibrosis_245.png,orig04134.png
079_fibrosis_122.png,orig04135.png
075_fibrosis_258.png,orig04136.png
132_fibrosis_174.png,orig04137.png
192_fibrosis_206.png,orig04138.png
072_fibrosis_151.png,orig04139.png
137_fibrosis_137.png,orig04140.png
068_fibrosis_252.png,orig04141.png
076_fibrosis_152.png,orig04142.png
128_fibrosis_265.png,orig04143.png
076_fibrosis_192.png,orig04144.png
196_fibrosis_044.png,orig04145.png
079_fibrosis_102.png,orig04146.png
196_fibrosis_150.png,orig04147.png
139_fibrosis_203.png,orig04148.png
132_fibrosis_135.png,orig04149.png
135_fibrosis_077.png,orig04150.png
198_fibrosis_040.png,orig04151.png
198_fibrosis_116.png,orig04152.png
200_fibrosis_086.png,orig04153.png
136_fibrosis_245.png,orig04154.png
078_fibrosis_202.png,orig04155.png
132_fibrosis_140.png,orig04156.png
194_fibrosis_106.png,orig04157.png
193_fibrosis_117.png,orig04158.png
201_fibrosis_218.png,orig04159.png
078_fibrosis_028.png,orig04160.png
084_fibrosis_295.png,orig04161.png
074_fibrosis_070.png,orig04162.png
197_fibrosis_155.png,orig04163.png
080_fibrosis_215.png,orig04164.png
072_fibrosis_153.png,orig04165.png
082_fibrosis_233.png,orig04166.png
075_fibrosis_075.png,orig04167.png
136_fibrosis_088.png,orig04168.png
128_fibrosis_193.png,orig04169.png
084_fibrosis_238.png,orig04170.png
132_fibrosis_065.png,orig04171.png
137_fibrosis_098.png,orig04172.png
192_fibrosis_115.png,orig04173.png
066_fibrosis_206.png,orig04174.png
084_fibrosis_235.png,orig04175.png
146_fibrosis_179.png,orig04176.png
196_fibrosis_183.png,orig04177.png
068_fibrosis_206.png,orig04178.png
136_fibrosis_192.png,orig04179.png
199_fibrosis_042.png,orig04180.png
192_fibrosis_051.png,orig04181.png
137_fibrosis_198.png,orig04182.png
138_fibrosis_024.png,orig04183.png
081_fibrosis_312.png,orig04184.png
135_fibrosis_050.png,orig04185.png
192_fibrosis_043.png,orig04186.png
033_fibrosis_199.png,orig04187.png
069_fibrosis_220.png,orig04188.png
137_fibrosis_093.png,orig04189.png
146_fibrosis_168.png,orig04190.png
196_fibrosis_066.png,orig04191.png
134_fibrosis_086.png,orig04192.png
143_fibrosis_042.png,orig04193.png
127_fibrosis_172.png,orig04194.png
136_fibrosis_053.png,orig04195.png
132_fibrosis_166.png,orig04196.png
068_fibrosis_081.png,orig04197.png
077_fibrosis_203.png,orig04198.png
129_fibrosis_133.png,orig04199.png
064_fibrosis_169.png,orig04200.png
136_fibrosis_026.png,orig04201.png
139_fibrosis_302.png,orig04202.png
073_fibrosis_077.png,orig04203.png
069_fibrosis_155.png,orig04204.png
146_fibrosis_039.png,orig04205.png
148_fibrosis_057.png,orig04206.png
148_fibrosis_163.png,orig04207.png
067_fibrosis_220.png,orig04208.png
080_fibrosis_359.png,orig04209.png
143_fibrosis_050.png,orig04210.png
145_fibrosis_086.png,orig04211.png
128_fibrosis_203.png,orig04212.png
128_fibrosis_131.png,orig04213.png
065_fibrosis_073.png,orig04214.png
196_fibrosis_054.png,orig04215.png
068_fibrosis_080.png,orig04216.png
129_fibrosis_049.png,orig04217.png
140_fibrosis_020.png,orig04218.png
203_fibrosis_103.png,orig04219.png
074_fibrosis_281.png,orig04220.png
149_fibrosis_042.png,orig04221.png
077_fibrosis_259.png,orig04222.png
145_fibrosis_035.png,orig04223.png
074_fibrosis_105.png,orig04224.png
080_fibrosis_217.png,orig04225.png
127_fibrosis_299.png,orig04226.png
197_fibrosis_207.png,orig04227.png
071_fibrosis_135.png,orig04228.png
200_fibrosis_170.png,orig04229.png
067_fibrosis_086.png,orig04230.png
066_fibrosis_327.png,orig04231.png
127_fibrosis_367.png,orig04232.png
198_fibrosis_214.png,orig04233.png
075_fibrosis_180.png,orig04234.png
132_fibrosis_128.png,orig04235.png
192_fibrosis_198.png,orig04236.png
198_fibrosis_168.png,orig04237.png
135_fibrosis_177.png,orig04238.png
075_fibrosis_185.png,orig04239.png
146_fibrosis_069.png,orig04240.png
197_fibrosis_235.png,orig04241.png
141_fibrosis_031.png,orig04242.png
069_fibrosis_229.png,orig04243.png
138_fibrosis_108.png,orig04244.png
129_fibrosis_194.png,orig04245.png
128_fibrosis_224.png,orig04246.png
064_fibrosis_050.png,orig04247.png
198_fibrosis_060.png,orig04248.png
079_fibrosis_162.png,orig04249.png
138_fibrosis_174.png,orig04250.png
073_fibrosis_280.png,orig04251.png
074_fibrosis_093.png,orig04252.png
196_fibrosis_091.png,orig04253.png
134_fibrosis_138.png,orig04254.png
131_fibrosis_286.png,orig04255.png
064_fibrosis_096.png,orig04256.png
034_fibrosis_259.png,orig04257.png
134_fibrosis_173.png,orig04258.png
074_fibrosis_188.png,orig04259.png
072_fibrosis_283.png,orig04260.png
140_fibrosis_092.png,orig04261.png
078_fibrosis_167.png,orig04262.png
067_fibrosis_093.png,orig04263.png
077_fibrosis_170.png,orig04264.png
082_fibrosis_118.png,orig04265.png
077_fibrosis_280.png,orig04266.png
196_fibrosis_195.png,orig04267.png
079_fibrosis_297.png,orig04268.png
072_fibrosis_157.png,orig04269.png
128_fibrosis_115.png,orig04270.png
034_fibrosis_198.png,orig04271.png
201_fibrosis_211.png,orig04272.png
131_fibrosis_243.png,orig04273.png
192_fibrosis_072.png,orig04274.png
149_fibrosis_135.png,orig04275.png
132_fibrosis_110.png,orig04276.png
137_fibrosis_108.png,orig04277.png
198_fibrosis_025.png,orig04278.png
197_fibrosis_179.png,orig04279.png
129_fibrosis_284.png,orig04280.png
033_fibrosis_237.png,orig04281.png
149_fibrosis_071.png,orig04282.png
138_fibrosis_047.png,orig04283.png
138_fibrosis_186.png,orig04284.png
072_fibrosis_240.png,orig04285.png
138_fibrosis_111.png,orig04286.png
135_fibrosis_260.png,orig04287.png
131_fibrosis_174.png,orig04288.png
073_fibrosis_219.png,orig04289.png
066_fibrosis_139.png,orig04290.png
143_fibrosis_023.png,orig04291.png
080_fibrosis_353.png,orig04292.png
132_fibrosis_157.png,orig04293.png
196_fibrosis_161.png,orig04294.png
141_fibrosis_161.png,orig04295.png
127_fibrosis_087.png,orig04296.png
198_fibrosis_118.png,orig04297.png
200_fibrosis_119.png,orig04298.png
135_fibrosis_098.png,orig04299.png
199_fibrosis_068.png,orig04300.png
078_fibrosis_124.png,orig04301.png
068_fibrosis_297.png,orig04302.png
132_fibrosis_277.png,orig04303.png
195_fibrosis_250.png,orig04304.png
201_fibrosis_158.png,orig04305.png
192_fibrosis_076.png,orig04306.png
127_fibrosis_290.png,orig04307.png
067_fibrosis_080.png,orig04308.png
138_fibrosis_204.png,orig04309.png
203_fibrosis_124.png,orig04310.png
078_fibrosis_056.png,orig04311.png
077_fibrosis_182.png,orig04312.png
137_fibrosis_199.png,orig04313.png
076_fibrosis_167.png,orig04314.png
148_fibrosis_081.png,orig04315.png
136_fibrosis_025.png,orig04316.png
200_fibrosis_144.png,orig04317.png
080_fibrosis_293.png,orig04318.png
138_fibrosis_054.png,orig04319.png
138_fibrosis_176.png,orig04320.png
072_fibrosis_202.png,orig04321.png
071_fibrosis_184.png,orig04322.png
147_fibrosis_102.png,orig04323.png
131_fibrosis_193.png,orig04324.png
196_fibrosis_164.png,orig04325.png
078_fibrosis_026.png,orig04326.png
137_fibrosis_124.png,orig04327.png
080_fibrosis_407.png,orig04328.png
074_fibrosis_230.png,orig04329.png
065_fibrosis_071.png,orig04330.png
199_fibrosis_047.png,orig04331.png
077_fibrosis_290.png,orig04332.png
198_fibrosis_082.png,orig04333.png
081_fibrosis_311.png,orig04334.png
074_fibrosis_235.png,orig04335.png
193_fibrosis_102.png,orig04336.png
075_fibrosis_158.png,orig04337.png
137_fibrosis_250.png,orig04338.png
069_fibrosis_295.png,orig04339.png
132_fibrosis_035.png,orig04340.png
073_fibrosis_172.png,orig04341.png
067_fibrosis_223.png,orig04342.png
068_fibrosis_143.png,orig04343.png
132_fibrosis_161.png,orig04344.png
197_fibrosis_184.png,orig04345.png
069_fibrosis_236.png,orig04346.png
080_fibrosis_207.png,orig04347.png
192_fibrosis_151.png,orig04348.png
200_fibrosis_116.png,orig04349.png
080_fibrosis_421.png,orig04350.png
033_fibrosis_300.png,orig04351.png
196_fibrosis_300.png,orig04352.png
127_fibrosis_364.png,orig04353.png
084_fibrosis_146.png,orig04354.png
136_fibrosis_106.png,orig04355.png
080_fibrosis_413.png,orig04356.png
069_fibrosis_228.png,orig04357.png
195_fibrosis_106.png,orig04358.png
139_fibrosis_113.png,orig04359.png
066_fibrosis_118.png,orig04360.png
068_fibrosis_180.png,orig04361.png
203_fibrosis_088.png,orig04362.png
195_fibrosis_113.png,orig04363.png
076_fibrosis_131.png,orig04364.png
073_fibrosis_097.png,orig04365.png
135_fibrosis_236.png,orig04366.png
195_fibrosis_288.png,orig04367.png
203_fibrosis_069.png,orig04368.png
075_fibrosis_264.png,orig04369.png
071_fibrosis_093.png,orig04370.png
073_fibrosis_238.png,orig04371.png
140_fibrosis_104.png,orig04372.png
149_fibrosis_113.png,orig04373.png
193_fibrosis_167.png,orig04374.png
072_fibrosis_148.png,orig04375.png
146_fibrosis_230.png,orig04376.png
068_fibrosis_077.png,orig04377.png
082_fibrosis_229.png,orig04378.png
081_fibrosis_117.png,orig04379.png
196_fibrosis_312.png,orig04380.png
128_fibrosis_125.png,orig04381.png
033_fibrosis_297.png,orig04382.png
127_fibrosis_263.png,orig04383.png
033_fibrosis_048.png,orig04384.png
195_fibrosis_248.png,orig04385.png
199_fibrosis_087.png,orig04386.png
136_fibrosis_075.png,orig04387.png
145_fibrosis_133.png,orig04388.png
064_fibrosis_093.png,orig04389.png
192_fibrosis_173.png,orig04390.png
135_fibrosis_130.png,orig04391.png
146_fibrosis_219.png,orig04392.png
192_fibrosis_183.png,orig04393.png
137_fibrosis_057.png,orig04394.png
135_fibrosis_132.png,orig04395.png
192_fibrosis_138.png,orig04396.png
194_fibrosis_176.png,orig04397.png
129_fibrosis_043.png,orig04398.png
072_fibrosis_134.png,orig04399.png
131_fibrosis_294.png,orig04400.png
136_fibrosis_196.png,orig04401.png
192_fibrosis_143.png,orig04402.png
196_fibrosis_123.png,orig04403.png
196_fibrosis_027.png,orig04404.png
079_fibrosis_111.png,orig04405.png
136_fibrosis_227.png,orig04406.png
195_fibrosis_127.png,orig04407.png
084_fibrosis_169.png,orig04408.png
129_fibrosis_219.png,orig04409.png
203_fibrosis_055.png,orig04410.png
145_fibrosis_207.png,orig04411.png
147_fibrosis_267.png,orig04412.png
076_fibrosis_261.png,orig04413.png
129_fibrosis_034.png,orig04414.png
135_fibrosis_055.png,orig04415.png
147_fibrosis_141.png,orig04416.png
134_fibrosis_070.png,orig04417.png
139_fibrosis_319.png,orig04418.png
139_fibrosis_098.png,orig04419.png
194_fibrosis_157.png,orig04420.png
145_fibrosis_096.png,orig04421.png
071_fibrosis_043.png,orig04422.png
131_fibrosis_238.png,orig04423.png
149_fibrosis_030.png,orig04424.png
071_fibrosis_265.png,orig04425.png
129_fibrosis_143.png,orig04426.png
148_fibrosis_216.png,orig04427.png
146_fibrosis_066.png,orig04428.png
137_fibrosis_096.png,orig04429.png
139_fibrosis_141.png,orig04430.png
132_fibrosis_152.png,orig04431.png
071_fibrosis_229.png,orig04432.png
073_fibrosis_094.png,orig04433.png
197_fibrosis_135.png,orig04434.png
200_fibrosis_180.png,orig04435.png
074_fibrosis_313.png,orig04436.png
132_fibrosis_191.png,orig04437.png
073_fibrosis_089.png,orig04438.png
148_fibrosis_226.png,orig04439.png
068_fibrosis_219.png,orig04440.png
198_fibrosis_227.png,orig04441.png
072_fibrosis_055.png,orig04442.png
146_fibrosis_223.png,orig04443.png
138_fibrosis_033.png,orig04444.png
066_fibrosis_291.png,orig04445.png
149_fibrosis_137.png,orig04446.png
192_fibrosis_142.png,orig04447.png
079_fibrosis_126.png,orig04448.png
132_fibrosis_082.png,orig04449.png
033_fibrosis_269.png,orig04450.png
079_fibrosis_295.png,orig04451.png
064_fibrosis_201.png,orig04452.png
194_fibrosis_240.png,orig04453.png
064_fibrosis_306.png,orig04454.png
195_fibrosis_166.png,orig04455.png
127_fibrosis_099.png,orig04456.png
198_fibrosis_220.png,orig04457.png
196_fibrosis_233.png,orig04458.png
033_fibrosis_097.png,orig04459.png
148_fibrosis_134.png,orig04460.png
149_fibrosis_316.png,orig04461.png
077_fibrosis_274.png,orig04462.png
074_fibrosis_292.png,orig04463.png
066_fibrosis_106.png,orig04464.png
148_fibrosis_263.png,orig04465.png
197_fibrosis_047.png,orig04466.png
075_fibrosis_120.png,orig04467.png
074_fibrosis_127.png,orig04468.png
066_fibrosis_319.png,orig04469.png
072_fibrosis_274.png,orig04470.png
071_fibrosis_062.png,orig04471.png
195_fibrosis_290.png,orig04472.png
071_fibrosis_044.png,orig04473.png
128_fibrosis_159.png,orig04474.png
148_fibrosis_073.png,orig04475.png
079_fibrosis_204.png,orig04476.png
078_fibrosis_131.png,orig04477.png
069_fibrosis_084.png,orig04478.png
068_fibrosis_055.png,orig04479.png
064_fibrosis_163.png,orig04480.png
075_fibrosis_166.png,orig04481.png
078_fibrosis_247.png,orig04482.png
074_fibrosis_177.png,orig04483.png
077_fibrosis_355.png,orig04484.png
080_fibrosis_333.png,orig04485.png
082_fibrosis_120.png,orig04486.png
196_fibrosis_166.png,orig04487.png
194_fibrosis_186.png,orig04488.png
196_fibrosis_197.png,orig04489.png
073_fibrosis_282.png,orig04490.png
139_fibrosis_217.png,orig04491.png
067_fibrosis_055.png,orig04492.png
128_fibrosis_243.png,orig04493.png
076_fibrosis_135.png,orig04494.png
077_fibrosis_323.png,orig04495.png
071_fibrosis_220.png,orig04496.png
069_fibrosis_274.png,orig04497.png
075_fibrosis_297.png,orig04498.png
141_fibrosis_155.png,orig04499.png
081_fibrosis_240.png,orig04500.png
131_fibrosis_082.png,orig04501.png
084_fibrosis_106.png,orig04502.png
195_fibrosis_292.png,orig04503.png
194_fibrosis_133.png,orig04504.png
066_fibrosis_056.png,orig04505.png
034_fibrosis_214.png,orig04506.png
066_fibrosis_335.png,orig04507.png
127_fibrosis_334.png,orig04508.png
069_fibrosis_284.png,orig04509.png
074_fibrosis_021.png,orig04510.png
068_fibrosis_211.png,orig04511.png
131_fibrosis_301.png,orig04512.png
076_fibrosis_144.png,orig04513.png
139_fibrosis_343.png,orig04514.png
065_fibrosis_089.png,orig04515.png
075_fibrosis_099.png,orig04516.png
068_fibrosis_283.png,orig04517.png
069_fibrosis_288.png,orig04518.png
064_fibrosis_217.png,orig04519.png
197_fibrosis_113.png,orig04520.png
134_fibrosis_221.png,orig04521.png
075_fibrosis_232.png,orig04522.png
033_fibrosis_127.png,orig04523.png
139_fibrosis_316.png,orig04524.png
081_fibrosis_188.png,orig04525.png
135_fibrosis_095.png,orig04526.png
082_fibrosis_249.png,orig04527.png
082_fibrosis_151.png,orig04528.png
071_fibrosis_100.png,orig04529.png
197_fibrosis_202.png,orig04530.png
132_fibrosis_278.png,orig04531.png
084_fibrosis_249.png,orig04532.png
078_fibrosis_065.png,orig04533.png
149_fibrosis_064.png,orig04534.png
139_fibrosis_174.png,orig04535.png
084_fibrosis_039.png,orig04536.png
195_fibrosis_198.png,orig04537.png
033_fibrosis_179.png,orig04538.png
149_fibrosis_069.png,orig04539.png
135_fibrosis_211.png,orig04540.png
084_fibrosis_198.png,orig04541.png
139_fibrosis_121.png,orig04542.png
134_fibrosis_036.png,orig04543.png
195_fibrosis_045.png,orig04544.png
076_fibrosis_240.png,orig04545.png
132_fibrosis_154.png,orig04546.png
071_fibrosis_207.png,orig04547.png
072_fibrosis_141.png,orig04548.png
200_fibrosis_126.png,orig04549.png
068_fibrosis_073.png,orig04550.png
195_fibrosis_060.png,orig04551.png
080_fibrosis_232.png,orig04552.png
146_fibrosis_049.png,orig04553.png
197_fibrosis_095.png,orig04554.png
195_fibrosis_037.png,orig04555.png
077_fibrosis_224.png,orig04556.png
141_fibrosis_117.png,orig04557.png
195_fibrosis_175.png,orig04558.png
131_fibrosis_098.png,orig04559.png
193_fibrosis_084.png,orig04560.png
127_fibrosis_339.png,orig04561.png
080_fibrosis_347.png,orig04562.png
071_fibrosis_122.png,orig04563.png
075_fibrosis_216.png,orig04564.png
196_fibrosis_206.png,orig04565.png
196_fibrosis_271.png,orig04566.png
192_fibrosis_188.png,orig04567.png
143_fibrosis_161.png,orig04568.png
075_fibrosis_255.png,orig04569.png
068_fibrosis_244.png,orig04570.png
198_fibrosis_150.png,orig04571.png
148_fibrosis_041.png,orig04572.png
196_fibrosis_314.png,orig04573.png
064_fibrosis_153.png,orig04574.png
146_fibrosis_216.png,orig04575.png
200_fibrosis_097.png,orig04576.png
199_fibrosis_062.png,orig04577.png
067_fibrosis_041.png,orig04578.png
073_fibrosis_297.png,orig04579.png
071_fibrosis_039.png,orig04580.png
066_fibrosis_096.png,orig04581.png
075_fibrosis_228.png,orig04582.png
148_fibrosis_071.png,orig04583.png
146_fibrosis_057.png,orig04584.png
145_fibrosis_180.png,orig04585.png
140_fibrosis_193.png,orig04586.png
078_fibrosis_205.png,orig04587.png
192_fibrosis_257.png,orig04588.png
077_fibrosis_161.png,orig04589.png
200_fibrosis_115.png,orig04590.png
034_fibrosis_293.png,orig04591.png
194_fibrosis_283.png,orig04592.png
073_fibrosis_052.png,orig04593.png
074_fibrosis_277.png,orig04594.png
145_fibrosis_023.png,orig04595.png
034_fibrosis_181.png,orig04596.png
129_fibrosis_290.png,orig04597.png
148_fibrosis_122.png,orig04598.png
149_fibrosis_211.png,orig04599.png
072_fibrosis_122.png,orig04600.png
137_fibrosis_188.png,orig04601.png
071_fibrosis_104.png,orig04602.png
033_fibrosis_184.png,orig04603.png
081_fibrosis_167.png,orig04604.png
078_fibrosis_145.png,orig04605.png
148_fibrosis_064.png,orig04606.png
195_fibrosis_125.png,orig04607.png
140_fibrosis_147.png,orig04608.png
065_fibrosis_129.png,orig04609.png
071_fibrosis_101.png,orig04610.png
067_fibrosis_151.png,orig04611.png
033_fibrosis_086.png,orig04612.png
198_fibrosis_034.png,orig04613.png
064_fibrosis_036.png,orig04614.png
080_fibrosis_398.png,orig04615.png
076_fibrosis_178.png,orig04616.png
200_fibrosis_106.png,orig04617.png
066_fibrosis_273.png,orig04618.png
139_fibrosis_124.png,orig04619.png
076_fibrosis_209.png,orig04620.png
079_fibrosis_180.png,orig04621.png
198_fibrosis_215.png,orig04622.png
200_fibrosis_159.png,orig04623.png
067_fibrosis_040.png,orig04624.png
134_fibrosis_030.png,orig04625.png
145_fibrosis_140.png,orig04626.png
079_fibrosis_081.png,orig04627.png
140_fibrosis_250.png,orig04628.png
068_fibrosis_133.png,orig04629.png
079_fibrosis_093.png,orig04630.png
200_fibrosis_055.png,orig04631.png
071_fibrosis_154.png,orig04632.png
143_fibrosis_148.png,orig04633.png
069_fibrosis_072.png,orig04634.png
137_fibrosis_142.png,orig04635.png
132_fibrosis_123.png,orig04636.png
201_fibrosis_084.png,orig04637.png
192_fibrosis_162.png,orig04638.png
078_fibrosis_163.png,orig04639.png
074_fibrosis_190.png,orig04640.png
068_fibrosis_078.png,orig04641.png
196_fibrosis_186.png,orig04642.png
081_fibrosis_247.png,orig04643.png
084_fibrosis_052.png,orig04644.png
072_fibrosis_027.png,orig04645.png
146_fibrosis_142.png,orig04646.png
141_fibrosis_110.png,orig04647.png
148_fibrosis_105.png,orig04648.png
147_fibrosis_160.png,orig04649.png
074_fibrosis_067.png,orig04650.png
064_fibrosis_067.png,orig04651.png
081_fibrosis_093.png,orig04652.png
134_fibrosis_163.png,orig04653.png
132_fibrosis_111.png,orig04654.png
066_fibrosis_178.png,orig04655.png
129_fibrosis_165.png,orig04656.png
076_fibrosis_123.png,orig04657.png
084_fibrosis_245.png,orig04658.png
138_fibrosis_131.png,orig04659.png
193_fibrosis_181.png,orig04660.png
069_fibrosis_140.png,orig04661.png
081_fibrosis_245.png,orig04662.png
082_fibrosis_146.png,orig04663.png
137_fibrosis_082.png,orig04664.png
198_fibrosis_068.png,orig04665.png
136_fibrosis_090.png,orig04666.png
139_fibrosis_305.png,orig04667.png
066_fibrosis_121.png,orig04668.png
069_fibrosis_276.png,orig04669.png
073_fibrosis_176.png,orig04670.png
145_fibrosis_102.png,orig04671.png
073_fibrosis_170.png,orig04672.png
145_fibrosis_090.png,orig04673.png
145_fibrosis_132.png,orig04674.png
073_fibrosis_128.png,orig04675.png
146_fibrosis_149.png,orig04676.png
076_fibrosis_045.png,orig04677.png
132_fibrosis_219.png,orig04678.png
127_fibrosis_277.png,orig04679.png
194_fibrosis_275.png,orig04680.png
145_fibrosis_193.png,orig04681.png
072_fibrosis_263.png,orig04682.png
065_fibrosis_045.png,orig04683.png
138_fibrosis_263.png,orig04684.png
084_fibrosis_155.png,orig04685.png
068_fibrosis_227.png,orig04686.png
069_fibrosis_264.png,orig04687.png
141_fibrosis_069.png,orig04688.png
136_fibrosis_121.png,orig04689.png
132_fibrosis_237.png,orig04690.png
073_fibrosis_199.png,orig04691.png
068_fibrosis_286.png,orig04692.png
076_fibrosis_181.png,orig04693.png
129_fibrosis_146.png,orig04694.png
192_fibrosis_148.png,orig04695.png
132_fibrosis_150.png,orig04696.png
081_fibrosis_165.png,orig04697.png
145_fibrosis_091.png,orig04698.png
075_fibrosis_309.png,orig04699.png
145_fibrosis_218.png,orig04700.png
147_fibrosis_105.png,orig04701.png
136_fibrosis_165.png,orig04702.png
199_fibrosis_137.png,orig04703.png
201_fibrosis_177.png,orig04704.png
064_fibrosis_031.png,orig04705.png
067_fibrosis_135.png,orig04706.png
146_fibrosis_267.png,orig04707.png
069_fibrosis_185.png,orig04708.png
134_fibrosis_198.png,orig04709.png
076_fibrosis_200.png,orig04710.png
077_fibrosis_050.png,orig04711.png
074_fibrosis_052.png,orig04712.png
067_fibrosis_208.png,orig04713.png
077_fibrosis_304.png,orig04714.png
135_fibrosis_238.png,orig04715.png
136_fibrosis_188.png,orig04716.png
072_fibrosis_056.png,orig04717.png
068_fibrosis_108.png,orig04718.png
078_fibrosis_221.png,orig04719.png
067_fibrosis_042.png,orig04720.png
082_fibrosis_312.png,orig04721.png
078_fibrosis_066.png,orig04722.png
128_fibrosis_215.png,orig04723.png
131_fibrosis_195.png,orig04724.png
072_fibrosis_100.png,orig04725.png
196_fibrosis_262.png,orig04726.png
131_fibrosis_252.png,orig04727.png
129_fibrosis_286.png,orig04728.png
198_fibrosis_224.png,orig04729.png
196_fibrosis_188.png,orig04730.png
075_fibrosis_172.png,orig04731.png
137_fibrosis_303.png,orig04732.png
141_fibrosis_149.png,orig04733.png
147_fibrosis_169.png,orig04734.png
201_fibrosis_188.png,orig04735.png
148_fibrosis_197.png,orig04736.png
078_fibrosis_171.png,orig04737.png
136_fibrosis_223.png,orig04738.png
084_fibrosis_108.png,orig04739.png
195_fibrosis_207.png,orig04740.png
139_fibrosis_112.png,orig04741.png
074_fibrosis_258.png,orig04742.png
148_fibrosis_068.png,orig04743.png
138_fibrosis_049.png,orig04744.png
192_fibrosis_163.png,orig04745.png
128_fibrosis_204.png,orig04746.png
073_fibrosis_116.png,orig04747.png
149_fibrosis_157.png,orig04748.png
131_fibrosis_059.png,orig04749.png
078_fibrosis_023.png,orig04750.png
197_fibrosis_180.png,orig04751.png
147_fibrosis_285.png,orig04752.png
127_fibrosis_390.png,orig04753.png
135_fibrosis_156.png,orig04754.png
069_fibrosis_139.png,orig04755.png
137_fibrosis_274.png,orig04756.png
148_fibrosis_038.png,orig04757.png
068_fibrosis_229.png,orig04758.png
073_fibrosis_129.png,orig04759.png
148_fibrosis_109.png,orig04760.png
145_fibrosis_063.png,orig04761.png
143_fibrosis_183.png,orig04762.png
140_fibrosis_120.png,orig04763.png
127_fibrosis_040.png,orig04764.png
143_fibrosis_100.png,orig04765.png
078_fibrosis_033.png,orig04766.png
066_fibrosis_046.png,orig04767.png
148_fibrosis_065.png,orig04768.png
072_fibrosis_047.png,orig04769.png
075_fibrosis_221.png,orig04770.png
140_fibrosis_251.png,orig04771.png
140_fibrosis_025.png,orig04772.png
131_fibrosis_074.png,orig04773.png
192_fibrosis_055.png,orig04774.png
139_fibrosis_350.png,orig04775.png
080_fibrosis_356.png,orig04776.png
074_fibrosis_123.png,orig04777.png
192_fibrosis_218.png,orig04778.png
143_fibrosis_115.png,orig04779.png
076_fibrosis_040.png,orig04780.png
141_fibrosis_243.png,orig04781.png
132_fibrosis_126.png,orig04782.png
071_fibrosis_105.png,orig04783.png
196_fibrosis_281.png,orig04784.png
140_fibrosis_256.png,orig04785.png
139_fibrosis_234.png,orig04786.png
200_fibrosis_056.png,orig04787.png
129_fibrosis_140.png,orig04788.png
129_fibrosis_187.png,orig04789.png
201_fibrosis_105.png,orig04790.png
072_fibrosis_115.png,orig04791.png
084_fibrosis_111.png,orig04792.png
134_fibrosis_201.png,orig04793.png
066_fibrosis_262.png,orig04794.png
068_fibrosis_190.png,orig04795.png
084_fibrosis_247.png,orig04796.png
141_fibrosis_108.png,orig04797.png
200_fibrosis_105.png,orig04798.png
074_fibrosis_189.png,orig04799.png
064_fibrosis_235.png,orig04800.png
077_fibrosis_239.png,orig04801.png
075_fibrosis_213.png,orig04802.png
076_fibrosis_137.png,orig04803.png
145_fibrosis_095.png,orig04804.png
081_fibrosis_170.png,orig04805.png
149_fibrosis_321.png,orig04806.png
145_fibrosis_210.png,orig04807.png
137_fibrosis_125.png,orig04808.png
195_fibrosis_227.png,orig04809.png
064_fibrosis_188.png,orig04810.png
073_fibrosis_271.png,orig04811.png
084_fibrosis_215.png,orig04812.png
128_fibrosis_139.png,orig04813.png
084_fibrosis_103.png,orig04814.png
134_fibrosis_268.png,orig04815.png
148_fibrosis_063.png,orig04816.png
138_fibrosis_058.png,orig04817.png
134_fibrosis_059.png,orig04818.png
127_fibrosis_307.png,orig04819.png
137_fibrosis_169.png,orig04820.png
197_fibrosis_101.png,orig04821.png
071_fibrosis_037.png,orig04822.png
078_fibrosis_252.png,orig04823.png
080_fibrosis_419.png,orig04824.png
067_fibrosis_193.png,orig04825.png
197_fibrosis_124.png,orig04826.png
194_fibrosis_212.png,orig04827.png
079_fibrosis_182.png,orig04828.png
193_fibrosis_079.png,orig04829.png
137_fibrosis_187.png,orig04830.png
066_fibrosis_282.png,orig04831.png
139_fibrosis_314.png,orig04832.png
200_fibrosis_173.png,orig04833.png
193_fibrosis_179.png,orig04834.png
078_fibrosis_308.png,orig04835.png
033_fibrosis_195.png,orig04836.png
127_fibrosis_062.png,orig04837.png
075_fibrosis_074.png,orig04838.png
076_fibrosis_199.png,orig04839.png
135_fibrosis_039.png,orig04840.png
077_fibrosis_056.png,orig04841.png
079_fibrosis_085.png,orig04842.png
127_fibrosis_336.png,orig04843.png
136_fibrosis_255.png,orig04844.png
192_fibrosis_231.png,orig04845.png
143_fibrosis_130.png,orig04846.png
076_fibrosis_136.png,orig04847.png
127_fibrosis_278.png,orig04848.png
068_fibrosis_110.png,orig04849.png
143_fibrosis_158.png,orig04850.png
075_fibrosis_239.png,orig04851.png
138_fibrosis_211.png,orig04852.png
137_fibrosis_074.png,orig04853.png
149_fibrosis_117.png,orig04854.png
073_fibrosis_149.png,orig04855.png
071_fibrosis_256.png,orig04856.png
072_fibrosis_267.png,orig04857.png
139_fibrosis_106.png,orig04858.png
077_fibrosis_256.png,orig04859.png
033_fibrosis_318.png,orig04860.png
145_fibrosis_055.png,orig04861.png
145_fibrosis_061.png,orig04862.png
138_fibrosis_258.png,orig04863.png
069_fibrosis_204.png,orig04864.png
137_fibrosis_246.png,orig04865.png
145_fibrosis_078.png,orig04866.png
194_fibrosis_229.png,orig04867.png
034_fibrosis_218.png,orig04868.png
141_fibrosis_092.png,orig04869.png
069_fibrosis_241.png,orig04870.png
132_fibrosis_132.png,orig04871.png
069_fibrosis_240.png,orig04872.png
064_fibrosis_197.png,orig04873.png
034_fibrosis_243.png,orig04874.png
132_fibrosis_088.png,orig04875.png
147_fibrosis_115.png,orig04876.png
078_fibrosis_240.png,orig04877.png
148_fibrosis_094.png,orig04878.png
034_fibrosis_131.png,orig04879.png
198_fibrosis_107.png,orig04880.png
069_fibrosis_088.png,orig04881.png
076_fibrosis_160.png,orig04882.png
132_fibrosis_248.png,orig04883.png
068_fibrosis_187.png,orig04884.png
192_fibrosis_062.png,orig04885.png
131_fibrosis_224.png,orig04886.png
074_fibrosis_131.png,orig04887.png
064_fibrosis_209.png,orig04888.png
071_fibrosis_021.png,orig04889.png
064_fibrosis_301.png,orig04890.png
198_fibrosis_207.png,orig04891.png
072_fibrosis_164.png,orig04892.png
138_fibrosis_084.png,orig04893.png
034_fibrosis_127.png,orig04894.png
078_fibrosis_146.png,orig04895.png
136_fibrosis_079.png,orig04896.png
033_fibrosis_122.png,orig04897.png
069_fibrosis_122.png,orig04898.png
066_fibrosis_338.png,orig04899.png
079_fibrosis_131.png,orig04900.png
076_fibrosis_027.png,orig04901.png
136_fibrosis_160.png,orig04902.png
127_fibrosis_106.png,orig04903.png
084_fibrosis_117.png,orig04904.png
148_fibrosis_144.png,orig04905.png
069_fibrosis_083.png,orig04906.png
076_fibrosis_191.png,orig04907.png
139_fibrosis_249.png,orig04908.png
131_fibrosis_302.png,orig04909.png
075_fibrosis_078.png,orig04910.png
077_fibrosis_022.png,orig04911.png
074_fibrosis_203.png,orig04912.png
072_fibrosis_096.png,orig04913.png
136_fibrosis_062.png,orig04914.png
069_fibrosis_099.png,orig04915.png
079_fibrosis_218.png,orig04916.png
128_fibrosis_122.png,orig04917.png
074_fibrosis_262.png,orig04918.png
075_fibrosis_231.png,orig04919.png
196_fibrosis_120.png,orig04920.png
073_fibrosis_206.png,orig04921.png
141_fibrosis_120.png,orig04922.png
147_fibrosis_177.png,orig04923.png
196_fibrosis_135.png,orig04924.png
195_fibrosis_285.png,orig04925.png
129_fibrosis_105.png,orig04926.png
141_fibrosis_193.png,orig04927.png
078_fibrosis_020.png,orig04928.png
149_fibrosis_176.png,orig04929.png
128_fibrosis_088.png,orig04930.png
132_fibrosis_049.png,orig04931.png
132_fibrosis_127.png,orig04932.png
082_fibrosis_074.png,orig04933.png
132_fibrosis_115.png,orig04934.png
143_fibrosis_106.png,orig04935.png
132_fibrosis_145.png,orig04936.png
196_fibrosis_209.png,orig04937.png
149_fibrosis_028.png,orig04938.png
074_fibrosis_206.png,orig04939.png
066_fibrosis_271.png,orig04940.png
084_fibrosis_061.png,orig04941.png
145_fibrosis_172.png,orig04942.png
140_fibrosis_224.png,orig04943.png
071_fibrosis_270.png,orig04944.png
195_fibrosis_259.png,orig04945.png
127_fibrosis_302.png,orig04946.png
148_fibrosis_099.png,orig04947.png
074_fibrosis_027.png,orig04948.png
073_fibrosis_205.png,orig04949.png
134_fibrosis_184.png,orig04950.png
140_fibrosis_132.png,orig04951.png
139_fibrosis_240.png,orig04952.png
148_fibrosis_024.png,orig04953.png
146_fibrosis_117.png,orig04954.png
192_fibrosis_098.png,orig04955.png
068_fibrosis_032.png,orig04956.png
071_fibrosis_071.png,orig04957.png
066_fibrosis_123.png,orig04958.png
076_fibrosis_188.png,orig04959.png
064_fibrosis_195.png,orig04960.png
136_fibrosis_176.png,orig04961.png
073_fibrosis_267.png,orig04962.png
067_fibrosis_227.png,orig04963.png
071_fibrosis_186.png,orig04964.png
127_fibrosis_276.png,orig04965.png
141_fibrosis_233.png,orig04966.png
193_fibrosis_151.png,orig04967.png
149_fibrosis_053.png,orig04968.png
084_fibrosis_212.png,orig04969.png
067_fibrosis_145.png,orig04970.png
194_fibrosis_053.png,orig04971.png
082_fibrosis_201.png,orig04972.png
136_fibrosis_229.png,orig04973.png
084_fibrosis_141.png,orig04974.png
074_fibrosis_096.png,orig04975.png
198_fibrosis_103.png,orig04976.png
068_fibrosis_098.png,orig04977.png
141_fibrosis_254.png,orig04978.png
138_fibrosis_031.png,orig04979.png
078_fibrosis_122.png,orig04980.png
201_fibrosis_081.png,orig04981.png
192_fibrosis_202.png,orig04982.png
131_fibrosis_303.png,orig04983.png
136_fibrosis_141.png,orig04984.png
065_fibrosis_024.png,orig04985.png
069_fibrosis_214.png,orig04986.png
134_fibrosis_088.png,orig04987.png
128_fibrosis_263.png,orig04988.png
136_fibrosis_183.png,orig04989.png
135_fibrosis_215.png,orig04990.png
195_fibrosis_245.png,orig04991.png
075_fibrosis_096.png,orig04992.png
074_fibrosis_236.png,orig04993.png
143_fibrosis_049.png,orig04994.png
145_fibrosis_143.png,orig04995.png
134_fibrosis_225.png,orig04996.png
069_fibrosis_133.png,orig04997.png
147_fibrosis_198.png,orig04998.png
064_fibrosis_076.png,orig04999.png
148_fibrosis_035.png,orig05000.png
140_fibrosis_024.png,orig05001.png
127_fibrosis_286.png,orig05002.png
129_fibrosis_208.png,orig05003.png
084_fibrosis_279.png,orig05004.png
069_fibrosis_219.png,orig05005.png
143_fibrosis_078.png,orig05006.png
033_fibrosis_192.png,orig05007.png
080_fibrosis_336.png,orig05008.png
135_fibrosis_186.png,orig05009.png
072_fibrosis_225.png,orig05010.png
084_fibrosis_259.png,orig05011.png
135_fibrosis_071.png,orig05012.png
128_fibrosis_135.png,orig05013.png
141_fibrosis_103.png,orig05014.png
127_fibrosis_105.png,orig05015.png
081_fibrosis_251.png,orig05016.png
129_fibrosis_183.png,orig05017.png
146_fibrosis_089.png,orig05018.png
071_fibrosis_213.png,orig05019.png
064_fibrosis_239.png,orig05020.png
077_fibrosis_357.png,orig05021.png
074_fibrosis_082.png,orig05022.png
137_fibrosis_177.png,orig05023.png
127_fibrosis_173.png,orig05024.png
132_fibrosis_059.png,orig05025.png
069_fibrosis_115.png,orig05026.png
141_fibrosis_090.png,orig05027.png
145_fibrosis_067.png,orig05028.png
137_fibrosis_209.png,orig05029.png
069_fibrosis_272.png,orig05030.png
071_fibrosis_206.png,orig05031.png
128_fibrosis_160.png,orig05032.png
065_fibrosis_141.png,orig05033.png
140_fibrosis_130.png,orig05034.png
143_fibrosis_142.png,orig05035.png
071_fibrosis_113.png,orig05036.png
198_fibrosis_032.png,orig05037.png
149_fibrosis_174.png,orig05038.png
077_fibrosis_137.png,orig05039.png
129_fibrosis_213.png,orig05040.png
082_fibrosis_284.png,orig05041.png
146_fibrosis_143.png,orig05042.png
200_fibrosis_196.png,orig05043.png
084_fibrosis_043.png,orig05044.png
143_fibrosis_026.png,orig05045.png
197_fibrosis_170.png,orig05046.png
143_fibrosis_095.png,orig05047.png
147_fibrosis_056.png,orig05048.png
137_fibrosis_300.png,orig05049.png
143_fibrosis_194.png,orig05050.png
145_fibrosis_117.png,orig05051.png
129_fibrosis_272.png,orig05052.png
138_fibrosis_170.png,orig05053.png
138_fibrosis_061.png,orig05054.png
131_fibrosis_273.png,orig05055.png
128_fibrosis_235.png,orig05056.png
149_fibrosis_099.png,orig05057.png
064_fibrosis_029.png,orig05058.png
139_fibrosis_041.png,orig05059.png
068_fibrosis_266.png,orig05060.png
080_fibrosis_380.png,orig05061.png
064_fibrosis_278.png,orig05062.png
145_fibrosis_208.png,orig05063.png
081_fibrosis_352.png,orig05064.png
134_fibrosis_047.png,orig05065.png
128_fibrosis_149.png,orig05066.png
033_fibrosis_254.png,orig05067.png
137_fibrosis_147.png,orig05068.png
074_fibrosis_043.png,orig05069.png
077_fibrosis_039.png,orig05070.png
134_fibrosis_123.png,orig05071.png
073_fibrosis_236.png,orig05072.png
079_fibrosis_236.png,orig05073.png
200_fibrosis_078.png,orig05074.png
077_fibrosis_167.png,orig05075.png
147_fibrosis_168.png,orig05076.png
139_fibrosis_322.png,orig05077.png
078_fibrosis_251.png,orig05078.png
203_fibrosis_132.png,orig05079.png
066_fibrosis_160.png,orig05080.png
143_fibrosis_062.png,orig05081.png
066_fibrosis_037.png,orig05082.png
139_fibrosis_094.png,orig05083.png
128_fibrosis_037.png,orig05084.png
080_fibrosis_405.png,orig05085.png
084_fibrosis_228.png,orig05086.png
131_fibrosis_177.png,orig05087.png
195_fibrosis_239.png,orig05088.png
081_fibrosis_333.png,orig05089.png
066_fibrosis_129.png,orig05090.png
066_fibrosis_233.png,orig05091.png
195_fibrosis_267.png,orig05092.png
079_fibrosis_250.png,orig05093.png
131_fibrosis_114.png,orig05094.png
145_fibrosis_148.png,orig05095.png
079_fibrosis_150.png,orig05096.png
136_fibrosis_168.png,orig05097.png
131_fibrosis_119.png,orig05098.png
081_fibrosis_239.png,orig05099.png
077_fibrosis_242.png,orig05100.png
134_fibrosis_277.png,orig05101.png
071_fibrosis_075.png,orig05102.png
066_fibrosis_243.png,orig05103.png
195_fibrosis_185.png,orig05104.png
082_fibrosis_200.png,orig05105.png
195_fibrosis_299.png,orig05106.png
135_fibrosis_065.png,orig05107.png
082_fibrosis_273.png,orig05108.png
075_fibrosis_087.png,orig05109.png
074_fibrosis_232.png,orig05110.png
065_fibrosis_060.png,orig05111.png
131_fibrosis_130.png,orig05112.png
149_fibrosis_151.png,orig05113.png
034_fibrosis_130.png,orig05114.png
065_fibrosis_110.png,orig05115.png
071_fibrosis_096.png,orig05116.png
195_fibrosis_081.png,orig05117.png
192_fibrosis_222.png,orig05118.png
192_fibrosis_061.png,orig05119.png
073_fibrosis_062.png,orig05120.png
147_fibrosis_080.png,orig05121.png
196_fibrosis_231.png,orig05122.png
033_fibrosis_055.png,orig05123.png
033_fibrosis_230.png,orig05124.png
082_fibrosis_198.png,orig05125.png
197_fibrosis_134.png,orig05126.png
199_fibrosis_024.png,orig05127.png
084_fibrosis_287.png,orig05128.png
075_fibrosis_224.png,orig05129.png
072_fibrosis_099.png,orig05130.png
196_fibrosis_224.png,orig05131.png
064_fibrosis_222.png,orig05132.png
073_fibrosis_184.png,orig05133.png
078_fibrosis_301.png,orig05134.png
138_fibrosis_096.png,orig05135.png
076_fibrosis_226.png,orig05136.png
074_fibrosis_238.png,orig05137.png
081_fibrosis_126.png,orig05138.png
199_fibrosis_117.png,orig05139.png
072_fibrosis_230.png,orig05140.png
071_fibrosis_121.png,orig05141.png
084_fibrosis_291.png,orig05142.png
197_fibrosis_189.png,orig05143.png
143_fibrosis_073.png,orig05144.png
194_fibrosis_177.png,orig05145.png
064_fibrosis_127.png,orig05146.png
071_fibrosis_129.png,orig05147.png
146_fibrosis_209.png,orig05148.png
065_fibrosis_052.png,orig05149.png
068_fibrosis_079.png,orig05150.png
198_fibrosis_029.png,orig05151.png
134_fibrosis_106.png,orig05152.png
082_fibrosis_104.png,orig05153.png
136_fibrosis_023.png,orig05154.png
197_fibrosis_256.png,orig05155.png
077_fibrosis_052.png,orig05156.png
139_fibrosis_095.png,orig05157.png
146_fibrosis_110.png,orig05158.png
135_fibrosis_045.png,orig05159.png
084_fibrosis_070.png,orig05160.png
147_fibrosis_276.png,orig05161.png
128_fibrosis_174.png,orig05162.png
200_fibrosis_158.png,orig05163.png
196_fibrosis_267.png,orig05164.png
139_fibrosis_392.png,orig05165.png
082_fibrosis_143.png,orig05166.png
082_fibrosis_234.png,orig05167.png
065_fibrosis_147.png,orig05168.png
198_fibrosis_146.png,orig05169.png
081_fibrosis_281.png,orig05170.png
194_fibrosis_091.png,orig05171.png
075_fibrosis_045.png,orig05172.png
143_fibrosis_173.png,orig05173.png
136_fibrosis_127.png,orig05174.png
129_fibrosis_114.png,orig05175.png
139_fibrosis_026.png,orig05176.png
136_fibrosis_185.png,orig05177.png
138_fibrosis_086.png,orig05178.png
064_fibrosis_212.png,orig05179.png
200_fibrosis_120.png,orig05180.png
136_fibrosis_202.png,orig05181.png
131_fibrosis_268.png,orig05182.png
195_fibrosis_149.png,orig05183.png
067_fibrosis_249.png,orig05184.png
193_fibrosis_021.png,orig05185.png
149_fibrosis_204.png,orig05186.png
197_fibrosis_023.png,orig05187.png
127_fibrosis_065.png,orig05188.png
147_fibrosis_186.png,orig05189.png
084_fibrosis_040.png,orig05190.png
192_fibrosis_224.png,orig05191.png
068_fibrosis_230.png,orig05192.png
081_fibrosis_288.png,orig05193.png
033_fibrosis_099.png,orig05194.png
145_fibrosis_048.png,orig05195.png
192_fibrosis_165.png,orig05196.png
146_fibrosis_072.png,orig05197.png
033_fibrosis_279.png,orig05198.png
192_fibrosis_125.png,orig05199.png
079_fibrosis_258.png,orig05200.png
200_fibrosis_023.png,orig05201.png
132_fibrosis_235.png,orig05202.png
136_fibrosis_122.png,orig05203.png
073_fibrosis_068.png,orig05204.png
149_fibrosis_105.png,orig05205.png
076_fibrosis_068.png,orig05206.png
149_fibrosis_162.png,orig05207.png
141_fibrosis_276.png,orig05208.png
132_fibrosis_232.png,orig05209.png
136_fibrosis_246.png,orig05210.png
033_fibrosis_267.png,orig05211.png
069_fibrosis_149.png,orig05212.png
079_fibrosis_232.png,orig05213.png
072_fibrosis_119.png,orig05214.png
079_fibrosis_045.png,orig05215.png
199_fibrosis_070.png,orig05216.png
136_fibrosis_084.png,orig05217.png
076_fibrosis_113.png,orig05218.png
069_fibrosis_224.png,orig05219.png
074_fibrosis_035.png,orig05220.png
135_fibrosis_253.png,orig05221.png
194_fibrosis_274.png,orig05222.png
197_fibrosis_169.png,orig05223.png
073_fibrosis_086.png,orig05224.png
138_fibrosis_235.png,orig05225.png
071_fibrosis_254.png,orig05226.png
136_fibrosis_094.png,orig05227.png
069_fibrosis_187.png,orig05228.png
137_fibrosis_023.png,orig05229.png
147_fibrosis_086.png,orig05230.png
193_fibrosis_166.png,orig05231.png
134_fibrosis_067.png,orig05232.png
065_fibrosis_078.png,orig05233.png
132_fibrosis_153.png,orig05234.png
081_fibrosis_166.png,orig05235.png
075_fibrosis_076.png,orig05236.png
147_fibrosis_299.png,orig05237.png
136_fibrosis_089.png,orig05238.png
197_fibrosis_241.png,orig05239.png
073_fibrosis_268.png,orig05240.png
079_fibrosis_245.png,orig05241.png
197_fibrosis_071.png,orig05242.png
075_fibrosis_141.png,orig05243.png
147_fibrosis_113.png,orig05244.png
064_fibrosis_170.png,orig05245.png
193_fibrosis_125.png,orig05246.png
066_fibrosis_189.png,orig05247.png
148_fibrosis_192.png,orig05248.png
149_fibrosis_170.png,orig05249.png
149_fibrosis_184.png,orig05250.png
140_fibrosis_047.png,orig05251.png
195_fibrosis_058.png,orig05252.png
196_fibrosis_291.png,orig05253.png
135_fibrosis_270.png,orig05254.png
076_fibrosis_245.png,orig05255.png
140_fibrosis_057.png,orig05256.png
068_fibrosis_247.png,orig05257.png
064_fibrosis_130.png,orig05258.png
199_fibrosis_098.png,orig05259.png
197_fibrosis_199.png,orig05260.png
195_fibrosis_032.png,orig05261.png
131_fibrosis_255.png,orig05262.png
127_fibrosis_292.png,orig05263.png
203_fibrosis_099.png,orig05264.png
149_fibrosis_198.png,orig05265.png
069_fibrosis_300.png,orig05266.png
080_fibrosis_214.png,orig05267.png
199_fibrosis_106.png,orig05268.png
069_fibrosis_194.png,orig05269.png
194_fibrosis_117.png,orig05270.png
146_fibrosis_152.png,orig05271.png
137_fibrosis_279.png,orig05272.png
141_fibrosis_145.png,orig05273.png
140_fibrosis_178.png,orig05274.png
141_fibrosis_159.png,orig05275.png
200_fibrosis_117.png,orig05276.png
073_fibrosis_278.png,orig05277.png
075_fibrosis_177.png,orig05278.png
138_fibrosis_025.png,orig05279.png
066_fibrosis_248.png,orig05280.png
141_fibrosis_209.png,orig05281.png
132_fibrosis_060.png,orig05282.png
131_fibrosis_056.png,orig05283.png
195_fibrosis_264.png,orig05284.png
129_fibrosis_287.png,orig05285.png
141_fibrosis_258.png,orig05286.png
203_fibrosis_122.png,orig05287.png
066_fibrosis_260.png,orig05288.png
074_fibrosis_090.png,orig05289.png
079_fibrosis_144.png,orig05290.png
146_fibrosis_101.png,orig05291.png
127_fibrosis_140.png,orig05292.png
138_fibrosis_233.png,orig05293.png
199_fibrosis_023.png,orig05294.png
199_fibrosis_155.png,orig05295.png
077_fibrosis_279.png,orig05296.png
068_fibrosis_235.png,orig05297.png
195_fibrosis_242.png,orig05298.png
147_fibrosis_158.png,orig05299.png
081_fibrosis_127.png,orig05300.png
132_fibrosis_220.png,orig05301.png
143_fibrosis_196.png,orig05302.png
068_fibrosis_106.png,orig05303.png
138_fibrosis_172.png,orig05304.png
146_fibrosis_141.png,orig05305.png
077_fibrosis_284.png,orig05306.png
149_fibrosis_238.png,orig05307.png
135_fibrosis_072.png,orig05308.png
129_fibrosis_147.png,orig05309.png
078_fibrosis_242.png,orig05310.png
194_fibrosis_088.png,orig05311.png
084_fibrosis_194.png,orig05312.png
192_fibrosis_199.png,orig05313.png
034_fibrosis_163.png,orig05314.png
139_fibrosis_040.png,orig05315.png
198_fibrosis_169.png,orig05316.png
129_fibrosis_223.png,orig05317.png
138_fibrosis_261.png,orig05318.png
137_fibrosis_045.png,orig05319.png
067_fibrosis_173.png,orig05320.png
148_fibrosis_118.png,orig05321.png
073_fibrosis_058.png,orig05322.png
084_fibrosis_099.png,orig05323.png
082_fibrosis_075.png,orig05324.png
145_fibrosis_088.png,orig05325.png
139_fibrosis_247.png,orig05326.png
138_fibrosis_196.png,orig05327.png
072_fibrosis_064.png,orig05328.png
131_fibrosis_234.png,orig05329.png
138_fibrosis_079.png,orig05330.png
129_fibrosis_241.png,orig05331.png
073_fibrosis_115.png,orig05332.png
084_fibrosis_041.png,orig05333.png
141_fibrosis_251.png,orig05334.png
195_fibrosis_021.png,orig05335.png
148_fibrosis_055.png,orig05336.png
134_fibrosis_087.png,orig05337.png
081_fibrosis_150.png,orig05338.png
137_fibrosis_123.png,orig05339.png
068_fibrosis_157.png,orig05340.png
074_fibrosis_197.png,orig05341.png
065_fibrosis_143.png,orig05342.png
084_fibrosis_250.png,orig05343.png
079_fibrosis_092.png,orig05344.png
134_fibrosis_167.png,orig05345.png
068_fibrosis_069.png,orig05346.png
200_fibrosis_150.png,orig05347.png
071_fibrosis_261.png,orig05348.png
200_fibrosis_088.png,orig05349.png
139_fibrosis_293.png,orig05350.png
143_fibrosis_171.png,orig05351.png
129_fibrosis_247.png,orig05352.png
079_fibrosis_073.png,orig05353.png
077_fibrosis_302.png,orig05354.png
147_fibrosis_280.png,orig05355.png
134_fibrosis_113.png,orig05356.png
071_fibrosis_102.png,orig05357.png
065_fibrosis_112.png,orig05358.png
079_fibrosis_233.png,orig05359.png
143_fibrosis_117.png,orig05360.png
128_fibrosis_068.png,orig05361.png
078_fibrosis_077.png,orig05362.png
073_fibrosis_200.png,orig05363.png
195_fibrosis_132.png,orig05364.png
127_fibrosis_240.png,orig05365.png
139_fibrosis_259.png,orig05366.png
197_fibrosis_122.png,orig05367.png
064_fibrosis_146.png,orig05368.png
072_fibrosis_081.png,orig05369.png
080_fibrosis_218.png,orig05370.png
131_fibrosis_126.png,orig05371.png
078_fibrosis_307.png,orig05372.png
128_fibrosis_118.png,orig05373.png
131_fibrosis_143.png,orig05374.png
136_fibrosis_096.png,orig05375.png
203_fibrosis_126.png,orig05376.png
149_fibrosis_068.png,orig05377.png
132_fibrosis_286.png,orig05378.png
033_fibrosis_035.png,orig05379.png
195_fibrosis_204.png,orig05380.png
195_fibrosis_020.png,orig05381.png
145_fibrosis_152.png,orig05382.png
078_fibrosis_064.png,orig05383.png
148_fibrosis_047.png,orig05384.png
033_fibrosis_276.png,orig05385.png
203_fibrosis_133.png,orig05386.png
137_fibrosis_059.png,orig05387.png
200_fibrosis_122.png,orig05388.png
127_fibrosis_248.png,orig05389.png
082_fibrosis_105.png,orig05390.png
127_fibrosis_389.png,orig05391.png
145_fibrosis_216.png,orig05392.png
146_fibrosis_172.png,orig05393.png
192_fibrosis_209.png,orig05394.png
139_fibrosis_165.png,orig05395.png
127_fibrosis_058.png,orig05396.png
134_fibrosis_130.png,orig05397.png
078_fibrosis_046.png,orig05398.png
066_fibrosis_254.png,orig05399.png
195_fibrosis_159.png,orig05400.png
134_fibrosis_032.png,orig05401.png
067_fibrosis_025.png,orig05402.png
067_fibrosis_192.png,orig05403.png
128_fibrosis_095.png,orig05404.png
075_fibrosis_279.png,orig05405.png
136_fibrosis_037.png,orig05406.png
138_fibrosis_219.png,orig05407.png
141_fibrosis_100.png,orig05408.png
196_fibrosis_023.png,orig05409.png
148_fibrosis_131.png,orig05410.png
143_fibrosis_084.png,orig05411.png
066_fibrosis_317.png,orig05412.png
084_fibrosis_205.png,orig05413.png
194_fibrosis_281.png,orig05414.png
141_fibrosis_075.png,orig05415.png
079_fibrosis_148.png,orig05416.png
071_fibrosis_155.png,orig05417.png
196_fibrosis_193.png,orig05418.png
135_fibrosis_154.png,orig05419.png
135_fibrosis_160.png,orig05420.png
082_fibrosis_170.png,orig05421.png
196_fibrosis_214.png,orig05422.png
073_fibrosis_295.png,orig05423.png
139_fibrosis_304.png,orig05424.png
141_fibrosis_253.png,orig05425.png
129_fibrosis_271.png,orig05426.png
129_fibrosis_210.png,orig05427.png
192_fibrosis_154.png,orig05428.png
192_fibrosis_060.png,orig05429.png
192_fibrosis_187.png,orig05430.png
081_fibrosis_252.png,orig05431.png
149_fibrosis_163.png,orig05432.png
076_fibrosis_258.png,orig05433.png
079_fibrosis_173.png,orig05434.png
033_fibrosis_156.png,orig05435.png
082_fibrosis_270.png,orig05436.png
076_fibrosis_217.png,orig05437.png
078_fibrosis_156.png,orig05438.png
129_fibrosis_136.png,orig05439.png
129_fibrosis_262.png,orig05440.png
077_fibrosis_286.png,orig05441.png
066_fibrosis_112.png,orig05442.png
201_fibrosis_147.png,orig05443.png
134_fibrosis_147.png,orig05444.png
141_fibrosis_111.png,orig05445.png
080_fibrosis_311.png,orig05446.png
078_fibrosis_321.png,orig05447.png
146_fibrosis_124.png,orig05448.png
136_fibrosis_142.png,orig05449.png
137_fibrosis_277.png,orig05450.png
073_fibrosis_265.png,orig05451.png
081_fibrosis_362.png,orig05452.png
082_fibrosis_172.png,orig05453.png
139_fibrosis_244.png,orig05454.png
147_fibrosis_119.png,orig05455.png
138_fibrosis_228.png,orig05456.png
137_fibrosis_237.png,orig05457.png
064_fibrosis_122.png,orig05458.png
194_fibrosis_128.png,orig05459.png
132_fibrosis_101.png,orig05460.png
078_fibrosis_179.png,orig05461.png
066_fibrosis_090.png,orig05462.png
200_fibrosis_100.png,orig05463.png
075_fibrosis_298.png,orig05464.png
077_fibrosis_257.png,orig05465.png
148_fibrosis_177.png,orig05466.png
145_fibrosis_068.png,orig05467.png
146_fibrosis_203.png,orig05468.png
084_fibrosis_115.png,orig05469.png
076_fibrosis_233.png,orig05470.png
203_fibrosis_150.png,orig05471.png
084_fibrosis_145.png,orig05472.png
084_fibrosis_274.png,orig05473.png
136_fibrosis_133.png,orig05474.png
084_fibrosis_073.png,orig05475.png
079_fibrosis_110.png,orig05476.png
080_fibrosis_235.png,orig05477.png
033_fibrosis_024.png,orig05478.png
148_fibrosis_037.png,orig05479.png
074_fibrosis_175.png,orig05480.png
074_fibrosis_210.png,orig05481.png
074_fibrosis_228.png,orig05482.png
198_fibrosis_046.png,orig05483.png
196_fibrosis_118.png,orig05484.png
147_fibrosis_227.png,orig05485.png
069_fibrosis_262.png,orig05486.png
141_fibrosis_246.png,orig05487.png
193_fibrosis_108.png,orig05488.png
197_fibrosis_244.png,orig05489.png
192_fibrosis_021.png,orig05490.png
198_fibrosis_113.png,orig05491.png
200_fibrosis_175.png,orig05492.png
127_fibrosis_221.png,orig05493.png
077_fibrosis_202.png,orig05494.png
080_fibrosis_366.png,orig05495.png
064_fibrosis_085.png,orig05496.png
075_fibrosis_117.png,orig05497.png
076_fibrosis_031.png,orig05498.png
069_fibrosis_285.png,orig05499.png
143_fibrosis_065.png,orig05500.png
201_fibrosis_045.png,orig05501.png
084_fibrosis_077.png,orig05502.png
195_fibrosis_028.png,orig05503.png
192_fibrosis_182.png,orig05504.png
075_fibrosis_148.png,orig05505.png
136_fibrosis_181.png,orig05506.png
084_fibrosis_189.png,orig05507.png
145_fibrosis_183.png,orig05508.png
081_fibrosis_357.png,orig05509.png
196_fibrosis_226.png,orig05510.png
065_fibrosis_067.png,orig05511.png
131_fibrosis_161.png,orig05512.png
082_fibrosis_099.png,orig05513.png
147_fibrosis_290.png,orig05514.png
145_fibrosis_100.png,orig05515.png
082_fibrosis_192.png,orig05516.png
075_fibrosis_102.png,orig05517.png
066_fibrosis_255.png,orig05518.png
076_fibrosis_102.png,orig05519.png
192_fibrosis_213.png,orig05520.png
068_fibrosis_169.png,orig05521.png
128_fibrosis_254.png,orig05522.png
141_fibrosis_195.png,orig05523.png
146_fibrosis_233.png,orig05524.png
078_fibrosis_076.png,orig05525.png
078_fibrosis_175.png,orig05526.png
066_fibrosis_244.png,orig05527.png
200_fibrosis_152.png,orig05528.png
193_fibrosis_107.png,orig05529.png
073_fibrosis_055.png,orig05530.png
148_fibrosis_168.png,orig05531.png
076_fibrosis_140.png,orig05532.png
136_fibrosis_041.png,orig05533.png
082_fibrosis_257.png,orig05534.png
136_fibrosis_092.png,orig05535.png
135_fibrosis_245.png,orig05536.png
131_fibrosis_239.png,orig05537.png
075_fibrosis_135.png,orig05538.png
073_fibrosis_322.png,orig05539.png
201_fibrosis_156.png,orig05540.png
132_fibrosis_051.png,orig05541.png
194_fibrosis_039.png,orig05542.png
065_fibrosis_139.png,orig05543.png
135_fibrosis_022.png,orig05544.png
200_fibrosis_171.png,orig05545.png
203_fibrosis_030.png,orig05546.png
195_fibrosis_304.png,orig05547.png
069_fibrosis_119.png,orig05548.png
148_fibrosis_124.png,orig05549.png
079_fibrosis_094.png,orig05550.png
082_fibrosis_256.png,orig05551.png
135_fibrosis_252.png,orig05552.png
134_fibrosis_178.png,orig05553.png
076_fibrosis_063.png,orig05554.png
127_fibrosis_104.png,orig05555.png
139_fibrosis_189.png,orig05556.png
149_fibrosis_049.png,orig05557.png
198_fibrosis_148.png,orig05558.png
127_fibrosis_331.png,orig05559.png
067_fibrosis_029.png,orig05560.png
033_fibrosis_233.png,orig05561.png
079_fibrosis_198.png,orig05562.png
072_fibrosis_181.png,orig05563.png
084_fibrosis_022.png,orig05564.png
071_fibrosis_054.png,orig05565.png
131_fibrosis_179.png,orig05566.png
134_fibrosis_223.png,orig05567.png
136_fibrosis_104.png,orig05568.png
065_fibrosis_142.png,orig05569.png
131_fibrosis_282.png,orig05570.png
134_fibrosis_217.png,orig05571.png
072_fibrosis_215.png,orig05572.png
143_fibrosis_109.png,orig05573.png
067_fibrosis_137.png,orig05574.png
148_fibrosis_023.png,orig05575.png
131_fibrosis_076.png,orig05576.png
078_fibrosis_136.png,orig05577.png
073_fibrosis_308.png,orig05578.png
143_fibrosis_028.png,orig05579.png
192_fibrosis_108.png,orig05580.png
034_fibrosis_139.png,orig05581.png
132_fibrosis_222.png,orig05582.png
193_fibrosis_171.png,orig05583.png
141_fibrosis_272.png,orig05584.png
074_fibrosis_055.png,orig05585.png
136_fibrosis_217.png,orig05586.png
072_fibrosis_147.png,orig05587.png
084_fibrosis_180.png,orig05588.png
064_fibrosis_300.png,orig05589.png
068_fibrosis_212.png,orig05590.png
139_fibrosis_237.png,orig05591.png
074_fibrosis_255.png,orig05592.png
195_fibrosis_062.png,orig05593.png
033_fibrosis_294.png,orig05594.png
131_fibrosis_050.png,orig05595.png
075_fibrosis_308.png,orig05596.png
033_fibrosis_174.png,orig05597.png
141_fibrosis_059.png,orig05598.png
074_fibrosis_044.png,orig05599.png
068_fibrosis_145.png,orig05600.png
137_fibrosis_067.png,orig05601.png
139_fibrosis_171.png,orig05602.png
082_fibrosis_160.png,orig05603.png
139_fibrosis_195.png,orig05604.png
192_fibrosis_240.png,orig05605.png
079_fibrosis_220.png,orig05606.png
082_fibrosis_102.png,orig05607.png
135_fibrosis_075.png,orig05608.png
082_fibrosis_152.png,orig05609.png
137_fibrosis_054.png,orig05610.png
197_fibrosis_133.png,orig05611.png
076_fibrosis_193.png,orig05612.png
071_fibrosis_255.png,orig05613.png
143_fibrosis_123.png,orig05614.png
064_fibrosis_226.png,orig05615.png
127_fibrosis_035.png,orig05616.png
196_fibrosis_273.png,orig05617.png
127_fibrosis_194.png,orig05618.png
064_fibrosis_089.png,orig05619.png
195_fibrosis_212.png,orig05620.png
197_fibrosis_054.png,orig05621.png
197_fibrosis_165.png,orig05622.png
073_fibrosis_321.png,orig05623.png
137_fibrosis_234.png,orig05624.png
064_fibrosis_199.png,orig05625.png
131_fibrosis_111.png,orig05626.png
069_fibrosis_093.png,orig05627.png
141_fibrosis_215.png,orig05628.png
135_fibrosis_084.png,orig05629.png
082_fibrosis_286.png,orig05630.png
074_fibrosis_146.png,orig05631.png
067_fibrosis_178.png,orig05632.png
075_fibrosis_155.png,orig05633.png
147_fibrosis_252.png,orig05634.png
147_fibrosis_058.png,orig05635.png
139_fibrosis_323.png,orig05636.png
195_fibrosis_223.png,orig05637.png
067_fibrosis_235.png,orig05638.png
034_fibrosis_097.png,orig05639.png
066_fibrosis_061.png,orig05640.png
066_fibrosis_272.png,orig05641.png
067_fibrosis_121.png,orig05642.png
200_fibrosis_094.png,orig05643.png
065_fibrosis_044.png,orig05644.png
141_fibrosis_113.png,orig05645.png
079_fibrosis_156.png,orig05646.png
148_fibrosis_025.png,orig05647.png
082_fibrosis_164.png,orig05648.png
129_fibrosis_131.png,orig05649.png
197_fibrosis_246.png,orig05650.png
082_fibrosis_085.png,orig05651.png
135_fibrosis_241.png,orig05652.png
141_fibrosis_156.png,orig05653.png
132_fibrosis_245.png,orig05654.png
065_fibrosis_049.png,orig05655.png
195_fibrosis_089.png,orig05656.png
148_fibrosis_167.png,orig05657.png
128_fibrosis_040.png,orig05658.png
193_fibrosis_098.png,orig05659.png
068_fibrosis_241.png,orig05660.png
195_fibrosis_042.png,orig05661.png
084_fibrosis_230.png,orig05662.png
143_fibrosis_077.png,orig05663.png
146_fibrosis_164.png,orig05664.png
078_fibrosis_162.png,orig05665.png
069_fibrosis_270.png,orig05666.png
076_fibrosis_126.png,orig05667.png
149_fibrosis_190.png,orig05668.png
141_fibrosis_082.png,orig05669.png
132_fibrosis_072.png,orig05670.png
196_fibrosis_301.png,orig05671.png
195_fibrosis_281.png,orig05672.png
066_fibrosis_167.png,orig05673.png
129_fibrosis_269.png,orig05674.png
201_fibrosis_110.png,orig05675.png
135_fibrosis_207.png,orig05676.png
137_fibrosis_120.png,orig05677.png
071_fibrosis_147.png,orig05678.png
193_fibrosis_087.png,orig05679.png
139_fibrosis_307.png,orig05680.png
145_fibrosis_060.png,orig05681.png
082_fibrosis_232.png,orig05682.png
081_fibrosis_291.png,orig05683.png
137_fibrosis_172.png,orig05684.png
138_fibrosis_150.png,orig05685.png
064_fibrosis_173.png,orig05686.png
137_fibrosis_272.png,orig05687.png
078_fibrosis_164.png,orig05688.png
128_fibrosis_120.png,orig05689.png
195_fibrosis_051.png,orig05690.png
081_fibrosis_129.png,orig05691.png
136_fibrosis_048.png,orig05692.png
201_fibrosis_223.png,orig05693.png
127_fibrosis_225.png,orig05694.png
145_fibrosis_020.png,orig05695.png
149_fibrosis_104.png,orig05696.png
195_fibrosis_195.png,orig05697.png
081_fibrosis_116.png,orig05698.png
136_fibrosis_190.png,orig05699.png
135_fibrosis_197.png,orig05700.png
196_fibrosis_177.png,orig05701.png
193_fibrosis_031.png,orig05702.png
065_fibrosis_022.png,orig05703.png
134_fibrosis_259.png,orig05704.png
071_fibrosis_217.png,orig05705.png
076_fibrosis_041.png,orig05706.png
128_fibrosis_278.png,orig05707.png
127_fibrosis_021.png,orig05708.png
145_fibrosis_113.png,orig05709.png
194_fibrosis_261.png,orig05710.png
199_fibrosis_151.png,orig05711.png
074_fibrosis_287.png,orig05712.png
082_fibrosis_190.png,orig05713.png
127_fibrosis_122.png,orig05714.png
137_fibrosis_047.png,orig05715.png
195_fibrosis_252.png,orig05716.png
134_fibrosis_077.png,orig05717.png
127_fibrosis_313.png,orig05718.png
203_fibrosis_049.png,orig05719.png
065_fibrosis_070.png,orig05720.png
082_fibrosis_180.png,orig05721.png
149_fibrosis_106.png,orig05722.png
135_fibrosis_221.png,orig05723.png
141_fibrosis_023.png,orig05724.png
068_fibrosis_223.png,orig05725.png
196_fibrosis_189.png,orig05726.png
131_fibrosis_306.png,orig05727.png
129_fibrosis_053.png,orig05728.png
066_fibrosis_199.png,orig05729.png
074_fibrosis_149.png,orig05730.png
076_fibrosis_252.png,orig05731.png
149_fibrosis_189.png,orig05732.png
198_fibrosis_166.png,orig05733.png
068_fibrosis_101.png,orig05734.png
145_fibrosis_026.png,orig05735.png
033_fibrosis_062.png,orig05736.png
145_fibrosis_173.png,orig05737.png
138_fibrosis_073.png,orig05738.png
128_fibrosis_097.png,orig05739.png
139_fibrosis_105.png,orig05740.png
064_fibrosis_141.png,orig05741.png
197_fibrosis_058.png,orig05742.png
148_fibrosis_083.png,orig05743.png
147_fibrosis_145.png,orig05744.png
140_fibrosis_174.png,orig05745.png
132_fibrosis_285.png,orig05746.png
134_fibrosis_203.png,orig05747.png
146_fibrosis_206.png,orig05748.png
193_fibrosis_043.png,orig05749.png
079_fibrosis_076.png,orig05750.png
034_fibrosis_295.png,orig05751.png
129_fibrosis_035.png,orig05752.png
138_fibrosis_036.png,orig05753.png
195_fibrosis_221.png,orig05754.png
141_fibrosis_225.png,orig05755.png
076_fibrosis_164.png,orig05756.png
082_fibrosis_301.png,orig05757.png
198_fibrosis_154.png,orig05758.png
074_fibrosis_296.png,orig05759.png
195_fibrosis_205.png,orig05760.png
068_fibrosis_293.png,orig05761.png
196_fibrosis_084.png,orig05762.png
081_fibrosis_310.png,orig05763.png
073_fibrosis_191.png,orig05764.png
081_fibrosis_124.png,orig05765.png
072_fibrosis_053.png,orig05766.png
196_fibrosis_059.png,orig05767.png
200_fibrosis_192.png,orig05768.png
200_fibrosis_200.png,orig05769.png
065_fibrosis_134.png,orig05770.png
138_fibrosis_094.png,orig05771.png
147_fibrosis_230.png,orig05772.png
140_fibrosis_188.png,orig05773.png
073_fibrosis_193.png,orig05774.png
198_fibrosis_127.png,orig05775.png
068_fibrosis_174.png,orig05776.png
137_fibrosis_287.png,orig05777.png
074_fibrosis_134.png,orig05778.png
193_fibrosis_149.png,orig05779.png
194_fibrosis_224.png,orig05780.png
034_fibrosis_216.png,orig05781.png
081_fibrosis_301.png,orig05782.png
068_fibrosis_163.png,orig05783.png
078_fibrosis_203.png,orig05784.png
064_fibrosis_108.png,orig05785.png
065_fibrosis_091.png,orig05786.png
141_fibrosis_227.png,orig05787.png
201_fibrosis_195.png,orig05788.png
134_fibrosis_172.png,orig05789.png
073_fibrosis_125.png,orig05790.png
129_fibrosis_070.png,orig05791.png
193_fibrosis_109.png,orig05792.png
147_fibrosis_099.png,orig05793.png
129_fibrosis_179.png,orig05794.png
192_fibrosis_223.png,orig05795.png
196_fibrosis_082.png,orig05796.png
084_fibrosis_261.png,orig05797.png
140_fibrosis_154.png,orig05798.png
128_fibrosis_091.png,orig05799.png
147_fibrosis_175.png,orig05800.png
066_fibrosis_188.png,orig05801.png
139_fibrosis_071.png,orig05802.png
132_fibrosis_081.png,orig05803.png
127_fibrosis_189.png,orig05804.png
195_fibrosis_255.png,orig05805.png
192_fibrosis_045.png,orig05806.png
127_fibrosis_043.png,orig05807.png
195_fibrosis_115.png,orig05808.png
141_fibrosis_198.png,orig05809.png
081_fibrosis_249.png,orig05810.png
146_fibrosis_175.png,orig05811.png
139_fibrosis_363.png,orig05812.png
073_fibrosis_218.png,orig05813.png
128_fibrosis_219.png,orig05814.png
077_fibrosis_345.png,orig05815.png
135_fibrosis_029.png,orig05816.png
081_fibrosis_130.png,orig05817.png
138_fibrosis_117.png,orig05818.png
128_fibrosis_126.png,orig05819.png
081_fibrosis_339.png,orig05820.png
146_fibrosis_204.png,orig05821.png
140_fibrosis_320.png,orig05822.png
074_fibrosis_289.png,orig05823.png
064_fibrosis_028.png,orig05824.png
077_fibrosis_157.png,orig05825.png
066_fibrosis_288.png,orig05826.png
082_fibrosis_086.png,orig05827.png
034_fibrosis_068.png,orig05828.png
127_fibrosis_296.png,orig05829.png
128_fibrosis_065.png,orig05830.png
064_fibrosis_088.png,orig05831.png
203_fibrosis_045.png,orig05832.png
129_fibrosis_084.png,orig05833.png
128_fibrosis_242.png,orig05834.png
077_fibrosis_249.png,orig05835.png
127_fibrosis_243.png,orig05836.png
068_fibrosis_178.png,orig05837.png
197_fibrosis_114.png,orig05838.png
192_fibrosis_157.png,orig05839.png
196_fibrosis_074.png,orig05840.png
127_fibrosis_080.png,orig05841.png
082_fibrosis_178.png,orig05842.png
033_fibrosis_119.png,orig05843.png
128_fibrosis_042.png,orig05844.png
068_fibrosis_131.png,orig05845.png
129_fibrosis_037.png,orig05846.png
076_fibrosis_087.png,orig05847.png
146_fibrosis_113.png,orig05848.png
079_fibrosis_117.png,orig05849.png
138_fibrosis_206.png,orig05850.png
194_fibrosis_191.png,orig05851.png
146_fibrosis_047.png,orig05852.png
148_fibrosis_142.png,orig05853.png
131_fibrosis_214.png,orig05854.png
136_fibrosis_022.png,orig05855.png
077_fibrosis_268.png,orig05856.png
076_fibrosis_039.png,orig05857.png
134_fibrosis_104.png,orig05858.png
033_fibrosis_092.png,orig05859.png
074_fibrosis_133.png,orig05860.png
077_fibrosis_211.png,orig05861.png
147_fibrosis_133.png,orig05862.png
134_fibrosis_228.png,orig05863.png
066_fibrosis_172.png,orig05864.png
127_fibrosis_374.png,orig05865.png
149_fibrosis_054.png,orig05866.png
132_fibrosis_091.png,orig05867.png
066_fibrosis_221.png,orig05868.png
198_fibrosis_070.png,orig05869.png
067_fibrosis_242.png,orig05870.png
034_fibrosis_048.png,orig05871.png
197_fibrosis_157.png,orig05872.png
064_fibrosis_026.png,orig05873.png
127_fibrosis_211.png,orig05874.png
138_fibrosis_167.png,orig05875.png
139_fibrosis_078.png,orig05876.png
139_fibrosis_331.png,orig05877.png
136_fibrosis_152.png,orig05878.png
148_fibrosis_212.png,orig05879.png
135_fibrosis_235.png,orig05880.png
194_fibrosis_126.png,orig05881.png
127_fibrosis_354.png,orig05882.png
129_fibrosis_150.png,orig05883.png
068_fibrosis_092.png,orig05884.png
145_fibrosis_085.png,orig05885.png
139_fibrosis_136.png,orig05886.png
074_fibrosis_102.png,orig05887.png
084_fibrosis_072.png,orig05888.png
192_fibrosis_106.png,orig05889.png
034_fibrosis_292.png,orig05890.png
068_fibrosis_233.png,orig05891.png
134_fibrosis_171.png,orig05892.png
131_fibrosis_124.png,orig05893.png
073_fibrosis_144.png,orig05894.png
134_fibrosis_037.png,orig05895.png
131_fibrosis_223.png,orig05896.png
146_fibrosis_033.png,orig05897.png
148_fibrosis_171.png,orig05898.png
200_fibrosis_075.png,orig05899.png
129_fibrosis_270.png,orig05900.png
077_fibrosis_198.png,orig05901.png
131_fibrosis_330.png,orig05902.png
033_fibrosis_044.png,orig05903.png
141_fibrosis_055.png,orig05904.png
068_fibrosis_267.png,orig05905.png
143_fibrosis_041.png,orig05906.png
135_fibrosis_035.png,orig05907.png
065_fibrosis_131.png,orig05908.png
079_fibrosis_237.png,orig05909.png
203_fibrosis_096.png,orig05910.png
137_fibrosis_196.png,orig05911.png
140_fibrosis_164.png,orig05912.png
148_fibrosis_196.png,orig05913.png
148_fibrosis_181.png,orig05914.png
132_fibrosis_121.png,orig05915.png
145_fibrosis_215.png,orig05916.png
077_fibrosis_043.png,orig05917.png
067_fibrosis_076.png,orig05918.png
198_fibrosis_167.png,orig05919.png
198_fibrosis_031.png,orig05920.png
143_fibrosis_139.png,orig05921.png
127_fibrosis_047.png,orig05922.png
080_fibrosis_221.png,orig05923.png
137_fibrosis_129.png,orig05924.png
079_fibrosis_120.png,orig05925.png
193_fibrosis_028.png,orig05926.png
198_fibrosis_073.png,orig05927.png
064_fibrosis_315.png,orig05928.png
192_fibrosis_038.png,orig05929.png
079_fibrosis_211.png,orig05930.png
068_fibrosis_260.png,orig05931.png
138_fibrosis_236.png,orig05932.png
131_fibrosis_103.png,orig05933.png
073_fibrosis_235.png,orig05934.png
135_fibrosis_142.png,orig05935.png
203_fibrosis_081.png,orig05936.png
192_fibrosis_121.png,orig05937.png
074_fibrosis_257.png,orig05938.png
128_fibrosis_085.png,orig05939.png
079_fibrosis_136.png,orig05940.png
146_fibrosis_094.png,orig05941.png
072_fibrosis_057.png,orig05942.png
138_fibrosis_232.png,orig05943.png
072_fibrosis_260.png,orig05944.png
078_fibrosis_048.png,orig05945.png
078_fibrosis_074.png,orig05946.png
069_fibrosis_244.png,orig05947.png
139_fibrosis_358.png,orig05948.png
082_fibrosis_071.png,orig05949.png
074_fibrosis_023.png,orig05950.png
067_fibrosis_038.png,orig05951.png
136_fibrosis_213.png,orig05952.png
084_fibrosis_156.png,orig05953.png
198_fibrosis_179.png,orig05954.png
077_fibrosis_162.png,orig05955.png
129_fibrosis_186.png,orig05956.png
194_fibrosis_028.png,orig05957.png
147_fibrosis_132.png,orig05958.png
064_fibrosis_220.png,orig05959.png
137_fibrosis_283.png,orig05960.png
066_fibrosis_086.png,orig05961.png
201_fibrosis_137.png,orig05962.png
143_fibrosis_204.png,orig05963.png
193_fibrosis_083.png,orig05964.png
192_fibrosis_219.png,orig05965.png
077_fibrosis_111.png,orig05966.png
065_fibrosis_097.png,orig05967.png
034_fibrosis_079.png,orig05968.png
072_fibrosis_101.png,orig05969.png
077_fibrosis_220.png,orig05970.png
196_fibrosis_203.png,orig05971.png
141_fibrosis_220.png,orig05972.png
075_fibrosis_029.png,orig05973.png
199_fibrosis_092.png,orig05974.png
128_fibrosis_253.png,orig05975.png
079_fibrosis_222.png,orig05976.png
134_fibrosis_181.png,orig05977.png
141_fibrosis_181.png,orig05978.png
034_fibrosis_166.png,orig05979.png
140_fibrosis_189.png,orig05980.png
195_fibrosis_234.png,orig05981.png
064_fibrosis_156.png,orig05982.png
197_fibrosis_073.png,orig05983.png
129_fibrosis_178.png,orig05984.png
201_fibrosis_037.png,orig05985.png
148_fibrosis_156.png,orig05986.png
064_fibrosis_109.png,orig05987.png
076_fibrosis_211.png,orig05988.png
137_fibrosis_060.png,orig05989.png
196_fibrosis_230.png,orig05990.png
079_fibrosis_299.png,orig05991.png
075_fibrosis_179.png,orig05992.png
066_fibrosis_251.png,orig05993.png
196_fibrosis_073.png,orig05994.png
081_fibrosis_201.png,orig05995.png
128_fibrosis_248.png,orig05996.png
141_fibrosis_035.png,orig05997.png
203_fibrosis_156.png,orig05998.png
195_fibrosis_278.png,orig05999.png
127_fibrosis_063.png,orig06000.png
139_fibrosis_185.png,orig06001.png
127_fibrosis_281.png,orig06002.png
135_fibrosis_153.png,orig06003.png
067_fibrosis_059.png,orig06004.png
199_fibrosis_073.png,orig06005.png
131_fibrosis_203.png,orig06006.png
137_fibrosis_167.png,orig06007.png
198_fibrosis_193.png,orig06008.png
077_fibrosis_240.png,orig06009.png
071_fibrosis_263.png,orig06010.png
197_fibrosis_028.png,orig06011.png
129_fibrosis_168.png,orig06012.png
201_fibrosis_197.png,orig06013.png
145_fibrosis_077.png,orig06014.png
198_fibrosis_152.png,orig06015.png
145_fibrosis_118.png,orig06016.png
127_fibrosis_028.png,orig06017.png
137_fibrosis_053.png,orig06018.png
131_fibrosis_209.png,orig06019.png
082_fibrosis_247.png,orig06020.png
131_fibrosis_090.png,orig06021.png
198_fibrosis_078.png,orig06022.png
134_fibrosis_169.png,orig06023.png
201_fibrosis_106.png,orig06024.png
194_fibrosis_220.png,orig06025.png
148_fibrosis_028.png,orig06026.png
195_fibrosis_164.png,orig06027.png
194_fibrosis_049.png,orig06028.png
072_fibrosis_180.png,orig06029.png
073_fibrosis_262.png,orig06030.png
138_fibrosis_123.png,orig06031.png
128_fibrosis_192.png,orig06032.png
033_fibrosis_088.png,orig06033.png
143_fibrosis_031.png,orig06034.png
079_fibrosis_145.png,orig06035.png
196_fibrosis_139.png,orig06036.png
075_fibrosis_175.png,orig06037.png
074_fibrosis_147.png,orig06038.png
075_fibrosis_173.png,orig06039.png
075_fibrosis_201.png,orig06040.png
076_fibrosis_124.png,orig06041.png
149_fibrosis_173.png,orig06042.png
064_fibrosis_162.png,orig06043.png
071_fibrosis_180.png,orig06044.png
139_fibrosis_228.png,orig06045.png
079_fibrosis_210.png,orig06046.png
077_fibrosis_206.png,orig06047.png
066_fibrosis_187.png,orig06048.png
075_fibrosis_156.png,orig06049.png
192_fibrosis_129.png,orig06050.png
065_fibrosis_063.png,orig06051.png
129_fibrosis_093.png,orig06052.png
071_fibrosis_157.png,orig06053.png
128_fibrosis_240.png,orig06054.png
134_fibrosis_120.png,orig06055.png
143_fibrosis_071.png,orig06056.png
075_fibrosis_066.png,orig06057.png
139_fibrosis_085.png,orig06058.png
066_fibrosis_212.png,orig06059.png
149_fibrosis_055.png,orig06060.png
082_fibrosis_177.png,orig06061.png
197_fibrosis_175.png,orig06062.png
134_fibrosis_121.png,orig06063.png
064_fibrosis_154.png,orig06064.png
132_fibrosis_080.png,orig06065.png
129_fibrosis_292.png,orig06066.png
078_fibrosis_269.png,orig06067.png
148_fibrosis_256.png,orig06068.png
079_fibrosis_169.png,orig06069.png
197_fibrosis_104.png,orig06070.png
064_fibrosis_046.png,orig06071.png
149_fibrosis_094.png,orig06072.png
146_fibrosis_075.png,orig06073.png
127_fibrosis_381.png,orig06074.png
149_fibrosis_121.png,orig06075.png
196_fibrosis_184.png,orig06076.png
195_fibrosis_302.png,orig06077.png
131_fibrosis_139.png,orig06078.png
146_fibrosis_256.png,orig06079.png
143_fibrosis_110.png,orig06080.png
197_fibrosis_090.png,orig06081.png
078_fibrosis_313.png,orig06082.png
145_fibrosis_206.png,orig06083.png
076_fibrosis_210.png,orig06084.png
140_fibrosis_175.png,orig06085.png
139_fibrosis_139.png,orig06086.png
145_fibrosis_098.png,orig06087.png
146_fibrosis_126.png,orig06088.png
141_fibrosis_180.png,orig06089.png
071_fibrosis_162.png,orig06090.png
074_fibrosis_097.png,orig06091.png
149_fibrosis_072.png,orig06092.png
141_fibrosis_168.png,orig06093.png
140_fibrosis_100.png,orig06094.png
197_fibrosis_053.png,orig06095.png
129_fibrosis_080.png,orig06096.png
082_fibrosis_068.png,orig06097.png
079_fibrosis_252.png,orig06098.png
129_fibrosis_023.png,orig06099.png
127_fibrosis_318.png,orig06100.png
128_fibrosis_176.png,orig06101.png
066_fibrosis_304.png,orig06102.png
140_fibrosis_254.png,orig06103.png
146_fibrosis_260.png,orig06104.png
129_fibrosis_249.png,orig06105.png
200_fibrosis_068.png,orig06106.png
082_fibrosis_140.png,orig06107.png
074_fibrosis_103.png,orig06108.png
075_fibrosis_036.png,orig06109.png
135_fibrosis_034.png,orig06110.png
146_fibrosis_161.png,orig06111.png
034_fibrosis_229.png,orig06112.png
141_fibrosis_262.png,orig06113.png
127_fibrosis_268.png,orig06114.png
141_fibrosis_167.png,orig06115.png
074_fibrosis_229.png,orig06116.png
074_fibrosis_106.png,orig06117.png
148_fibrosis_127.png,orig06118.png
192_fibrosis_117.png,orig06119.png
132_fibrosis_169.png,orig06120.png
198_fibrosis_042.png,orig06121.png
196_fibrosis_162.png,orig06122.png
196_fibrosis_257.png,orig06123.png
141_fibrosis_157.png,orig06124.png
128_fibrosis_271.png,orig06125.png
196_fibrosis_264.png,orig06126.png
131_fibrosis_217.png,orig06127.png
197_fibrosis_105.png,orig06128.png
080_fibrosis_335.png,orig06129.png
139_fibrosis_285.png,orig06130.png
147_fibrosis_088.png,orig06131.png
080_fibrosis_424.png,orig06132.png
080_fibrosis_410.png,orig06133.png
129_fibrosis_116.png,orig06134.png
069_fibrosis_253.png,orig06135.png
076_fibrosis_082.png,orig06136.png
065_fibrosis_040.png,orig06137.png
069_fibrosis_129.png,orig06138.png
079_fibrosis_298.png,orig06139.png
197_fibrosis_198.png,orig06140.png
200_fibrosis_164.png,orig06141.png
201_fibrosis_109.png,orig06142.png
148_fibrosis_225.png,orig06143.png
138_fibrosis_188.png,orig06144.png
201_fibrosis_119.png,orig06145.png
131_fibrosis_293.png,orig06146.png
149_fibrosis_191.png,orig06147.png
033_fibrosis_171.png,orig06148.png
149_fibrosis_148.png,orig06149.png
194_fibrosis_089.png,orig06150.png
138_fibrosis_223.png,orig06151.png
143_fibrosis_112.png,orig06152.png
084_fibrosis_293.png,orig06153.png
074_fibrosis_140.png,orig06154.png
074_fibrosis_036.png,orig06155.png
069_fibrosis_197.png,orig06156.png
074_fibrosis_201.png,orig06157.png
076_fibrosis_166.png,orig06158.png
203_fibrosis_151.png,orig06159.png
079_fibrosis_303.png,orig06160.png
077_fibrosis_020.png,orig06161.png
136_fibrosis_145.png,orig06162.png
132_fibrosis_043.png,orig06163.png
192_fibrosis_255.png,orig06164.png
141_fibrosis_257.png,orig06165.png
065_fibrosis_051.png,orig06166.png
197_fibrosis_083.png,orig06167.png
033_fibrosis_228.png,orig06168.png
081_fibrosis_322.png,orig06169.png
073_fibrosis_243.png,orig06170.png
143_fibrosis_032.png,orig06171.png
194_fibrosis_047.png,orig06172.png
068_fibrosis_128.png,orig06173.png
136_fibrosis_197.png,orig06174.png
064_fibrosis_129.png,orig06175.png
071_fibrosis_260.png,orig06176.png
137_fibrosis_195.png,orig06177.png
080_fibrosis_372.png,orig06178.png
075_fibrosis_050.png,orig06179.png
194_fibrosis_158.png,orig06180.png
147_fibrosis_098.png,orig06181.png
137_fibrosis_218.png,orig06182.png
194_fibrosis_150.png,orig06183.png
068_fibrosis_118.png,orig06184.png
197_fibrosis_027.png,orig06185.png
128_fibrosis_237.png,orig06186.png
127_fibrosis_116.png,orig06187.png
128_fibrosis_245.png,orig06188.png
033_fibrosis_249.png,orig06189.png
138_fibrosis_098.png,orig06190.png
128_fibrosis_180.png,orig06191.png
194_fibrosis_172.png,orig06192.png
127_fibrosis_061.png,orig06193.png
084_fibrosis_182.png,orig06194.png
072_fibrosis_279.png,orig06195.png
145_fibrosis_056.png,orig06196.png
127_fibrosis_255.png,orig06197.png
201_fibrosis_166.png,orig06198.png
066_fibrosis_298.png,orig06199.png
073_fibrosis_114.png,orig06200.png
034_fibrosis_143.png,orig06201.png
084_fibrosis_265.png,orig06202.png
194_fibrosis_029.png,orig06203.png
033_fibrosis_106.png,orig06204.png
129_fibrosis_159.png,orig06205.png
146_fibrosis_083.png,orig06206.png
139_fibrosis_053.png,orig06207.png
135_fibrosis_126.png,orig06208.png
135_fibrosis_146.png,orig06209.png
139_fibrosis_039.png,orig06210.png
074_fibrosis_198.png,orig06211.png
081_fibrosis_256.png,orig06212.png
080_fibrosis_223.png,orig06213.png
066_fibrosis_033.png,orig06214.png
195_fibrosis_047.png,orig06215.png
194_fibrosis_248.png,orig06216.png
081_fibrosis_194.png,orig06217.png
199_fibrosis_029.png,orig06218.png
135_fibrosis_124.png,orig06219.png
143_fibrosis_061.png,orig06220.png
066_fibrosis_339.png,orig06221.png
141_fibrosis_188.png,orig06222.png
137_fibrosis_275.png,orig06223.png
075_fibrosis_160.png,orig06224.png
034_fibrosis_141.png,orig06225.png
137_fibrosis_170.png,orig06226.png
033_fibrosis_207.png,orig06227.png
141_fibrosis_265.png,orig06228.png
082_fibrosis_290.png,orig06229.png
127_fibrosis_210.png,orig06230.png
081_fibrosis_353.png,orig06231.png
064_fibrosis_198.png,orig06232.png
077_fibrosis_296.png,orig06233.png
139_fibrosis_119.png,orig06234.png
066_fibrosis_091.png,orig06235.png
127_fibrosis_170.png,orig06236.png
147_fibrosis_181.png,orig06237.png
137_fibrosis_267.png,orig06238.png
141_fibrosis_037.png,orig06239.png
067_fibrosis_026.png,orig06240.png
197_fibrosis_192.png,orig06241.png
072_fibrosis_239.png,orig06242.png
139_fibrosis_312.png,orig06243.png
147_fibrosis_270.png,orig06244.png
064_fibrosis_107.png,orig06245.png
033_fibrosis_295.png,orig06246.png
201_fibrosis_213.png,orig06247.png
147_fibrosis_146.png,orig06248.png
074_fibrosis_132.png,orig06249.png
077_fibrosis_038.png,orig06250.png
127_fibrosis_205.png,orig06251.png
075_fibrosis_129.png,orig06252.png
145_fibrosis_105.png,orig06253.png
198_fibrosis_206.png,orig06254.png
065_fibrosis_093.png,orig06255.png
192_fibrosis_264.png,orig06256.png
069_fibrosis_153.png,orig06257.png
139_fibrosis_208.png,orig06258.png
146_fibrosis_022.png,orig06259.png
136_fibrosis_095.png,orig06260.png
196_fibrosis_116.png,orig06261.png
137_fibrosis_085.png,orig06262.png
069_fibrosis_257.png,orig06263.png
077_fibrosis_183.png,orig06264.png
084_fibrosis_034.png,orig06265.png
193_fibrosis_060.png,orig06266.png
145_fibrosis_081.png,orig06267.png
193_fibrosis_074.png,orig06268.png
129_fibrosis_139.png,orig06269.png
084_fibrosis_254.png,orig06270.png
137_fibrosis_278.png,orig06271.png
131_fibrosis_169.png,orig06272.png
072_fibrosis_137.png,orig06273.png
132_fibrosis_147.png,orig06274.png
143_fibrosis_045.png,orig06275.png
077_fibrosis_311.png,orig06276.png
075_fibrosis_313.png,orig06277.png
198_fibrosis_189.png,orig06278.png
078_fibrosis_129.png,orig06279.png
194_fibrosis_249.png,orig06280.png
136_fibrosis_187.png,orig06281.png
065_fibrosis_122.png,orig06282.png
071_fibrosis_080.png,orig06283.png
068_fibrosis_046.png,orig06284.png
136_fibrosis_136.png,orig06285.png
078_fibrosis_249.png,orig06286.png
132_fibrosis_281.png,orig06287.png
134_fibrosis_220.png,orig06288.png
200_fibrosis_091.png,orig06289.png
066_fibrosis_021.png,orig06290.png
068_fibrosis_238.png,orig06291.png
197_fibrosis_173.png,orig06292.png
197_fibrosis_203.png,orig06293.png
198_fibrosis_102.png,orig06294.png
127_fibrosis_217.png,orig06295.png
071_fibrosis_119.png,orig06296.png
148_fibrosis_125.png,orig06297.png
139_fibrosis_036.png,orig06298.png
081_fibrosis_200.png,orig06299.png
084_fibrosis_200.png,orig06300.png
075_fibrosis_098.png,orig06301.png
198_fibrosis_049.png,orig06302.png
084_fibrosis_096.png,orig06303.png
033_fibrosis_154.png,orig06304.png
072_fibrosis_222.png,orig06305.png
147_fibrosis_273.png,orig06306.png
199_fibrosis_052.png,orig06307.png
193_fibrosis_154.png,orig06308.png
082_fibrosis_189.png,orig06309.png
195_fibrosis_176.png,orig06310.png
140_fibrosis_129.png,orig06311.png
066_fibrosis_171.png,orig06312.png
034_fibrosis_200.png,orig06313.png
128_fibrosis_140.png,orig06314.png
140_fibrosis_077.png,orig06315.png
203_fibrosis_084.png,orig06316.png
077_fibrosis_329.png,orig06317.png
073_fibrosis_210.png,orig06318.png
129_fibrosis_184.png,orig06319.png
082_fibrosis_222.png,orig06320.png
076_fibrosis_207.png,orig06321.png
136_fibrosis_074.png,orig06322.png
196_fibrosis_086.png,orig06323.png
198_fibrosis_027.png,orig06324.png
078_fibrosis_038.png,orig06325.png
068_fibrosis_188.png,orig06326.png
140_fibrosis_061.png,orig06327.png
138_fibrosis_179.png,orig06328.png
081_fibrosis_290.png,orig06329.png
149_fibrosis_080.png,orig06330.png
192_fibrosis_087.png,orig06331.png
137_fibrosis_291.png,orig06332.png
194_fibrosis_071.png,orig06333.png
149_fibrosis_213.png,orig06334.png
075_fibrosis_169.png,orig06335.png
147_fibrosis_242.png,orig06336.png
129_fibrosis_226.png,orig06337.png
127_fibrosis_363.png,orig06338.png
129_fibrosis_061.png,orig06339.png
203_fibrosis_031.png,orig06340.png
068_fibrosis_239.png,orig06341.png
138_fibrosis_133.png,orig06342.png
066_fibrosis_281.png,orig06343.png
074_fibrosis_142.png,orig06344.png
134_fibrosis_118.png,orig06345.png
148_fibrosis_230.png,orig06346.png
075_fibrosis_215.png,orig06347.png
079_fibrosis_189.png,orig06348.png
200_fibrosis_065.png,orig06349.png
203_fibrosis_076.png,orig06350.png
145_fibrosis_205.png,orig06351.png
127_fibrosis_161.png,orig06352.png
198_fibrosis_197.png,orig06353.png
127_fibrosis_223.png,orig06354.png
194_fibrosis_035.png,orig06355.png
138_fibrosis_035.png,orig06356.png
067_fibrosis_113.png,orig06357.png
071_fibrosis_074.png,orig06358.png
195_fibrosis_319.png,orig06359.png
082_fibrosis_110.png,orig06360.png
145_fibrosis_119.png,orig06361.png
073_fibrosis_041.png,orig06362.png
073_fibrosis_076.png,orig06363.png
079_fibrosis_133.png,orig06364.png
192_fibrosis_036.png,orig06365.png
145_fibrosis_052.png,orig06366.png
082_fibrosis_266.png,orig06367.png
203_fibrosis_090.png,orig06368.png
074_fibrosis_209.png,orig06369.png
134_fibrosis_265.png,orig06370.png
197_fibrosis_029.png,orig06371.png
080_fibrosis_330.png,orig06372.png
081_fibrosis_131.png,orig06373.png
149_fibrosis_153.png,orig06374.png
132_fibrosis_116.png,orig06375.png
192_fibrosis_176.png,orig06376.png
072_fibrosis_131.png,orig06377.png
139_fibrosis_076.png,orig06378.png
139_fibrosis_206.png,orig06379.png
141_fibrosis_264.png,orig06380.png
077_fibrosis_160.png,orig06381.png
080_fibrosis_203.png,orig06382.png
197_fibrosis_140.png,orig06383.png
131_fibrosis_312.png,orig06384.png
071_fibrosis_211.png,orig06385.png
147_fibrosis_192.png,orig06386.png
079_fibrosis_179.png,orig06387.png
075_fibrosis_028.png,orig06388.png
072_fibrosis_093.png,orig06389.png
132_fibrosis_265.png,orig06390.png
147_fibrosis_055.png,orig06391.png
079_fibrosis_296.png,orig06392.png
148_fibrosis_126.png,orig06393.png
074_fibrosis_166.png,orig06394.png
192_fibrosis_145.png,orig06395.png
141_fibrosis_255.png,orig06396.png
201_fibrosis_212.png,orig06397.png
201_fibrosis_034.png,orig06398.png
135_fibrosis_165.png,orig06399.png
135_fibrosis_194.png,orig06400.png
131_fibrosis_194.png,orig06401.png
075_fibrosis_273.png,orig06402.png
141_fibrosis_138.png,orig06403.png
067_fibrosis_136.png,orig06404.png
033_fibrosis_041.png,orig06405.png
132_fibrosis_095.png,orig06406.png
146_fibrosis_187.png,orig06407.png
147_fibrosis_156.png,orig06408.png
136_fibrosis_131.png,orig06409.png
128_fibrosis_220.png,orig06410.png
132_fibrosis_050.png,orig06411.png
067_fibrosis_132.png,orig06412.png
082_fibrosis_227.png,orig06413.png
065_fibrosis_059.png,orig06414.png
136_fibrosis_126.png,orig06415.png
084_fibrosis_275.png,orig06416.png
148_fibrosis_069.png,orig06417.png
077_fibrosis_117.png,orig06418.png
192_fibrosis_175.png,orig06419.png
080_fibrosis_212.png,orig06420.png
033_fibrosis_104.png,orig06421.png
194_fibrosis_153.png,orig06422.png
081_fibrosis_303.png,orig06423.png
082_fibrosis_096.png,orig06424.png
138_fibrosis_053.png,orig06425.png
064_fibrosis_174.png,orig06426.png
128_fibrosis_046.png,orig06427.png
193_fibrosis_177.png,orig06428.png
140_fibrosis_235.png,orig06429.png
141_fibrosis_213.png,orig06430.png
147_fibrosis_112.png,orig06431.png
140_fibrosis_171.png,orig06432.png
135_fibrosis_217.png,orig06433.png
147_fibrosis_249.png,orig06434.png
074_fibrosis_033.png,orig06435.png
084_fibrosis_083.png,orig06436.png
129_fibrosis_055.png,orig06437.png
071_fibrosis_189.png,orig06438.png
195_fibrosis_179.png,orig06439.png
081_fibrosis_161.png,orig06440.png
147_fibrosis_246.png,orig06441.png
081_fibrosis_364.png,orig06442.png
128_fibrosis_172.png,orig06443.png
145_fibrosis_028.png,orig06444.png
132_fibrosis_034.png,orig06445.png
138_fibrosis_040.png,orig06446.png
134_fibrosis_161.png,orig06447.png
198_fibrosis_178.png,orig06448.png
073_fibrosis_051.png,orig06449.png
076_fibrosis_069.png,orig06450.png
147_fibrosis_114.png,orig06451.png
198_fibrosis_098.png,orig06452.png
079_fibrosis_304.png,orig06453.png
141_fibrosis_042.png,orig06454.png
067_fibrosis_067.png,orig06455.png
139_fibrosis_184.png,orig06456.png
194_fibrosis_043.png,orig06457.png
075_fibrosis_020.png,orig06458.png
148_fibrosis_087.png,orig06459.png
135_fibrosis_060.png,orig06460.png
072_fibrosis_139.png,orig06461.png
127_fibrosis_293.png,orig06462.png
147_fibrosis_140.png,orig06463.png
139_fibrosis_167.png,orig06464.png
080_fibrosis_384.png,orig06465.png
141_fibrosis_030.png,orig06466.png
067_fibrosis_158.png,orig06467.png
139_fibrosis_156.png,orig06468.png
079_fibrosis_086.png,orig06469.png
138_fibrosis_103.png,orig06470.png
199_fibrosis_125.png,orig06471.png
201_fibrosis_053.png,orig06472.png
136_fibrosis_228.png,orig06473.png
195_fibrosis_044.png,orig06474.png
149_fibrosis_265.png,orig06475.png
139_fibrosis_111.png,orig06476.png
073_fibrosis_242.png,orig06477.png
067_fibrosis_082.png,orig06478.png
149_fibrosis_036.png,orig06479.png
075_fibrosis_245.png,orig06480.png
192_fibrosis_230.png,orig06481.png
071_fibrosis_248.png,orig06482.png
067_fibrosis_146.png,orig06483.png
071_fibrosis_040.png,orig06484.png
201_fibrosis_185.png,orig06485.png
146_fibrosis_242.png,orig06486.png
129_fibrosis_130.png,orig06487.png
203_fibrosis_114.png,orig06488.png
128_fibrosis_044.png,orig06489.png
132_fibrosis_067.png,orig06490.png
076_fibrosis_266.png,orig06491.png
139_fibrosis_261.png,orig06492.png
141_fibrosis_135.png,orig06493.png
200_fibrosis_060.png,orig06494.png
064_fibrosis_158.png,orig06495.png
078_fibrosis_302.png,orig06496.png
146_fibrosis_037.png,orig06497.png
194_fibrosis_054.png,orig06498.png
201_fibrosis_201.png,orig06499.png
139_fibrosis_207.png,orig06500.png
071_fibrosis_036.png,orig06501.png
138_fibrosis_137.png,orig06502.png
084_fibrosis_179.png,orig06503.png
131_fibrosis_155.png,orig06504.png
084_fibrosis_029.png,orig06505.png
146_fibrosis_246.png,orig06506.png
076_fibrosis_072.png,orig06507.png
139_fibrosis_045.png,orig06508.png
084_fibrosis_192.png,orig06509.png
134_fibrosis_081.png,orig06510.png
196_fibrosis_148.png,orig06511.png
134_fibrosis_034.png,orig06512.png
193_fibrosis_134.png,orig06513.png
075_fibrosis_041.png,orig06514.png
199_fibrosis_149.png,orig06515.png
148_fibrosis_267.png,orig06516.png
076_fibrosis_138.png,orig06517.png
139_fibrosis_336.png,orig06518.png
201_fibrosis_148.png,orig06519.png
076_fibrosis_163.png,orig06520.png
143_fibrosis_046.png,orig06521.png
127_fibrosis_023.png,orig06522.png
077_fibrosis_321.png,orig06523.png
192_fibrosis_064.png,orig06524.png
199_fibrosis_093.png,orig06525.png
084_fibrosis_142.png,orig06526.png
198_fibrosis_109.png,orig06527.png
128_fibrosis_134.png,orig06528.png
137_fibrosis_151.png,orig06529.png
194_fibrosis_096.png,orig06530.png
034_fibrosis_032.png,orig06531.png
034_fibrosis_191.png,orig06532.png
138_fibrosis_028.png,orig06533.png
073_fibrosis_110.png,orig06534.png
137_fibrosis_282.png,orig06535.png
084_fibrosis_129.png,orig06536.png
149_fibrosis_045.png,orig06537.png
129_fibrosis_200.png,orig06538.png
196_fibrosis_144.png,orig06539.png
132_fibrosis_231.png,orig06540.png
128_fibrosis_184.png,orig06541.png
197_fibrosis_132.png,orig06542.png
132_fibrosis_218.png,orig06543.png
078_fibrosis_239.png,orig06544.png
084_fibrosis_297.png,orig06545.png
138_fibrosis_044.png,orig06546.png
064_fibrosis_148.png,orig06547.png
131_fibrosis_147.png,orig06548.png
075_fibrosis_147.png,orig06549.png
132_fibrosis_202.png,orig06550.png
197_fibrosis_067.png,orig06551.png
147_fibrosis_203.png,orig06552.png
194_fibrosis_031.png,orig06553.png
077_fibrosis_032.png,orig06554.png
072_fibrosis_250.png,orig06555.png
201_fibrosis_135.png,orig06556.png
068_fibrosis_053.png,orig06557.png
079_fibrosis_084.png,orig06558.png
141_fibrosis_140.png,orig06559.png
084_fibrosis_241.png,orig06560.png
079_fibrosis_192.png,orig06561.png
079_fibrosis_125.png,orig06562.png
075_fibrosis_103.png,orig06563.png
200_fibrosis_181.png,orig06564.png
067_fibrosis_226.png,orig06565.png
076_fibrosis_066.png,orig06566.png
081_fibrosis_298.png,orig06567.png
201_fibrosis_049.png,orig06568.png
131_fibrosis_225.png,orig06569.png
137_fibrosis_119.png,orig06570.png
195_fibrosis_237.png,orig06571.png
131_fibrosis_071.png,orig06572.png
137_fibrosis_029.png,orig06573.png
193_fibrosis_040.png,orig06574.png
195_fibrosis_193.png,orig06575.png
149_fibrosis_250.png,orig06576.png
082_fibrosis_305.png,orig06577.png
200_fibrosis_124.png,orig06578.png
193_fibrosis_138.png,orig06579.png
198_fibrosis_119.png,orig06580.png
064_fibrosis_213.png,orig06581.png
077_fibrosis_235.png,orig06582.png
192_fibrosis_208.png,orig06583.png
139_fibrosis_161.png,orig06584.png
195_fibrosis_084.png,orig06585.png
195_fibrosis_161.png,orig06586.png
141_fibrosis_240.png,orig06587.png
075_fibrosis_256.png,orig06588.png
140_fibrosis_060.png,orig06589.png
064_fibrosis_044.png,orig06590.png
197_fibrosis_141.png,orig06591.png
148_fibrosis_085.png,orig06592.png
069_fibrosis_112.png,orig06593.png
138_fibrosis_121.png,orig06594.png
201_fibrosis_064.png,orig06595.png
084_fibrosis_219.png,orig06596.png
068_fibrosis_213.png,orig06597.png
033_fibrosis_138.png,orig06598.png
075_fibrosis_217.png,orig06599.png
143_fibrosis_080.png,orig06600.png
138_fibrosis_105.png,orig06601.png
192_fibrosis_221.png,orig06602.png
145_fibrosis_101.png,orig06603.png
192_fibrosis_048.png,orig06604.png
075_fibrosis_134.png,orig06605.png
076_fibrosis_120.png,orig06606.png
131_fibrosis_037.png,orig06607.png
068_fibrosis_072.png,orig06608.png
141_fibrosis_096.png,orig06609.png
134_fibrosis_189.png,orig06610.png
067_fibrosis_043.png,orig06611.png
127_fibrosis_246.png,orig06612.png
147_fibrosis_149.png,orig06613.png
141_fibrosis_118.png,orig06614.png
198_fibrosis_053.png,orig06615.png
128_fibrosis_055.png,orig06616.png
140_fibrosis_112.png,orig06617.png
073_fibrosis_066.png,orig06618.png
076_fibrosis_073.png,orig06619.png
194_fibrosis_166.png,orig06620.png
139_fibrosis_069.png,orig06621.png
066_fibrosis_237.png,orig06622.png
072_fibrosis_207.png,orig06623.png
195_fibrosis_057.png,orig06624.png
193_fibrosis_173.png,orig06625.png
139_fibrosis_233.png,orig06626.png
077_fibrosis_246.png,orig06627.png
138_fibrosis_082.png,orig06628.png
129_fibrosis_218.png,orig06629.png
082_fibrosis_206.png,orig06630.png
146_fibrosis_165.png,orig06631.png
074_fibrosis_256.png,orig06632.png
148_fibrosis_101.png,orig06633.png
143_fibrosis_181.png,orig06634.png
131_fibrosis_080.png,orig06635.png
077_fibrosis_273.png,orig06636.png
146_fibrosis_243.png,orig06637.png
196_fibrosis_268.png,orig06638.png
067_fibrosis_222.png,orig06639.png
081_fibrosis_326.png,orig06640.png
075_fibrosis_219.png,orig06641.png
145_fibrosis_039.png,orig06642.png
134_fibrosis_242.png,orig06643.png
079_fibrosis_118.png,orig06644.png
132_fibrosis_045.png,orig06645.png
077_fibrosis_269.png,orig06646.png
136_fibrosis_038.png,orig06647.png
148_fibrosis_137.png,orig06648.png
067_fibrosis_111.png,orig06649.png
078_fibrosis_095.png,orig06650.png
077_fibrosis_061.png,orig06651.png
131_fibrosis_100.png,orig06652.png
127_fibrosis_146.png,orig06653.png
199_fibrosis_027.png,orig06654.png
146_fibrosis_071.png,orig06655.png
064_fibrosis_077.png,orig06656.png
137_fibrosis_298.png,orig06657.png
066_fibrosis_191.png,orig06658.png
075_fibrosis_151.png,orig06659.png
076_fibrosis_104.png,orig06660.png
193_fibrosis_046.png,orig06661.png
137_fibrosis_306.png,orig06662.png
198_fibrosis_184.png,orig06663.png
129_fibrosis_082.png,orig06664.png
195_fibrosis_318.png,orig06665.png
140_fibrosis_231.png,orig06666.png
194_fibrosis_233.png,orig06667.png
068_fibrosis_289.png,orig06668.png
148_fibrosis_183.png,orig06669.png
200_fibrosis_046.png,orig06670.png
067_fibrosis_143.png,orig06671.png
077_fibrosis_064.png,orig06672.png
082_fibrosis_248.png,orig06673.png
139_fibrosis_108.png,orig06674.png
079_fibrosis_097.png,orig06675.png
127_fibrosis_329.png,orig06676.png
072_fibrosis_130.png,orig06677.png
072_fibrosis_252.png,orig06678.png
197_fibrosis_223.png,orig06679.png
076_fibrosis_249.png,orig06680.png
064_fibrosis_231.png,orig06681.png
134_fibrosis_133.png,orig06682.png
064_fibrosis_064.png,orig06683.png
201_fibrosis_024.png,orig06684.png
128_fibrosis_165.png,orig06685.png
135_fibrosis_069.png,orig06686.png
079_fibrosis_087.png,orig06687.png
129_fibrosis_289.png,orig06688.png
198_fibrosis_022.png,orig06689.png
146_fibrosis_100.png,orig06690.png
073_fibrosis_207.png,orig06691.png
077_fibrosis_053.png,orig06692.png
192_fibrosis_079.png,orig06693.png
132_fibrosis_040.png,orig06694.png
081_fibrosis_280.png,orig06695.png
066_fibrosis_252.png,orig06696.png
129_fibrosis_227.png,orig06697.png
149_fibrosis_076.png,orig06698.png
064_fibrosis_069.png,orig06699.png
068_fibrosis_240.png,orig06700.png
082_fibrosis_202.png,orig06701.png
139_fibrosis_054.png,orig06702.png
197_fibrosis_166.png,orig06703.png
127_fibrosis_158.png,orig06704.png
077_fibrosis_303.png,orig06705.png
137_fibrosis_095.png,orig06706.png
075_fibrosis_230.png,orig06707.png
137_fibrosis_247.png,orig06708.png
197_fibrosis_045.png,orig06709.png
080_fibrosis_406.png,orig06710.png
034_fibrosis_115.png,orig06711.png
078_fibrosis_254.png,orig06712.png
077_fibrosis_324.png,orig06713.png
137_fibrosis_308.png,orig06714.png
135_fibrosis_179.png,orig06715.png
034_fibrosis_075.png,orig06716.png
198_fibrosis_076.png,orig06717.png
068_fibrosis_138.png,orig06718.png
192_fibrosis_132.png,orig06719.png
127_fibrosis_142.png,orig06720.png
135_fibrosis_089.png,orig06721.png
198_fibrosis_180.png,orig06722.png
146_fibrosis_162.png,orig06723.png
199_fibrosis_082.png,orig06724.png
069_fibrosis_189.png,orig06725.png
134_fibrosis_125.png,orig06726.png
034_fibrosis_241.png,orig06727.png
075_fibrosis_042.png,orig06728.png
201_fibrosis_205.png,orig06729.png
139_fibrosis_064.png,orig06730.png
197_fibrosis_153.png,orig06731.png
082_fibrosis_220.png,orig06732.png
064_fibrosis_242.png,orig06733.png
132_fibrosis_077.png,orig06734.png
141_fibrosis_112.png,orig06735.png
084_fibrosis_081.png,orig06736.png
131_fibrosis_106.png,orig06737.png
146_fibrosis_178.png,orig06738.png
076_fibrosis_141.png,orig06739.png
131_fibrosis_287.png,orig06740.png
064_fibrosis_073.png,orig06741.png
141_fibrosis_131.png,orig06742.png
071_fibrosis_070.png,orig06743.png
080_fibrosis_363.png,orig06744.png
137_fibrosis_135.png,orig06745.png
074_fibrosis_124.png,orig06746.png
200_fibrosis_073.png,orig06747.png
138_fibrosis_074.png,orig06748.png
139_fibrosis_120.png,orig06749.png
079_fibrosis_107.png,orig06750.png
148_fibrosis_089.png,orig06751.png
137_fibrosis_049.png,orig06752.png
079_fibrosis_259.png,orig06753.png
138_fibrosis_080.png,orig06754.png
140_fibrosis_113.png,orig06755.png
203_fibrosis_127.png,orig06756.png
034_fibrosis_231.png,orig06757.png
137_fibrosis_193.png,orig06758.png
071_fibrosis_232.png,orig06759.png
137_fibrosis_221.png,orig06760.png
072_fibrosis_176.png,orig06761.png
071_fibrosis_156.png,orig06762.png
129_fibrosis_204.png,orig06763.png
197_fibrosis_091.png,orig06764.png
072_fibrosis_126.png,orig06765.png
193_fibrosis_130.png,orig06766.png
034_fibrosis_223.png,orig06767.png
067_fibrosis_092.png,orig06768.png
136_fibrosis_208.png,orig06769.png
072_fibrosis_268.png,orig06770.png
074_fibrosis_159.png,orig06771.png
194_fibrosis_083.png,orig06772.png
066_fibrosis_148.png,orig06773.png
197_fibrosis_193.png,orig06774.png
084_fibrosis_271.png,orig06775.png
137_fibrosis_024.png,orig06776.png
197_fibrosis_112.png,orig06777.png
079_fibrosis_163.png,orig06778.png
129_fibrosis_230.png,orig06779.png
201_fibrosis_143.png,orig06780.png
143_fibrosis_188.png,orig06781.png
137_fibrosis_289.png,orig06782.png
076_fibrosis_077.png,orig06783.png
201_fibrosis_132.png,orig06784.png
131_fibrosis_198.png,orig06785.png
077_fibrosis_330.png,orig06786.png
074_fibrosis_207.png,orig06787.png
134_fibrosis_054.png,orig06788.png
200_fibrosis_201.png,orig06789.png
201_fibrosis_100.png,orig06790.png
200_fibrosis_114.png,orig06791.png
075_fibrosis_222.png,orig06792.png
127_fibrosis_311.png,orig06793.png
131_fibrosis_128.png,orig06794.png
072_fibrosis_186.png,orig06795.png
149_fibrosis_123.png,orig06796.png
201_fibrosis_099.png,orig06797.png
137_fibrosis_245.png,orig06798.png
140_fibrosis_124.png,orig06799.png
148_fibrosis_194.png,orig06800.png
201_fibrosis_107.png,orig06801.png
072_fibrosis_242.png,orig06802.png
066_fibrosis_200.png,orig06803.png
129_fibrosis_161.png,orig06804.png
131_fibrosis_086.png,orig06805.png
128_fibrosis_244.png,orig06806.png
200_fibrosis_112.png,orig06807.png
072_fibrosis_243.png,orig06808.png
149_fibrosis_056.png,orig06809.png
200_fibrosis_136.png,orig06810.png
081_fibrosis_173.png,orig06811.png
127_fibrosis_208.png,orig06812.png
197_fibrosis_160.png,orig06813.png
146_fibrosis_048.png,orig06814.png
146_fibrosis_074.png,orig06815.png
140_fibrosis_264.png,orig06816.png
127_fibrosis_257.png,orig06817.png
066_fibrosis_261.png,orig06818.png
077_fibrosis_227.png,orig06819.png
135_fibrosis_068.png,orig06820.png
068_fibrosis_088.png,orig06821.png
074_fibrosis_295.png,orig06822.png
128_fibrosis_252.png,orig06823.png
069_fibrosis_132.png,orig06824.png
137_fibrosis_183.png,orig06825.png
196_fibrosis_302.png,orig06826.png
146_fibrosis_045.png,orig06827.png
147_fibrosis_223.png,orig06828.png
068_fibrosis_050.png,orig06829.png
137_fibrosis_299.png,orig06830.png
078_fibrosis_130.png,orig06831.png
195_fibrosis_026.png,orig06832.png
072_fibrosis_062.png,orig06833.png
075_fibrosis_236.png,orig06834.png
127_fibrosis_088.png,orig06835.png
192_fibrosis_201.png,orig06836.png
139_fibrosis_352.png,orig06837.png
194_fibrosis_055.png,orig06838.png
135_fibrosis_268.png,orig06839.png
080_fibrosis_396.png,orig06840.png
200_fibrosis_093.png,orig06841.png
134_fibrosis_262.png,orig06842.png
194_fibrosis_271.png,orig06843.png
135_fibrosis_139.png,orig06844.png
147_fibrosis_093.png,orig06845.png
139_fibrosis_022.png,orig06846.png
072_fibrosis_159.png,orig06847.png
201_fibrosis_175.png,orig06848.png
149_fibrosis_060.png,orig06849.png
146_fibrosis_247.png,orig06850.png
131_fibrosis_029.png,orig06851.png
200_fibrosis_186.png,orig06852.png
140_fibrosis_140.png,orig06853.png
066_fibrosis_215.png,orig06854.png
195_fibrosis_054.png,orig06855.png
129_fibrosis_259.png,orig06856.png
073_fibrosis_143.png,orig06857.png
196_fibrosis_210.png,orig06858.png
147_fibrosis_122.png,orig06859.png
139_fibrosis_204.png,orig06860.png
067_fibrosis_181.png,orig06861.png
081_fibrosis_120.png,orig06862.png
068_fibrosis_134.png,orig06863.png
077_fibrosis_216.png,orig06864.png
068_fibrosis_179.png,orig06865.png
148_fibrosis_185.png,orig06866.png
034_fibrosis_156.png,orig06867.png
066_fibrosis_027.png,orig06868.png
067_fibrosis_205.png,orig06869.png
078_fibrosis_030.png,orig06870.png
147_fibrosis_250.png,orig06871.png
139_fibrosis_341.png,orig06872.png
132_fibrosis_213.png,orig06873.png
143_fibrosis_175.png,orig06874.png
145_fibrosis_201.png,orig06875.png
066_fibrosis_176.png,orig06876.png
066_fibrosis_186.png,orig06877.png
147_fibrosis_265.png,orig06878.png
073_fibrosis_070.png,orig06879.png
066_fibrosis_128.png,orig06880.png
145_fibrosis_071.png,orig06881.png
195_fibrosis_137.png,orig06882.png
080_fibrosis_289.png,orig06883.png
141_fibrosis_114.png,orig06884.png
034_fibrosis_113.png,orig06885.png
068_fibrosis_243.png,orig06886.png
082_fibrosis_093.png,orig06887.png
078_fibrosis_253.png,orig06888.png
195_fibrosis_206.png,orig06889.png
138_fibrosis_101.png,orig06890.png
137_fibrosis_055.png,orig06891.png
079_fibrosis_306.png,orig06892.png
127_fibrosis_071.png,orig06893.png
128_fibrosis_223.png,orig06894.png
082_fibrosis_289.png,orig06895.png
066_fibrosis_138.png,orig06896.png
066_fibrosis_029.png,orig06897.png
201_fibrosis_127.png,orig06898.png
080_fibrosis_379.png,orig06899.png
196_fibrosis_068.png,orig06900.png
149_fibrosis_025.png,orig06901.png
066_fibrosis_229.png,orig06902.png
128_fibrosis_142.png,orig06903.png
069_fibrosis_151.png,orig06904.png
034_fibrosis_297.png,orig06905.png
143_fibrosis_210.png,orig06906.png
146_fibrosis_129.png,orig06907.png
076_fibrosis_071.png,orig06908.png
073_fibrosis_327.png,orig06909.png
064_fibrosis_132.png,orig06910.png
131_fibrosis_236.png,orig06911.png
149_fibrosis_077.png,orig06912.png
064_fibrosis_112.png,orig06913.png
131_fibrosis_270.png,orig06914.png
134_fibrosis_092.png,orig06915.png
196_fibrosis_094.png,orig06916.png
066_fibrosis_326.png,orig06917.png
149_fibrosis_098.png,orig06918.png
139_fibrosis_279.png,orig06919.png
068_fibrosis_154.png,orig06920.png
072_fibrosis_241.png,orig06921.png
132_fibrosis_266.png,orig06922.png
127_fibrosis_242.png,orig06923.png
201_fibrosis_168.png,orig06924.png
146_fibrosis_032.png,orig06925.png
034_fibrosis_311.png,orig06926.png
129_fibrosis_066.png,orig06927.png
065_fibrosis_032.png,orig06928.png
074_fibrosis_077.png,orig06929.png
193_fibrosis_036.png,orig06930.png
081_fibrosis_282.png,orig06931.png
192_fibrosis_090.png,orig06932.png
140_fibrosis_134.png,orig06933.png
128_fibrosis_104.png,orig06934.png
127_fibrosis_190.png,orig06935.png
140_fibrosis_065.png,orig06936.png
074_fibrosis_112.png,orig06937.png
139_fibrosis_270.png,orig06938.png
079_fibrosis_100.png,orig06939.png
074_fibrosis_268.png,orig06940.png
068_fibrosis_205.png,orig06941.png
203_fibrosis_165.png,orig06942.png
192_fibrosis_067.png,orig06943.png
203_fibrosis_066.png,orig06944.png
074_fibrosis_137.png,orig06945.png
194_fibrosis_287.png,orig06946.png
140_fibrosis_229.png,orig06947.png
138_fibrosis_247.png,orig06948.png
192_fibrosis_245.png,orig06949.png
145_fibrosis_157.png,orig06950.png
147_fibrosis_128.png,orig06951.png
139_fibrosis_325.png,orig06952.png
136_fibrosis_116.png,orig06953.png
075_fibrosis_240.png,orig06954.png
129_fibrosis_057.png,orig06955.png
194_fibrosis_279.png,orig06956.png
194_fibrosis_221.png,orig06957.png
069_fibrosis_203.png,orig06958.png
131_fibrosis_134.png,orig06959.png
195_fibrosis_317.png,orig06960.png
064_fibrosis_104.png,orig06961.png
134_fibrosis_062.png,orig06962.png
135_fibrosis_246.png,orig06963.png
139_fibrosis_145.png,orig06964.png
068_fibrosis_268.png,orig06965.png
072_fibrosis_269.png,orig06966.png
127_fibrosis_303.png,orig06967.png
135_fibrosis_199.png,orig06968.png
081_fibrosis_099.png,orig06969.png
075_fibrosis_088.png,orig06970.png
127_fibrosis_075.png,orig06971.png
137_fibrosis_076.png,orig06972.png
071_fibrosis_138.png,orig06973.png
082_fibrosis_276.png,orig06974.png
138_fibrosis_251.png,orig06975.png
033_fibrosis_334.png,orig06976.png
131_fibrosis_213.png,orig06977.png
084_fibrosis_217.png,orig06978.png
075_fibrosis_035.png,orig06979.png
134_fibrosis_079.png,orig06980.png
141_fibrosis_101.png,orig06981.png
135_fibrosis_092.png,orig06982.png
192_fibrosis_225.png,orig06983.png
146_fibrosis_040.png,orig06984.png
081_fibrosis_157.png,orig06985.png
134_fibrosis_091.png,orig06986.png
064_fibrosis_021.png,orig06987.png
203_fibrosis_043.png,orig06988.png
196_fibrosis_204.png,orig06989.png
128_fibrosis_096.png,orig06990.png
132_fibrosis_093.png,orig06991.png
134_fibrosis_064.png,orig06992.png
132_fibrosis_207.png,orig06993.png
200_fibrosis_143.png,orig06994.png
068_fibrosis_186.png,orig06995.png
143_fibrosis_099.png,orig06996.png
064_fibrosis_040.png,orig06997.png
132_fibrosis_176.png,orig06998.png
193_fibrosis_169.png,orig06999.png
199_fibrosis_130.png,orig07000.png
147_fibrosis_247.png,orig07001.png
140_fibrosis_089.png,orig07002.png
069_fibrosis_175.png,orig07003.png
084_fibrosis_276.png,orig07004.png
073_fibrosis_256.png,orig07005.png
141_fibrosis_028.png,orig07006.png
148_fibrosis_190.png,orig07007.png
136_fibrosis_194.png,orig07008.png
076_fibrosis_179.png,orig07009.png
149_fibrosis_266.png,orig07010.png
079_fibrosis_079.png,orig07011.png
134_fibrosis_232.png,orig07012.png
195_fibrosis_034.png,orig07013.png
069_fibrosis_114.png,orig07014.png
135_fibrosis_195.png,orig07015.png
128_fibrosis_136.png,orig07016.png
194_fibrosis_074.png,orig07017.png
143_fibrosis_038.png,orig07018.png
129_fibrosis_199.png,orig07019.png
145_fibrosis_120.png,orig07020.png
132_fibrosis_036.png,orig07021.png
069_fibrosis_165.png,orig07022.png
079_fibrosis_194.png,orig07023.png
195_fibrosis_064.png,orig07024.png
068_fibrosis_121.png,orig07025.png
139_fibrosis_035.png,orig07026.png
129_fibrosis_153.png,orig07027.png
137_fibrosis_072.png,orig07028.png
128_fibrosis_182.png,orig07029.png
129_fibrosis_205.png,orig07030.png
069_fibrosis_109.png,orig07031.png
131_fibrosis_027.png,orig07032.png
071_fibrosis_174.png,orig07033.png
079_fibrosis_141.png,orig07034.png
084_fibrosis_244.png,orig07035.png
132_fibrosis_096.png,orig07036.png
082_fibrosis_267.png,orig07037.png
078_fibrosis_201.png,orig07038.png
136_fibrosis_238.png,orig07039.png
066_fibrosis_125.png,orig07040.png
127_fibrosis_285.png,orig07041.png
201_fibrosis_169.png,orig07042.png
194_fibrosis_036.png,orig07043.png
136_fibrosis_178.png,orig07044.png
135_fibrosis_121.png,orig07045.png
138_fibrosis_120.png,orig07046.png
196_fibrosis_103.png,orig07047.png
084_fibrosis_089.png,orig07048.png
141_fibrosis_238.png,orig07049.png
066_fibrosis_241.png,orig07050.png
075_fibrosis_207.png,orig07051.png
066_fibrosis_329.png,orig07052.png
140_fibrosis_131.png,orig07053.png
195_fibrosis_078.png,orig07054.png
064_fibrosis_190.png,orig07055.png
073_fibrosis_284.png,orig07056.png
084_fibrosis_119.png,orig07057.png
149_fibrosis_172.png,orig07058.png
033_fibrosis_215.png,orig07059.png
084_fibrosis_063.png,orig07060.png
140_fibrosis_037.png,orig07061.png
195_fibrosis_088.png,orig07062.png
200_fibrosis_071.png,orig07063.png
203_fibrosis_042.png,orig07064.png
194_fibrosis_284.png,orig07065.png
134_fibrosis_085.png,orig07066.png
143_fibrosis_168.png,orig07067.png
128_fibrosis_164.png,orig07068.png
138_fibrosis_104.png,orig07069.png
075_fibrosis_235.png,orig07070.png
147_fibrosis_215.png,orig07071.png
196_fibrosis_159.png,orig07072.png
065_fibrosis_106.png,orig07073.png
081_fibrosis_314.png,orig07074.png
069_fibrosis_261.png,orig07075.png
067_fibrosis_183.png,orig07076.png
137_fibrosis_109.png,orig07077.png
195_fibrosis_240.png,orig07078.png
137_fibrosis_086.png,orig07079.png
129_fibrosis_206.png,orig07080.png
084_fibrosis_068.png,orig07081.png
068_fibrosis_063.png,orig07082.png
198_fibrosis_117.png,orig07083.png
140_fibrosis_247.png,orig07084.png
075_fibrosis_108.png,orig07085.png
145_fibrosis_037.png,orig07086.png
199_fibrosis_037.png,orig07087.png
145_fibrosis_134.png,orig07088.png
080_fibrosis_315.png,orig07089.png
147_fibrosis_261.png,orig07090.png
196_fibrosis_040.png,orig07091.png
192_fibrosis_112.png,orig07092.png
077_fibrosis_346.png,orig07093.png
195_fibrosis_040.png,orig07094.png
128_fibrosis_185.png,orig07095.png
073_fibrosis_258.png,orig07096.png
135_fibrosis_038.png,orig07097.png
197_fibrosis_144.png,orig07098.png
203_fibrosis_143.png,orig07099.png
195_fibrosis_097.png,orig07100.png
147_fibrosis_157.png,orig07101.png
076_fibrosis_105.png,orig07102.png
078_fibrosis_060.png,orig07103.png
194_fibrosis_262.png,orig07104.png
132_fibrosis_089.png,orig07105.png
071_fibrosis_026.png,orig07106.png
195_fibrosis_148.png,orig07107.png
146_fibrosis_087.png,orig07108.png
139_fibrosis_210.png,orig07109.png
201_fibrosis_070.png,orig07110.png
192_fibrosis_258.png,orig07111.png
131_fibrosis_197.png,orig07112.png
067_fibrosis_089.png,orig07113.png
198_fibrosis_159.png,orig07114.png
149_fibrosis_051.png,orig07115.png
069_fibrosis_199.png,orig07116.png
129_fibrosis_132.png,orig07117.png
129_fibrosis_108.png,orig07118.png
143_fibrosis_127.png,orig07119.png
138_fibrosis_192.png,orig07120.png
081_fibrosis_122.png,orig07121.png
129_fibrosis_267.png,orig07122.png
074_fibrosis_219.png,orig07123.png
079_fibrosis_247.png,orig07124.png
066_fibrosis_050.png,orig07125.png
073_fibrosis_160.png,orig07126.png
197_fibrosis_069.png,orig07127.png
074_fibrosis_286.png,orig07128.png
084_fibrosis_190.png,orig07129.png
139_fibrosis_173.png,orig07130.png
146_fibrosis_173.png,orig07131.png
134_fibrosis_234.png,orig07132.png
192_fibrosis_033.png,orig07133.png
136_fibrosis_193.png,orig07134.png
136_fibrosis_080.png,orig07135.png
139_fibrosis_052.png,orig07136.png
077_fibrosis_134.png,orig07137.png
132_fibrosis_042.png,orig07138.png
076_fibrosis_257.png,orig07139.png
079_fibrosis_240.png,orig07140.png
077_fibrosis_059.png,orig07141.png
197_fibrosis_026.png,orig07142.png
127_fibrosis_186.png,orig07143.png
067_fibrosis_217.png,orig07144.png
135_fibrosis_044.png,orig07145.png
071_fibrosis_216.png,orig07146.png
132_fibrosis_217.png,orig07147.png
127_fibrosis_183.png,orig07148.png
134_fibrosis_247.png,orig07149.png
081_fibrosis_297.png,orig07150.png
075_fibrosis_237.png,orig07151.png
135_fibrosis_187.png,orig07152.png
127_fibrosis_387.png,orig07153.png
194_fibrosis_222.png,orig07154.png
034_fibrosis_256.png,orig07155.png
140_fibrosis_030.png,orig07156.png
192_fibrosis_156.png,orig07157.png
148_fibrosis_129.png,orig07158.png
149_fibrosis_091.png,orig07159.png
078_fibrosis_181.png,orig07160.png
146_fibrosis_096.png,orig07161.png
195_fibrosis_108.png,orig07162.png
136_fibrosis_020.png,orig07163.png
132_fibrosis_271.png,orig07164.png
134_fibrosis_146.png,orig07165.png
081_fibrosis_101.png,orig07166.png
068_fibrosis_054.png,orig07167.png
143_fibrosis_208.png,orig07168.png
145_fibrosis_074.png,orig07169.png
195_fibrosis_320.png,orig07170.png
196_fibrosis_316.png,orig07171.png
127_fibrosis_343.png,orig07172.png
193_fibrosis_162.png,orig07173.png
073_fibrosis_087.png,orig07174.png
127_fibrosis_391.png,orig07175.png
078_fibrosis_047.png,orig07176.png
194_fibrosis_266.png,orig07177.png
075_fibrosis_152.png,orig07178.png
073_fibrosis_230.png,orig07179.png
135_fibrosis_170.png,orig07180.png
127_fibrosis_068.png,orig07181.png
148_fibrosis_265.png,orig07182.png
066_fibrosis_346.png,orig07183.png
141_fibrosis_094.png,orig07184.png
075_fibrosis_253.png,orig07185.png
197_fibrosis_167.png,orig07186.png
069_fibrosis_146.png,orig07187.png
069_fibrosis_281.png,orig07188.png
075_fibrosis_062.png,orig07189.png
068_fibrosis_242.png,orig07190.png
073_fibrosis_074.png,orig07191.png
140_fibrosis_240.png,orig07192.png
143_fibrosis_098.png,orig07193.png
081_fibrosis_263.png,orig07194.png
069_fibrosis_071.png,orig07195.png
064_fibrosis_033.png,orig07196.png
034_fibrosis_184.png,orig07197.png
140_fibrosis_088.png,orig07198.png
195_fibrosis_216.png,orig07199.png
194_fibrosis_124.png,orig07200.png
084_fibrosis_120.png,orig07201.png
077_fibrosis_168.png,orig07202.png
131_fibrosis_033.png,orig07203.png
064_fibrosis_232.png,orig07204.png
071_fibrosis_201.png,orig07205.png
073_fibrosis_057.png,orig07206.png
134_fibrosis_107.png,orig07207.png
128_fibrosis_152.png,orig07208.png
033_fibrosis_020.png,orig07209.png
079_fibrosis_214.png,orig07210.png
073_fibrosis_075.png,orig07211.png
077_fibrosis_241.png,orig07212.png
067_fibrosis_107.png,orig07213.png
195_fibrosis_280.png,orig07214.png
195_fibrosis_222.png,orig07215.png
082_fibrosis_115.png,orig07216.png
077_fibrosis_051.png,orig07217.png
033_fibrosis_186.png,orig07218.png
073_fibrosis_047.png,orig07219.png
134_fibrosis_275.png,orig07220.png
069_fibrosis_254.png,orig07221.png
197_fibrosis_222.png,orig07222.png
200_fibrosis_037.png,orig07223.png
066_fibrosis_157.png,orig07224.png
127_fibrosis_370.png,orig07225.png
140_fibrosis_045.png,orig07226.png
068_fibrosis_107.png,orig07227.png
080_fibrosis_328.png,orig07228.png
135_fibrosis_222.png,orig07229.png
033_fibrosis_075.png,orig07230.png
127_fibrosis_344.png,orig07231.png
081_fibrosis_321.png,orig07232.png
137_fibrosis_117.png,orig07233.png
127_fibrosis_114.png,orig07234.png
084_fibrosis_231.png,orig07235.png
073_fibrosis_138.png,orig07236.png
066_fibrosis_059.png,orig07237.png
064_fibrosis_238.png,orig07238.png
141_fibrosis_164.png,orig07239.png
034_fibrosis_263.png,orig07240.png
146_fibrosis_043.png,orig07241.png
203_fibrosis_093.png,orig07242.png
066_fibrosis_303.png,orig07243.png
192_fibrosis_243.png,orig07244.png
201_fibrosis_057.png,orig07245.png
198_fibrosis_110.png,orig07246.png
143_fibrosis_202.png,orig07247.png
084_fibrosis_069.png,orig07248.png
129_fibrosis_141.png,orig07249.png
197_fibrosis_079.png,orig07250.png
033_fibrosis_027.png,orig07251.png
197_fibrosis_042.png,orig07252.png
076_fibrosis_023.png,orig07253.png
198_fibrosis_047.png,orig07254.png
073_fibrosis_269.png,orig07255.png
077_fibrosis_163.png,orig07256.png
129_fibrosis_151.png,orig07257.png
138_fibrosis_213.png,orig07258.png
196_fibrosis_178.png,orig07259.png
132_fibrosis_274.png,orig07260.png
196_fibrosis_126.png,orig07261.png
139_fibrosis_379.png,orig07262.png
068_fibrosis_096.png,orig07263.png
128_fibrosis_084.png,orig07264.png
074_fibrosis_152.png,orig07265.png
067_fibrosis_069.png,orig07266.png
134_fibrosis_099.png,orig07267.png
078_fibrosis_070.png,orig07268.png
077_fibrosis_072.png,orig07269.png
199_fibrosis_055.png,orig07270.png
127_fibrosis_204.png,orig07271.png
082_fibrosis_212.png,orig07272.png
140_fibrosis_123.png,orig07273.png
076_fibrosis_098.png,orig07274.png
194_fibrosis_092.png,orig07275.png
128_fibrosis_050.png,orig07276.png
076_fibrosis_055.png,orig07277.png
067_fibrosis_124.png,orig07278.png
147_fibrosis_069.png,orig07279.png
137_fibrosis_243.png,orig07280.png
195_fibrosis_257.png,orig07281.png
076_fibrosis_213.png,orig07282.png
146_fibrosis_238.png,orig07283.png
203_fibrosis_109.png,orig07284.png
079_fibrosis_213.png,orig07285.png
034_fibrosis_234.png,orig07286.png
129_fibrosis_076.png,orig07287.png
127_fibrosis_265.png,orig07288.png
134_fibrosis_101.png,orig07289.png
072_fibrosis_219.png,orig07290.png
067_fibrosis_074.png,orig07291.png
201_fibrosis_061.png,orig07292.png
196_fibrosis_212.png,orig07293.png
137_fibrosis_036.png,orig07294.png
196_fibrosis_201.png,orig07295.png
193_fibrosis_161.png,orig07296.png
069_fibrosis_305.png,orig07297.png
135_fibrosis_161.png,orig07298.png
074_fibrosis_084.png,orig07299.png
134_fibrosis_276.png,orig07300.png
141_fibrosis_223.png,orig07301.png
141_fibrosis_024.png,orig07302.png
197_fibrosis_123.png,orig07303.png
084_fibrosis_158.png,orig07304.png
195_fibrosis_122.png,orig07305.png
079_fibrosis_195.png,orig07306.png
140_fibrosis_076.png,orig07307.png
137_fibrosis_118.png,orig07308.png
068_fibrosis_116.png,orig07309.png
139_fibrosis_315.png,orig07310.png
077_fibrosis_283.png,orig07311.png
067_fibrosis_056.png,orig07312.png
071_fibrosis_149.png,orig07313.png
077_fibrosis_190.png,orig07314.png
078_fibrosis_054.png,orig07315.png
067_fibrosis_150.png,orig07316.png
082_fibrosis_158.png,orig07317.png
127_fibrosis_214.png,orig07318.png
069_fibrosis_311.png,orig07319.png
066_fibrosis_223.png,orig07320.png
072_fibrosis_161.png,orig07321.png
140_fibrosis_079.png,orig07322.png
136_fibrosis_067.png,orig07323.png
139_fibrosis_183.png,orig07324.png
067_fibrosis_140.png,orig07325.png
197_fibrosis_185.png,orig07326.png
137_fibrosis_163.png,orig07327.png
146_fibrosis_166.png,orig07328.png
065_fibrosis_027.png,orig07329.png
084_fibrosis_222.png,orig07330.png
071_fibrosis_266.png,orig07331.png
200_fibrosis_190.png,orig07332.png
129_fibrosis_101.png,orig07333.png
147_fibrosis_139.png,orig07334.png
201_fibrosis_206.png,orig07335.png
076_fibrosis_151.png,orig07336.png
139_fibrosis_311.png,orig07337.png
137_fibrosis_265.png,orig07338.png
198_fibrosis_157.png,orig07339.png
068_fibrosis_274.png,orig07340.png
081_fibrosis_238.png,orig07341.png
074_fibrosis_322.png,orig07342.png
129_fibrosis_092.png,orig07343.png
193_fibrosis_033.png,orig07344.png
135_fibrosis_051.png,orig07345.png
192_fibrosis_118.png,orig07346.png
066_fibrosis_135.png,orig07347.png
073_fibrosis_146.png,orig07348.png
033_fibrosis_149.png,orig07349.png
129_fibrosis_111.png,orig07350.png
082_fibrosis_191.png,orig07351.png
068_fibrosis_291.png,orig07352.png
196_fibrosis_219.png,orig07353.png
139_fibrosis_031.png,orig07354.png
128_fibrosis_080.png,orig07355.png
147_fibrosis_226.png,orig07356.png
132_fibrosis_125.png,orig07357.png
077_fibrosis_205.png,orig07358.png
145_fibrosis_111.png,orig07359.png
080_fibrosis_204.png,orig07360.png
127_fibrosis_041.png,orig07361.png
193_fibrosis_183.png,orig07362.png
071_fibrosis_223.png,orig07363.png
128_fibrosis_183.png,orig07364.png
065_fibrosis_118.png,orig07365.png
140_fibrosis_021.png,orig07366.png
138_fibrosis_109.png,orig07367.png
067_fibrosis_071.png,orig07368.png
073_fibrosis_300.png,orig07369.png
066_fibrosis_094.png,orig07370.png
131_fibrosis_148.png,orig07371.png
197_fibrosis_057.png,orig07372.png
139_fibrosis_109.png,orig07373.png
129_fibrosis_129.png,orig07374.png
078_fibrosis_121.png,orig07375.png
141_fibrosis_207.png,orig07376.png
140_fibrosis_098.png,orig07377.png
068_fibrosis_200.png,orig07378.png
194_fibrosis_148.png,orig07379.png
134_fibrosis_029.png,orig07380.png
033_fibrosis_059.png,orig07381.png
132_fibrosis_069.png,orig07382.png
200_fibrosis_026.png,orig07383.png
081_fibrosis_198.png,orig07384.png
136_fibrosis_248.png,orig07385.png
069_fibrosis_106.png,orig07386.png
073_fibrosis_136.png,orig07387.png
194_fibrosis_146.png,orig07388.png
127_fibrosis_115.png,orig07389.png
076_fibrosis_021.png,orig07390.png
195_fibrosis_023.png,orig07391.png
080_fibrosis_199.png,orig07392.png
066_fibrosis_164.png,orig07393.png
201_fibrosis_020.png,orig07394.png
137_fibrosis_296.png,orig07395.png
196_fibrosis_107.png,orig07396.png
192_fibrosis_239.png,orig07397.png
067_fibrosis_114.png,orig07398.png
196_fibrosis_275.png,orig07399.png
129_fibrosis_097.png,orig07400.png
203_fibrosis_092.png,orig07401.png
201_fibrosis_150.png,orig07402.png
078_fibrosis_183.png,orig07403.png
194_fibrosis_051.png,orig07404.png
197_fibrosis_220.png,orig07405.png
066_fibrosis_182.png,orig07406.png
196_fibrosis_111.png,orig07407.png
080_fibrosis_205.png,orig07408.png
073_fibrosis_279.png,orig07409.png
033_fibrosis_050.png,orig07410.png
196_fibrosis_132.png,orig07411.png
066_fibrosis_098.png,orig07412.png
194_fibrosis_206.png,orig07413.png
197_fibrosis_163.png,orig07414.png
073_fibrosis_095.png,orig07415.png
072_fibrosis_068.png,orig07416.png
148_fibrosis_123.png,orig07417.png
081_fibrosis_259.png,orig07418.png
194_fibrosis_208.png,orig07419.png
148_fibrosis_266.png,orig07420.png
195_fibrosis_187.png,orig07421.png
143_fibrosis_108.png,orig07422.png
147_fibrosis_206.png,orig07423.png
138_fibrosis_071.png,orig07424.png
198_fibrosis_139.png,orig07425.png
140_fibrosis_033.png,orig07426.png
136_fibrosis_198.png,orig07427.png
084_fibrosis_285.png,orig07428.png
068_fibrosis_272.png,orig07429.png
075_fibrosis_163.png,orig07430.png
067_fibrosis_141.png,orig07431.png
146_fibrosis_046.png,orig07432.png
071_fibrosis_271.png,orig07433.png
067_fibrosis_153.png,orig07434.png
147_fibrosis_291.png,orig07435.png
033_fibrosis_042.png,orig07436.png
194_fibrosis_141.png,orig07437.png
071_fibrosis_028.png,orig07438.png
194_fibrosis_175.png,orig07439.png
075_fibrosis_287.png,orig07440.png
134_fibrosis_024.png,orig07441.png
073_fibrosis_298.png,orig07442.png
065_fibrosis_115.png,orig07443.png
138_fibrosis_115.png,orig07444.png
199_fibrosis_066.png,orig07445.png
074_fibrosis_173.png,orig07446.png
136_fibrosis_256.png,orig07447.png
069_fibrosis_218.png,orig07448.png
076_fibrosis_180.png,orig07449.png
201_fibrosis_140.png,orig07450.png
071_fibrosis_065.png,orig07451.png
033_fibrosis_202.png,orig07452.png
135_fibrosis_062.png,orig07453.png
067_fibrosis_028.png,orig07454.png
080_fibrosis_375.png,orig07455.png
140_fibrosis_093.png,orig07456.png
192_fibrosis_097.png,orig07457.png
073_fibrosis_162.png,orig07458.png
068_fibrosis_085.png,orig07459.png
145_fibrosis_167.png,orig07460.png
082_fibrosis_083.png,orig07461.png
078_fibrosis_059.png,orig07462.png
075_fibrosis_303.png,orig07463.png
080_fibrosis_399.png,orig07464.png
139_fibrosis_391.png,orig07465.png
078_fibrosis_051.png,orig07466.png
134_fibrosis_044.png,orig07467.png
080_fibrosis_345.png,orig07468.png
065_fibrosis_146.png,orig07469.png
135_fibrosis_279.png,orig07470.png
074_fibrosis_051.png,orig07471.png
143_fibrosis_087.png,orig07472.png
076_fibrosis_108.png,orig07473.png
132_fibrosis_254.png,orig07474.png
137_fibrosis_153.png,orig07475.png
198_fibrosis_137.png,orig07476.png
147_fibrosis_179.png,orig07477.png
134_fibrosis_129.png,orig07478.png
132_fibrosis_139.png,orig07479.png
066_fibrosis_165.png,orig07480.png
078_fibrosis_100.png,orig07481.png
066_fibrosis_032.png,orig07482.png
149_fibrosis_048.png,orig07483.png
147_fibrosis_279.png,orig07484.png
081_fibrosis_138.png,orig07485.png
193_fibrosis_150.png,orig07486.png
196_fibrosis_229.png,orig07487.png
069_fibrosis_286.png,orig07488.png
134_fibrosis_187.png,orig07489.png
077_fibrosis_341.png,orig07490.png
139_fibrosis_351.png,orig07491.png
147_fibrosis_079.png,orig07492.png
080_fibrosis_229.png,orig07493.png
075_fibrosis_281.png,orig07494.png
146_fibrosis_255.png,orig07495.png
034_fibrosis_239.png,orig07496.png
194_fibrosis_056.png,orig07497.png
034_fibrosis_207.png,orig07498.png
193_fibrosis_139.png,orig07499.png
149_fibrosis_200.png,orig07500.png
148_fibrosis_261.png,orig07501.png
132_fibrosis_142.png,orig07502.png
139_fibrosis_097.png,orig07503.png
067_fibrosis_057.png,orig07504.png
068_fibrosis_264.png,orig07505.png
071_fibrosis_090.png,orig07506.png
071_fibrosis_087.png,orig07507.png
084_fibrosis_133.png,orig07508.png
149_fibrosis_226.png,orig07509.png
139_fibrosis_027.png,orig07510.png
034_fibrosis_325.png,orig07511.png
072_fibrosis_123.png,orig07512.png
140_fibrosis_150.png,orig07513.png
127_fibrosis_196.png,orig07514.png
077_fibrosis_306.png,orig07515.png
192_fibrosis_133.png,orig07516.png
129_fibrosis_045.png,orig07517.png
067_fibrosis_044.png,orig07518.png
080_fibrosis_322.png,orig07519.png
065_fibrosis_189.png,orig07520.png
135_fibrosis_081.png,orig07521.png
077_fibrosis_339.png,orig07522.png
127_fibrosis_100.png,orig07523.png
131_fibrosis_171.png,orig07524.png
068_fibrosis_192.png,orig07525.png
064_fibrosis_140.png,orig07526.png
081_fibrosis_313.png,orig07527.png
071_fibrosis_158.png,orig07528.png
069_fibrosis_110.png,orig07529.png
075_fibrosis_294.png,orig07530.png
149_fibrosis_158.png,orig07531.png
139_fibrosis_334.png,orig07532.png
129_fibrosis_229.png,orig07533.png
194_fibrosis_180.png,orig07534.png
196_fibrosis_070.png,orig07535.png
084_fibrosis_149.png,orig07536.png
147_fibrosis_172.png,orig07537.png
135_fibrosis_206.png,orig07538.png
073_fibrosis_263.png,orig07539.png
067_fibrosis_031.png,orig07540.png
134_fibrosis_021.png,orig07541.png
074_fibrosis_279.png,orig07542.png
139_fibrosis_079.png,orig07543.png
131_fibrosis_215.png,orig07544.png
131_fibrosis_079.png,orig07545.png
146_fibrosis_109.png,orig07546.png
076_fibrosis_161.png,orig07547.png
149_fibrosis_140.png,orig07548.png
140_fibrosis_237.png,orig07549.png
128_fibrosis_216.png,orig07550.png
139_fibrosis_219.png,orig07551.png
071_fibrosis_192.png,orig07552.png
135_fibrosis_083.png,orig07553.png
080_fibrosis_364.png,orig07554.png
194_fibrosis_258.png,orig07555.png
074_fibrosis_065.png,orig07556.png
064_fibrosis_319.png,orig07557.png
076_fibrosis_047.png,orig07558.png
146_fibrosis_111.png,orig07559.png
194_fibrosis_226.png,orig07560.png
139_fibrosis_236.png,orig07561.png
075_fibrosis_024.png,orig07562.png
064_fibrosis_166.png,orig07563.png
145_fibrosis_066.png,orig07564.png
140_fibrosis_159.png,orig07565.png
146_fibrosis_250.png,orig07566.png
137_fibrosis_190.png,orig07567.png
033_fibrosis_341.png,orig07568.png
195_fibrosis_277.png,orig07569.png
140_fibrosis_312.png,orig07570.png
076_fibrosis_170.png,orig07571.png
081_fibrosis_323.png,orig07572.png
146_fibrosis_053.png,orig07573.png
072_fibrosis_261.png,orig07574.png
149_fibrosis_085.png,orig07575.png
068_fibrosis_058.png,orig07576.png
139_fibrosis_099.png,orig07577.png
132_fibrosis_262.png,orig07578.png
197_fibrosis_164.png,orig07579.png
084_fibrosis_282.png,orig07580.png
149_fibrosis_082.png,orig07581.png
084_fibrosis_252.png,orig07582.png
076_fibrosis_184.png,orig07583.png
076_fibrosis_150.png,orig07584.png
084_fibrosis_178.png,orig07585.png
193_fibrosis_190.png,orig07586.png
200_fibrosis_052.png,orig07587.png
143_fibrosis_029.png,orig07588.png
200_fibrosis_083.png,orig07589.png
127_fibrosis_322.png,orig07590.png
192_fibrosis_109.png,orig07591.png
073_fibrosis_126.png,orig07592.png
082_fibrosis_213.png,orig07593.png
194_fibrosis_183.png,orig07594.png
067_fibrosis_063.png,orig07595.png
074_fibrosis_293.png,orig07596.png
146_fibrosis_132.png,orig07597.png
134_fibrosis_193.png,orig07598.png
147_fibrosis_095.png,orig07599.png
192_fibrosis_190.png,orig07600.png
143_fibrosis_138.png,orig07601.png
195_fibrosis_165.png,orig07602.png
148_fibrosis_218.png,orig07603.png
127_fibrosis_073.png,orig07604.png
138_fibrosis_099.png,orig07605.png
198_fibrosis_226.png,orig07606.png
135_fibrosis_247.png,orig07607.png
147_fibrosis_229.png,orig07608.png
127_fibrosis_288.png,orig07609.png
074_fibrosis_128.png,orig07610.png
143_fibrosis_174.png,orig07611.png
139_fibrosis_265.png,orig07612.png
129_fibrosis_240.png,orig07613.png
137_fibrosis_233.png,orig07614.png
127_fibrosis_177.png,orig07615.png
199_fibrosis_049.png,orig07616.png
072_fibrosis_265.png,orig07617.png
145_fibrosis_191.png,orig07618.png
127_fibrosis_164.png,orig07619.png
067_fibrosis_239.png,orig07620.png
136_fibrosis_161.png,orig07621.png
129_fibrosis_052.png,orig07622.png
132_fibrosis_179.png,orig07623.png
082_fibrosis_297.png,orig07624.png
203_fibrosis_020.png,orig07625.png
074_fibrosis_290.png,orig07626.png
077_fibrosis_165.png,orig07627.png
067_fibrosis_034.png,orig07628.png
132_fibrosis_107.png,orig07629.png
197_fibrosis_243.png,orig07630.png
064_fibrosis_204.png,orig07631.png
197_fibrosis_162.png,orig07632.png
138_fibrosis_256.png,orig07633.png
147_fibrosis_123.png,orig07634.png
071_fibrosis_222.png,orig07635.png
136_fibrosis_237.png,orig07636.png
148_fibrosis_188.png,orig07637.png
073_fibrosis_294.png,orig07638.png
147_fibrosis_298.png,orig07639.png
200_fibrosis_135.png,orig07640.png
074_fibrosis_221.png,orig07641.png
146_fibrosis_184.png,orig07642.png
134_fibrosis_224.png,orig07643.png
195_fibrosis_119.png,orig07644.png
081_fibrosis_274.png,orig07645.png
132_fibrosis_074.png,orig07646.png
084_fibrosis_084.png,orig07647.png
134_fibrosis_141.png,orig07648.png
192_fibrosis_149.png,orig07649.png
069_fibrosis_107.png,orig07650.png
139_fibrosis_328.png,orig07651.png
194_fibrosis_309.png,orig07652.png
192_fibrosis_174.png,orig07653.png
071_fibrosis_231.png,orig07654.png
145_fibrosis_057.png,orig07655.png
194_fibrosis_202.png,orig07656.png
140_fibrosis_197.png,orig07657.png
081_fibrosis_319.png,orig07658.png
075_fibrosis_085.png,orig07659.png
077_fibrosis_031.png,orig07660.png
141_fibrosis_191.png,orig07661.png
145_fibrosis_072.png,orig07662.png
127_fibrosis_143.png,orig07663.png
065_fibrosis_101.png,orig07664.png
136_fibrosis_036.png,orig07665.png
203_fibrosis_047.png,orig07666.png
145_fibrosis_044.png,orig07667.png
078_fibrosis_050.png,orig07668.png
128_fibrosis_256.png,orig07669.png
081_fibrosis_203.png,orig07670.png
078_fibrosis_168.png,orig07671.png
078_fibrosis_270.png,orig07672.png
198_fibrosis_164.png,orig07673.png
146_fibrosis_148.png,orig07674.png
033_fibrosis_218.png,orig07675.png
066_fibrosis_299.png,orig07676.png
139_fibrosis_248.png,orig07677.png
148_fibrosis_232.png,orig07678.png
193_fibrosis_133.png,orig07679.png
137_fibrosis_084.png,orig07680.png
134_fibrosis_166.png,orig07681.png
135_fibrosis_066.png,orig07682.png
149_fibrosis_253.png,orig07683.png
199_fibrosis_071.png,orig07684.png
068_fibrosis_263.png,orig07685.png
129_fibrosis_058.png,orig07686.png
135_fibrosis_183.png,orig07687.png
071_fibrosis_151.png,orig07688.png
197_fibrosis_116.png,orig07689.png
074_fibrosis_064.png,orig07690.png
136_fibrosis_031.png,orig07691.png
064_fibrosis_020.png,orig07692.png
201_fibrosis_104.png,orig07693.png
065_fibrosis_050.png,orig07694.png
076_fibrosis_125.png,orig07695.png
033_fibrosis_131.png,orig07696.png
140_fibrosis_106.png,orig07697.png
084_fibrosis_021.png,orig07698.png
129_fibrosis_071.png,orig07699.png
078_fibrosis_024.png,orig07700.png
067_fibrosis_255.png,orig07701.png
203_fibrosis_105.png,orig07702.png
195_fibrosis_103.png,orig07703.png
078_fibrosis_216.png,orig07704.png
198_fibrosis_210.png,orig07705.png
136_fibrosis_166.png,orig07706.png
080_fibrosis_337.png,orig07707.png
080_fibrosis_409.png,orig07708.png
127_fibrosis_256.png,orig07709.png
073_fibrosis_105.png,orig07710.png
141_fibrosis_056.png,orig07711.png
127_fibrosis_215.png,orig07712.png
075_fibrosis_124.png,orig07713.png
143_fibrosis_107.png,orig07714.png
076_fibrosis_149.png,orig07715.png
078_fibrosis_068.png,orig07716.png
197_fibrosis_050.png,orig07717.png
072_fibrosis_097.png,orig07718.png
194_fibrosis_127.png,orig07719.png
081_fibrosis_147.png,orig07720.png
143_fibrosis_205.png,orig07721.png
073_fibrosis_043.png,orig07722.png
082_fibrosis_111.png,orig07723.png
192_fibrosis_228.png,orig07724.png
141_fibrosis_147.png,orig07725.png
141_fibrosis_275.png,orig07726.png
079_fibrosis_230.png,orig07727.png
138_fibrosis_063.png,orig07728.png
078_fibrosis_104.png,orig07729.png
149_fibrosis_156.png,orig07730.png
134_fibrosis_066.png,orig07731.png
146_fibrosis_136.png,orig07732.png
074_fibrosis_114.png,orig07733.png
069_fibrosis_248.png,orig07734.png
143_fibrosis_163.png,orig07735.png
192_fibrosis_262.png,orig07736.png
082_fibrosis_138.png,orig07737.png
081_fibrosis_369.png,orig07738.png
134_fibrosis_151.png,orig07739.png
128_fibrosis_081.png,orig07740.png
066_fibrosis_287.png,orig07741.png
082_fibrosis_148.png,orig07742.png
148_fibrosis_061.png,orig07743.png
196_fibrosis_276.png,orig07744.png
069_fibrosis_096.png,orig07745.png
084_fibrosis_223.png,orig07746.png
141_fibrosis_022.png,orig07747.png
072_fibrosis_091.png,orig07748.png
076_fibrosis_096.png,orig07749.png
147_fibrosis_109.png,orig07750.png
068_fibrosis_189.png,orig07751.png
139_fibrosis_104.png,orig07752.png
128_fibrosis_232.png,orig07753.png
076_fibrosis_046.png,orig07754.png
140_fibrosis_107.png,orig07755.png
200_fibrosis_176.png,orig07756.png
138_fibrosis_088.png,orig07757.png
195_fibrosis_224.png,orig07758.png
201_fibrosis_055.png,orig07759.png
147_fibrosis_170.png,orig07760.png
139_fibrosis_216.png,orig07761.png
196_fibrosis_046.png,orig07762.png
074_fibrosis_056.png,orig07763.png
068_fibrosis_041.png,orig07764.png
136_fibrosis_222.png,orig07765.png
139_fibrosis_289.png,orig07766.png
149_fibrosis_248.png,orig07767.png
081_fibrosis_279.png,orig07768.png
192_fibrosis_249.png,orig07769.png
072_fibrosis_218.png,orig07770.png
033_fibrosis_325.png,orig07771.png
137_fibrosis_256.png,orig07772.png
193_fibrosis_158.png,orig07773.png
147_fibrosis_073.png,orig07774.png
129_fibrosis_024.png,orig07775.png
147_fibrosis_147.png,orig07776.png
068_fibrosis_093.png,orig07777.png
079_fibrosis_254.png,orig07778.png
146_fibrosis_153.png,orig07779.png
127_fibrosis_150.png,orig07780.png
075_fibrosis_307.png,orig07781.png
140_fibrosis_198.png,orig07782.png
075_fibrosis_043.png,orig07783.png
074_fibrosis_042.png,orig07784.png
080_fibrosis_309.png,orig07785.png
034_fibrosis_083.png,orig07786.png
197_fibrosis_238.png,orig07787.png
141_fibrosis_098.png,orig07788.png
198_fibrosis_125.png,orig07789.png
200_fibrosis_169.png,orig07790.png
198_fibrosis_203.png,orig07791.png
075_fibrosis_243.png,orig07792.png
076_fibrosis_064.png,orig07793.png
139_fibrosis_042.png,orig07794.png
148_fibrosis_160.png,orig07795.png
147_fibrosis_154.png,orig07796.png
196_fibrosis_246.png,orig07797.png
193_fibrosis_029.png,orig07798.png
147_fibrosis_264.png,orig07799.png
135_fibrosis_227.png,orig07800.png
081_fibrosis_153.png,orig07801.png
074_fibrosis_196.png,orig07802.png
146_fibrosis_093.png,orig07803.png
064_fibrosis_181.png,orig07804.png
194_fibrosis_093.png,orig07805.png
084_fibrosis_209.png,orig07806.png
081_fibrosis_139.png,orig07807.png
138_fibrosis_197.png,orig07808.png
136_fibrosis_086.png,orig07809.png
198_fibrosis_044.png,orig07810.png
131_fibrosis_127.png,orig07811.png
084_fibrosis_058.png,orig07812.png
065_fibrosis_065.png,orig07813.png
081_fibrosis_266.png,orig07814.png
074_fibrosis_312.png,orig07815.png
195_fibrosis_168.png,orig07816.png
148_fibrosis_042.png,orig07817.png
136_fibrosis_045.png,orig07818.png
127_fibrosis_185.png,orig07819.png
146_fibrosis_157.png,orig07820.png
073_fibrosis_177.png,orig07821.png
067_fibrosis_237.png,orig07822.png
147_fibrosis_237.png,orig07823.png
200_fibrosis_033.png,orig07824.png
138_fibrosis_100.png,orig07825.png
077_fibrosis_212.png,orig07826.png
141_fibrosis_121.png,orig07827.png
196_fibrosis_025.png,orig07828.png
075_fibrosis_121.png,orig07829.png
075_fibrosis_225.png,orig07830.png
128_fibrosis_075.png,orig07831.png
075_fibrosis_137.png,orig07832.png
067_fibrosis_027.png,orig07833.png
071_fibrosis_194.png,orig07834.png
136_fibrosis_058.png,orig07835.png
079_fibrosis_168.png,orig07836.png
068_fibrosis_221.png,orig07837.png
146_fibrosis_026.png,orig07838.png
145_fibrosis_150.png,orig07839.png
081_fibrosis_299.png,orig07840.png
134_fibrosis_261.png,orig07841.png
136_fibrosis_059.png,orig07842.png
199_fibrosis_135.png,orig07843.png
136_fibrosis_129.png,orig07844.png
136_fibrosis_072.png,orig07845.png
139_fibrosis_180.png,orig07846.png
080_fibrosis_225.png,orig07847.png
069_fibrosis_260.png,orig07848.png
128_fibrosis_061.png,orig07849.png
196_fibrosis_277.png,orig07850.png
082_fibrosis_108.png,orig07851.png
127_fibrosis_103.png,orig07852.png
193_fibrosis_165.png,orig07853.png
073_fibrosis_315.png,orig07854.png
193_fibrosis_082.png,orig07855.png
081_fibrosis_162.png,orig07856.png
074_fibrosis_054.png,orig07857.png
194_fibrosis_247.png,orig07858.png
129_fibrosis_156.png,orig07859.png
132_fibrosis_200.png,orig07860.png
194_fibrosis_246.png,orig07861.png
064_fibrosis_161.png,orig07862.png
195_fibrosis_313.png,orig07863.png
072_fibrosis_071.png,orig07864.png
197_fibrosis_068.png,orig07865.png
076_fibrosis_228.png,orig07866.png
072_fibrosis_032.png,orig07867.png
200_fibrosis_104.png,orig07868.png
197_fibrosis_197.png,orig07869.png
194_fibrosis_076.png,orig07870.png
193_fibrosis_049.png,orig07871.png
033_fibrosis_076.png,orig07872.png
068_fibrosis_160.png,orig07873.png
201_fibrosis_038.png,orig07874.png
200_fibrosis_074.png,orig07875.png
197_fibrosis_128.png,orig07876.png
194_fibrosis_198.png,orig07877.png
200_fibrosis_077.png,orig07878.png
073_fibrosis_059.png,orig07879.png
072_fibrosis_184.png,orig07880.png
203_fibrosis_025.png,orig07881.png
201_fibrosis_178.png,orig07882.png
081_fibrosis_123.png,orig07883.png
075_fibrosis_314.png,orig07884.png
068_fibrosis_049.png,orig07885.png
135_fibrosis_280.png,orig07886.png
081_fibrosis_349.png,orig07887.png
196_fibrosis_239.png,orig07888.png
071_fibrosis_115.png,orig07889.png
078_fibrosis_067.png,orig07890.png
079_fibrosis_151.png,orig07891.png
201_fibrosis_121.png,orig07892.png
193_fibrosis_055.png,orig07893.png
138_fibrosis_042.png,orig07894.png
082_fibrosis_296.png,orig07895.png
127_fibrosis_326.png,orig07896.png
131_fibrosis_184.png,orig07897.png
064_fibrosis_312.png,orig07898.png
140_fibrosis_282.png,orig07899.png
077_fibrosis_029.png,orig07900.png
067_fibrosis_033.png,orig07901.png
066_fibrosis_040.png,orig07902.png
068_fibrosis_070.png,orig07903.png
127_fibrosis_251.png,orig07904.png
149_fibrosis_063.png,orig07905.png
068_fibrosis_123.png,orig07906.png
078_fibrosis_192.png,orig07907.png
084_fibrosis_107.png,orig07908.png
131_fibrosis_304.png,orig07909.png
194_fibrosis_237.png,orig07910.png
136_fibrosis_107.png,orig07911.png
077_fibrosis_313.png,orig07912.png
192_fibrosis_104.png,orig07913.png
145_fibrosis_032.png,orig07914.png
072_fibrosis_198.png,orig07915.png
132_fibrosis_131.png,orig07916.png
079_fibrosis_128.png,orig07917.png
193_fibrosis_176.png,orig07918.png
149_fibrosis_283.png,orig07919.png
079_fibrosis_193.png,orig07920.png
071_fibrosis_212.png,orig07921.png
197_fibrosis_232.png,orig07922.png
200_fibrosis_125.png,orig07923.png
129_fibrosis_145.png,orig07924.png
082_fibrosis_091.png,orig07925.png
082_fibrosis_304.png,orig07926.png
195_fibrosis_143.png,orig07927.png
065_fibrosis_099.png,orig07928.png
143_fibrosis_182.png,orig07929.png
129_fibrosis_177.png,orig07930.png
200_fibrosis_070.png,orig07931.png
137_fibrosis_092.png,orig07932.png
139_fibrosis_166.png,orig07933.png
134_fibrosis_235.png,orig07934.png
064_fibrosis_311.png,orig07935.png
148_fibrosis_046.png,orig07936.png
084_fibrosis_286.png,orig07937.png
084_fibrosis_079.png,orig07938.png
073_fibrosis_167.png,orig07939.png
069_fibrosis_213.png,orig07940.png
076_fibrosis_208.png,orig07941.png
067_fibrosis_169.png,orig07942.png
128_fibrosis_175.png,orig07943.png
128_fibrosis_214.png,orig07944.png
080_fibrosis_233.png,orig07945.png
200_fibrosis_139.png,orig07946.png
068_fibrosis_043.png,orig07947.png
141_fibrosis_051.png,orig07948.png
134_fibrosis_051.png,orig07949.png
197_fibrosis_195.png,orig07950.png
194_fibrosis_277.png,orig07951.png
072_fibrosis_083.png,orig07952.png
136_fibrosis_218.png,orig07953.png
072_fibrosis_098.png,orig07954.png
069_fibrosis_192.png,orig07955.png
084_fibrosis_151.png,orig07956.png
127_fibrosis_271.png,orig07957.png
075_fibrosis_261.png,orig07958.png
068_fibrosis_248.png,orig07959.png
203_fibrosis_022.png,orig07960.png
136_fibrosis_100.png,orig07961.png
127_fibrosis_237.png,orig07962.png
065_fibrosis_025.png,orig07963.png
129_fibrosis_050.png,orig07964.png
146_fibrosis_213.png,orig07965.png
071_fibrosis_053.png,orig07966.png
140_fibrosis_169.png,orig07967.png
082_fibrosis_199.png,orig07968.png
129_fibrosis_112.png,orig07969.png
194_fibrosis_278.png,orig07970.png
066_fibrosis_146.png,orig07971.png
129_fibrosis_276.png,orig07972.png
139_fibrosis_387.png,orig07973.png
067_fibrosis_122.png,orig07974.png
082_fibrosis_107.png,orig07975.png
193_fibrosis_042.png,orig07976.png
149_fibrosis_152.png,orig07977.png
079_fibrosis_068.png,orig07978.png
066_fibrosis_202.png,orig07979.png
071_fibrosis_085.png,orig07980.png
147_fibrosis_200.png,orig07981.png
201_fibrosis_190.png,orig07982.png
067_fibrosis_155.png,orig07983.png
203_fibrosis_038.png,orig07984.png
141_fibrosis_033.png,orig07985.png
147_fibrosis_101.png,orig07986.png
132_fibrosis_223.png,orig07987.png
197_fibrosis_145.png,orig07988.png
079_fibrosis_215.png,orig07989.png
071_fibrosis_141.png,orig07990.png
140_fibrosis_265.png,orig07991.png
149_fibrosis_257.png,orig07992.png
198_fibrosis_223.png,orig07993.png
149_fibrosis_058.png,orig07994.png
138_fibrosis_065.png,orig07995.png
064_fibrosis_118.png,orig07996.png
147_fibrosis_217.png,orig07997.png
075_fibrosis_174.png,orig07998.png
072_fibrosis_085.png,orig07999.png
076_fibrosis_159.png,orig08000.png
143_fibrosis_083.png,orig08001.png
129_fibrosis_020.png,orig08002.png
128_fibrosis_101.png,orig08003.png
066_fibrosis_170.png,orig08004.png
034_fibrosis_050.png,orig08005.png
140_fibrosis_190.png,orig08006.png
139_fibrosis_269.png,orig08007.png
078_fibrosis_035.png,orig08008.png
073_fibrosis_072.png,orig08009.png
145_fibrosis_041.png,orig08010.png
076_fibrosis_094.png,orig08011.png
076_fibrosis_219.png,orig08012.png
064_fibrosis_298.png,orig08013.png
198_fibrosis_028.png,orig08014.png
139_fibrosis_029.png,orig08015.png
149_fibrosis_194.png,orig08016.png
192_fibrosis_229.png,orig08017.png
138_fibrosis_154.png,orig08018.png
137_fibrosis_090.png,orig08019.png
076_fibrosis_203.png,orig08020.png
128_fibrosis_177.png,orig08021.png
084_fibrosis_126.png,orig08022.png
077_fibrosis_037.png,orig08023.png
139_fibrosis_102.png,orig08024.png
194_fibrosis_269.png,orig08025.png
072_fibrosis_205.png,orig08026.png
196_fibrosis_238.png,orig08027.png
071_fibrosis_111.png,orig08028.png
081_fibrosis_255.png,orig08029.png
136_fibrosis_138.png,orig08030.png
067_fibrosis_165.png,orig08031.png
080_fibrosis_355.png,orig08032.png
076_fibrosis_067.png,orig08033.png
073_fibrosis_133.png,orig08034.png
076_fibrosis_099.png,orig08035.png
195_fibrosis_262.png,orig08036.png
132_fibrosis_273.png,orig08037.png
138_fibrosis_091.png,orig08038.png
075_fibrosis_192.png,orig08039.png
080_fibrosis_329.png,orig08040.png
082_fibrosis_168.png,orig08041.png
067_fibrosis_162.png,orig08042.png
198_fibrosis_079.png,orig08043.png
199_fibrosis_134.png,orig08044.png
080_fibrosis_417.png,orig08045.png
064_fibrosis_149.png,orig08046.png
075_fibrosis_144.png,orig08047.png
084_fibrosis_113.png,orig08048.png
064_fibrosis_091.png,orig08049.png
147_fibrosis_163.png,orig08050.png
134_fibrosis_109.png,orig08051.png
149_fibrosis_038.png,orig08052.png
127_fibrosis_333.png,orig08053.png
147_fibrosis_137.png,orig08054.png
196_fibrosis_199.png,orig08055.png
080_fibrosis_303.png,orig08056.png
192_fibrosis_261.png,orig08057.png
084_fibrosis_098.png,orig08058.png
074_fibrosis_284.png,orig08059.png
066_fibrosis_190.png,orig08060.png
132_fibrosis_287.png,orig08061.png
068_fibrosis_184.png,orig08062.png
066_fibrosis_156.png,orig08063.png
194_fibrosis_104.png,orig08064.png
141_fibrosis_034.png,orig08065.png
140_fibrosis_170.png,orig08066.png
082_fibrosis_306.png,orig08067.png
071_fibrosis_116.png,orig08068.png
134_fibrosis_097.png,orig08069.png
139_fibrosis_152.png,orig08070.png
132_fibrosis_180.png,orig08071.png
201_fibrosis_227.png,orig08072.png
143_fibrosis_039.png,orig08073.png
064_fibrosis_233.png,orig08074.png
082_fibrosis_209.png,orig08075.png
136_fibrosis_085.png,orig08076.png
132_fibrosis_239.png,orig08077.png
135_fibrosis_148.png,orig08078.png
138_fibrosis_218.png,orig08079.png
073_fibrosis_312.png,orig08080.png
073_fibrosis_246.png,orig08081.png
138_fibrosis_155.png,orig08082.png
201_fibrosis_225.png,orig08083.png
080_fibrosis_383.png,orig08084.png
079_fibrosis_135.png,orig08085.png
146_fibrosis_104.png,orig08086.png
078_fibrosis_317.png,orig08087.png
082_fibrosis_299.png,orig08088.png
131_fibrosis_246.png,orig08089.png
067_fibrosis_241.png,orig08090.png
034_fibrosis_250.png,orig08091.png
193_fibrosis_023.png,orig08092.png
127_fibrosis_182.png,orig08093.png
196_fibrosis_283.png,orig08094.png
147_fibrosis_159.png,orig08095.png
082_fibrosis_141.png,orig08096.png
148_fibrosis_097.png,orig08097.png
082_fibrosis_303.png,orig08098.png
138_fibrosis_116.png,orig08099.png
196_fibrosis_083.png,orig08100.png
129_fibrosis_086.png,orig08101.png
073_fibrosis_189.png,orig08102.png
128_fibrosis_029.png,orig08103.png
132_fibrosis_117.png,orig08104.png
196_fibrosis_085.png,orig08105.png
128_fibrosis_127.png,orig08106.png
197_fibrosis_039.png,orig08107.png
193_fibrosis_051.png,orig08108.png
149_fibrosis_233.png,orig08109.png
196_fibrosis_050.png,orig08110.png
143_fibrosis_066.png,orig08111.png
084_fibrosis_188.png,orig08112.png
131_fibrosis_158.png,orig08113.png
082_fibrosis_119.png,orig08114.png
135_fibrosis_264.png,orig08115.png
134_fibrosis_115.png,orig08116.png
067_fibrosis_147.png,orig08117.png
074_fibrosis_089.png,orig08118.png
081_fibrosis_111.png,orig08119.png
139_fibrosis_263.png,orig08120.png
146_fibrosis_229.png,orig08121.png
071_fibrosis_041.png,orig08122.png
081_fibrosis_246.png,orig08123.png
148_fibrosis_058.png,orig08124.png
131_fibrosis_063.png,orig08125.png
077_fibrosis_326.png,orig08126.png
132_fibrosis_171.png,orig08127.png
140_fibrosis_194.png,orig08128.png
081_fibrosis_242.png,orig08129.png
201_fibrosis_080.png,orig08130.png
140_fibrosis_046.png,orig08131.png
078_fibrosis_184.png,orig08132.png
141_fibrosis_076.png,orig08133.png
081_fibrosis_367.png,orig08134.png
192_fibrosis_251.png,orig08135.png
132_fibrosis_084.png,orig08136.png
196_fibrosis_104.png,orig08137.png
198_fibrosis_130.png,orig08138.png
072_fibrosis_054.png,orig08139.png
069_fibrosis_191.png,orig08140.png
203_fibrosis_125.png,orig08141.png
132_fibrosis_163.png,orig08142.png
201_fibrosis_153.png,orig08143.png
073_fibrosis_085.png,orig08144.png
200_fibrosis_165.png,orig08145.png
201_fibrosis_063.png,orig08146.png
136_fibrosis_027.png,orig08147.png
131_fibrosis_140.png,orig08148.png
147_fibrosis_144.png,orig08149.png
138_fibrosis_166.png,orig08150.png
074_fibrosis_041.png,orig08151.png
134_fibrosis_158.png,orig08152.png
076_fibrosis_088.png,orig08153.png
069_fibrosis_265.png,orig08154.png
071_fibrosis_106.png,orig08155.png
203_fibrosis_101.png,orig08156.png
140_fibrosis_087.png,orig08157.png
067_fibrosis_091.png,orig08158.png
147_fibrosis_151.png,orig08159.png
033_fibrosis_229.png,orig08160.png
065_fibrosis_081.png,orig08161.png
141_fibrosis_109.png,orig08162.png
084_fibrosis_025.png,orig08163.png
192_fibrosis_057.png,orig08164.png
073_fibrosis_122.png,orig08165.png
073_fibrosis_159.png,orig08166.png
127_fibrosis_022.png,orig08167.png
147_fibrosis_107.png,orig08168.png
068_fibrosis_276.png,orig08169.png
084_fibrosis_046.png,orig08170.png
131_fibrosis_264.png,orig08171.png
034_fibrosis_084.png,orig08172.png
198_fibrosis_195.png,orig08173.png
148_fibrosis_145.png,orig08174.png
141_fibrosis_133.png,orig08175.png
139_fibrosis_354.png,orig08176.png
140_fibrosis_245.png,orig08177.png
132_fibrosis_182.png,orig08178.png
138_fibrosis_130.png,orig08179.png
064_fibrosis_041.png,orig08180.png
149_fibrosis_195.png,orig08181.png
072_fibrosis_090.png,orig08182.png
131_fibrosis_322.png,orig08183.png
065_fibrosis_127.png,orig08184.png
034_fibrosis_202.png,orig08185.png
129_fibrosis_054.png,orig08186.png
066_fibrosis_349.png,orig08187.png
196_fibrosis_305.png,orig08188.png
198_fibrosis_065.png,orig08189.png
073_fibrosis_197.png,orig08190.png
084_fibrosis_123.png,orig08191.png
149_fibrosis_175.png,orig08192.png
139_fibrosis_258.png,orig08193.png
193_fibrosis_136.png,orig08194.png
137_fibrosis_200.png,orig08195.png
201_fibrosis_079.png,orig08196.png
080_fibrosis_226.png,orig08197.png
137_fibrosis_033.png,orig08198.png
068_fibrosis_265.png,orig08199.png
077_fibrosis_309.png,orig08200.png
127_fibrosis_349.png,orig08201.png
135_fibrosis_209.png,orig08202.png
127_fibrosis_222.png,orig08203.png
129_fibrosis_283.png,orig08204.png
034_fibrosis_245.png,orig08205.png
132_fibrosis_183.png,orig08206.png
034_fibrosis_213.png,orig08207.png
136_fibrosis_179.png,orig08208.png
066_fibrosis_105.png,orig08209.png
192_fibrosis_113.png,orig08210.png
127_fibrosis_280.png,orig08211.png
074_fibrosis_304.png,orig08212.png
081_fibrosis_343.png,orig08213.png
137_fibrosis_136.png,orig08214.png
065_fibrosis_135.png,orig08215.png
146_fibrosis_088.png,orig08216.png
193_fibrosis_027.png,orig08217.png
077_fibrosis_187.png,orig08218.png
195_fibrosis_139.png,orig08219.png
069_fibrosis_075.png,orig08220.png
195_fibrosis_218.png,orig08221.png
197_fibrosis_120.png,orig08222.png
132_fibrosis_177.png,orig08223.png
135_fibrosis_091.png,orig08224.png
203_fibrosis_029.png,orig08225.png
196_fibrosis_244.png,orig08226.png
139_fibrosis_057.png,orig08227.png
071_fibrosis_258.png,orig08228.png
033_fibrosis_306.png,orig08229.png
066_fibrosis_316.png,orig08230.png
072_fibrosis_193.png,orig08231.png
073_fibrosis_323.png,orig08232.png
073_fibrosis_134.png,orig08233.png
134_fibrosis_137.png,orig08234.png
193_fibrosis_073.png,orig08235.png
073_fibrosis_121.png,orig08236.png
139_fibrosis_295.png,orig08237.png
067_fibrosis_230.png,orig08238.png
065_fibrosis_128.png,orig08239.png
078_fibrosis_021.png,orig08240.png
147_fibrosis_191.png,orig08241.png
196_fibrosis_160.png,orig08242.png
129_fibrosis_250.png,orig08243.png
192_fibrosis_147.png,orig08244.png
146_fibrosis_261.png,orig08245.png
071_fibrosis_035.png,orig08246.png
196_fibrosis_234.png,orig08247.png
145_fibrosis_064.png,orig08248.png
139_fibrosis_044.png,orig08249.png
132_fibrosis_138.png,orig08250.png
146_fibrosis_169.png,orig08251.png
069_fibrosis_176.png,orig08252.png
084_fibrosis_085.png,orig08253.png
074_fibrosis_050.png,orig08254.png
194_fibrosis_110.png,orig08255.png
132_fibrosis_083.png,orig08256.png
082_fibrosis_230.png,orig08257.png
137_fibrosis_122.png,orig08258.png
131_fibrosis_284.png,orig08259.png
076_fibrosis_237.png,orig08260.png
076_fibrosis_130.png,orig08261.png
141_fibrosis_066.png,orig08262.png
143_fibrosis_132.png,orig08263.png
077_fibrosis_278.png,orig08264.png
069_fibrosis_304.png,orig08265.png
145_fibrosis_162.png,orig08266.png
139_fibrosis_272.png,orig08267.png
195_fibrosis_296.png,orig08268.png
146_fibrosis_122.png,orig08269.png
074_fibrosis_167.png,orig08270.png
135_fibrosis_175.png,orig08271.png
067_fibrosis_163.png,orig08272.png
131_fibrosis_072.png,orig08273.png
134_fibrosis_117.png,orig08274.png
077_fibrosis_178.png,orig08275.png
073_fibrosis_299.png,orig08276.png
135_fibrosis_108.png,orig08277.png
148_fibrosis_088.png,orig08278.png
131_fibrosis_325.png,orig08279.png
146_fibrosis_061.png,orig08280.png
082_fibrosis_077.png,orig08281.png
135_fibrosis_192.png,orig08282.png
194_fibrosis_046.png,orig08283.png
200_fibrosis_182.png,orig08284.png
128_fibrosis_200.png,orig08285.png
084_fibrosis_080.png,orig08286.png
066_fibrosis_062.png,orig08287.png
067_fibrosis_066.png,orig08288.png
129_fibrosis_190.png,orig08289.png
131_fibrosis_133.png,orig08290.png
072_fibrosis_106.png,orig08291.png
131_fibrosis_292.png,orig08292.png
071_fibrosis_242.png,orig08293.png
201_fibrosis_116.png,orig08294.png
069_fibrosis_279.png,orig08295.png
200_fibrosis_040.png,orig08296.png
139_fibrosis_356.png,orig08297.png
203_fibrosis_108.png,orig08298.png
138_fibrosis_152.png,orig08299.png
198_fibrosis_074.png,orig08300.png
067_fibrosis_224.png,orig08301.png
140_fibrosis_242.png,orig08302.png
074_fibrosis_320.png,orig08303.png
129_fibrosis_036.png,orig08304.png
127_fibrosis_306.png,orig08305.png
134_fibrosis_205.png,orig08306.png
145_fibrosis_192.png,orig08307.png
201_fibrosis_165.png,orig08308.png
134_fibrosis_041.png,orig08309.png
134_fibrosis_257.png,orig08310.png
197_fibrosis_131.png,orig08311.png
195_fibrosis_151.png,orig08312.png
079_fibrosis_130.png,orig08313.png
082_fibrosis_277.png,orig08314.png
077_fibrosis_149.png,orig08315.png
146_fibrosis_235.png,orig08316.png
134_fibrosis_188.png,orig08317.png
134_fibrosis_213.png,orig08318.png
033_fibrosis_323.png,orig08319.png
127_fibrosis_056.png,orig08320.png
128_fibrosis_062.png,orig08321.png
127_fibrosis_351.png,orig08322.png
200_fibrosis_187.png,orig08323.png
127_fibrosis_377.png,orig08324.png
072_fibrosis_154.png,orig08325.png
200_fibrosis_054.png,orig08326.png
138_fibrosis_202.png,orig08327.png
066_fibrosis_263.png,orig08328.png
149_fibrosis_149.png,orig08329.png
066_fibrosis_216.png,orig08330.png
082_fibrosis_235.png,orig08331.png
203_fibrosis_158.png,orig08332.png
134_fibrosis_168.png,orig08333.png
145_fibrosis_131.png,orig08334.png
136_fibrosis_102.png,orig08335.png
082_fibrosis_183.png,orig08336.png
080_fibrosis_241.png,orig08337.png
134_fibrosis_202.png,orig08338.png
194_fibrosis_162.png,orig08339.png
069_fibrosis_302.png,orig08340.png
141_fibrosis_211.png,orig08341.png
135_fibrosis_201.png,orig08342.png
137_fibrosis_255.png,orig08343.png
195_fibrosis_268.png,orig08344.png
197_fibrosis_212.png,orig08345.png
199_fibrosis_031.png,orig08346.png
077_fibrosis_263.png,orig08347.png
138_fibrosis_210.png,orig08348.png
198_fibrosis_071.png,orig08349.png
195_fibrosis_258.png,orig08350.png
084_fibrosis_097.png,orig08351.png
129_fibrosis_088.png,orig08352.png
065_fibrosis_043.png,orig08353.png
074_fibrosis_170.png,orig08354.png
076_fibrosis_043.png,orig08355.png
127_fibrosis_310.png,orig08356.png
127_fibrosis_335.png,orig08357.png
077_fibrosis_113.png,orig08358.png
203_fibrosis_117.png,orig08359.png
139_fibrosis_297.png,orig08360.png
136_fibrosis_050.png,orig08361.png
076_fibrosis_225.png,orig08362.png
141_fibrosis_194.png,orig08363.png
066_fibrosis_101.png,orig08364.png
078_fibrosis_176.png,orig08365.png
147_fibrosis_127.png,orig08366.png
196_fibrosis_141.png,orig08367.png
064_fibrosis_142.png,orig08368.png
195_fibrosis_322.png,orig08369.png
067_fibrosis_054.png,orig08370.png
147_fibrosis_104.png,orig08371.png
073_fibrosis_287.png,orig08372.png
193_fibrosis_145.png,orig08373.png
193_fibrosis_093.png,orig08374.png
137_fibrosis_150.png,orig08375.png
199_fibrosis_126.png,orig08376.png
200_fibrosis_168.png,orig08377.png
149_fibrosis_023.png,orig08378.png
069_fibrosis_087.png,orig08379.png
134_fibrosis_237.png,orig08380.png
074_fibrosis_298.png,orig08381.png
141_fibrosis_052.png,orig08382.png
128_fibrosis_208.png,orig08383.png
141_fibrosis_228.png,orig08384.png
201_fibrosis_067.png,orig08385.png
075_fibrosis_198.png,orig08386.png
131_fibrosis_218.png,orig08387.png
192_fibrosis_159.png,orig08388.png
127_fibrosis_315.png,orig08389.png
064_fibrosis_116.png,orig08390.png
139_fibrosis_251.png,orig08391.png
129_fibrosis_118.png,orig08392.png
193_fibrosis_062.png,orig08393.png
141_fibrosis_116.png,orig08394.png
081_fibrosis_285.png,orig08395.png
196_fibrosis_280.png,orig08396.png
192_fibrosis_155.png,orig08397.png
146_fibrosis_085.png,orig08398.png
064_fibrosis_114.png,orig08399.png
143_fibrosis_155.png,orig08400.png
146_fibrosis_105.png,orig08401.png
081_fibrosis_262.png,orig08402.png
078_fibrosis_236.png,orig08403.png
134_fibrosis_246.png,orig08404.png
203_fibrosis_138.png,orig08405.png
075_fibrosis_210.png,orig08406.png
128_fibrosis_099.png,orig08407.png
084_fibrosis_193.png,orig08408.png
132_fibrosis_087.png,orig08409.png
080_fibrosis_343.png,orig08410.png
127_fibrosis_227.png,orig08411.png
072_fibrosis_023.png,orig08412.png
196_fibrosis_140.png,orig08413.png
127_fibrosis_098.png,orig08414.png
145_fibrosis_115.png,orig08415.png
082_fibrosis_260.png,orig08416.png
068_fibrosis_136.png,orig08417.png
203_fibrosis_062.png,orig08418.png
149_fibrosis_164.png,orig08419.png
203_fibrosis_135.png,orig08420.png
082_fibrosis_241.png,orig08421.png
080_fibrosis_362.png,orig08422.png
068_fibrosis_277.png,orig08423.png
084_fibrosis_116.png,orig08424.png
067_fibrosis_130.png,orig08425.png
139_fibrosis_043.png,orig08426.png
073_fibrosis_304.png,orig08427.png
147_fibrosis_257.png,orig08428.png
135_fibrosis_046.png,orig08429.png
196_fibrosis_250.png,orig08430.png
134_fibrosis_111.png,orig08431.png
138_fibrosis_039.png,orig08432.png
073_fibrosis_158.png,orig08433.png
068_fibrosis_150.png,orig08434.png
131_fibrosis_220.png,orig08435.png
195_fibrosis_235.png,orig08436.png
149_fibrosis_185.png,orig08437.png
137_fibrosis_311.png,orig08438.png
068_fibrosis_155.png,orig08439.png
138_fibrosis_136.png,orig08440.png
148_fibrosis_211.png,orig08441.png
079_fibrosis_228.png,orig08442.png
075_fibrosis_057.png,orig08443.png
139_fibrosis_037.png,orig08444.png
140_fibrosis_105.png,orig08445.png
074_fibrosis_109.png,orig08446.png
068_fibrosis_094.png,orig08447.png
141_fibrosis_105.png,orig08448.png
194_fibrosis_027.png,orig08449.png
084_fibrosis_093.png,orig08450.png
131_fibrosis_165.png,orig08451.png
148_fibrosis_193.png,orig08452.png
138_fibrosis_153.png,orig08453.png
033_fibrosis_286.png,orig08454.png
077_fibrosis_171.png,orig08455.png
068_fibrosis_105.png,orig08456.png
072_fibrosis_248.png,orig08457.png
145_fibrosis_038.png,orig08458.png
131_fibrosis_240.png,orig08459.png
192_fibrosis_083.png,orig08460.png
196_fibrosis_223.png,orig08461.png
076_fibrosis_165.png,orig08462.png
147_fibrosis_287.png,orig08463.png
129_fibrosis_234.png,orig08464.png
064_fibrosis_070.png,orig08465.png
201_fibrosis_087.png,orig08466.png
197_fibrosis_188.png,orig08467.png
139_fibrosis_088.png,orig08468.png
079_fibrosis_139.png,orig08469.png
079_fibrosis_113.png,orig08470.png
195_fibrosis_191.png,orig08471.png
138_fibrosis_135.png,orig08472.png
139_fibrosis_242.png,orig08473.png
139_fibrosis_362.png,orig08474.png
075_fibrosis_101.png,orig08475.png
034_fibrosis_261.png,orig08476.png
131_fibrosis_235.png,orig08477.png
201_fibrosis_041.png,orig08478.png
072_fibrosis_073.png,orig08479.png
066_fibrosis_280.png,orig08480.png
135_fibrosis_120.png,orig08481.png
128_fibrosis_161.png,orig08482.png
082_fibrosis_098.png,orig08483.png
141_fibrosis_129.png,orig08484.png
198_fibrosis_163.png,orig08485.png
145_fibrosis_029.png,orig08486.png
073_fibrosis_285.png,orig08487.png
077_fibrosis_340.png,orig08488.png
138_fibrosis_260.png,orig08489.png
135_fibrosis_267.png,orig08490.png
137_fibrosis_034.png,orig08491.png
067_fibrosis_047.png,orig08492.png
196_fibrosis_218.png,orig08493.png
077_fibrosis_024.png,orig08494.png
034_fibrosis_145.png,orig08495.png
137_fibrosis_100.png,orig08496.png
136_fibrosis_097.png,orig08497.png
080_fibrosis_202.png,orig08498.png
138_fibrosis_241.png,orig08499.png
073_fibrosis_188.png,orig08500.png
201_fibrosis_123.png,orig08501.png
034_fibrosis_227.png,orig08502.png
196_fibrosis_248.png,orig08503.png
073_fibrosis_314.png,orig08504.png
071_fibrosis_128.png,orig08505.png
141_fibrosis_175.png,orig08506.png
200_fibrosis_059.png,orig08507.png
147_fibrosis_190.png,orig08508.png
075_fibrosis_100.png,orig08509.png
033_fibrosis_112.png,orig08510.png
084_fibrosis_112.png,orig08511.png
146_fibrosis_055.png,orig08512.png
071_fibrosis_245.png,orig08513.png
084_fibrosis_091.png,orig08514.png
200_fibrosis_146.png,orig08515.png
128_fibrosis_074.png,orig08516.png
193_fibrosis_063.png,orig08517.png
200_fibrosis_199.png,orig08518.png
131_fibrosis_097.png,orig08519.png
138_fibrosis_175.png,orig08520.png
078_fibrosis_044.png,orig08521.png
134_fibrosis_165.png,orig08522.png
199_fibrosis_020.png,orig08523.png
079_fibrosis_083.png,orig08524.png
074_fibrosis_083.png,orig08525.png
071_fibrosis_126.png,orig08526.png
082_fibrosis_097.png,orig08527.png
079_fibrosis_134.png,orig08528.png
064_fibrosis_101.png,orig08529.png
195_fibrosis_173.png,orig08530.png
195_fibrosis_056.png,orig08531.png
200_fibrosis_082.png,orig08532.png
128_fibrosis_076.png,orig08533.png
143_fibrosis_052.png,orig08534.png
196_fibrosis_179.png,orig08535.png
140_fibrosis_252.png,orig08536.png
194_fibrosis_238.png,orig08537.png
069_fibrosis_134.png,orig08538.png
080_fibrosis_222.png,orig08539.png
082_fibrosis_079.png,orig08540.png
084_fibrosis_092.png,orig08541.png
078_fibrosis_111.png,orig08542.png
074_fibrosis_311.png,orig08543.png
084_fibrosis_171.png,orig08544.png
076_fibrosis_038.png,orig08545.png
082_fibrosis_250.png,orig08546.png
139_fibrosis_138.png,orig08547.png
068_fibrosis_132.png,orig08548.png
195_fibrosis_269.png,orig08549.png
203_fibrosis_028.png,orig08550.png
194_fibrosis_059.png,orig08551.png
074_fibrosis_315.png,orig08552.png
132_fibrosis_144.png,orig08553.png
068_fibrosis_144.png,orig08554.png
136_fibrosis_207.png,orig08555.png
146_fibrosis_180.png,orig08556.png
147_fibrosis_213.png,orig08557.png
128_fibrosis_049.png,orig08558.png
079_fibrosis_203.png,orig08559.png
194_fibrosis_272.png,orig08560.png
136_fibrosis_199.png,orig08561.png
201_fibrosis_160.png,orig08562.png
071_fibrosis_050.png,orig08563.png
066_fibrosis_337.png,orig08564.png
196_fibrosis_030.png,orig08565.png
198_fibrosis_104.png,orig08566.png
134_fibrosis_105.png,orig08567.png
145_fibrosis_030.png,orig08568.png
199_fibrosis_061.png,orig08569.png
196_fibrosis_071.png,orig08570.png
033_fibrosis_110.png,orig08571.png
077_fibrosis_104.png,orig08572.png
137_fibrosis_038.png,orig08573.png
195_fibrosis_270.png,orig08574.png
075_fibrosis_080.png,orig08575.png
129_fibrosis_160.png,orig08576.png
064_fibrosis_080.png,orig08577.png
079_fibrosis_146.png,orig08578.png
078_fibrosis_312.png,orig08579.png
067_fibrosis_024.png,orig08580.png
192_fibrosis_217.png,orig08581.png
203_fibrosis_153.png,orig08582.png
074_fibrosis_058.png,orig08583.png
198_fibrosis_124.png,orig08584.png
139_fibrosis_132.png,orig08585.png
078_fibrosis_106.png,orig08586.png
135_fibrosis_155.png,orig08587.png
138_fibrosis_178.png,orig08588.png
127_fibrosis_074.png,orig08589.png
194_fibrosis_267.png,orig08590.png
198_fibrosis_045.png,orig08591.png
082_fibrosis_311.png,orig08592.png
081_fibrosis_284.png,orig08593.png
066_fibrosis_240.png,orig08594.png
076_fibrosis_028.png,orig08595.png
136_fibrosis_113.png,orig08596.png
077_fibrosis_194.png,orig08597.png
195_fibrosis_107.png,orig08598.png
149_fibrosis_118.png,orig08599.png
141_fibrosis_208.png,orig08600.png
065_fibrosis_145.png,orig08601.png
073_fibrosis_249.png,orig08602.png
194_fibrosis_129.png,orig08603.png
129_fibrosis_068.png,orig08604.png
081_fibrosis_103.png,orig08605.png
195_fibrosis_029.png,orig08606.png
194_fibrosis_125.png,orig08607.png
196_fibrosis_265.png,orig08608.png
143_fibrosis_200.png,orig08609.png
033_fibrosis_301.png,orig08610.png
141_fibrosis_217.png,orig08611.png
127_fibrosis_175.png,orig08612.png
066_fibrosis_279.png,orig08613.png
081_fibrosis_145.png,orig08614.png
084_fibrosis_037.png,orig08615.png
134_fibrosis_122.png,orig08616.png
128_fibrosis_105.png,orig08617.png
080_fibrosis_291.png,orig08618.png
139_fibrosis_278.png,orig08619.png
143_fibrosis_069.png,orig08620.png
127_fibrosis_356.png,orig08621.png
195_fibrosis_140.png,orig08622.png
147_fibrosis_208.png,orig08623.png
071_fibrosis_063.png,orig08624.png
139_fibrosis_072.png,orig08625.png
146_fibrosis_156.png,orig08626.png
033_fibrosis_274.png,orig08627.png
073_fibrosis_123.png,orig08628.png
074_fibrosis_099.png,orig08629.png
066_fibrosis_020.png,orig08630.png
197_fibrosis_032.png,orig08631.png
198_fibrosis_153.png,orig08632.png
143_fibrosis_157.png,orig08633.png
193_fibrosis_126.png,orig08634.png
077_fibrosis_105.png,orig08635.png
073_fibrosis_190.png,orig08636.png
128_fibrosis_217.png,orig08637.png
068_fibrosis_111.png,orig08638.png
197_fibrosis_094.png,orig08639.png
071_fibrosis_167.png,orig08640.png
136_fibrosis_128.png,orig08641.png
136_fibrosis_057.png,orig08642.png
064_fibrosis_103.png,orig08643.png
149_fibrosis_243.png,orig08644.png
138_fibrosis_262.png,orig08645.png
074_fibrosis_300.png,orig08646.png
134_fibrosis_100.png,orig08647.png
201_fibrosis_095.png,orig08648.png
069_fibrosis_217.png,orig08649.png
073_fibrosis_231.png,orig08650.png
199_fibrosis_086.png,orig08651.png
080_fibrosis_334.png,orig08652.png
069_fibrosis_154.png,orig08653.png
192_fibrosis_078.png,orig08654.png
143_fibrosis_207.png,orig08655.png
134_fibrosis_073.png,orig08656.png
137_fibrosis_070.png,orig08657.png
068_fibrosis_064.png,orig08658.png
141_fibrosis_248.png,orig08659.png
071_fibrosis_246.png,orig08660.png
071_fibrosis_022.png,orig08661.png
077_fibrosis_327.png,orig08662.png
137_fibrosis_128.png,orig08663.png
143_fibrosis_081.png,orig08664.png
073_fibrosis_275.png,orig08665.png
148_fibrosis_062.png,orig08666.png
143_fibrosis_116.png,orig08667.png
203_fibrosis_137.png,orig08668.png
084_fibrosis_137.png,orig08669.png
079_fibrosis_200.png,orig08670.png
137_fibrosis_235.png,orig08671.png
198_fibrosis_089.png,orig08672.png
082_fibrosis_204.png,orig08673.png
139_fibrosis_296.png,orig08674.png
072_fibrosis_079.png,orig08675.png
082_fibrosis_193.png,orig08676.png
081_fibrosis_272.png,orig08677.png
201_fibrosis_046.png,orig08678.png
147_fibrosis_182.png,orig08679.png
198_fibrosis_099.png,orig08680.png
134_fibrosis_074.png,orig08681.png
076_fibrosis_112.png,orig08682.png
081_fibrosis_097.png,orig08683.png
135_fibrosis_058.png,orig08684.png
073_fibrosis_156.png,orig08685.png
139_fibrosis_349.png,orig08686.png
074_fibrosis_291.png,orig08687.png
195_fibrosis_316.png,orig08688.png
147_fibrosis_233.png,orig08689.png
195_fibrosis_272.png,orig08690.png
127_fibrosis_160.png,orig08691.png
131_fibrosis_031.png,orig08692.png
141_fibrosis_196.png,orig08693.png
067_fibrosis_200.png,orig08694.png
069_fibrosis_078.png,orig08695.png
146_fibrosis_020.png,orig08696.png
193_fibrosis_118.png,orig08697.png
149_fibrosis_024.png,orig08698.png
066_fibrosis_185.png,orig08699.png
201_fibrosis_062.png,orig08700.png
075_fibrosis_082.png,orig08701.png
084_fibrosis_208.png,orig08702.png
136_fibrosis_221.png,orig08703.png
141_fibrosis_202.png,orig08704.png
141_fibrosis_091.png,orig08705.png
134_fibrosis_207.png,orig08706.png
084_fibrosis_197.png,orig08707.png
077_fibrosis_282.png,orig08708.png
076_fibrosis_265.png,orig08709.png
076_fibrosis_034.png,orig08710.png
192_fibrosis_035.png,orig08711.png
066_fibrosis_107.png,orig08712.png
193_fibrosis_186.png,orig08713.png
149_fibrosis_187.png,orig08714.png
068_fibrosis_038.png,orig08715.png
064_fibrosis_065.png,orig08716.png
073_fibrosis_182.png,orig08717.png
082_fibrosis_095.png,orig08718.png
203_fibrosis_142.png,orig08719.png
195_fibrosis_305.png,orig08720.png
138_fibrosis_020.png,orig08721.png
067_fibrosis_149.png,orig08722.png
192_fibrosis_086.png,orig08723.png
141_fibrosis_036.png,orig08724.png
147_fibrosis_176.png,orig08725.png
132_fibrosis_137.png,orig08726.png
129_fibrosis_253.png,orig08727.png
141_fibrosis_093.png,orig08728.png
201_fibrosis_075.png,orig08729.png
080_fibrosis_414.png,orig08730.png
081_fibrosis_264.png,orig08731.png
139_fibrosis_063.png,orig08732.png
075_fibrosis_030.png,orig08733.png
143_fibrosis_177.png,orig08734.png
200_fibrosis_141.png,orig08735.png
131_fibrosis_166.png,orig08736.png
145_fibrosis_094.png,orig08737.png
066_fibrosis_103.png,orig08738.png
082_fibrosis_288.png,orig08739.png
071_fibrosis_139.png,orig08740.png
203_fibrosis_094.png,orig08741.png
200_fibrosis_053.png,orig08742.png
068_fibrosis_209.png,orig08743.png
136_fibrosis_171.png,orig08744.png
132_fibrosis_215.png,orig08745.png
131_fibrosis_077.png,orig08746.png
146_fibrosis_171.png,orig08747.png
033_fibrosis_225.png,orig08748.png
137_fibrosis_244.png,orig08749.png
071_fibrosis_179.png,orig08750.png
143_fibrosis_085.png,orig08751.png
136_fibrosis_140.png,orig08752.png
131_fibrosis_110.png,orig08753.png
128_fibrosis_189.png,orig08754.png
141_fibrosis_249.png,orig08755.png
067_fibrosis_248.png,orig08756.png
066_fibrosis_257.png,orig08757.png
068_fibrosis_083.png,orig08758.png
078_fibrosis_257.png,orig08759.png
074_fibrosis_125.png,orig08760.png
195_fibrosis_169.png,orig08761.png
200_fibrosis_045.png,orig08762.png
127_fibrosis_159.png,orig08763.png
131_fibrosis_228.png,orig08764.png
034_fibrosis_329.png,orig08765.png
127_fibrosis_044.png,orig08766.png
129_fibrosis_094.png,orig08767.png
075_fibrosis_292.png,orig08768.png
141_fibrosis_261.png,orig08769.png
033_fibrosis_226.png,orig08770.png
198_fibrosis_030.png,orig08771.png
203_fibrosis_091.png,orig08772.png
084_fibrosis_227.png,orig08773.png
064_fibrosis_110.png,orig08774.png
068_fibrosis_215.png,orig08775.png
145_fibrosis_084.png,orig08776.png
074_fibrosis_057.png,orig08777.png
067_fibrosis_175.png,orig08778.png
143_fibrosis_129.png,orig08779.png
140_fibrosis_085.png,orig08780.png
078_fibrosis_234.png,orig08781.png
034_fibrosis_225.png,orig08782.png
080_fibrosis_377.png,orig08783.png
081_fibrosis_356.png,orig08784.png
197_fibrosis_201.png,orig08785.png
145_fibrosis_059.png,orig08786.png
141_fibrosis_250.png,orig08787.png
068_fibrosis_284.png,orig08788.png
077_fibrosis_109.png,orig08789.png
084_fibrosis_167.png,orig08790.png
075_fibrosis_208.png,orig08791.png
073_fibrosis_171.png,orig08792.png
077_fibrosis_066.png,orig08793.png
200_fibrosis_039.png,orig08794.png
080_fibrosis_394.png,orig08795.png
084_fibrosis_243.png,orig08796.png
073_fibrosis_324.png,orig08797.png
194_fibrosis_042.png,orig08798.png
068_fibrosis_262.png,orig08799.png
136_fibrosis_148.png,orig08800.png
067_fibrosis_229.png,orig08801.png
127_fibrosis_198.png,orig08802.png
077_fibrosis_193.png,orig08803.png
140_fibrosis_301.png,orig08804.png
132_fibrosis_264.png,orig08805.png
066_fibrosis_071.png,orig08806.png
071_fibrosis_134.png,orig08807.png
197_fibrosis_172.png,orig08808.png
138_fibrosis_032.png,orig08809.png
033_fibrosis_250.png,orig08810.png
077_fibrosis_281.png,orig08811.png
069_fibrosis_193.png,orig08812.png
034_fibrosis_337.png,orig08813.png
143_fibrosis_075.png,orig08814.png
198_fibrosis_093.png,orig08815.png
137_fibrosis_146.png,orig08816.png
128_fibrosis_114.png,orig08817.png
146_fibrosis_150.png,orig08818.png
077_fibrosis_344.png,orig08819.png
129_fibrosis_031.png,orig08820.png
072_fibrosis_067.png,orig08821.png
075_fibrosis_186.png,orig08822.png
192_fibrosis_211.png,orig08823.png
076_fibrosis_050.png,orig08824.png
128_fibrosis_188.png,orig08825.png
201_fibrosis_113.png,orig08826.png
064_fibrosis_219.png,orig08827.png
198_fibrosis_211.png,orig08828.png
068_fibrosis_176.png,orig08829.png
127_fibrosis_020.png,orig08830.png
073_fibrosis_303.png,orig08831.png
080_fibrosis_385.png,orig08832.png
033_fibrosis_066.png,orig08833.png
201_fibrosis_171.png,orig08834.png
128_fibrosis_158.png,orig08835.png
195_fibrosis_079.png,orig08836.png
076_fibrosis_116.png,orig08837.png
193_fibrosis_127.png,orig08838.png
074_fibrosis_094.png,orig08839.png
131_fibrosis_091.png,orig08840.png
203_fibrosis_148.png,orig08841.png
136_fibrosis_175.png,orig08842.png
082_fibrosis_291.png,orig08843.png
143_fibrosis_120.png,orig08844.png
067_fibrosis_021.png,orig08845.png
134_fibrosis_134.png,orig08846.png
071_fibrosis_173.png,orig08847.png
141_fibrosis_204.png,orig08848.png
147_fibrosis_272.png,orig08849.png
127_fibrosis_165.png,orig08850.png
082_fibrosis_114.png,orig08851.png
079_fibrosis_140.png,orig08852.png
134_fibrosis_033.png,orig08853.png
127_fibrosis_138.png,orig08854.png
146_fibrosis_158.png,orig08855.png
143_fibrosis_128.png,orig08856.png
137_fibrosis_292.png,orig08857.png
138_fibrosis_238.png,orig08858.png
071_fibrosis_089.png,orig08859.png
079_fibrosis_184.png,orig08860.png
195_fibrosis_075.png,orig08861.png
069_fibrosis_287.png,orig08862.png
137_fibrosis_160.png,orig08863.png
197_fibrosis_253.png,orig08864.png
084_fibrosis_263.png,orig08865.png
146_fibrosis_265.png,orig08866.png
196_fibrosis_232.png,orig08867.png
148_fibrosis_072.png,orig08868.png
197_fibrosis_022.png,orig08869.png
064_fibrosis_083.png,orig08870.png
034_fibrosis_099.png,orig08871.png
145_fibrosis_053.png,orig08872.png
033_fibrosis_280.png,orig08873.png
201_fibrosis_033.png,orig08874.png
131_fibrosis_288.png,orig08875.png
138_fibrosis_227.png,orig08876.png
076_fibrosis_084.png,orig08877.png
139_fibrosis_032.png,orig08878.png
134_fibrosis_222.png,orig08879.png
140_fibrosis_161.png,orig08880.png
149_fibrosis_268.png,orig08881.png
196_fibrosis_253.png,orig08882.png
073_fibrosis_309.png,orig08883.png
193_fibrosis_168.png,orig08884.png
141_fibrosis_134.png,orig08885.png
033_fibrosis_142.png,orig08886.png
145_fibrosis_168.png,orig08887.png
127_fibrosis_162.png,orig08888.png
078_fibrosis_185.png,orig08889.png
137_fibrosis_028.png,orig08890.png
145_fibrosis_187.png,orig08891.png
074_fibrosis_288.png,orig08892.png
075_fibrosis_038.png,orig08893.png
076_fibrosis_143.png,orig08894.png
138_fibrosis_090.png,orig08895.png
148_fibrosis_262.png,orig08896.png
074_fibrosis_075.png,orig08897.png
128_fibrosis_178.png,orig08898.png
127_fibrosis_229.png,orig08899.png
072_fibrosis_059.png,orig08900.png
193_fibrosis_066.png,orig08901.png
076_fibrosis_229.png,orig08902.png
139_fibrosis_149.png,orig08903.png
081_fibrosis_113.png,orig08904.png
033_fibrosis_311.png,orig08905.png
078_fibrosis_034.png,orig08906.png
196_fibrosis_077.png,orig08907.png
084_fibrosis_136.png,orig08908.png
075_fibrosis_283.png,orig08909.png
079_fibrosis_190.png,orig08910.png
135_fibrosis_265.png,orig08911.png
128_fibrosis_035.png,orig08912.png
137_fibrosis_080.png,orig08913.png
077_fibrosis_234.png,orig08914.png
071_fibrosis_060.png,orig08915.png
075_fibrosis_277.png,orig08916.png
140_fibrosis_069.png,orig08917.png
079_fibrosis_253.png,orig08918.png
197_fibrosis_225.png,orig08919.png
066_fibrosis_074.png,orig08920.png
079_fibrosis_178.png,orig08921.png
084_fibrosis_131.png,orig08922.png
127_fibrosis_092.png,orig08923.png
132_fibrosis_134.png,orig08924.png
067_fibrosis_253.png,orig08925.png
079_fibrosis_300.png,orig08926.png
131_fibrosis_149.png,orig08927.png
195_fibrosis_244.png,orig08928.png
128_fibrosis_090.png,orig08929.png
135_fibrosis_118.png,orig08930.png
034_fibrosis_222.png,orig08931.png
131_fibrosis_226.png,orig08932.png
134_fibrosis_252.png,orig08933.png
143_fibrosis_201.png,orig08934.png
141_fibrosis_252.png,orig08935.png
075_fibrosis_153.png,orig08936.png
079_fibrosis_216.png,orig08937.png
149_fibrosis_021.png,orig08938.png
135_fibrosis_220.png,orig08939.png
199_fibrosis_133.png,orig08940.png
140_fibrosis_162.png,orig08941.png
132_fibrosis_167.png,orig08942.png
143_fibrosis_140.png,orig08943.png
146_fibrosis_202.png,orig08944.png
074_fibrosis_212.png,orig08945.png
073_fibrosis_270.png,orig08946.png
132_fibrosis_256.png,orig08947.png
143_fibrosis_055.png,orig08948.png
064_fibrosis_316.png,orig08949.png
145_fibrosis_199.png,orig08950.png
193_fibrosis_045.png,orig08951.png
137_fibrosis_191.png,orig08952.png
194_fibrosis_033.png,orig08953.png
148_fibrosis_107.png,orig08954.png
132_fibrosis_184.png,orig08955.png
128_fibrosis_229.png,orig08956.png
072_fibrosis_144.png,orig08957.png
197_fibrosis_139.png,orig08958.png
145_fibrosis_177.png,orig08959.png
075_fibrosis_122.png,orig08960.png
072_fibrosis_196.png,orig08961.png
192_fibrosis_160.png,orig08962.png
077_fibrosis_143.png,orig08963.png
067_fibrosis_142.png,orig08964.png
075_fibrosis_112.png,orig08965.png
195_fibrosis_276.png,orig08966.png
192_fibrosis_146.png,orig08967.png
195_fibrosis_114.png,orig08968.png
134_fibrosis_236.png,orig08969.png
066_fibrosis_028.png,orig08970.png
129_fibrosis_209.png,orig08971.png
082_fibrosis_150.png,orig08972.png
067_fibrosis_084.png,orig08973.png
141_fibrosis_047.png,orig08974.png
076_fibrosis_154.png,orig08975.png
127_fibrosis_275.png,orig08976.png
143_fibrosis_167.png,orig08977.png
068_fibrosis_109.png,orig08978.png
146_fibrosis_174.png,orig08979.png
079_fibrosis_089.png,orig08980.png
201_fibrosis_115.png,orig08981.png
078_fibrosis_096.png,orig08982.png
147_fibrosis_153.png,orig08983.png
145_fibrosis_189.png,orig08984.png
072_fibrosis_077.png,orig08985.png
145_fibrosis_092.png,orig08986.png
129_fibrosis_201.png,orig08987.png
075_fibrosis_280.png,orig08988.png
128_fibrosis_038.png,orig08989.png
140_fibrosis_041.png,orig08990.png
073_fibrosis_248.png,orig08991.png
197_fibrosis_130.png,orig08992.png
069_fibrosis_166.png,orig08993.png
078_fibrosis_237.png,orig08994.png
149_fibrosis_032.png,orig08995.png
203_fibrosis_057.png,orig08996.png
127_fibrosis_262.png,orig08997.png
147_fibrosis_263.png,orig08998.png
197_fibrosis_230.png,orig08999.png
198_fibrosis_140.png,orig09000.png
146_fibrosis_052.png,orig09001.png
132_fibrosis_114.png,orig09002.png
128_fibrosis_047.png,orig09003.png
195_fibrosis_210.png,orig09004.png
195_fibrosis_138.png,orig09005.png
148_fibrosis_080.png,orig09006.png
132_fibrosis_038.png,orig09007.png
135_fibrosis_200.png,orig09008.png
082_fibrosis_237.png,orig09009.png
081_fibrosis_336.png,orig09010.png
076_fibrosis_133.png,orig09011.png
146_fibrosis_190.png,orig09012.png
134_fibrosis_031.png,orig09013.png
033_fibrosis_333.png,orig09014.png
135_fibrosis_125.png,orig09015.png
192_fibrosis_020.png,orig09016.png
149_fibrosis_263.png,orig09017.png
137_fibrosis_309.png,orig09018.png
138_fibrosis_146.png,orig09019.png
141_fibrosis_274.png,orig09020.png
201_fibrosis_192.png,orig09021.png
141_fibrosis_071.png,orig09022.png
127_fibrosis_111.png,orig09023.png
072_fibrosis_040.png,orig09024.png
194_fibrosis_282.png,orig09025.png
145_fibrosis_112.png,orig09026.png
196_fibrosis_158.png,orig09027.png
138_fibrosis_110.png,orig09028.png
146_fibrosis_181.png,orig09029.png
073_fibrosis_226.png,orig09030.png
064_fibrosis_095.png,orig09031.png
033_fibrosis_258.png,orig09032.png
145_fibrosis_217.png,orig09033.png
195_fibrosis_327.png,orig09034.png
071_fibrosis_103.png,orig09035.png
192_fibrosis_254.png,orig09036.png
084_fibrosis_059.png,orig09037.png
078_fibrosis_177.png,orig09038.png
195_fibrosis_196.png,orig09039.png
033_fibrosis_261.png,orig09040.png
067_fibrosis_182.png,orig09041.png
148_fibrosis_215.png,orig09042.png
127_fibrosis_163.png,orig09043.png
072_fibrosis_224.png,orig09044.png
128_fibrosis_246.png,orig09045.png
141_fibrosis_144.png,orig09046.png
195_fibrosis_118.png,orig09047.png
129_fibrosis_073.png,orig09048.png
135_fibrosis_143.png,orig09049.png
200_fibrosis_069.png,orig09050.png
192_fibrosis_073.png,orig09051.png
146_fibrosis_091.png,orig09052.png
074_fibrosis_034.png,orig09053.png
072_fibrosis_146.png,orig09054.png
066_fibrosis_072.png,orig09055.png
198_fibrosis_085.png,orig09056.png
199_fibrosis_124.png,orig09057.png
068_fibrosis_258.png,orig09058.png
139_fibrosis_215.png,orig09059.png
201_fibrosis_030.png,orig09060.png
129_fibrosis_096.png,orig09061.png
066_fibrosis_266.png,orig09062.png
140_fibrosis_058.png,orig09063.png
203_fibrosis_067.png,orig09064.png
145_fibrosis_174.png,orig09065.png
076_fibrosis_238.png,orig09066.png
196_fibrosis_196.png,orig09067.png
066_fibrosis_265.png,orig09068.png
145_fibrosis_125.png,orig09069.png
068_fibrosis_130.png,orig09070.png
196_fibrosis_143.png,orig09071.png
145_fibrosis_075.png,orig09072.png
139_fibrosis_214.png,orig09073.png
135_fibrosis_134.png,orig09074.png
079_fibrosis_104.png,orig09075.png
131_fibrosis_192.png,orig09076.png
137_fibrosis_258.png,orig09077.png
074_fibrosis_141.png,orig09078.png
137_fibrosis_240.png,orig09079.png
149_fibrosis_252.png,orig09080.png
201_fibrosis_073.png,orig09081.png
127_fibrosis_360.png,orig09082.png
200_fibrosis_194.png,orig09083.png
199_fibrosis_081.png,orig09084.png
066_fibrosis_048.png,orig09085.png
139_fibrosis_298.png,orig09086.png
069_fibrosis_091.png,orig09087.png
143_fibrosis_133.png,orig09088.png
077_fibrosis_164.png,orig09089.png
066_fibrosis_275.png,orig09090.png
200_fibrosis_142.png,orig09091.png
135_fibrosis_131.png,orig09092.png
066_fibrosis_067.png,orig09093.png
066_fibrosis_097.png,orig09094.png
129_fibrosis_115.png,orig09095.png
078_fibrosis_259.png,orig09096.png
075_fibrosis_139.png,orig09097.png
132_fibrosis_097.png,orig09098.png
141_fibrosis_203.png,orig09099.png
192_fibrosis_204.png,orig09100.png
066_fibrosis_023.png,orig09101.png
134_fibrosis_090.png,orig09102.png
069_fibrosis_289.png,orig09103.png
203_fibrosis_145.png,orig09104.png
127_fibrosis_337.png,orig09105.png
141_fibrosis_027.png,orig09106.png
069_fibrosis_152.png,orig09107.png
193_fibrosis_061.png,orig09108.png
192_fibrosis_099.png,orig09109.png
146_fibrosis_028.png,orig09110.png
141_fibrosis_170.png,orig09111.png
139_fibrosis_329.png,orig09112.png
079_fibrosis_159.png,orig09113.png
077_fibrosis_291.png,orig09114.png
139_fibrosis_223.png,orig09115.png
034_fibrosis_092.png,orig09116.png
136_fibrosis_061.png,orig09117.png
078_fibrosis_110.png,orig09118.png
195_fibrosis_092.png,orig09119.png
139_fibrosis_096.png,orig09120.png
072_fibrosis_221.png,orig09121.png
080_fibrosis_323.png,orig09122.png
127_fibrosis_097.png,orig09123.png
194_fibrosis_144.png,orig09124.png
127_fibrosis_316.png,orig09125.png
069_fibrosis_243.png,orig09126.png
149_fibrosis_095.png,orig09127.png
131_fibrosis_131.png,orig09128.png
194_fibrosis_192.png,orig09129.png
148_fibrosis_027.png,orig09130.png
149_fibrosis_029.png,orig09131.png
138_fibrosis_248.png,orig09132.png
196_fibrosis_029.png,orig09133.png
074_fibrosis_135.png,orig09134.png
140_fibrosis_249.png,orig09135.png
082_fibrosis_087.png,orig09136.png
074_fibrosis_156.png,orig09137.png
064_fibrosis_062.png,orig09138.png
033_fibrosis_161.png,orig09139.png
141_fibrosis_176.png,orig09140.png
078_fibrosis_087.png,orig09141.png
034_fibrosis_136.png,orig09142.png
066_fibrosis_226.png,orig09143.png
199_fibrosis_090.png,orig09144.png
193_fibrosis_072.png,orig09145.png
147_fibrosis_284.png,orig09146.png
138_fibrosis_142.png,orig09147.png
080_fibrosis_230.png,orig09148.png
068_fibrosis_066.png,orig09149.png
140_fibrosis_066.png,orig09150.png
066_fibrosis_204.png,orig09151.png
131_fibrosis_054.png,orig09152.png
067_fibrosis_110.png,orig09153.png
195_fibrosis_085.png,orig09154.png
193_fibrosis_116.png,orig09155.png
068_fibrosis_117.png,orig09156.png
139_fibrosis_060.png,orig09157.png
200_fibrosis_111.png,orig09158.png
064_fibrosis_216.png,orig09159.png
081_fibrosis_243.png,orig09160.png
071_fibrosis_117.png,orig09161.png
033_fibrosis_236.png,orig09162.png
141_fibrosis_107.png,orig09163.png
149_fibrosis_317.png,orig09164.png
074_fibrosis_240.png,orig09165.png
073_fibrosis_214.png,orig09166.png
194_fibrosis_135.png,orig09167.png
135_fibrosis_219.png,orig09168.png
075_fibrosis_262.png,orig09169.png
192_fibrosis_191.png,orig09170.png
079_fibrosis_305.png,orig09171.png
195_fibrosis_099.png,orig09172.png
138_fibrosis_193.png,orig09173.png
143_fibrosis_070.png,orig09174.png
074_fibrosis_129.png,orig09175.png
081_fibrosis_155.png,orig09176.png
084_fibrosis_218.png,orig09177.png
084_fibrosis_206.png,orig09178.png
137_fibrosis_307.png,orig09179.png
033_fibrosis_340.png,orig09180.png
132_fibrosis_086.png,orig09181.png
081_fibrosis_115.png,orig09182.png
139_fibrosis_090.png,orig09183.png
034_fibrosis_086.png,orig09184.png
136_fibrosis_120.png,orig09185.png
147_fibrosis_225.png,orig09186.png
198_fibrosis_057.png,orig09187.png
127_fibrosis_156.png,orig09188.png
137_fibrosis_185.png,orig09189.png
149_fibrosis_221.png,orig09190.png
078_fibrosis_180.png,orig09191.png
200_fibrosis_161.png,orig09192.png
131_fibrosis_190.png,orig09193.png
071_fibrosis_225.png,orig09194.png
076_fibrosis_172.png,orig09195.png
069_fibrosis_141.png,orig09196.png
203_fibrosis_087.png,orig09197.png
080_fibrosis_326.png,orig09198.png
197_fibrosis_043.png,orig09199.png
145_fibrosis_159.png,orig09200.png
131_fibrosis_296.png,orig09201.png
079_fibrosis_115.png,orig09202.png
079_fibrosis_294.png,orig09203.png
138_fibrosis_212.png,orig09204.png
196_fibrosis_110.png,orig09205.png
033_fibrosis_067.png,orig09206.png
034_fibrosis_164.png,orig09207.png
141_fibrosis_273.png,orig09208.png
132_fibrosis_158.png,orig09209.png
193_fibrosis_189.png,orig09210.png
127_fibrosis_024.png,orig09211.png
146_fibrosis_205.png,orig09212.png
074_fibrosis_049.png,orig09213.png
145_fibrosis_156.png,orig09214.png
200_fibrosis_118.png,orig09215.png
129_fibrosis_109.png,orig09216.png
034_fibrosis_072.png,orig09217.png
075_fibrosis_136.png,orig09218.png
073_fibrosis_288.png,orig09219.png
064_fibrosis_097.png,orig09220.png
143_fibrosis_190.png,orig09221.png
132_fibrosis_247.png,orig09222.png
136_fibrosis_081.png,orig09223.png
197_fibrosis_025.png,orig09224.png
076_fibrosis_081.png,orig09225.png
146_fibrosis_080.png,orig09226.png
137_fibrosis_175.png,orig09227.png
127_fibrosis_089.png,orig09228.png
074_fibrosis_040.png,orig09229.png
138_fibrosis_237.png,orig09230.png
196_fibrosis_202.png,orig09231.png
194_fibrosis_021.png,orig09232.png
137_fibrosis_133.png,orig09233.png
195_fibrosis_263.png,orig09234.png
033_fibrosis_140.png,orig09235.png
149_fibrosis_109.png,orig09236.png
139_fibrosis_107.png,orig09237.png
080_fibrosis_391.png,orig09238.png
078_fibrosis_118.png,orig09239.png
081_fibrosis_171.png,orig09240.png
137_fibrosis_173.png,orig09241.png
198_fibrosis_170.png,orig09242.png
127_fibrosis_250.png,orig09243.png
128_fibrosis_057.png,orig09244.png
141_fibrosis_040.png,orig09245.png
136_fibrosis_091.png,orig09246.png
078_fibrosis_172.png,orig09247.png
076_fibrosis_264.png,orig09248.png
066_fibrosis_087.png,orig09249.png
068_fibrosis_035.png,orig09250.png
064_fibrosis_022.png,orig09251.png
146_fibrosis_217.png,orig09252.png
136_fibrosis_220.png,orig09253.png
069_fibrosis_186.png,orig09254.png
033_fibrosis_247.png,orig09255.png
131_fibrosis_211.png,orig09256.png
068_fibrosis_197.png,orig09257.png
127_fibrosis_239.png,orig09258.png
066_fibrosis_205.png,orig09259.png
146_fibrosis_041.png,orig09260.png
138_fibrosis_092.png,orig09261.png
145_fibrosis_151.png,orig09262.png
137_fibrosis_216.png,orig09263.png
078_fibrosis_041.png,orig09264.png
075_fibrosis_304.png,orig09265.png
201_fibrosis_101.png,orig09266.png
138_fibrosis_184.png,orig09267.png
074_fibrosis_274.png,orig09268.png
075_fibrosis_114.png,orig09269.png
143_fibrosis_027.png,orig09270.png
149_fibrosis_214.png,orig09271.png
139_fibrosis_357.png,orig09272.png
137_fibrosis_212.png,orig09273.png
084_fibrosis_140.png,orig09274.png
066_fibrosis_274.png,orig09275.png
131_fibrosis_327.png,orig09276.png
148_fibrosis_150.png,orig09277.png
034_fibrosis_043.png,orig09278.png
081_fibrosis_345.png,orig09279.png
078_fibrosis_144.png,orig09280.png
128_fibrosis_059.png,orig09281.png
078_fibrosis_109.png,orig09282.png
076_fibrosis_239.png,orig09283.png
066_fibrosis_333.png,orig09284.png
195_fibrosis_110.png,orig09285.png
132_fibrosis_028.png,orig09286.png
203_fibrosis_144.png,orig09287.png
138_fibrosis_106.png,orig09288.png
196_fibrosis_142.png,orig09289.png
131_fibrosis_118.png,orig09290.png
127_fibrosis_147.png,orig09291.png
067_fibrosis_129.png,orig09292.png
127_fibrosis_192.png,orig09293.png
076_fibrosis_235.png,orig09294.png
134_fibrosis_248.png,orig09295.png
069_fibrosis_074.png,orig09296.png
076_fibrosis_169.png,orig09297.png
193_fibrosis_111.png,orig09298.png
134_fibrosis_197.png,orig09299.png
066_fibrosis_310.png,orig09300.png
069_fibrosis_227.png,orig09301.png
066_fibrosis_168.png,orig09302.png
067_fibrosis_046.png,orig09303.png
079_fibrosis_152.png,orig09304.png
194_fibrosis_115.png,orig09305.png
071_fibrosis_264.png,orig09306.png
149_fibrosis_040.png,orig09307.png
143_fibrosis_025.png,orig09308.png
073_fibrosis_286.png,orig09309.png
078_fibrosis_093.png,orig09310.png
131_fibrosis_266.png,orig09311.png
132_fibrosis_146.png,orig09312.png
082_fibrosis_159.png,orig09313.png
131_fibrosis_044.png,orig09314.png
071_fibrosis_029.png,orig09315.png
076_fibrosis_227.png,orig09316.png
081_fibrosis_296.png,orig09317.png
066_fibrosis_336.png,orig09318.png
199_fibrosis_078.png,orig09319.png
138_fibrosis_199.png,orig09320.png
140_fibrosis_052.png,orig09321.png
129_fibrosis_026.png,orig09322.png
082_fibrosis_078.png,orig09323.png
146_fibrosis_241.png,orig09324.png
199_fibrosis_051.png,orig09325.png
131_fibrosis_205.png,orig09326.png
197_fibrosis_064.png,orig09327.png
136_fibrosis_110.png,orig09328.png
033_fibrosis_317.png,orig09329.png
128_fibrosis_257.png,orig09330.png
077_fibrosis_035.png,orig09331.png
071_fibrosis_143.png,orig09332.png
198_fibrosis_033.png,orig09333.png
200_fibrosis_076.png,orig09334.png
132_fibrosis_242.png,orig09335.png
197_fibrosis_159.png,orig09336.png
069_fibrosis_068.png,orig09337.png
128_fibrosis_072.png,orig09338.png
139_fibrosis_378.png,orig09339.png
064_fibrosis_221.png,orig09340.png
148_fibrosis_111.png,orig09341.png
075_fibrosis_022.png,orig09342.png
148_fibrosis_092.png,orig09343.png
135_fibrosis_094.png,orig09344.png
129_fibrosis_060.png,orig09345.png
197_fibrosis_209.png,orig09346.png
131_fibrosis_049.png,orig09347.png
143_fibrosis_184.png,orig09348.png
080_fibrosis_219.png,orig09349.png
067_fibrosis_039.png,orig09350.png
034_fibrosis_154.png,orig09351.png
084_fibrosis_138.png,orig09352.png
131_fibrosis_051.png,orig09353.png
064_fibrosis_049.png,orig09354.png
077_fibrosis_176.png,orig09355.png
139_fibrosis_332.png,orig09356.png
064_fibrosis_317.png,orig09357.png
068_fibrosis_165.png,orig09358.png
149_fibrosis_159.png,orig09359.png
077_fibrosis_275.png,orig09360.png
147_fibrosis_150.png,orig09361.png
067_fibrosis_139.png,orig09362.png
143_fibrosis_135.png,orig09363.png
071_fibrosis_094.png,orig09364.png
196_fibrosis_096.png,orig09365.png
066_fibrosis_177.png,orig09366.png
129_fibrosis_274.png,orig09367.png
197_fibrosis_186.png,orig09368.png
067_fibrosis_196.png,orig09369.png
136_fibrosis_219.png,orig09370.png
194_fibrosis_130.png,orig09371.png
066_fibrosis_295.png,orig09372.png
195_fibrosis_220.png,orig09373.png
136_fibrosis_241.png,orig09374.png
069_fibrosis_159.png,orig09375.png
143_fibrosis_146.png,orig09376.png
076_fibrosis_058.png,orig09377.png
129_fibrosis_032.png,orig09378.png
145_fibrosis_185.png,orig09379.png
066_fibrosis_110.png,orig09380.png
132_fibrosis_240.png,orig09381.png
134_fibrosis_255.png,orig09382.png
067_fibrosis_128.png,orig09383.png
071_fibrosis_171.png,orig09384.png
076_fibrosis_190.png,orig09385.png
200_fibrosis_193.png,orig09386.png
066_fibrosis_100.png,orig09387.png
141_fibrosis_125.png,orig09388.png
192_fibrosis_022.png,orig09389.png
084_fibrosis_226.png,orig09390.png
194_fibrosis_119.png,orig09391.png
072_fibrosis_111.png,orig09392.png
034_fibrosis_168.png,orig09393.png
147_fibrosis_277.png,orig09394.png
076_fibrosis_232.png,orig09395.png
132_fibrosis_078.png,orig09396.png
196_fibrosis_064.png,orig09397.png
076_fibrosis_182.png,orig09398.png
127_fibrosis_287.png,orig09399.png
082_fibrosis_261.png,orig09400.png
149_fibrosis_103.png,orig09401.png
075_fibrosis_159.png,orig09402.png
197_fibrosis_248.png,orig09403.png
128_fibrosis_094.png,orig09404.png
140_fibrosis_078.png,orig09405.png
081_fibrosis_104.png,orig09406.png
195_fibrosis_256.png,orig09407.png
033_fibrosis_037.png,orig09408.png
138_fibrosis_185.png,orig09409.png
149_fibrosis_084.png,orig09410.png
071_fibrosis_238.png,orig09411.png
068_fibrosis_082.png,orig09412.png
069_fibrosis_170.png,orig09413.png
147_fibrosis_283.png,orig09414.png
203_fibrosis_021.png,orig09415.png
194_fibrosis_025.png,orig09416.png
073_fibrosis_119.png,orig09417.png
195_fibrosis_063.png,orig09418.png
192_fibrosis_031.png,orig09419.png
075_fibrosis_131.png,orig09420.png
135_fibrosis_040.png,orig09421.png
127_fibrosis_294.png,orig09422.png
137_fibrosis_035.png,orig09423.png
127_fibrosis_033.png,orig09424.png
132_fibrosis_188.png,orig09425.png
127_fibrosis_230.png,orig09426.png
146_fibrosis_128.png,orig09427.png
128_fibrosis_036.png,orig09428.png
066_fibrosis_217.png,orig09429.png
129_fibrosis_195.png,orig09430.png
149_fibrosis_119.png,orig09431.png
194_fibrosis_100.png,orig09432.png
146_fibrosis_214.png,orig09433.png
080_fibrosis_351.png,orig09434.png
131_fibrosis_310.png,orig09435.png
141_fibrosis_104.png,orig09436.png
195_fibrosis_041.png,orig09437.png
080_fibrosis_331.png,orig09438.png
066_fibrosis_292.png,orig09439.png
067_fibrosis_062.png,orig09440.png
069_fibrosis_221.png,orig09441.png
080_fibrosis_341.png,orig09442.png
071_fibrosis_262.png,orig09443.png
194_fibrosis_095.png,orig09444.png
079_fibrosis_080.png,orig09445.png
074_fibrosis_153.png,orig09446.png
074_fibrosis_214.png,orig09447.png
139_fibrosis_091.png,orig09448.png
145_fibrosis_164.png,orig09449.png
145_fibrosis_213.png,orig09450.png
132_fibrosis_055.png,orig09451.png
203_fibrosis_036.png,orig09452.png
199_fibrosis_113.png,orig09453.png
071_fibrosis_247.png,orig09454.png
080_fibrosis_403.png,orig09455.png
078_fibrosis_200.png,orig09456.png
129_fibrosis_214.png,orig09457.png
129_fibrosis_282.png,orig09458.png
149_fibrosis_231.png,orig09459.png
139_fibrosis_309.png,orig09460.png
137_fibrosis_251.png,orig09461.png
079_fibrosis_171.png,orig09462.png
034_fibrosis_270.png,orig09463.png
196_fibrosis_045.png,orig09464.png
033_fibrosis_167.png,orig09465.png
141_fibrosis_200.png,orig09466.png
081_fibrosis_241.png,orig09467.png
128_fibrosis_108.png,orig09468.png
193_fibrosis_032.png,orig09469.png
138_fibrosis_252.png,orig09470.png
084_fibrosis_086.png,orig09471.png
068_fibrosis_045.png,orig09472.png
193_fibrosis_187.png,orig09473.png
132_fibrosis_192.png,orig09474.png
136_fibrosis_024.png,orig09475.png
192_fibrosis_058.png,orig09476.png
149_fibrosis_133.png,orig09477.png
143_fibrosis_185.png,orig09478.png
138_fibrosis_051.png,orig09479.png
129_fibrosis_170.png,orig09480.png
148_fibrosis_184.png,orig09481.png
192_fibrosis_210.png,orig09482.png
131_fibrosis_053.png,orig09483.png
146_fibrosis_063.png,orig09484.png
196_fibrosis_147.png,orig09485.png
132_fibrosis_258.png,orig09486.png
078_fibrosis_241.png,orig09487.png
135_fibrosis_097.png,orig09488.png
146_fibrosis_097.png,orig09489.png
141_fibrosis_086.png,orig09490.png
135_fibrosis_112.png,orig09491.png
195_fibrosis_083.png,orig09492.png
132_fibrosis_141.png,orig09493.png
127_fibrosis_030.png,orig09494.png
129_fibrosis_233.png,orig09495.png
146_fibrosis_051.png,orig09496.png
128_fibrosis_143.png,orig09497.png
075_fibrosis_278.png,orig09498.png
131_fibrosis_123.png,orig09499.png
138_fibrosis_070.png,orig09500.png
197_fibrosis_080.png,orig09501.png
195_fibrosis_208.png,orig09502.png
077_fibrosis_215.png,orig09503.png
137_fibrosis_259.png,orig09504.png
084_fibrosis_242.png,orig09505.png
064_fibrosis_045.png,orig09506.png
140_fibrosis_248.png,orig09507.png
033_fibrosis_079.png,orig09508.png
066_fibrosis_293.png,orig09509.png
066_fibrosis_142.png,orig09510.png
068_fibrosis_177.png,orig09511.png
137_fibrosis_222.png,orig09512.png
074_fibrosis_252.png,orig09513.png
192_fibrosis_168.png,orig09514.png
084_fibrosis_296.png,orig09515.png
079_fibrosis_201.png,orig09516.png
193_fibrosis_185.png,orig09517.png
192_fibrosis_114.png,orig09518.png
139_fibrosis_239.png,orig09519.png
138_fibrosis_077.png,orig09520.png
129_fibrosis_225.png,orig09521.png
081_fibrosis_121.png,orig09522.png
128_fibrosis_113.png,orig09523.png
197_fibrosis_078.png,orig09524.png
132_fibrosis_061.png,orig09525.png
147_fibrosis_219.png,orig09526.png
200_fibrosis_191.png,orig09527.png
127_fibrosis_053.png,orig09528.png
196_fibrosis_216.png,orig09529.png
080_fibrosis_228.png,orig09530.png
135_fibrosis_180.png,orig09531.png
075_fibrosis_311.png,orig09532.png
135_fibrosis_150.png,orig09533.png
139_fibrosis_150.png,orig09534.png
141_fibrosis_162.png,orig09535.png
081_fibrosis_278.png,orig09536.png
033_fibrosis_029.png,orig09537.png
197_fibrosis_276.png,orig09538.png
078_fibrosis_135.png,orig09539.png
132_fibrosis_226.png,orig09540.png
139_fibrosis_187.png,orig09541.png
132_fibrosis_284.png,orig09542.png
147_fibrosis_136.png,orig09543.png
128_fibrosis_275.png,orig09544.png
075_fibrosis_095.png,orig09545.png
196_fibrosis_090.png,orig09546.png
081_fibrosis_305.png,orig09547.png
143_fibrosis_105.png,orig09548.png
136_fibrosis_230.png,orig09549.png
072_fibrosis_031.png,orig09550.png
074_fibrosis_060.png,orig09551.png
067_fibrosis_083.png,orig09552.png
139_fibrosis_188.png,orig09553.png
136_fibrosis_124.png,orig09554.png
064_fibrosis_249.png,orig09555.png
135_fibrosis_216.png,orig09556.png
131_fibrosis_102.png,orig09557.png
132_fibrosis_204.png,orig09558.png
066_fibrosis_209.png,orig09559.png
069_fibrosis_208.png,orig09560.png
138_fibrosis_122.png,orig09561.png
200_fibrosis_028.png,orig09562.png
128_fibrosis_266.png,orig09563.png
069_fibrosis_212.png,orig09564.png
131_fibrosis_135.png,orig09565.png
199_fibrosis_083.png,orig09566.png
127_fibrosis_096.png,orig09567.png
071_fibrosis_152.png,orig09568.png
148_fibrosis_096.png,orig09569.png
148_fibrosis_116.png,orig09570.png
137_fibrosis_174.png,orig09571.png
068_fibrosis_051.png,orig09572.png
127_fibrosis_362.png,orig09573.png
065_fibrosis_031.png,orig09574.png
064_fibrosis_241.png,orig09575.png
065_fibrosis_036.png,orig09576.png
064_fibrosis_186.png,orig09577.png
078_fibrosis_186.png,orig09578.png
132_fibrosis_189.png,orig09579.png
139_fibrosis_144.png,orig09580.png
078_fibrosis_099.png,orig09581.png
084_fibrosis_165.png,orig09582.png
034_fibrosis_173.png,orig09583.png
195_fibrosis_232.png,orig09584.png
081_fibrosis_338.png,orig09585.png
195_fibrosis_177.png,orig09586.png
200_fibrosis_080.png,orig09587.png
147_fibrosis_089.png,orig09588.png
192_fibrosis_144.png,orig09589.png
072_fibrosis_210.png,orig09590.png
201_fibrosis_155.png,orig09591.png
129_fibrosis_268.png,orig09592.png
075_fibrosis_206.png,orig09593.png
080_fibrosis_393.png,orig09594.png
127_fibrosis_094.png,orig09595.png
079_fibrosis_183.png,orig09596.png
076_fibrosis_054.png,orig09597.png
074_fibrosis_237.png,orig09598.png
072_fibrosis_195.png,orig09599.png
072_fibrosis_095.png,orig09600.png
084_fibrosis_049.png,orig09601.png
132_fibrosis_173.png,orig09602.png
066_fibrosis_309.png,orig09603.png
136_fibrosis_101.png,orig09604.png
141_fibrosis_089.png,orig09605.png
071_fibrosis_168.png,orig09606.png
080_fibrosis_224.png,orig09607.png
195_fibrosis_315.png,orig09608.png
199_fibrosis_045.png,orig09609.png
137_fibrosis_058.png,orig09610.png
069_fibrosis_125.png,orig09611.png
072_fibrosis_120.png,orig09612.png
136_fibrosis_173.png,orig09613.png
134_fibrosis_095.png,orig09614.png
199_fibrosis_048.png,orig09615.png
074_fibrosis_307.png,orig09616.png
132_fibrosis_260.png,orig09617.png
131_fibrosis_188.png,orig09618.png
069_fibrosis_247.png,orig09619.png
077_fibrosis_138.png,orig09620.png
081_fibrosis_244.png,orig09621.png
148_fibrosis_031.png,orig09622.png
078_fibrosis_196.png,orig09623.png
131_fibrosis_233.png,orig09624.png
131_fibrosis_199.png,orig09625.png
197_fibrosis_176.png,orig09626.png
195_fibrosis_105.png,orig09627.png
067_fibrosis_053.png,orig09628.png
131_fibrosis_095.png,orig09629.png
033_fibrosis_321.png,orig09630.png
078_fibrosis_073.png,orig09631.png
149_fibrosis_138.png,orig09632.png
079_fibrosis_161.png,orig09633.png
077_fibrosis_144.png,orig09634.png
148_fibrosis_264.png,orig09635.png
196_fibrosis_278.png,orig09636.png
196_fibrosis_266.png,orig09637.png
199_fibrosis_127.png,orig09638.png
084_fibrosis_221.png,orig09639.png
076_fibrosis_221.png,orig09640.png
141_fibrosis_174.png,orig09641.png
195_fibrosis_059.png,orig09642.png
079_fibrosis_137.png,orig09643.png
069_fibrosis_225.png,orig09644.png
084_fibrosis_168.png,orig09645.png
067_fibrosis_099.png,orig09646.png
034_fibrosis_030.png,orig09647.png
143_fibrosis_125.png,orig09648.png
074_fibrosis_302.png,orig09649.png
139_fibrosis_360.png,orig09650.png
079_fibrosis_234.png,orig09651.png
034_fibrosis_138.png,orig09652.png
146_fibrosis_021.png,orig09653.png
082_fibrosis_174.png,orig09654.png
075_fibrosis_196.png,orig09655.png
033_fibrosis_336.png,orig09656.png
137_fibrosis_224.png,orig09657.png
073_fibrosis_157.png,orig09658.png
194_fibrosis_215.png,orig09659.png
072_fibrosis_051.png,orig09660.png
129_fibrosis_121.png,orig09661.png
194_fibrosis_030.png,orig09662.png
067_fibrosis_236.png,orig09663.png
034_fibrosis_272.png,orig09664.png
066_fibrosis_055.png,orig09665.png
075_fibrosis_288.png,orig09666.png
071_fibrosis_133.png,orig09667.png
076_fibrosis_183.png,orig09668.png
197_fibrosis_136.png,orig09669.png
203_fibrosis_107.png,orig09670.png
075_fibrosis_260.png,orig09671.png
197_fibrosis_051.png,orig09672.png
135_fibrosis_255.png,orig09673.png
145_fibrosis_195.png,orig09674.png
066_fibrosis_300.png,orig09675.png
135_fibrosis_080.png,orig09676.png
199_fibrosis_072.png,orig09677.png
066_fibrosis_321.png,orig09678.png
071_fibrosis_114.png,orig09679.png
131_fibrosis_256.png,orig09680.png
033_fibrosis_299.png,orig09681.png
066_fibrosis_203.png,orig09682.png
193_fibrosis_054.png,orig09683.png
034_fibrosis_232.png,orig09684.png
066_fibrosis_035.png,orig09685.png
074_fibrosis_121.png,orig09686.png
145_fibrosis_171.png,orig09687.png
134_fibrosis_215.png,orig09688.png
200_fibrosis_157.png,orig09689.png
143_fibrosis_068.png,orig09690.png
138_fibrosis_200.png,orig09691.png
138_fibrosis_129.png,orig09692.png
078_fibrosis_311.png,orig09693.png
149_fibrosis_089.png,orig09694.png
148_fibrosis_182.png,orig09695.png
147_fibrosis_091.png,orig09696.png
134_fibrosis_210.png,orig09697.png
143_fibrosis_186.png,orig09698.png
196_fibrosis_117.png,orig09699.png
203_fibrosis_050.png,orig09700.png
193_fibrosis_085.png,orig09701.png
084_fibrosis_174.png,orig09702.png
077_fibrosis_348.png,orig09703.png
138_fibrosis_189.png,orig09704.png
066_fibrosis_041.png,orig09705.png
141_fibrosis_081.png,orig09706.png
141_fibrosis_226.png,orig09707.png
074_fibrosis_136.png,orig09708.png
132_fibrosis_046.png,orig09709.png
077_fibrosis_238.png,orig09710.png
082_fibrosis_070.png,orig09711.png
074_fibrosis_199.png,orig09712.png
136_fibrosis_224.png,orig09713.png
066_fibrosis_026.png,orig09714.png
203_fibrosis_026.png,orig09715.png
075_fibrosis_199.png,orig09716.png
034_fibrosis_047.png,orig09717.png
135_fibrosis_088.png,orig09718.png
136_fibrosis_112.png,orig09719.png
072_fibrosis_165.png,orig09720.png
033_fibrosis_232.png,orig09721.png
068_fibrosis_191.png,orig09722.png
134_fibrosis_026.png,orig09723.png
198_fibrosis_100.png,orig09724.png
075_fibrosis_184.png,orig09725.png
192_fibrosis_029.png,orig09726.png
147_fibrosis_096.png,orig09727.png
148_fibrosis_045.png,orig09728.png
140_fibrosis_114.png,orig09729.png
068_fibrosis_250.png,orig09730.png
127_fibrosis_273.png,orig09731.png
129_fibrosis_162.png,orig09732.png
195_fibrosis_123.png,orig09733.png
140_fibrosis_048.png,orig09734.png
196_fibrosis_211.png,orig09735.png
069_fibrosis_092.png,orig09736.png
075_fibrosis_302.png,orig09737.png
193_fibrosis_037.png,orig09738.png
200_fibrosis_081.png,orig09739.png
074_fibrosis_059.png,orig09740.png
203_fibrosis_130.png,orig09741.png
140_fibrosis_234.png,orig09742.png
075_fibrosis_195.png,orig09743.png
082_fibrosis_167.png,orig09744.png
074_fibrosis_108.png,orig09745.png
078_fibrosis_088.png,orig09746.png
131_fibrosis_024.png,orig09747.png
145_fibrosis_054.png,orig09748.png
147_fibrosis_076.png,orig09749.png
192_fibrosis_259.png,orig09750.png
065_fibrosis_098.png,orig09751.png
195_fibrosis_171.png,orig09752.png
201_fibrosis_210.png,orig09753.png
136_fibrosis_201.png,orig09754.png
197_fibrosis_182.png,orig09755.png
081_fibrosis_128.png,orig09756.png
195_fibrosis_190.png,orig09757.png
131_fibrosis_137.png,orig09758.png
149_fibrosis_272.png,orig09759.png
148_fibrosis_173.png,orig09760.png
132_fibrosis_122.png,orig09761.png
145_fibrosis_200.png,orig09762.png
132_fibrosis_194.png,orig09763.png
068_fibrosis_125.png,orig09764.png
196_fibrosis_051.png,orig09765.png
192_fibrosis_135.png,orig09766.png
065_fibrosis_096.png,orig09767.png
068_fibrosis_067.png,orig09768.png
034_fibrosis_187.png,orig09769.png
149_fibrosis_203.png,orig09770.png
127_fibrosis_380.png,orig09771.png
132_fibrosis_021.png,orig09772.png
079_fibrosis_153.png,orig09773.png
080_fibrosis_367.png,orig09774.png
148_fibrosis_120.png,orig09775.png
145_fibrosis_034.png,orig09776.png
066_fibrosis_242.png,orig09777.png
201_fibrosis_056.png,orig09778.png
137_fibrosis_134.png,orig09779.png
131_fibrosis_045.png,orig09780.png
136_fibrosis_153.png,orig09781.png
064_fibrosis_237.png,orig09782.png
066_fibrosis_120.png,orig09783.png
139_fibrosis_142.png,orig09784.png
132_fibrosis_039.png,orig09785.png
034_fibrosis_045.png,orig09786.png
132_fibrosis_037.png,orig09787.png
072_fibrosis_220.png,orig09788.png
073_fibrosis_163.png,orig09789.png
127_fibrosis_358.png,orig09790.png
066_fibrosis_131.png,orig09791.png
128_fibrosis_170.png,orig09792.png
066_fibrosis_308.png,orig09793.png
076_fibrosis_218.png,orig09794.png
069_fibrosis_081.png,orig09795.png
076_fibrosis_036.png,orig09796.png
068_fibrosis_251.png,orig09797.png
195_fibrosis_104.png,orig09798.png
149_fibrosis_228.png,orig09799.png
136_fibrosis_115.png,orig09800.png
145_fibrosis_204.png,orig09801.png
066_fibrosis_043.png,orig09802.png
201_fibrosis_216.png,orig09803.png
078_fibrosis_149.png,orig09804.png
143_fibrosis_153.png,orig09805.png
140_fibrosis_201.png,orig09806.png
140_fibrosis_072.png,orig09807.png
127_fibrosis_110.png,orig09808.png
084_fibrosis_258.png,orig09809.png
128_fibrosis_251.png,orig09810.png
193_fibrosis_105.png,orig09811.png
127_fibrosis_347.png,orig09812.png
077_fibrosis_317.png,orig09813.png
077_fibrosis_102.png,orig09814.png
127_fibrosis_107.png,orig09815.png
147_fibrosis_110.png,orig09816.png
135_fibrosis_184.png,orig09817.png
136_fibrosis_182.png,orig09818.png
137_fibrosis_156.png,orig09819.png
194_fibrosis_160.png,orig09820.png
078_fibrosis_210.png,orig09821.png
127_fibrosis_069.png,orig09822.png
082_fibrosis_166.png,orig09823.png
131_fibrosis_093.png,orig09824.png
077_fibrosis_147.png,orig09825.png
084_fibrosis_195.png,orig09826.png
076_fibrosis_022.png,orig09827.png
143_fibrosis_092.png,orig09828.png
072_fibrosis_276.png,orig09829.png
147_fibrosis_262.png,orig09830.png
195_fibrosis_086.png,orig09831.png
203_fibrosis_040.png,orig09832.png
137_fibrosis_116.png,orig09833.png
140_fibrosis_067.png,orig09834.png
145_fibrosis_076.png,orig09835.png
199_fibrosis_085.png,orig09836.png
084_fibrosis_253.png,orig09837.png
071_fibrosis_025.png,orig09838.png
135_fibrosis_052.png,orig09839.png
069_fibrosis_160.png,orig09840.png
132_fibrosis_076.png,orig09841.png
078_fibrosis_027.png,orig09842.png
195_fibrosis_170.png,orig09843.png
137_fibrosis_099.png,orig09844.png
192_fibrosis_065.png,orig09845.png
146_fibrosis_220.png,orig09846.png
139_fibrosis_355.png,orig09847.png
072_fibrosis_061.png,orig09848.png
127_fibrosis_234.png,orig09849.png
078_fibrosis_224.png,orig09850.png
140_fibrosis_128.png,orig09851.png
193_fibrosis_191.png,orig09852.png
147_fibrosis_210.png,orig09853.png
147_fibrosis_184.png,orig09854.png
064_fibrosis_059.png,orig09855.png
140_fibrosis_034.png,orig09856.png
198_fibrosis_181.png,orig09857.png
138_fibrosis_048.png,orig09858.png
034_fibrosis_041.png,orig09859.png
131_fibrosis_279.png,orig09860.png
065_fibrosis_037.png,orig09861.png
141_fibrosis_054.png,orig09862.png
145_fibrosis_212.png,orig09863.png
127_fibrosis_090.png,orig09864.png
071_fibrosis_214.png,orig09865.png
077_fibrosis_207.png,orig09866.png
073_fibrosis_113.png,orig09867.png
077_fibrosis_299.png,orig09868.png
074_fibrosis_087.png,orig09869.png
079_fibrosis_307.png,orig09870.png
064_fibrosis_143.png,orig09871.png
127_fibrosis_247.png,orig09872.png
199_fibrosis_123.png,orig09873.png
192_fibrosis_049.png,orig09874.png
140_fibrosis_255.png,orig09875.png
192_fibrosis_169.png,orig09876.png
194_fibrosis_077.png,orig09877.png
064_fibrosis_218.png,orig09878.png
132_fibrosis_193.png,orig09879.png
075_fibrosis_190.png,orig09880.png
192_fibrosis_034.png,orig09881.png
137_fibrosis_046.png,orig09882.png
135_fibrosis_128.png,orig09883.png
148_fibrosis_054.png,orig09884.png
194_fibrosis_137.png,orig09885.png
064_fibrosis_134.png,orig09886.png
149_fibrosis_166.png,orig09887.png
067_fibrosis_166.png,orig09888.png
199_fibrosis_038.png,orig09889.png
127_fibrosis_348.png,orig09890.png
147_fibrosis_222.png,orig09891.png
066_fibrosis_196.png,orig09892.png
079_fibrosis_160.png,orig09893.png
199_fibrosis_128.png,orig09894.png
069_fibrosis_198.png,orig09895.png
127_fibrosis_059.png,orig09896.png
074_fibrosis_318.png,orig09897.png
128_fibrosis_098.png,orig09898.png
203_fibrosis_034.png,orig09899.png
073_fibrosis_038.png,orig09900.png
082_fibrosis_069.png,orig09901.png
078_fibrosis_062.png,orig09902.png
135_fibrosis_191.png,orig09903.png
082_fibrosis_112.png,orig09904.png
077_fibrosis_191.png,orig09905.png
199_fibrosis_021.png,orig09906.png
132_fibrosis_275.png,orig09907.png
141_fibrosis_050.png,orig09908.png
131_fibrosis_318.png,orig09909.png
034_fibrosis_333.png,orig09910.png
140_fibrosis_101.png,orig09911.png
071_fibrosis_112.png,orig09912.png
081_fibrosis_337.png,orig09913.png
139_fibrosis_264.png,orig09914.png
147_fibrosis_251.png,orig09915.png
128_fibrosis_045.png,orig09916.png
084_fibrosis_114.png,orig09917.png
078_fibrosis_029.png,orig09918.png
196_fibrosis_127.png,orig09919.png
139_fibrosis_151.png,orig09920.png
138_fibrosis_114.png,orig09921.png
197_fibrosis_046.png,orig09922.png
139_fibrosis_220.png,orig09923.png
066_fibrosis_289.png,orig09924.png
139_fibrosis_175.png,orig09925.png
082_fibrosis_184.png,orig09926.png
132_fibrosis_228.png,orig09927.png
148_fibrosis_135.png,orig09928.png
135_fibrosis_136.png,orig09929.png
132_fibrosis_203.png,orig09930.png
139_fibrosis_146.png,orig09931.png
072_fibrosis_038.png,orig09932.png
198_fibrosis_192.png,orig09933.png
079_fibrosis_235.png,orig09934.png
131_fibrosis_298.png,orig09935.png
140_fibrosis_144.png,orig09936.png
084_fibrosis_121.png,orig09937.png
201_fibrosis_184.png,orig09938.png
066_fibrosis_115.png,orig09939.png
194_fibrosis_223.png,orig09940.png
127_fibrosis_233.png,orig09941.png
137_fibrosis_294.png,orig09942.png
072_fibrosis_212.png,orig09943.png
139_fibrosis_023.png,orig09944.png
081_fibrosis_317.png,orig09945.png
141_fibrosis_032.png,orig09946.png
075_fibrosis_254.png,orig09947.png
127_fibrosis_226.png,orig09948.png
066_fibrosis_234.png,orig09949.png
066_fibrosis_332.png,orig09950.png
192_fibrosis_080.png,orig09951.png
195_fibrosis_154.png,orig09952.png
136_fibrosis_077.png,orig09953.png
064_fibrosis_094.png,orig09954.png
066_fibrosis_195.png,orig09955.png
065_fibrosis_076.png,orig09956.png
080_fibrosis_354.png,orig09957.png
066_fibrosis_231.png,orig09958.png
127_fibrosis_124.png,orig09959.png
072_fibrosis_255.png,orig09960.png
138_fibrosis_066.png,orig09961.png
064_fibrosis_124.png,orig09962.png
196_fibrosis_176.png,orig09963.png
067_fibrosis_065.png,orig09964.png
079_fibrosis_292.png,orig09965.png
068_fibrosis_226.png,orig09966.png
073_fibrosis_053.png,orig09967.png
127_fibrosis_081.png,orig09968.png
080_fibrosis_304.png,orig09969.png
069_fibrosis_124.png,orig09970.png
080_fibrosis_300.png,orig09971.png
135_fibrosis_218.png,orig09972.png
077_fibrosis_307.png,orig09973.png
084_fibrosis_281.png,orig09974.png
136_fibrosis_236.png,orig09975.png
138_fibrosis_194.png,orig09976.png
066_fibrosis_078.png,orig09977.png
193_fibrosis_091.png,orig09978.png
033_fibrosis_121.png,orig09979.png
073_fibrosis_179.png,orig09980.png
201_fibrosis_077.png,orig09981.png
198_fibrosis_101.png,orig09982.png
201_fibrosis_076.png,orig09983.png
069_fibrosis_230.png,orig09984.png
033_fibrosis_302.png,orig09985.png
084_fibrosis_232.png,orig09986.png
068_fibrosis_280.png,orig09987.png
066_fibrosis_225.png,orig09988.png
079_fibrosis_072.png,orig09989.png
072_fibrosis_037.png,orig09990.png
128_fibrosis_111.png,orig09991.png
141_fibrosis_256.png,orig09992.png
074_fibrosis_063.png,orig09993.png
129_fibrosis_044.png,orig09994.png
068_fibrosis_034.png,orig09995.png
192_fibrosis_189.png,orig09996.png
196_fibrosis_149.png,orig09997.png
135_fibrosis_163.png,orig09998.png
149_fibrosis_168.png,orig09999.png
072_fibrosis_273.png,orig10000.png
034_fibrosis_324.png,orig10001.png
149_fibrosis_100.png,orig10002.png
131_fibrosis_182.png,orig10003.png
074_fibrosis_172.png,orig10004.png
196_fibrosis_041.png,orig10005.png
034_fibrosis_205.png,orig10006.png
143_fibrosis_024.png,orig10007.png
076_fibrosis_268.png,orig10008.png
074_fibrosis_066.png,orig10009.png
148_fibrosis_050.png,orig10010.png
141_fibrosis_177.png,orig10011.png
082_fibrosis_117.png,orig10012.png
196_fibrosis_175.png,orig10013.png
200_fibrosis_185.png,orig10014.png
134_fibrosis_093.png,orig10015.png
146_fibrosis_188.png,orig10016.png
136_fibrosis_108.png,orig10017.png
084_fibrosis_071.png,orig10018.png
196_fibrosis_299.png,orig10019.png
129_fibrosis_256.png,orig10020.png
034_fibrosis_108.png,orig10021.png
140_fibrosis_165.png,orig10022.png
071_fibrosis_077.png,orig10023.png
033_fibrosis_145.png,orig10024.png
192_fibrosis_105.png,orig10025.png
077_fibrosis_308.png,orig10026.png
137_fibrosis_149.png,orig10027.png
145_fibrosis_155.png,orig10028.png
149_fibrosis_241.png,orig10029.png
075_fibrosis_223.png,orig10030.png
201_fibrosis_149.png,orig10031.png
146_fibrosis_240.png,orig10032.png
075_fibrosis_132.png,orig10033.png
146_fibrosis_195.png,orig10034.png
074_fibrosis_080.png,orig10035.png
066_fibrosis_256.png,orig10036.png
145_fibrosis_190.png,orig10037.png
137_fibrosis_064.png,orig10038.png
137_fibrosis_168.png,orig10039.png
147_fibrosis_214.png,orig10040.png
141_fibrosis_072.png,orig10041.png
135_fibrosis_243.png,orig10042.png
073_fibrosis_293.png,orig10043.png
066_fibrosis_085.png,orig10044.png
068_fibrosis_149.png,orig10045.png
129_fibrosis_172.png,orig10046.png
136_fibrosis_054.png,orig10047.png
127_fibrosis_046.png,orig10048.png
034_fibrosis_066.png,orig10049.png
136_fibrosis_109.png,orig10050.png
197_fibrosis_102.png,orig10051.png
071_fibrosis_204.png,orig10052.png
131_fibrosis_043.png,orig10053.png
080_fibrosis_340.png,orig10054.png
138_fibrosis_087.png,orig10055.png
076_fibrosis_263.png,orig10056.png
077_fibrosis_079.png,orig10057.png
195_fibrosis_225.png,orig10058.png
127_fibrosis_118.png,orig10059.png
071_fibrosis_056.png,orig10060.png
201_fibrosis_170.png,orig10061.png
137_fibrosis_273.png,orig10062.png
067_fibrosis_064.png,orig10063.png
145_fibrosis_033.png,orig10064.png
149_fibrosis_141.png,orig10065.png
147_fibrosis_234.png,orig10066.png
145_fibrosis_104.png,orig10067.png
078_fibrosis_083.png,orig10068.png
197_fibrosis_065.png,orig10069.png
033_fibrosis_304.png,orig10070.png
198_fibrosis_036.png,orig10071.png
135_fibrosis_272.png,orig10072.png
078_fibrosis_319.png,orig10073.png
071_fibrosis_175.png,orig10074.png
203_fibrosis_077.png,orig10075.png
033_fibrosis_031.png,orig10076.png
072_fibrosis_235.png,orig10077.png
033_fibrosis_200.png,orig10078.png
073_fibrosis_195.png,orig10079.png
064_fibrosis_042.png,orig10080.png
127_fibrosis_203.png,orig10081.png
128_fibrosis_106.png,orig10082.png
080_fibrosis_236.png,orig10083.png
067_fibrosis_100.png,orig10084.png
079_fibrosis_095.png,orig10085.png
079_fibrosis_123.png,orig10086.png
082_fibrosis_147.png,orig10087.png
132_fibrosis_249.png,orig10088.png
067_fibrosis_103.png,orig10089.png
073_fibrosis_078.png,orig10090.png
134_fibrosis_271.png,orig10091.png
138_fibrosis_046.png,orig10092.png
074_fibrosis_222.png,orig10093.png
149_fibrosis_275.png,orig10094.png
134_fibrosis_233.png,orig10095.png
149_fibrosis_114.png,orig10096.png
084_fibrosis_284.png,orig10097.png
148_fibrosis_115.png,orig10098.png
034_fibrosis_279.png,orig10099.png
071_fibrosis_049.png,orig10100.png
192_fibrosis_238.png,orig10101.png
066_fibrosis_114.png,orig10102.png
131_fibrosis_189.png,orig10103.png
127_fibrosis_379.png,orig10104.png
147_fibrosis_271.png,orig10105.png
129_fibrosis_038.png,orig10106.png
147_fibrosis_178.png,orig10107.png
141_fibrosis_199.png,orig10108.png
034_fibrosis_056.png,orig10109.png
034_fibrosis_266.png,orig10110.png
074_fibrosis_038.png,orig10111.png
075_fibrosis_275.png,orig10112.png
131_fibrosis_046.png,orig10113.png
140_fibrosis_217.png,orig10114.png
074_fibrosis_030.png,orig10115.png
068_fibrosis_137.png,orig10116.png
192_fibrosis_136.png,orig10117.png
065_fibrosis_023.png,orig10118.png
137_fibrosis_114.png,orig10119.png
135_fibrosis_242.png,orig10120.png
077_fibrosis_071.png,orig10121.png
067_fibrosis_095.png,orig10122.png
197_fibrosis_234.png,orig10123.png
075_fibrosis_300.png,orig10124.png
137_fibrosis_302.png,orig10125.png
140_fibrosis_083.png,orig10126.png
067_fibrosis_052.png,orig10127.png
081_fibrosis_148.png,orig10128.png
129_fibrosis_281.png,orig10129.png
195_fibrosis_251.png,orig10130.png
141_fibrosis_053.png,orig10131.png
064_fibrosis_192.png,orig10132.png
128_fibrosis_092.png,orig10133.png
068_fibrosis_294.png,orig10134.png
138_fibrosis_209.png,orig10135.png
066_fibrosis_297.png,orig10136.png
072_fibrosis_029.png,orig10137.png
139_fibrosis_140.png,orig10138.png
079_fibrosis_212.png,orig10139.png
064_fibrosis_079.png,orig10140.png
066_fibrosis_049.png,orig10141.png
073_fibrosis_139.png,orig10142.png
075_fibrosis_211.png,orig10143.png
034_fibrosis_129.png,orig10144.png
137_fibrosis_040.png,orig10145.png
200_fibrosis_123.png,orig10146.png
081_fibrosis_237.png,orig10147.png
071_fibrosis_227.png,orig10148.png
074_fibrosis_113.png,orig10149.png
033_fibrosis_136.png,orig10150.png
084_fibrosis_124.png,orig10151.png
146_fibrosis_064.png,orig10152.png
136_fibrosis_143.png,orig10153.png
192_fibrosis_207.png,orig10154.png
203_fibrosis_054.png,orig10155.png
193_fibrosis_034.png,orig10156.png
080_fibrosis_390.png,orig10157.png
195_fibrosis_074.png,orig10158.png
074_fibrosis_174.png,orig10159.png
127_fibrosis_026.png,orig10160.png
127_fibrosis_252.png,orig10161.png
196_fibrosis_137.png,orig10162.png
137_fibrosis_219.png,orig10163.png
195_fibrosis_053.png,orig10164.png
074_fibrosis_024.png,orig10165.png
146_fibrosis_197.png,orig10166.png
141_fibrosis_025.png,orig10167.png
074_fibrosis_316.png,orig10168.png
195_fibrosis_052.png,orig10169.png
146_fibrosis_269.png,orig10170.png
064_fibrosis_081.png,orig10171.png
034_fibrosis_339.png,orig10172.png
033_fibrosis_170.png,orig10173.png
203_fibrosis_035.png,orig10174.png
128_fibrosis_196.png,orig10175.png
139_fibrosis_276.png,orig10176.png
069_fibrosis_296.png,orig10177.png
147_fibrosis_268.png,orig10178.png
147_fibrosis_180.png,orig10179.png
080_fibrosis_206.png,orig10180.png
194_fibrosis_171.png,orig10181.png
073_fibrosis_056.png,orig10182.png
131_fibrosis_047.png,orig10183.png
071_fibrosis_166.png,orig10184.png
079_fibrosis_106.png,orig10185.png
072_fibrosis_063.png,orig10186.png
033_fibrosis_289.png,orig10187.png
136_fibrosis_060.png,orig10188.png
196_fibrosis_112.png,orig10189.png
073_fibrosis_103.png,orig10190.png
084_fibrosis_050.png,orig10191.png
137_fibrosis_083.png,orig10192.png
143_fibrosis_076.png,orig10193.png
192_fibrosis_039.png,orig10194.png
079_fibrosis_207.png,orig10195.png
139_fibrosis_283.png,orig10196.png
084_fibrosis_204.png,orig10197.png
134_fibrosis_060.png,orig10198.png
143_fibrosis_154.png,orig10199.png
134_fibrosis_119.png,orig10200.png
196_fibrosis_285.png,orig10201.png
127_fibrosis_365.png,orig10202.png
074_fibrosis_025.png,orig10203.png
079_fibrosis_238.png,orig10204.png
148_fibrosis_104.png,orig10205.png
084_fibrosis_267.png,orig10206.png
137_fibrosis_186.png,orig10207.png
148_fibrosis_203.png,orig10208.png
131_fibrosis_247.png,orig10209.png
066_fibrosis_047.png,orig10210.png
145_fibrosis_121.png,orig10211.png
146_fibrosis_251.png,orig10212.png
065_fibrosis_111.png,orig10213.png
066_fibrosis_305.png,orig10214.png
034_fibrosis_057.png,orig10215.png
081_fibrosis_102.png,orig10216.png
073_fibrosis_061.png,orig10217.png
194_fibrosis_257.png,orig10218.png
034_fibrosis_275.png,orig10219.png
139_fibrosis_388.png,orig10220.png
072_fibrosis_253.png,orig10221.png
146_fibrosis_095.png,orig10222.png
200_fibrosis_090.png,orig10223.png
137_fibrosis_271.png,orig10224.png
138_fibrosis_062.png,orig10225.png
199_fibrosis_091.png,orig10226.png
136_fibrosis_235.png,orig10227.png
127_fibrosis_197.png,orig10228.png
129_fibrosis_127.png,orig10229.png
200_fibrosis_072.png,orig10230.png
145_fibrosis_144.png,orig10231.png
137_fibrosis_290.png,orig10232.png
078_fibrosis_213.png,orig10233.png
081_fibrosis_363.png,orig10234.png
073_fibrosis_150.png,orig10235.png
196_fibrosis_048.png,orig10236.png
147_fibrosis_135.png,orig10237.png
134_fibrosis_182.png,orig10238.png
199_fibrosis_114.png,orig10239.png
149_fibrosis_274.png,orig10240.png
194_fibrosis_209.png,orig10241.png
148_fibrosis_049.png,orig10242.png
135_fibrosis_074.png,orig10243.png
127_fibrosis_032.png,orig10244.png
143_fibrosis_063.png,orig10245.png
075_fibrosis_125.png,orig10246.png
068_fibrosis_296.png,orig10247.png
076_fibrosis_202.png,orig10248.png
129_fibrosis_181.png,orig10249.png
149_fibrosis_061.png,orig10250.png
141_fibrosis_141.png,orig10251.png
136_fibrosis_044.png,orig10252.png
064_fibrosis_066.png,orig10253.png
069_fibrosis_161.png,orig10254.png
074_fibrosis_145.png,orig10255.png
128_fibrosis_089.png,orig10256.png
139_fibrosis_170.png,orig10257.png
069_fibrosis_142.png,orig10258.png
197_fibrosis_103.png,orig10259.png
077_fibrosis_351.png,orig10260.png
033_fibrosis_263.png,orig10261.png
081_fibrosis_253.png,orig10262.png
071_fibrosis_064.png,orig10263.png
076_fibrosis_186.png,orig10264.png
080_fibrosis_299.png,orig10265.png
192_fibrosis_263.png,orig10266.png
033_fibrosis_265.png,orig10267.png
134_fibrosis_152.png,orig10268.png
069_fibrosis_082.png,orig10269.png
077_fibrosis_106.png,orig10270.png
071_fibrosis_086.png,orig10271.png
066_fibrosis_141.png,orig10272.png
074_fibrosis_130.png,orig10273.png
078_fibrosis_220.png,orig10274.png
073_fibrosis_181.png,orig10275.png
131_fibrosis_104.png,orig10276.png
076_fibrosis_243.png,orig10277.png
200_fibrosis_140.png,orig10278.png
072_fibrosis_086.png,orig10279.png
138_fibrosis_181.png,orig10280.png
080_fibrosis_426.png,orig10281.png
196_fibrosis_156.png,orig10282.png
137_fibrosis_121.png,orig10283.png
137_fibrosis_236.png,orig10284.png
073_fibrosis_290.png,orig10285.png
195_fibrosis_311.png,orig10286.png
194_fibrosis_143.png,orig10287.png
075_fibrosis_238.png,orig10288.png
201_fibrosis_094.png,orig10289.png
082_fibrosis_161.png,orig10290.png
131_fibrosis_132.png,orig10291.png
067_fibrosis_134.png,orig10292.png
073_fibrosis_259.png,orig10293.png
131_fibrosis_254.png,orig10294.png
072_fibrosis_028.png,orig10295.png
196_fibrosis_294.png,orig10296.png
071_fibrosis_066.png,orig10297.png
131_fibrosis_219.png,orig10298.png
076_fibrosis_255.png,orig10299.png
078_fibrosis_115.png,orig10300.png
134_fibrosis_238.png,orig10301.png
069_fibrosis_234.png,orig10302.png
075_fibrosis_176.png,orig10303.png
076_fibrosis_025.png,orig10304.png
075_fibrosis_032.png,orig10305.png
141_fibrosis_097.png,orig10306.png
077_fibrosis_236.png,orig10307.png
192_fibrosis_178.png,orig10308.png
199_fibrosis_074.png,orig10309.png
064_fibrosis_243.png,orig10310.png
194_fibrosis_034.png,orig10311.png
068_fibrosis_234.png,orig10312.png
196_fibrosis_108.png,orig10313.png
196_fibrosis_194.png,orig10314.png
082_fibrosis_298.png,orig10315.png
080_fibrosis_411.png,orig10316.png
135_fibrosis_229.png,orig10317.png
079_fibrosis_114.png,orig10318.png
194_fibrosis_154.png,orig10319.png
077_fibrosis_179.png,orig10320.png
127_fibrosis_051.png,orig10321.png
128_fibrosis_078.png,orig10322.png
080_fibrosis_376.png,orig10323.png
077_fibrosis_331.png,orig10324.png
147_fibrosis_125.png,orig10325.png
203_fibrosis_037.png,orig10326.png
194_fibrosis_255.png,orig10327.png
147_fibrosis_130.png,orig10328.png
198_fibrosis_050.png,orig10329.png
080_fibrosis_213.png,orig10330.png
147_fibrosis_097.png,orig10331.png
075_fibrosis_138.png,orig10332.png
075_fibrosis_089.png,orig10333.png
080_fibrosis_332.png,orig10334.png
065_fibrosis_151.png,orig10335.png
129_fibrosis_154.png,orig10336.png
193_fibrosis_100.png,orig10337.png
080_fibrosis_360.png,orig10338.png
034_fibrosis_172.png,orig10339.png
066_fibrosis_116.png,orig10340.png
082_fibrosis_272.png,orig10341.png
077_fibrosis_301.png,orig10342.png
066_fibrosis_022.png,orig10343.png
146_fibrosis_226.png,orig10344.png
077_fibrosis_139.png,orig10345.png
139_fibrosis_130.png,orig10346.png
137_fibrosis_213.png,orig10347.png
137_fibrosis_242.png,orig10348.png
140_fibrosis_177.png,orig10349.png
082_fibrosis_271.png,orig10350.png
134_fibrosis_023.png,orig10351.png
069_fibrosis_278.png,orig10352.png
071_fibrosis_118.png,orig10353.png
196_fibrosis_020.png,orig10354.png
128_fibrosis_213.png,orig10355.png
034_fibrosis_318.png,orig10356.png
077_fibrosis_030.png,orig10357.png
069_fibrosis_184.png,orig10358.png
072_fibrosis_143.png,orig10359.png
128_fibrosis_132.png,orig10360.png
073_fibrosis_152.png,orig10361.png
084_fibrosis_175.png,orig10362.png
064_fibrosis_304.png,orig10363.png
081_fibrosis_332.png,orig10364.png
198_fibrosis_055.png,orig10365.png
128_fibrosis_083.png,orig10366.png
196_fibrosis_124.png,orig10367.png
197_fibrosis_245.png,orig10368.png
149_fibrosis_179.png,orig10369.png
066_fibrosis_161.png,orig10370.png
136_fibrosis_111.png,orig10371.png
148_fibrosis_199.png,orig10372.png
201_fibrosis_203.png,orig10373.png
072_fibrosis_262.png,orig10374.png
149_fibrosis_277.png,orig10375.png
076_fibrosis_197.png,orig10376.png
080_fibrosis_348.png,orig10377.png
135_fibrosis_141.png,orig10378.png
077_fibrosis_169.png,orig10379.png
135_fibrosis_189.png,orig10380.png
195_fibrosis_133.png,orig10381.png
194_fibrosis_185.png,orig10382.png
148_fibrosis_210.png,orig10383.png
139_fibrosis_192.png,orig10384.png
203_fibrosis_023.png,orig10385.png
193_fibrosis_209.png,orig10386.png
072_fibrosis_233.png,orig10387.png
198_fibrosis_090.png,orig10388.png
079_fibrosis_075.png,orig10389.png
194_fibrosis_242.png,orig10390.png
066_fibrosis_099.png,orig10391.png
066_fibrosis_175.png,orig10392.png
137_fibrosis_048.png,orig10393.png
065_fibrosis_108.png,orig10394.png
127_fibrosis_025.png,orig10395.png
065_fibrosis_092.png,orig10396.png
075_fibrosis_109.png,orig10397.png
192_fibrosis_196.png,orig10398.png
201_fibrosis_162.png,orig10399.png
067_fibrosis_232.png,orig10400.png
196_fibrosis_228.png,orig10401.png
128_fibrosis_087.png,orig10402.png
066_fibrosis_145.png,orig10403.png
141_fibrosis_247.png,orig10404.png
084_fibrosis_277.png,orig10405.png
196_fibrosis_297.png,orig10406.png
084_fibrosis_109.png,orig10407.png
073_fibrosis_277.png,orig10408.png
193_fibrosis_110.png,orig10409.png
139_fibrosis_137.png,orig10410.png
033_fibrosis_085.png,orig10411.png
082_fibrosis_196.png,orig10412.png
200_fibrosis_134.png,orig10413.png
079_fibrosis_077.png,orig10414.png
127_fibrosis_283.png,orig10415.png
068_fibrosis_103.png,orig10416.png
081_fibrosis_151.png,orig10417.png
194_fibrosis_189.png,orig10418.png
195_fibrosis_323.png,orig10419.png
073_fibrosis_301.png,orig10420.png
084_fibrosis_044.png,orig10421.png
149_fibrosis_081.png,orig10422.png
196_fibrosis_318.png,orig10423.png
081_fibrosis_204.png,orig10424.png
077_fibrosis_067.png,orig10425.png
067_fibrosis_109.png,orig10426.png
139_fibrosis_190.png,orig10427.png
084_fibrosis_225.png,orig10428.png
149_fibrosis_043.png,orig10429.png
194_fibrosis_060.png,orig10430.png
203_fibrosis_162.png,orig10431.png
137_fibrosis_260.png,orig10432.png
137_fibrosis_211.png,orig10433.png
069_fibrosis_210.png,orig10434.png
127_fibrosis_191.png,orig10435.png
139_fibrosis_127.png,orig10436.png
194_fibrosis_178.png,orig10437.png
127_fibrosis_093.png,orig10438.png
072_fibrosis_109.png,orig10439.png
033_fibrosis_220.png,orig10440.png
069_fibrosis_089.png,orig10441.png
065_fibrosis_041.png,orig10442.png
067_fibrosis_051.png,orig10443.png
198_fibrosis_024.png,orig10444.png
137_fibrosis_197.png,orig10445.png
127_fibrosis_388.png,orig10446.png
074_fibrosis_185.png,orig10447.png
072_fibrosis_145.png,orig10448.png
079_fibrosis_174.png,orig10449.png
128_fibrosis_067.png,orig10450.png
078_fibrosis_091.png,orig10451.png
132_fibrosis_280.png,orig10452.png
033_fibrosis_238.png,orig10453.png
132_fibrosis_105.png,orig10454.png
064_fibrosis_184.png,orig10455.png
127_fibrosis_050.png,orig10456.png
073_fibrosis_037.png,orig10457.png
135_fibrosis_198.png,orig10458.png
072_fibrosis_244.png,orig10459.png
135_fibrosis_232.png,orig10460.png
033_fibrosis_108.png,orig10461.png
074_fibrosis_280.png,orig10462.png
075_fibrosis_054.png,orig10463.png
141_fibrosis_078.png,orig10464.png
068_fibrosis_217.png,orig10465.png
075_fibrosis_040.png,orig10466.png
203_fibrosis_070.png,orig10467.png
064_fibrosis_117.png,orig10468.png
145_fibrosis_123.png,orig10469.png
131_fibrosis_144.png,orig10470.png
074_fibrosis_092.png,orig10471.png
203_fibrosis_061.png,orig10472.png
073_fibrosis_240.png,orig10473.png
139_fibrosis_381.png,orig10474.png
195_fibrosis_291.png,orig10475.png
067_fibrosis_231.png,orig10476.png
197_fibrosis_070.png,orig10477.png
141_fibrosis_190.png,orig10478.png
149_fibrosis_240.png,orig10479.png
084_fibrosis_036.png,orig10480.png
146_fibrosis_038.png,orig10481.png
195_fibrosis_229.png,orig10482.png
127_fibrosis_178.png,orig10483.png
071_fibrosis_024.png,orig10484.png
078_fibrosis_092.png,orig10485.png
034_fibrosis_063.png,orig10486.png
138_fibrosis_217.png,orig10487.png
066_fibrosis_285.png,orig10488.png
137_fibrosis_131.png,orig10489.png
149_fibrosis_165.png,orig10490.png
074_fibrosis_179.png,orig10491.png
148_fibrosis_219.png,orig10492.png
200_fibrosis_042.png,orig10493.png
135_fibrosis_033.png,orig10494.png
197_fibrosis_249.png,orig10495.png
129_fibrosis_288.png,orig10496.png
141_fibrosis_073.png,orig10497.png
033_fibrosis_255.png,orig10498.png
195_fibrosis_098.png,orig10499.png
078_fibrosis_223.png,orig10500.png
135_fibrosis_047.png,orig10501.png
193_fibrosis_058.png,orig10502.png
192_fibrosis_233.png,orig10503.png
077_fibrosis_244.png,orig10504.png
080_fibrosis_307.png,orig10505.png
139_fibrosis_034.png,orig10506.png
135_fibrosis_061.png,orig10507.png
136_fibrosis_151.png,orig10508.png
194_fibrosis_058.png,orig10509.png
146_fibrosis_130.png,orig10510.png
149_fibrosis_066.png,orig10511.png
069_fibrosis_195.png,orig10512.png
198_fibrosis_086.png,orig10513.png
033_fibrosis_270.png,orig10514.png
131_fibrosis_216.png,orig10515.png
195_fibrosis_147.png,orig10516.png
072_fibrosis_204.png,orig10517.png
084_fibrosis_187.png,orig10518.png
068_fibrosis_181.png,orig10519.png
134_fibrosis_204.png,orig10520.png
143_fibrosis_147.png,orig10521.png
034_fibrosis_118.png,orig10522.png
034_fibrosis_109.png,orig10523.png
067_fibrosis_101.png,orig10524.png
140_fibrosis_206.png,orig10525.png
033_fibrosis_316.png,orig10526.png
201_fibrosis_209.png,orig10527.png
131_fibrosis_186.png,orig10528.png
074_fibrosis_151.png,orig10529.png
065_fibrosis_035.png,orig10530.png
137_fibrosis_257.png,orig10531.png
134_fibrosis_145.png,orig10532.png
074_fibrosis_031.png,orig10533.png
081_fibrosis_329.png,orig10534.png
132_fibrosis_224.png,orig10535.png
143_fibrosis_056.png,orig10536.png
071_fibrosis_107.png,orig10537.png
079_fibrosis_158.png,orig10538.png
192_fibrosis_093.png,orig10539.png
139_fibrosis_075.png,orig10540.png
128_fibrosis_255.png,orig10541.png
067_fibrosis_096.png,orig10542.png
201_fibrosis_026.png,orig10543.png
082_fibrosis_106.png,orig10544.png
065_fibrosis_109.png,orig10545.png
132_fibrosis_064.png,orig10546.png
140_fibrosis_108.png,orig10547.png
080_fibrosis_425.png,orig10548.png
148_fibrosis_233.png,orig10549.png
147_fibrosis_092.png,orig10550.png
132_fibrosis_068.png,orig10551.png
071_fibrosis_190.png,orig10552.png
135_fibrosis_172.png,orig10553.png
075_fibrosis_247.png,orig10554.png
066_fibrosis_127.png,orig10555.png
134_fibrosis_156.png,orig10556.png
143_fibrosis_047.png,orig10557.png
194_fibrosis_163.png,orig10558.png
198_fibrosis_087.png,orig10559.png
148_fibrosis_026.png,orig10560.png
137_fibrosis_144.png,orig10561.png
076_fibrosis_053.png,orig10562.png
134_fibrosis_254.png,orig10563.png
067_fibrosis_058.png,orig10564.png
137_fibrosis_078.png,orig10565.png
135_fibrosis_273.png,orig10566.png
131_fibrosis_038.png,orig10567.png
069_fibrosis_271.png,orig10568.png
198_fibrosis_023.png,orig10569.png
069_fibrosis_143.png,orig10570.png
069_fibrosis_144.png,orig10571.png
127_fibrosis_117.png,orig10572.png
076_fibrosis_044.png,orig10573.png
137_fibrosis_178.png,orig10574.png
201_fibrosis_089.png,orig10575.png
195_fibrosis_112.png,orig10576.png
147_fibrosis_185.png,orig10577.png
081_fibrosis_267.png,orig10578.png
072_fibrosis_237.png,orig10579.png
072_fibrosis_020.png,orig10580.png
066_fibrosis_082.png,orig10581.png
033_fibrosis_057.png,orig10582.png
132_fibrosis_056.png,orig10583.png
128_fibrosis_207.png,orig10584.png
067_fibrosis_191.png,orig10585.png
075_fibrosis_162.png,orig10586.png
196_fibrosis_157.png,orig10587.png
132_fibrosis_253.png,orig10588.png
082_fibrosis_179.png,orig10589.png
199_fibrosis_054.png,orig10590.png
147_fibrosis_189.png,orig10591.png
197_fibrosis_111.png,orig10592.png
074_fibrosis_285.png,orig10593.png
196_fibrosis_256.png,orig10594.png
081_fibrosis_342.png,orig10595.png
080_fibrosis_368.png,orig10596.png
072_fibrosis_162.png,orig10597.png
066_fibrosis_143.png,orig10598.png
198_fibrosis_175.png,orig10599.png
072_fibrosis_173.png,orig10600.png
075_fibrosis_212.png,orig10601.png
194_fibrosis_256.png,orig10602.png
127_fibrosis_199.png,orig10603.png
192_fibrosis_131.png,orig10604.png
081_fibrosis_143.png,orig10605.png
128_fibrosis_218.png,orig10606.png
132_fibrosis_030.png,orig10607.png
148_fibrosis_067.png,orig10608.png
143_fibrosis_054.png,orig10609.png
067_fibrosis_090.png,orig10610.png
064_fibrosis_314.png,orig10611.png
127_fibrosis_072.png,orig10612.png
141_fibrosis_064.png,orig10613.png
134_fibrosis_239.png,orig10614.png
073_fibrosis_104.png,orig10615.png
138_fibrosis_198.png,orig10616.png
197_fibrosis_227.png,orig10617.png
192_fibrosis_088.png,orig10618.png
073_fibrosis_073.png,orig10619.png
076_fibrosis_177.png,orig10620.png
077_fibrosis_254.png,orig10621.png
193_fibrosis_022.png,orig10622.png
079_fibrosis_251.png,orig10623.png
193_fibrosis_178.png,orig10624.png
200_fibrosis_079.png,orig10625.png
082_fibrosis_254.png,orig10626.png
147_fibrosis_054.png,orig10627.png
129_fibrosis_033.png,orig10628.png
072_fibrosis_172.png,orig10629.png
140_fibrosis_039.png,orig10630.png
129_fibrosis_047.png,orig10631.png
067_fibrosis_207.png,orig10632.png
066_fibrosis_054.png,orig10633.png
069_fibrosis_290.png,orig10634.png
198_fibrosis_114.png,orig10635.png
149_fibrosis_181.png,orig10636.png
128_fibrosis_133.png,orig10637.png
081_fibrosis_158.png,orig10638.png
196_fibrosis_190.png,orig10639.png
076_fibrosis_201.png,orig10640.png
072_fibrosis_175.png,orig10641.png
135_fibrosis_171.png,orig10642.png
143_fibrosis_164.png,orig10643.png
074_fibrosis_266.png,orig10644.png
141_fibrosis_137.png,orig10645.png
033_fibrosis_211.png,orig10646.png
067_fibrosis_161.png,orig10647.png
073_fibrosis_045.png,orig10648.png
077_fibrosis_289.png,orig10649.png
136_fibrosis_035.png,orig10650.png
131_fibrosis_222.png,orig10651.png
193_fibrosis_184.png,orig10652.png
135_fibrosis_104.png,orig10653.png
074_fibrosis_028.png,orig10654.png
198_fibrosis_208.png,orig10655.png
081_fibrosis_095.png,orig10656.png
067_fibrosis_115.png,orig10657.png
146_fibrosis_196.png,orig10658.png
194_fibrosis_038.png,orig10659.png
034_fibrosis_122.png,orig10660.png
081_fibrosis_132.png,orig10661.png
073_fibrosis_111.png,orig10662.png
082_fibrosis_280.png,orig10663.png
066_fibrosis_267.png,orig10664.png
075_fibrosis_070.png,orig10665.png
195_fibrosis_214.png,orig10666.png
034_fibrosis_133.png,orig10667.png
064_fibrosis_058.png,orig10668.png
201_fibrosis_226.png,orig10669.png
146_fibrosis_236.png,orig10670.png
073_fibrosis_080.png,orig10671.png
145_fibrosis_087.png,orig10672.png
072_fibrosis_229.png,orig10673.png
200_fibrosis_154.png,orig10674.png
033_fibrosis_281.png,orig10675.png
071_fibrosis_196.png,orig10676.png
073_fibrosis_261.png,orig10677.png
193_fibrosis_115.png,orig10678.png
064_fibrosis_039.png,orig10679.png
068_fibrosis_275.png,orig10680.png
127_fibrosis_057.png,orig10681.png
139_fibrosis_059.png,orig10682.png
147_fibrosis_116.png,orig10683.png
203_fibrosis_155.png,orig10684.png
069_fibrosis_282.png,orig10685.png
128_fibrosis_227.png,orig10686.png
198_fibrosis_126.png,orig10687.png
194_fibrosis_040.png,orig10688.png
077_fibrosis_230.png,orig10689.png
194_fibrosis_094.png,orig10690.png
080_fibrosis_318.png,orig10691.png
065_fibrosis_144.png,orig10692.png
135_fibrosis_261.png,orig10693.png
148_fibrosis_108.png,orig10694.png
076_fibrosis_171.png,orig10695.png
139_fibrosis_047.png,orig10696.png
072_fibrosis_245.png,orig10697.png
073_fibrosis_132.png,orig10698.png
074_fibrosis_276.png,orig10699.png
145_fibrosis_065.png,orig10700.png
192_fibrosis_024.png,orig10701.png
069_fibrosis_310.png,orig10702.png
138_fibrosis_231.png,orig10703.png
138_fibrosis_195.png,orig10704.png
195_fibrosis_197.png,orig10705.png
137_fibrosis_192.png,orig10706.png
078_fibrosis_212.png,orig10707.png
201_fibrosis_060.png,orig10708.png
134_fibrosis_170.png,orig10709.png
137_fibrosis_071.png,orig10710.png
033_fibrosis_172.png,orig10711.png
071_fibrosis_061.png,orig10712.png
075_fibrosis_081.png,orig10713.png
136_fibrosis_132.png,orig10714.png
139_fibrosis_028.png,orig10715.png
139_fibrosis_178.png,orig10716.png
078_fibrosis_132.png,orig10717.png
138_fibrosis_068.png,orig10718.png
131_fibrosis_208.png,orig10719.png
136_fibrosis_047.png,orig10720.png
146_fibrosis_138.png,orig10721.png
076_fibrosis_222.png,orig10722.png
147_fibrosis_281.png,orig10723.png
072_fibrosis_197.png,orig10724.png
073_fibrosis_090.png,orig10725.png
068_fibrosis_153.png,orig10726.png
149_fibrosis_142.png,orig10727.png
033_fibrosis_026.png,orig10728.png
084_fibrosis_199.png,orig10729.png
203_fibrosis_080.png,orig10730.png
068_fibrosis_022.png,orig10731.png
139_fibrosis_131.png,orig10732.png
082_fibrosis_211.png,orig10733.png
140_fibrosis_244.png,orig10734.png
067_fibrosis_204.png,orig10735.png
139_fibrosis_068.png,orig10736.png
074_fibrosis_119.png,orig10737.png
073_fibrosis_313.png,orig10738.png
077_fibrosis_336.png,orig10739.png
034_fibrosis_206.png,orig10740.png
146_fibrosis_121.png,orig10741.png
075_fibrosis_105.png,orig10742.png
193_fibrosis_068.png,orig10743.png
196_fibrosis_053.png,orig10744.png
067_fibrosis_156.png,orig10745.png
082_fibrosis_181.png,orig10746.png
134_fibrosis_068.png,orig10747.png
137_fibrosis_042.png,orig10748.png
134_fibrosis_084.png,orig10749.png
074_fibrosis_283.png,orig10750.png
193_fibrosis_071.png,orig10751.png
078_fibrosis_063.png,orig10752.png
073_fibrosis_130.png,orig10753.png
146_fibrosis_198.png,orig10754.png
138_fibrosis_190.png,orig10755.png
069_fibrosis_239.png,orig10756.png
075_fibrosis_306.png,orig10757.png
084_fibrosis_087.png,orig10758.png
127_fibrosis_338.png,orig10759.png
198_fibrosis_088.png,orig10760.png
129_fibrosis_279.png,orig10761.png
082_fibrosis_203.png,orig10762.png
197_fibrosis_033.png,orig10763.png
066_fibrosis_313.png,orig10764.png
196_fibrosis_247.png,orig10765.png
193_fibrosis_099.png,orig10766.png
033_fibrosis_103.png,orig10767.png
193_fibrosis_160.png,orig10768.png
194_fibrosis_170.png,orig10769.png
140_fibrosis_220.png,orig10770.png
034_fibrosis_286.png,orig10771.png
148_fibrosis_051.png,orig10772.png
072_fibrosis_140.png,orig10773.png
079_fibrosis_098.png,orig10774.png
137_fibrosis_194.png,orig10775.png
139_fibrosis_284.png,orig10776.png
135_fibrosis_230.png,orig10777.png
138_fibrosis_124.png,orig10778.png
074_fibrosis_271.png,orig10779.png
195_fibrosis_275.png,orig10780.png
071_fibrosis_081.png,orig10781.png
200_fibrosis_138.png,orig10782.png
149_fibrosis_067.png,orig10783.png
077_fibrosis_041.png,orig10784.png
147_fibrosis_269.png,orig10785.png
137_fibrosis_061.png,orig10786.png
080_fibrosis_312.png,orig10787.png
196_fibrosis_171.png,orig10788.png
081_fibrosis_335.png,orig10789.png
135_fibrosis_116.png,orig10790.png
084_fibrosis_257.png,orig10791.png
143_fibrosis_178.png,orig10792.png
195_fibrosis_100.png,orig10793.png
129_fibrosis_091.png,orig10794.png
137_fibrosis_044.png,orig10795.png
080_fibrosis_292.png,orig10796.png
200_fibrosis_108.png,orig10797.png
084_fibrosis_224.png,orig10798.png
199_fibrosis_076.png,orig10799.png
197_fibrosis_208.png,orig10800.png
148_fibrosis_179.png,orig10801.png
071_fibrosis_148.png,orig10802.png
195_fibrosis_217.png,orig10803.png
127_fibrosis_181.png,orig10804.png
034_fibrosis_288.png,orig10805.png
149_fibrosis_052.png,orig10806.png
139_fibrosis_275.png,orig10807.png
068_fibrosis_222.png,orig10808.png
084_fibrosis_260.png,orig10809.png
066_fibrosis_163.png,orig10810.png
074_fibrosis_104.png,orig10811.png
128_fibrosis_144.png,orig10812.png
145_fibrosis_149.png,orig10813.png
149_fibrosis_050.png,orig10814.png
066_fibrosis_025.png,orig10815.png
077_fibrosis_250.png,orig10816.png
134_fibrosis_159.png,orig10817.png
195_fibrosis_055.png,orig10818.png
129_fibrosis_291.png,orig10819.png
078_fibrosis_303.png,orig10820.png
195_fibrosis_260.png,orig10821.png
081_fibrosis_205.png,orig10822.png
128_fibrosis_130.png,orig10823.png
084_fibrosis_272.png,orig10824.png
134_fibrosis_162.png,orig10825.png
198_fibrosis_083.png,orig10826.png
140_fibrosis_212.png,orig10827.png
033_fibrosis_158.png,orig10828.png
192_fibrosis_220.png,orig10829.png
075_fibrosis_086.png,orig10830.png
131_fibrosis_260.png,orig10831.png
128_fibrosis_262.png,orig10832.png
069_fibrosis_121.png,orig10833.png
135_fibrosis_140.png,orig10834.png
138_fibrosis_093.png,orig10835.png
131_fibrosis_085.png,orig10836.png
075_fibrosis_150.png,orig10837.png
196_fibrosis_306.png,orig10838.png
079_fibrosis_244.png,orig10839.png
195_fibrosis_209.png,orig10840.png
069_fibrosis_130.png,orig10841.png
131_fibrosis_070.png,orig10842.png
143_fibrosis_134.png,orig10843.png
148_fibrosis_202.png,orig10844.png
200_fibrosis_128.png,orig10845.png
197_fibrosis_224.png,orig10846.png
077_fibrosis_045.png,orig10847.png
076_fibrosis_196.png,orig10848.png
077_fibrosis_068.png,orig10849.png
066_fibrosis_220.png,orig10850.png
146_fibrosis_029.png,orig10851.png
199_fibrosis_064.png,orig10852.png
192_fibrosis_130.png,orig10853.png
141_fibrosis_130.png,orig10854.png
137_fibrosis_261.png,orig10855.png
069_fibrosis_307.png,orig10856.png
138_fibrosis_081.png,orig10857.png
135_fibrosis_028.png,orig10858.png
197_fibrosis_117.png,orig10859.png
077_fibrosis_156.png,orig10860.png
139_fibrosis_301.png,orig10861.png
138_fibrosis_057.png,orig10862.png
073_fibrosis_154.png,orig10863.png
147_fibrosis_059.png,orig10864.png
067_fibrosis_252.png,orig10865.png
071_fibrosis_195.png,orig10866.png
069_fibrosis_242.png,orig10867.png
084_fibrosis_056.png,orig10868.png
064_fibrosis_155.png,orig10869.png
081_fibrosis_169.png,orig10870.png
064_fibrosis_037.png,orig10871.png
077_fibrosis_356.png,orig10872.png
066_fibrosis_159.png,orig10873.png
080_fibrosis_216.png,orig10874.png
064_fibrosis_075.png,orig10875.png
148_fibrosis_214.png,orig10876.png
139_fibrosis_377.png,orig10877.png
199_fibrosis_044.png,orig10878.png
077_fibrosis_213.png,orig10879.png
064_fibrosis_063.png,orig10880.png
129_fibrosis_040.png,orig10881.png
075_fibrosis_037.png,orig10882.png
136_fibrosis_135.png,orig10883.png
138_fibrosis_143.png,orig10884.png
074_fibrosis_061.png,orig10885.png
079_fibrosis_142.png,orig10886.png
198_fibrosis_135.png,orig10887.png
137_fibrosis_262.png,orig10888.png
148_fibrosis_165.png,orig10889.png
064_fibrosis_082.png,orig10890.png
203_fibrosis_118.png,orig10891.png
129_fibrosis_138.png,orig10892.png
200_fibrosis_113.png,orig10893.png
197_fibrosis_038.png,orig10894.png
064_fibrosis_244.png,orig10895.png
069_fibrosis_158.png,orig10896.png
073_fibrosis_050.png,orig10897.png
201_fibrosis_183.png,orig10898.png
076_fibrosis_052.png,orig10899.png
141_fibrosis_218.png,orig10900.png
143_fibrosis_104.png,orig10901.png
033_fibrosis_022.png,orig10902.png
137_fibrosis_081.png,orig10903.png
081_fibrosis_089.png,orig10904.png
074_fibrosis_249.png,orig10905.png
193_fibrosis_052.png,orig10906.png
197_fibrosis_048.png,orig10907.png
071_fibrosis_109.png,orig10908.png
197_fibrosis_258.png,orig10909.png
077_fibrosis_267.png,orig10910.png
137_fibrosis_027.png,orig10911.png
138_fibrosis_254.png,orig10912.png
131_fibrosis_178.png,orig10913.png
073_fibrosis_292.png,orig10914.png
201_fibrosis_097.png,orig10915.png
069_fibrosis_292.png,orig10916.png
135_fibrosis_057.png,orig10917.png
084_fibrosis_053.png,orig10918.png
071_fibrosis_218.png,orig10919.png
145_fibrosis_022.png,orig10920.png
079_fibrosis_197.png,orig10921.png
131_fibrosis_105.png,orig10922.png
132_fibrosis_075.png,orig10923.png
065_fibrosis_061.png,orig10924.png
068_fibrosis_119.png,orig10925.png
068_fibrosis_278.png,orig10926.png
131_fibrosis_244.png,orig10927.png
078_fibrosis_148.png,orig10928.png
140_fibrosis_035.png,orig10929.png
195_fibrosis_160.png,orig10930.png
195_fibrosis_312.png,orig10931.png
075_fibrosis_118.png,orig10932.png
143_fibrosis_150.png,orig10933.png
149_fibrosis_059.png,orig10934.png
075_fibrosis_145.png,orig10935.png
192_fibrosis_028.png,orig10936.png
134_fibrosis_179.png,orig10937.png
192_fibrosis_100.png,orig10938.png
198_fibrosis_217.png,orig10939.png
077_fibrosis_229.png,orig10940.png
084_fibrosis_255.png,orig10941.png
197_fibrosis_154.png,orig10942.png
129_fibrosis_113.png,orig10943.png
128_fibrosis_226.png,orig10944.png
200_fibrosis_063.png,orig10945.png
065_fibrosis_148.png,orig10946.png
149_fibrosis_205.png,orig10947.png
069_fibrosis_135.png,orig10948.png
127_fibrosis_036.png,orig10949.png
140_fibrosis_166.png,orig10950.png
146_fibrosis_192.png,orig10951.png
127_fibrosis_133.png,orig10952.png
132_fibrosis_033.png,orig10953.png
143_fibrosis_160.png,orig10954.png
135_fibrosis_076.png,orig10955.png
082_fibrosis_084.png,orig10956.png
196_fibrosis_240.png,orig10957.png
072_fibrosis_259.png,orig10958.png
146_fibrosis_084.png,orig10959.png
067_fibrosis_202.png,orig10960.png
072_fibrosis_089.png,orig10961.png
136_fibrosis_117.png,orig10962.png
197_fibrosis_219.png,orig10963.png
074_fibrosis_101.png,orig10964.png
145_fibrosis_196.png,orig10965.png
148_fibrosis_162.png,orig10966.png
064_fibrosis_120.png,orig10967.png
129_fibrosis_067.png,orig10968.png
129_fibrosis_046.png,orig10969.png
192_fibrosis_040.png,orig10970.png
192_fibrosis_042.png,orig10971.png
128_fibrosis_071.png,orig10972.png
080_fibrosis_339.png,orig10973.png
199_fibrosis_030.png,orig10974.png
072_fibrosis_034.png,orig10975.png
078_fibrosis_238.png,orig10976.png
147_fibrosis_138.png,orig10977.png
148_fibrosis_136.png,orig10978.png
149_fibrosis_120.png,orig10979.png
146_fibrosis_107.png,orig10980.png
143_fibrosis_060.png,orig10981.png
067_fibrosis_037.png,orig10982.png
072_fibrosis_277.png,orig10983.png
134_fibrosis_241.png,orig10984.png
075_fibrosis_051.png,orig10985.png
080_fibrosis_313.png,orig10986.png
074_fibrosis_079.png,orig10987.png
139_fibrosis_256.png,orig10988.png
081_fibrosis_265.png,orig10989.png
068_fibrosis_199.png,orig10990.png
129_fibrosis_203.png,orig10991.png
131_fibrosis_200.png,orig10992.png
148_fibrosis_060.png,orig10993.png
197_fibrosis_161.png,orig10994.png
080_fibrosis_401.png,orig10995.png
131_fibrosis_278.png,orig10996.png
146_fibrosis_103.png,orig10997.png
075_fibrosis_171.png,orig10998.png
128_fibrosis_233.png,orig10999.png
140_fibrosis_141.png,orig11000.png
135_fibrosis_188.png,orig11001.png
138_fibrosis_224.png,orig11002.png
128_fibrosis_041.png,orig11003.png
135_fibrosis_254.png,orig11004.png
065_fibrosis_094.png,orig11005.png
194_fibrosis_122.png,orig11006.png
197_fibrosis_247.png,orig11007.png
081_fibrosis_324.png,orig11008.png
074_fibrosis_200.png,orig11009.png
078_fibrosis_230.png,orig11010.png
128_fibrosis_079.png,orig11011.png
033_fibrosis_260.png,orig11012.png
084_fibrosis_031.png,orig11013.png
076_fibrosis_162.png,orig11014.png
127_fibrosis_220.png,orig11015.png
138_fibrosis_021.png,orig11016.png
203_fibrosis_059.png,orig11017.png
077_fibrosis_338.png,orig11018.png
033_fibrosis_212.png,orig11019.png
132_fibrosis_057.png,orig11020.png
065_fibrosis_125.png,orig11021.png
127_fibrosis_079.png,orig11022.png
131_fibrosis_245.png,orig11023.png
077_fibrosis_318.png,orig11024.png
195_fibrosis_273.png,orig11025.png
077_fibrosis_271.png,orig11026.png
065_fibrosis_100.png,orig11027.png
140_fibrosis_243.png,orig11028.png
197_fibrosis_062.png,orig11029.png
071_fibrosis_140.png,orig11030.png
068_fibrosis_059.png,orig11031.png
131_fibrosis_317.png,orig11032.png
193_fibrosis_174.png,orig11033.png
068_fibrosis_256.png,orig11034.png
137_fibrosis_241.png,orig11035.png
064_fibrosis_172.png,orig11036.png
131_fibrosis_096.png,orig11037.png
131_fibrosis_151.png,orig11038.png
081_fibrosis_331.png,orig11039.png
193_fibrosis_065.png,orig11040.png
195_fibrosis_126.png,orig11041.png
137_fibrosis_182.png,orig11042.png
137_fibrosis_162.png,orig11043.png
077_fibrosis_114.png,orig11044.png
196_fibrosis_289.png,orig11045.png
074_fibrosis_098.png,orig11046.png
193_fibrosis_137.png,orig11047.png
198_fibrosis_222.png,orig11048.png
073_fibrosis_178.png,orig11049.png
195_fibrosis_331.png,orig11050.png
131_fibrosis_041.png,orig11051.png
196_fibrosis_154.png,orig11052.png
149_fibrosis_161.png,orig11053.png
137_fibrosis_288.png,orig11054.png
197_fibrosis_213.png,orig11055.png
198_fibrosis_183.png,orig11056.png
199_fibrosis_100.png,orig11057.png
067_fibrosis_123.png,orig11058.png
084_fibrosis_159.png,orig11059.png
131_fibrosis_034.png,orig11060.png
131_fibrosis_075.png,orig11061.png
069_fibrosis_306.png,orig11062.png
068_fibrosis_166.png,orig11063.png
064_fibrosis_194.png,orig11064.png
128_fibrosis_231.png,orig11065.png
198_fibrosis_187.png,orig11066.png
143_fibrosis_152.png,orig11067.png
068_fibrosis_037.png,orig11068.png
203_fibrosis_060.png,orig11069.png
069_fibrosis_238.png,orig11070.png
084_fibrosis_104.png,orig11071.png
074_fibrosis_282.png,orig11072.png
072_fibrosis_171.png,orig11073.png
132_fibrosis_234.png,orig11074.png
127_fibrosis_155.png,orig11075.png
134_fibrosis_273.png,orig11076.png
139_fibrosis_224.png,orig11077.png
078_fibrosis_248.png,orig11078.png
132_fibrosis_279.png,orig11079.png
081_fibrosis_328.png,orig11080.png
143_fibrosis_187.png,orig11081.png
077_fibrosis_074.png,orig11082.png
073_fibrosis_204.png,orig11083.png
077_fibrosis_184.png,orig11084.png
064_fibrosis_074.png,orig11085.png
066_fibrosis_080.png,orig11086.png
201_fibrosis_090.png,orig11087.png
076_fibrosis_212.png,orig11088.png
075_fibrosis_090.png,orig11089.png
081_fibrosis_340.png,orig11090.png
069_fibrosis_190.png,orig11091.png
145_fibrosis_070.png,orig11092.png
149_fibrosis_171.png,orig11093.png
140_fibrosis_031.png,orig11094.png
079_fibrosis_185.png,orig11095.png
066_fibrosis_312.png,orig11096.png
147_fibrosis_205.png,orig11097.png
203_fibrosis_033.png,orig11098.png
071_fibrosis_038.png,orig11099.png
033_fibrosis_073.png,orig11100.png
129_fibrosis_169.png,orig11101.png
194_fibrosis_193.png,orig11102.png
134_fibrosis_258.png,orig11103.png
067_fibrosis_160.png,orig11104.png
194_fibrosis_181.png,orig11105.png
201_fibrosis_072.png,orig11106.png
074_fibrosis_243.png,orig11107.png
197_fibrosis_118.png,orig11108.png
139_fibrosis_020.png,orig11109.png
192_fibrosis_074.png,orig11110.png
147_fibrosis_260.png,orig11111.png
201_fibrosis_167.png,orig11112.png
064_fibrosis_102.png,orig11113.png
147_fibrosis_211.png,orig11114.png
065_fibrosis_030.png,orig11115.png
072_fibrosis_149.png,orig11116.png
135_fibrosis_167.png,orig11117.png
075_fibrosis_049.png,orig11118.png
197_fibrosis_066.png,orig11119.png
073_fibrosis_091.png,orig11120.png
198_fibrosis_229.png,orig11121.png
193_fibrosis_170.png,orig11122.png
084_fibrosis_057.png,orig11123.png
069_fibrosis_249.png,orig11124.png
077_fibrosis_199.png,orig11125.png
033_fibrosis_094.png,orig11126.png
081_fibrosis_254.png,orig11127.png
076_fibrosis_248.png,orig11128.png
192_fibrosis_094.png,orig11129.png
146_fibrosis_200.png,orig11130.png
067_fibrosis_234.png,orig11131.png
132_fibrosis_100.png,orig11132.png
078_fibrosis_206.png,orig11133.png
073_fibrosis_202.png,orig11134.png
139_fibrosis_313.png,orig11135.png
193_fibrosis_057.png,orig11136.png
195_fibrosis_136.png,orig11137.png
147_fibrosis_106.png,orig11138.png
074_fibrosis_053.png,orig11139.png
078_fibrosis_137.png,orig11140.png
192_fibrosis_059.png,orig11141.png
194_fibrosis_065.png,orig11142.png
201_fibrosis_050.png,orig11143.png
147_fibrosis_068.png,orig11144.png
076_fibrosis_086.png,orig11145.png
077_fibrosis_354.png,orig11146.png
075_fibrosis_188.png,orig11147.png
203_fibrosis_072.png,orig11148.png
071_fibrosis_088.png,orig11149.png
137_fibrosis_143.png,orig11150.png
074_fibrosis_224.png,orig11151.png
066_fibrosis_063.png,orig11152.png
134_fibrosis_260.png,orig11153.png
134_fibrosis_148.png,orig11154.png
138_fibrosis_165.png,orig11155.png
140_fibrosis_073.png,orig11156.png
149_fibrosis_127.png,orig11157.png
139_fibrosis_182.png,orig11158.png
192_fibrosis_180.png,orig11159.png
132_fibrosis_079.png,orig11160.png
140_fibrosis_070.png,orig11161.png
195_fibrosis_286.png,orig11162.png
192_fibrosis_071.png,orig11163.png
145_fibrosis_145.png,orig11164.png
076_fibrosis_206.png,orig11165.png
149_fibrosis_022.png,orig11166.png
195_fibrosis_030.png,orig11167.png
082_fibrosis_310.png,orig11168.png
196_fibrosis_145.png,orig11169.png
078_fibrosis_123.png,orig11170.png
195_fibrosis_271.png,orig11171.png
196_fibrosis_263.png,orig11172.png
128_fibrosis_058.png,orig11173.png
080_fibrosis_227.png,orig11174.png
072_fibrosis_213.png,orig11175.png
079_fibrosis_187.png,orig11176.png
069_fibrosis_252.png,orig11177.png
192_fibrosis_158.png,orig11178.png
134_fibrosis_209.png,orig11179.png
073_fibrosis_325.png,orig11180.png
132_fibrosis_165.png,orig11181.png
192_fibrosis_075.png,orig11182.png
076_fibrosis_156.png,orig11183.png
071_fibrosis_092.png,orig11184.png
199_fibrosis_028.png,orig11185.png
129_fibrosis_188.png,orig11186.png
198_fibrosis_039.png,orig11187.png
149_fibrosis_101.png,orig11188.png
193_fibrosis_048.png,orig11189.png
193_fibrosis_113.png,orig11190.png
135_fibrosis_030.png,orig11191.png
128_fibrosis_277.png,orig11192.png
068_fibrosis_036.png,orig11193.png
141_fibrosis_095.png,orig11194.png
074_fibrosis_073.png,orig11195.png
198_fibrosis_069.png,orig11196.png
067_fibrosis_189.png,orig11197.png
068_fibrosis_161.png,orig11198.png
081_fibrosis_368.png,orig11199.png
134_fibrosis_150.png,orig11200.png
139_fibrosis_169.png,orig11201.png
134_fibrosis_218.png,orig11202.png
077_fibrosis_226.png,orig11203.png
138_fibrosis_234.png,orig11204.png
081_fibrosis_370.png,orig11205.png
197_fibrosis_089.png,orig11206.png
137_fibrosis_166.png,orig11207.png
129_fibrosis_148.png,orig11208.png
082_fibrosis_282.png,orig11209.png
140_fibrosis_149.png,orig11210.png
200_fibrosis_145.png,orig11211.png
129_fibrosis_048.png,orig11212.png
069_fibrosis_183.png,orig11213.png
075_fibrosis_023.png,orig11214.png
199_fibrosis_120.png,orig11215.png
129_fibrosis_275.png,orig11216.png
135_fibrosis_113.png,orig11217.png
072_fibrosis_035.png,orig11218.png
140_fibrosis_084.png,orig11219.png
137_fibrosis_159.png,orig11220.png
069_fibrosis_200.png,orig11221.png
132_fibrosis_198.png,orig11222.png
033_fibrosis_329.png,orig11223.png
194_fibrosis_142.png,orig11224.png
079_fibrosis_257.png,orig11225.png
135_fibrosis_233.png,orig11226.png
079_fibrosis_227.png,orig11227.png
140_fibrosis_205.png,orig11228.png
201_fibrosis_118.png,orig11229.png
076_fibrosis_176.png,orig11230.png
197_fibrosis_063.png,orig11231.png
073_fibrosis_217.png,orig11232.png
140_fibrosis_283.png,orig11233.png
128_fibrosis_093.png,orig11234.png
071_fibrosis_234.png,orig11235.png
064_fibrosis_106.png,orig11236.png
069_fibrosis_313.png,orig11237.png
135_fibrosis_205.png,orig11238.png
034_fibrosis_093.png,orig11239.png
072_fibrosis_271.png,orig11240.png
077_fibrosis_300.png,orig11241.png
196_fibrosis_288.png,orig11242.png
069_fibrosis_215.png,orig11243.png
074_fibrosis_111.png,orig11244.png
140_fibrosis_208.png,orig11245.png
198_fibrosis_186.png,orig11246.png
066_fibrosis_224.png,orig11247.png
140_fibrosis_225.png,orig11248.png
199_fibrosis_069.png,orig11249.png
146_fibrosis_227.png,orig11250.png
066_fibrosis_117.png,orig11251.png
132_fibrosis_233.png,orig11252.png
064_fibrosis_126.png,orig11253.png
200_fibrosis_084.png,orig11254.png
075_fibrosis_227.png,orig11255.png
149_fibrosis_112.png,orig11256.png
131_fibrosis_277.png,orig11257.png
137_fibrosis_132.png,orig11258.png
195_fibrosis_144.png,orig11259.png
135_fibrosis_182.png,orig11260.png
080_fibrosis_397.png,orig11261.png
082_fibrosis_226.png,orig11262.png
134_fibrosis_253.png,orig11263.png
129_fibrosis_217.png,orig11264.png
140_fibrosis_042.png,orig11265.png
196_fibrosis_170.png,orig11266.png
074_fibrosis_264.png,orig11267.png
084_fibrosis_237.png,orig11268.png
147_fibrosis_286.png,orig11269.png
149_fibrosis_078.png,orig11270.png
131_fibrosis_309.png,orig11271.png
139_fibrosis_176.png,orig11272.png
068_fibrosis_071.png,orig11273.png
201_fibrosis_179.png,orig11274.png
127_fibrosis_232.png,orig11275.png
066_fibrosis_180.png,orig11276.png
201_fibrosis_196.png,orig11277.png
141_fibrosis_266.png,orig11278.png
136_fibrosis_243.png,orig11279.png
141_fibrosis_102.png,orig11280.png
134_fibrosis_132.png,orig11281.png
080_fibrosis_209.png,orig11282.png
131_fibrosis_251.png,orig11283.png
081_fibrosis_257.png,orig11284.png
128_fibrosis_060.png,orig11285.png
196_fibrosis_069.png,orig11286.png
195_fibrosis_287.png,orig11287.png
196_fibrosis_258.png,orig11288.png
069_fibrosis_077.png,orig11289.png
137_fibrosis_020.png,orig11290.png
077_fibrosis_343.png,orig11291.png
127_fibrosis_272.png,orig11292.png
077_fibrosis_033.png,orig11293.png
084_fibrosis_088.png,orig11294.png
140_fibrosis_133.png,orig11295.png
067_fibrosis_184.png,orig11296.png
140_fibrosis_223.png,orig11297.png
131_fibrosis_323.png,orig11298.png
137_fibrosis_073.png,orig11299.png
082_fibrosis_252.png,orig11300.png
068_fibrosis_024.png,orig11301.png
064_fibrosis_111.png,orig11302.png
134_fibrosis_140.png,orig11303.png
137_fibrosis_228.png,orig11304.png
137_fibrosis_026.png,orig11305.png
192_fibrosis_069.png,orig11306.png
078_fibrosis_161.png,orig11307.png
145_fibrosis_139.png,orig11308.png
064_fibrosis_048.png,orig11309.png
200_fibrosis_035.png,orig11310.png
127_fibrosis_157.png,orig11311.png
139_fibrosis_021.png,orig11312.png
064_fibrosis_308.png,orig11313.png
201_fibrosis_086.png,orig11314.png
127_fibrosis_320.png,orig11315.png
077_fibrosis_054.png,orig11316.png
033_fibrosis_221.png,orig11317.png
147_fibrosis_065.png,orig11318.png
148_fibrosis_133.png,orig11319.png
065_fibrosis_028.png,orig11320.png
193_fibrosis_172.png,orig11321.png
076_fibrosis_042.png,orig11322.png
198_fibrosis_145.png,orig11323.png
084_fibrosis_054.png,orig11324.png
079_fibrosis_090.png,orig11325.png
136_fibrosis_063.png,orig11326.png
068_fibrosis_269.png,orig11327.png
200_fibrosis_062.png,orig11328.png
136_fibrosis_119.png,orig11329.png
067_fibrosis_172.png,orig11330.png
066_fibrosis_108.png,orig11331.png
129_fibrosis_030.png,orig11332.png
145_fibrosis_153.png,orig11333.png
196_fibrosis_036.png,orig11334.png
146_fibrosis_119.png,orig11335.png
131_fibrosis_028.png,orig11336.png
080_fibrosis_402.png,orig11337.png
065_fibrosis_075.png,orig11338.png
143_fibrosis_165.png,orig11339.png
199_fibrosis_043.png,orig11340.png
135_fibrosis_064.png,orig11341.png
078_fibrosis_133.png,orig11342.png
195_fibrosis_120.png,orig11343.png
132_fibrosis_246.png,orig11344.png
134_fibrosis_214.png,orig11345.png
139_fibrosis_074.png,orig11346.png
068_fibrosis_029.png,orig11347.png
149_fibrosis_217.png,orig11348.png
073_fibrosis_227.png,orig11349.png
145_fibrosis_025.png,orig11350.png
193_fibrosis_086.png,orig11351.png
194_fibrosis_211.png,orig11352.png
084_fibrosis_289.png,orig11353.png
194_fibrosis_114.png,orig11354.png
196_fibrosis_311.png,orig11355.png
139_fibrosis_128.png,orig11356.png
148_fibrosis_175.png,orig11357.png
076_fibrosis_260.png,orig11358.png
072_fibrosis_050.png,orig11359.png
073_fibrosis_155.png,orig11360.png
082_fibrosis_175.png,orig11361.png
192_fibrosis_025.png,orig11362.png
196_fibrosis_261.png,orig11363.png
201_fibrosis_085.png,orig11364.png
079_fibrosis_069.png,orig11365.png
192_fibrosis_107.png,orig11366.png
138_fibrosis_264.png,orig11367.png
034_fibrosis_254.png,orig11368.png
071_fibrosis_031.png,orig11369.png
147_fibrosis_071.png,orig11370.png
071_fibrosis_268.png,orig11371.png
201_fibrosis_111.png,orig11372.png
074_fibrosis_253.png,orig11373.png
135_fibrosis_277.png,orig11374.png
143_fibrosis_059.png,orig11375.png
072_fibrosis_046.png,orig11376.png
128_fibrosis_146.png,orig11377.png
196_fibrosis_078.png,orig11378.png
201_fibrosis_043.png,orig11379.png
139_fibrosis_277.png,orig11380.png
138_fibrosis_069.png,orig11381.png
068_fibrosis_151.png,orig11382.png
033_fibrosis_320.png,orig11383.png
127_fibrosis_193.png,orig11384.png
147_fibrosis_118.png,orig11385.png
194_fibrosis_050.png,orig11386.png
069_fibrosis_095.png,orig11387.png
066_fibrosis_198.png,orig11388.png
146_fibrosis_176.png,orig11389.png
084_fibrosis_051.png,orig11390.png
128_fibrosis_179.png,orig11391.png
203_fibrosis_140.png,orig11392.png
139_fibrosis_163.png,orig11393.png
136_fibrosis_055.png,orig11394.png
136_fibrosis_021.png,orig11395.png
196_fibrosis_227.png,orig11396.png
149_fibrosis_115.png,orig11397.png
138_fibrosis_173.png,orig11398.png
141_fibrosis_205.png,orig11399.png
136_fibrosis_052.png,orig11400.png
136_fibrosis_210.png,orig11401.png
198_fibrosis_138.png,orig11402.png
139_fibrosis_245.png,orig11403.png
129_fibrosis_081.png,orig11404.png
073_fibrosis_247.png,orig11405.png
137_fibrosis_285.png,orig11406.png
147_fibrosis_193.png,orig11407.png
128_fibrosis_276.png,orig11408.png
033_fibrosis_231.png,orig11409.png
131_fibrosis_020.png,orig11410.png
082_fibrosis_216.png,orig11411.png
195_fibrosis_066.png,orig11412.png
084_fibrosis_229.png,orig11413.png
134_fibrosis_229.png,orig11414.png
136_fibrosis_155.png,orig11415.png
077_fibrosis_026.png,orig11416.png
132_fibrosis_106.png,orig11417.png
203_fibrosis_160.png,orig11418.png
196_fibrosis_128.png,orig11419.png
066_fibrosis_343.png,orig11420.png
128_fibrosis_212.png,orig11421.png
081_fibrosis_250.png,orig11422.png
195_fibrosis_130.png,orig11423.png
138_fibrosis_064.png,orig11424.png
072_fibrosis_045.png,orig11425.png
067_fibrosis_108.png,orig11426.png
077_fibrosis_297.png,orig11427.png
137_fibrosis_252.png,orig11428.png
129_fibrosis_277.png,orig11429.png
194_fibrosis_164.png,orig11430.png
067_fibrosis_206.png,orig11431.png
066_fibrosis_258.png,orig11432.png
134_fibrosis_250.png,orig11433.png
081_fibrosis_149.png,orig11434.png
137_fibrosis_217.png,orig11435.png
147_fibrosis_090.png,orig11436.png
073_fibrosis_208.png,orig11437.png
145_fibrosis_163.png,orig11438.png
082_fibrosis_308.png,orig11439.png
067_fibrosis_247.png,orig11440.png
081_fibrosis_358.png,orig11441.png
064_fibrosis_223.png,orig11442.png
080_fibrosis_400.png,orig11443.png
067_fibrosis_190.png,orig11444.png
078_fibrosis_170.png,orig11445.png
084_fibrosis_102.png,orig11446.png
195_fibrosis_300.png,orig11447.png
082_fibrosis_215.png,orig11448.png
194_fibrosis_107.png,orig11449.png
137_fibrosis_050.png,orig11450.png
081_fibrosis_119.png,orig11451.png
077_fibrosis_349.png,orig11452.png
068_fibrosis_164.png,orig11453.png
080_fibrosis_381.png,orig11454.png
073_fibrosis_255.png,orig11455.png
071_fibrosis_046.png,orig11456.png
071_fibrosis_067.png,orig11457.png
201_fibrosis_096.png,orig11458.png
149_fibrosis_222.png,orig11459.png
084_fibrosis_163.png,orig11460.png
149_fibrosis_202.png,orig11461.png
145_fibrosis_045.png,orig11462.png
079_fibrosis_070.png,orig11463.png
136_fibrosis_114.png,orig11464.png
195_fibrosis_236.png,orig11465.png
138_fibrosis_208.png,orig11466.png
084_fibrosis_047.png,orig11467.png
033_fibrosis_193.png,orig11468.png
127_fibrosis_085.png,orig11469.png
079_fibrosis_116.png,orig11470.png
064_fibrosis_121.png,orig11471.png
196_fibrosis_028.png,orig11472.png
071_fibrosis_267.png,orig11473.png
147_fibrosis_197.png,orig11474.png
074_fibrosis_180.png,orig11475.png
132_fibrosis_099.png,orig11476.png
128_fibrosis_191.png,orig11477.png
132_fibrosis_052.png,orig11478.png
066_fibrosis_065.png,orig11479.png
196_fibrosis_260.png,orig11480.png
064_fibrosis_061.png,orig11481.png
131_fibrosis_253.png,orig11482.png
196_fibrosis_220.png,orig11483.png
132_fibrosis_252.png,orig11484.png
197_fibrosis_034.png,orig11485.png
073_fibrosis_222.png,orig11486.png
066_fibrosis_278.png,orig11487.png
197_fibrosis_250.png,orig11488.png
077_fibrosis_173.png,orig11489.png
199_fibrosis_102.png,orig11490.png
132_fibrosis_259.png,orig11491.png
141_fibrosis_263.png,orig11492.png
149_fibrosis_033.png,orig11493.png
147_fibrosis_266.png,orig11494.png
084_fibrosis_130.png,orig11495.png
199_fibrosis_041.png,orig11496.png
140_fibrosis_082.png,orig11497.png
073_fibrosis_046.png,orig11498.png
081_fibrosis_302.png,orig11499.png
081_fibrosis_144.png,orig11500.png
203_fibrosis_157.png,orig11501.png
066_fibrosis_150.png,orig11502.png
074_fibrosis_086.png,orig11503.png
066_fibrosis_149.png,orig11504.png
200_fibrosis_099.png,orig11505.png
069_fibrosis_233.png,orig11506.png
192_fibrosis_050.png,orig11507.png
081_fibrosis_100.png,orig11508.png
131_fibrosis_207.png,orig11509.png
034_fibrosis_150.png,orig11510.png
197_fibrosis_217.png,orig11511.png
074_fibrosis_039.png,orig11512.png
195_fibrosis_246.png,orig11513.png
072_fibrosis_168.png,orig11514.png
143_fibrosis_169.png,orig11515.png
064_fibrosis_247.png,orig11516.png
193_fibrosis_101.png,orig11517.png
072_fibrosis_076.png,orig11518.png
201_fibrosis_187.png,orig11519.png
192_fibrosis_044.png,orig11520.png
198_fibrosis_228.png,orig11521.png
139_fibrosis_084.png,orig11522.png
195_fibrosis_184.png,orig11523.png
135_fibrosis_063.png,orig11524.png
079_fibrosis_099.png,orig11525.png
034_fibrosis_328.png,orig11526.png
195_fibrosis_303.png,orig11527.png
199_fibrosis_022.png,orig11528.png
192_fibrosis_122.png,orig11529.png
064_fibrosis_175.png,orig11530.png
195_fibrosis_254.png,orig11531.png
192_fibrosis_134.png,orig11532.png
127_fibrosis_209.png,orig11533.png
074_fibrosis_047.png,orig11534.png
140_fibrosis_111.png,orig11535.png
064_fibrosis_137.png,orig11536.png
073_fibrosis_168.png,orig11537.png
080_fibrosis_416.png,orig11538.png
082_fibrosis_236.png,orig11539.png
149_fibrosis_232.png,orig11540.png
064_fibrosis_185.png,orig11541.png
065_fibrosis_055.png,orig11542.png
199_fibrosis_077.png,orig11543.png
131_fibrosis_094.png,orig11544.png
072_fibrosis_121.png,orig11545.png
138_fibrosis_148.png,orig11546.png
080_fibrosis_412.png,orig11547.png
195_fibrosis_199.png,orig11548.png
196_fibrosis_067.png,orig11549.png
067_fibrosis_221.png,orig11550.png
138_fibrosis_250.png,orig11551.png
076_fibrosis_174.png,orig11552.png
081_fibrosis_359.png,orig11553.png
068_fibrosis_292.png,orig11554.png
079_fibrosis_225.png,orig11555.png
073_fibrosis_183.png,orig11556.png
067_fibrosis_174.png,orig11557.png
203_fibrosis_139.png,orig11558.png
147_fibrosis_164.png,orig11559.png
198_fibrosis_108.png,orig11560.png
136_fibrosis_068.png,orig11561.png
082_fibrosis_171.png,orig11562.png
127_fibrosis_254.png,orig11563.png
146_fibrosis_092.png,orig11564.png
077_fibrosis_098.png,orig11565.png
082_fibrosis_228.png,orig11566.png
146_fibrosis_191.png,orig11567.png
129_fibrosis_167.png,orig11568.png
143_fibrosis_176.png,orig11569.png
146_fibrosis_160.png,orig11570.png
077_fibrosis_057.png,orig11571.png
137_fibrosis_263.png,orig11572.png
127_fibrosis_325.png,orig11573.png
072_fibrosis_072.png,orig11574.png
138_fibrosis_221.png,orig11575.png
081_fibrosis_269.png,orig11576.png
033_fibrosis_151.png,orig11577.png
071_fibrosis_032.png,orig11578.png
127_fibrosis_213.png,orig11579.png
078_fibrosis_141.png,orig11580.png
076_fibrosis_223.png,orig11581.png
201_fibrosis_032.png,orig11582.png
196_fibrosis_042.png,orig11583.png
127_fibrosis_342.png,orig11584.png
129_fibrosis_207.png,orig11585.png
135_fibrosis_110.png,orig11586.png
074_fibrosis_205.png,orig11587.png
193_fibrosis_035.png,orig11588.png
146_fibrosis_167.png,orig11589.png
129_fibrosis_149.png,orig11590.png
082_fibrosis_081.png,orig11591.png
194_fibrosis_264.png,orig11592.png
197_fibrosis_240.png,orig11593.png
196_fibrosis_249.png,orig11594.png
198_fibrosis_133.png,orig11595.png
146_fibrosis_098.png,orig11596.png
072_fibrosis_178.png,orig11597.png
082_fibrosis_253.png,orig11598.png
072_fibrosis_249.png,orig11599.png
132_fibrosis_054.png,orig11600.png
135_fibrosis_042.png,orig11601.png
075_fibrosis_052.png,orig11602.png
145_fibrosis_024.png,orig11603.png
201_fibrosis_133.png,orig11604.png
198_fibrosis_172.png,orig11605.png
196_fibrosis_155.png,orig11606.png
148_fibrosis_140.png,orig11607.png
198_fibrosis_084.png,orig11608.png
132_fibrosis_133.png,orig11609.png
068_fibrosis_255.png,orig11610.png
194_fibrosis_210.png,orig11611.png
135_fibrosis_224.png,orig11612.png
139_fibrosis_262.png,orig11613.png
195_fibrosis_142.png,orig11614.png
076_fibrosis_091.png,orig11615.png
146_fibrosis_079.png,orig11616.png
084_fibrosis_214.png,orig11617.png
137_fibrosis_238.png,orig11618.png
139_fibrosis_197.png,orig11619.png
067_fibrosis_186.png,orig11620.png
131_fibrosis_313.png,orig11621.png
077_fibrosis_315.png,orig11622.png
195_fibrosis_093.png,orig11623.png
141_fibrosis_242.png,orig11624.png
129_fibrosis_069.png,orig11625.png
198_fibrosis_096.png,orig11626.png
139_fibrosis_235.png,orig11627.png
192_fibrosis_250.png,orig11628.png
148_fibrosis_021.png,orig11629.png
201_fibrosis_114.png,orig11630.png
196_fibrosis_087.png,orig11631.png
194_fibrosis_182.png,orig11632.png
034_fibrosis_281.png,orig11633.png
033_fibrosis_282.png,orig11634.png
148_fibrosis_093.png,orig11635.png
066_fibrosis_084.png,orig11636.png
139_fibrosis_172.png,orig11637.png
131_fibrosis_271.png,orig11638.png
078_fibrosis_125.png,orig11639.png
145_fibrosis_069.png,orig11640.png
193_fibrosis_041.png,orig11641.png
066_fibrosis_328.png,orig11642.png
079_fibrosis_289.png,orig11643.png
148_fibrosis_143.png,orig11644.png
128_fibrosis_129.png,orig11645.png
082_fibrosis_292.png,orig11646.png
193_fibrosis_159.png,orig11647.png
073_fibrosis_039.png,orig11648.png
146_fibrosis_186.png,orig11649.png
145_fibrosis_136.png,orig11650.png
195_fibrosis_283.png,orig11651.png
198_fibrosis_064.png,orig11652.png
128_fibrosis_156.png,orig11653.png
073_fibrosis_305.png,orig11654.png
195_fibrosis_192.png,orig11655.png
075_fibrosis_097.png,orig11656.png
149_fibrosis_209.png,orig11657.png
135_fibrosis_079.png,orig11658.png
194_fibrosis_155.png,orig11659.png
192_fibrosis_152.png,orig11660.png
149_fibrosis_092.png,orig11661.png
084_fibrosis_239.png,orig11662.png
075_fibrosis_246.png,orig11663.png
071_fibrosis_205.png,orig11664.png
145_fibrosis_147.png,orig11665.png
201_fibrosis_146.png,orig11666.png
199_fibrosis_119.png,orig11667.png
192_fibrosis_179.png,orig11668.png
066_fibrosis_341.png,orig11669.png
074_fibrosis_275.png,orig11670.png
135_fibrosis_262.png,orig11671.png
196_fibrosis_101.png,orig11672.png
034_fibrosis_182.png,orig11673.png
069_fibrosis_137.png,orig11674.png
131_fibrosis_160.png,orig11675.png
127_fibrosis_166.png,orig11676.png
084_fibrosis_283.png,orig11677.png
201_fibrosis_145.png,orig11678.png
127_fibrosis_129.png,orig11679.png
137_fibrosis_227.png,orig11680.png
137_fibrosis_201.png,orig11681.png
128_fibrosis_210.png,orig11682.png
140_fibrosis_096.png,orig11683.png
069_fibrosis_259.png,orig11684.png
075_fibrosis_181.png,orig11685.png
065_fibrosis_080.png,orig11686.png
072_fibrosis_114.png,orig11687.png
075_fibrosis_058.png,orig11688.png
137_fibrosis_176.png,orig11689.png
074_fibrosis_078.png,orig11690.png
079_fibrosis_147.png,orig11691.png
145_fibrosis_170.png,orig11692.png
145_fibrosis_051.png,orig11693.png
135_fibrosis_101.png,orig11694.png
138_fibrosis_041.png,orig11695.png
079_fibrosis_199.png,orig11696.png
071_fibrosis_208.png,orig11697.png
196_fibrosis_031.png,orig11698.png
069_fibrosis_196.png,orig11699.png
064_fibrosis_113.png,orig11700.png
071_fibrosis_269.png,orig11701.png
078_fibrosis_211.png,orig11702.png
064_fibrosis_252.png,orig11703.png
064_fibrosis_309.png,orig11704.png
201_fibrosis_219.png,orig11705.png
071_fibrosis_244.png,orig11706.png
129_fibrosis_248.png,orig11707.png
149_fibrosis_073.png,orig11708.png
068_fibrosis_021.png,orig11709.png
066_fibrosis_345.png,orig11710.png
127_fibrosis_039.png,orig11711.png
131_fibrosis_167.png,orig11712.png
203_fibrosis_134.png,orig11713.png
078_fibrosis_305.png,orig11714.png
136_fibrosis_234.png,orig11715.png
145_fibrosis_184.png,orig11716.png
066_fibrosis_166.png,orig11717.png
143_fibrosis_051.png,orig11718.png
197_fibrosis_211.png,orig11719.png
141_fibrosis_122.png,orig11720.png
139_fibrosis_380.png,orig11721.png
140_fibrosis_095.png,orig11722.png
147_fibrosis_074.png,orig11723.png
195_fibrosis_308.png,orig11724.png
138_fibrosis_180.png,orig11725.png
132_fibrosis_022.png,orig11726.png
072_fibrosis_108.png,orig11727.png
140_fibrosis_146.png,orig11728.png
068_fibrosis_074.png,orig11729.png
072_fibrosis_088.png,orig11730.png
076_fibrosis_157.png,orig11731.png
134_fibrosis_110.png,orig11732.png
139_fibrosis_227.png,orig11733.png
149_fibrosis_223.png,orig11734.png
138_fibrosis_145.png,orig11735.png
132_fibrosis_159.png,orig11736.png
135_fibrosis_223.png,orig11737.png
068_fibrosis_135.png,orig11738.png
076_fibrosis_127.png,orig11739.png
071_fibrosis_058.png,orig11740.png
145_fibrosis_043.png,orig11741.png
131_fibrosis_120.png,orig11742.png
077_fibrosis_021.png,orig11743.png
194_fibrosis_097.png,orig11744.png
195_fibrosis_070.png,orig11745.png
034_fibrosis_039.png,orig11746.png
081_fibrosis_334.png,orig11747.png
077_fibrosis_146.png,orig11748.png
139_fibrosis_321.png,orig11749.png
148_fibrosis_166.png,orig11750.png
136_fibrosis_203.png,orig11751.png
147_fibrosis_072.png,orig11752.png
192_fibrosis_119.png,orig11753.png
077_fibrosis_262.png,orig11754.png
067_fibrosis_105.png,orig11755.png
127_fibrosis_137.png,orig11756.png
069_fibrosis_098.png,orig11757.png
081_fibrosis_289.png,orig11758.png
149_fibrosis_178.png,orig11759.png
194_fibrosis_196.png,orig11760.png
200_fibrosis_153.png,orig11761.png
201_fibrosis_214.png,orig11762.png
079_fibrosis_239.png,orig11763.png
073_fibrosis_117.png,orig11764.png
077_fibrosis_305.png,orig11765.png
066_fibrosis_042.png,orig11766.png
198_fibrosis_111.png,orig11767.png
134_fibrosis_160.png,orig11768.png
195_fibrosis_091.png,orig11769.png
074_fibrosis_072.png,orig11770.png
127_fibrosis_295.png,orig11771.png
065_fibrosis_046.png,orig11772.png
139_fibrosis_241.png,orig11773.png
033_fibrosis_168.png,orig11774.png
075_fibrosis_116.png,orig11775.png
034_fibrosis_268.png,orig11776.png
141_fibrosis_237.png,orig11777.png
068_fibrosis_216.png,orig11778.png
084_fibrosis_186.png,orig11779.png
078_fibrosis_204.png,orig11780.png
203_fibrosis_082.png,orig11781.png
148_fibrosis_147.png,orig11782.png
139_fibrosis_193.png,orig11783.png
192_fibrosis_181.png,orig11784.png
196_fibrosis_098.png,orig11785.png
146_fibrosis_042.png,orig11786.png
077_fibrosis_135.png,orig11787.png
192_fibrosis_124.png,orig11788.png
200_fibrosis_022.png,orig11789.png
143_fibrosis_131.png,orig11790.png
134_fibrosis_114.png,orig11791.png
134_fibrosis_267.png,orig11792.png
136_fibrosis_034.png,orig11793.png
135_fibrosis_049.png,orig11794.png
067_fibrosis_048.png,orig11795.png
132_fibrosis_020.png,orig11796.png
084_fibrosis_268.png,orig11797.png
066_fibrosis_045.png,orig11798.png
076_fibrosis_060.png,orig11799.png
145_fibrosis_154.png,orig11800.png
079_fibrosis_088.png,orig11801.png
137_fibrosis_066.png,orig11802.png
201_fibrosis_222.png,orig11803.png
201_fibrosis_138.png,orig11804.png
198_fibrosis_021.png,orig11805.png
072_fibrosis_124.png,orig11806.png
077_fibrosis_270.png,orig11807.png
138_fibrosis_242.png,orig11808.png
065_fibrosis_084.png,orig11809.png
078_fibrosis_102.png,orig11810.png
127_fibrosis_176.png,orig11811.png
068_fibrosis_142.png,orig11812.png
076_fibrosis_185.png,orig11813.png
034_fibrosis_308.png,orig11814.png
147_fibrosis_245.png,orig11815.png
198_fibrosis_121.png,orig11816.png
077_fibrosis_232.png,orig11817.png
072_fibrosis_113.png,orig11818.png
065_fibrosis_079.png,orig11819.png
073_fibrosis_112.png,orig11820.png
196_fibrosis_056.png,orig11821.png
067_fibrosis_106.png,orig11822.png
071_fibrosis_177.png,orig11823.png
080_fibrosis_327.png,orig11824.png
074_fibrosis_259.png,orig11825.png
137_fibrosis_312.png,orig11826.png
132_fibrosis_048.png,orig11827.png
149_fibrosis_245.png,orig11828.png
068_fibrosis_095.png,orig11829.png
067_fibrosis_211.png,orig11830.png
201_fibrosis_051.png,orig11831.png
127_fibrosis_130.png,orig11832.png
134_fibrosis_191.png,orig11833.png
127_fibrosis_324.png,orig11834.png
135_fibrosis_258.png,orig11835.png
196_fibrosis_125.png,orig11836.png
078_fibrosis_058.png,orig11837.png
140_fibrosis_232.png,orig11838.png
033_fibrosis_296.png,orig11839.png
149_fibrosis_131.png,orig11840.png
141_fibrosis_239.png,orig11841.png
194_fibrosis_044.png,orig11842.png
079_fibrosis_108.png,orig11843.png
065_fibrosis_138.png,orig11844.png
134_fibrosis_128.png,orig11845.png
077_fibrosis_245.png,orig11846.png
197_fibrosis_076.png,orig11847.png
077_fibrosis_042.png,orig11848.png
084_fibrosis_176.png,orig11849.png
081_fibrosis_141.png,orig11850.png
145_fibrosis_093.png,orig11851.png
198_fibrosis_106.png,orig11852.png
193_fibrosis_030.png,orig11853.png
079_fibrosis_172.png,orig11854.png
076_fibrosis_057.png,orig11855.png
127_fibrosis_392.png,orig11856.png
143_fibrosis_126.png,orig11857.png
064_fibrosis_090.png,orig11858.png
140_fibrosis_221.png,orig11859.png
201_fibrosis_221.png,orig11860.png
203_fibrosis_075.png,orig11861.png
067_fibrosis_079.png,orig11862.png
072_fibrosis_078.png,orig11863.png
034_fibrosis_120.png,orig11864.png
194_fibrosis_239.png,orig11865.png
071_fibrosis_069.png,orig11866.png
077_fibrosis_204.png,orig11867.png
065_fibrosis_021.png,orig11868.png
200_fibrosis_047.png,orig11869.png
140_fibrosis_040.png,orig11870.png
069_fibrosis_209.png,orig11871.png
201_fibrosis_159.png,orig11872.png
079_fibrosis_170.png,orig11873.png
197_fibrosis_231.png,orig11874.png
138_fibrosis_157.png,orig11875.png
065_fibrosis_132.png,orig11876.png
140_fibrosis_022.png,orig11877.png
147_fibrosis_063.png,orig11878.png
198_fibrosis_212.png,orig11879.png
077_fibrosis_047.png,orig11880.png
137_fibrosis_297.png,orig11881.png
072_fibrosis_238.png,orig11882.png
199_fibrosis_079.png,orig11883.png
066_fibrosis_276.png,orig11884.png
132_fibrosis_119.png,orig11885.png
141_fibrosis_184.png,orig11886.png
194_fibrosis_179.png,orig11887.png
136_fibrosis_250.png,orig11888.png
073_fibrosis_079.png,orig11889.png
127_fibrosis_101.png,orig11890.png
194_fibrosis_045.png,orig11891.png
137_fibrosis_205.png,orig11892.png
139_fibrosis_158.png,orig11893.png
198_fibrosis_081.png,orig11894.png
077_fibrosis_036.png,orig11895.png
076_fibrosis_070.png,orig11896.png
076_fibrosis_080.png,orig11897.png
066_fibrosis_284.png,orig11898.png
195_fibrosis_096.png,orig11899.png
135_fibrosis_032.png,orig11900.png
139_fibrosis_051.png,orig11901.png
128_fibrosis_117.png,orig11902.png
078_fibrosis_199.png,orig11903.png
084_fibrosis_127.png,orig11904.png
127_fibrosis_201.png,orig11905.png
081_fibrosis_292.png,orig11906.png
078_fibrosis_304.png,orig11907.png
135_fibrosis_168.png,orig11908.png
066_fibrosis_181.png,orig11909.png
077_fibrosis_231.png,orig11910.png
080_fibrosis_395.png,orig11911.png
140_fibrosis_102.png,orig11912.png
137_fibrosis_043.png,orig11913.png
138_fibrosis_043.png,orig11914.png
069_fibrosis_164.png,orig11915.png
075_fibrosis_091.png,orig11916.png
069_fibrosis_177.png,orig11917.png
192_fibrosis_091.png,orig11918.png
033_fibrosis_292.png,orig11919.png
139_fibrosis_253.png,orig11920.png
064_fibrosis_167.png,orig11921.png
203_fibrosis_071.png,orig11922.png
074_fibrosis_265.png,orig11923.png
079_fibrosis_129.png,orig11924.png
077_fibrosis_353.png,orig11925.png
066_fibrosis_183.png,orig11926.png
074_fibrosis_239.png,orig11927.png
141_fibrosis_077.png,orig11928.png
146_fibrosis_127.png,orig11929.png
197_fibrosis_168.png,orig11930.png
147_fibrosis_078.png,orig11931.png
148_fibrosis_030.png,orig11932.png
073_fibrosis_044.png,orig11933.png
081_fibrosis_276.png,orig11934.png
075_fibrosis_250.png,orig11935.png
129_fibrosis_042.png,orig11936.png
071_fibrosis_051.png,orig11937.png
148_fibrosis_191.png,orig11938.png
082_fibrosis_238.png,orig11939.png
033_fibrosis_069.png,orig11940.png
139_fibrosis_070.png,orig11941.png
135_fibrosis_214.png,orig11942.png
084_fibrosis_191.png,orig11943.png
136_fibrosis_247.png,orig11944.png
147_fibrosis_288.png,orig11945.png
198_fibrosis_156.png,orig11946.png
146_fibrosis_245.png,orig11947.png
128_fibrosis_077.png,orig11948.png
071_fibrosis_272.png,orig11949.png
064_fibrosis_335.png,orig11950.png
081_fibrosis_330.png,orig11951.png
078_fibrosis_084.png,orig11952.png
075_fibrosis_315.png,orig11953.png
078_fibrosis_191.png,orig11954.png
146_fibrosis_024.png,orig11955.png
148_fibrosis_157.png,orig11956.png
149_fibrosis_210.png,orig11957.png
145_fibrosis_110.png,orig11958.png
077_fibrosis_025.png,orig11959.png
149_fibrosis_242.png,orig11960.png
140_fibrosis_200.png,orig11961.png
146_fibrosis_254.png,orig11962.png
073_fibrosis_221.png,orig11963.png
074_fibrosis_299.png,orig11964.png
067_fibrosis_244.png,orig11965.png
137_fibrosis_104.png,orig11966.png
194_fibrosis_048.png,orig11967.png
064_fibrosis_307.png,orig11968.png
065_fibrosis_072.png,orig11969.png
139_fibrosis_186.png,orig11970.png
137_fibrosis_112.png,orig11971.png
136_fibrosis_146.png,orig11972.png
146_fibrosis_228.png,orig11973.png
079_fibrosis_071.png,orig11974.png
078_fibrosis_193.png,orig11975.png
066_fibrosis_286.png,orig11976.png
197_fibrosis_218.png,orig11977.png
200_fibrosis_098.png,orig11978.png
140_fibrosis_204.png,orig11979.png
197_fibrosis_129.png,orig11980.png
067_fibrosis_035.png,orig11981.png
145_fibrosis_127.png,orig11982.png
129_fibrosis_237.png,orig11983.png
128_fibrosis_109.png,orig11984.png
078_fibrosis_258.png,orig11985.png
136_fibrosis_177.png,orig11986.png
077_fibrosis_276.png,orig11987.png
149_fibrosis_247.png,orig11988.png
064_fibrosis_179.png,orig11989.png
192_fibrosis_236.png,orig11990.png
194_fibrosis_149.png,orig11991.png
145_fibrosis_179.png,orig11992.png
071_fibrosis_047.png,orig11993.png
196_fibrosis_024.png,orig11994.png
033_fibrosis_313.png,orig11995.png
064_fibrosis_038.png,orig11996.png
140_fibrosis_097.png,orig11997.png
127_fibrosis_235.png,orig11998.png
069_fibrosis_131.png,orig11999.png
135_fibrosis_086.png,orig12000.png
139_fibrosis_103.png,orig12001.png
069_fibrosis_090.png,orig12002.png
198_fibrosis_037.png,orig12003.png
084_fibrosis_202.png,orig12004.png
033_fibrosis_175.png,orig12005.png
195_fibrosis_183.png,orig12006.png
066_fibrosis_325.png,orig12007.png
147_fibrosis_142.png,orig12008.png
140_fibrosis_281.png,orig12009.png
195_fibrosis_295.png,orig12010.png
034_fibrosis_090.png,orig12011.png
079_fibrosis_202.png,orig12012.png
034_fibrosis_101.png,orig12013.png
131_fibrosis_326.png,orig12014.png
034_fibrosis_336.png,orig12015.png
067_fibrosis_049.png,orig12016.png
197_fibrosis_060.png,orig12017.png
135_fibrosis_073.png,orig12018.png
193_fibrosis_056.png,orig12019.png
068_fibrosis_044.png,orig12020.png
081_fibrosis_202.png,orig12021.png
149_fibrosis_262.png,orig12022.png
137_fibrosis_069.png,orig12023.png
081_fibrosis_192.png,orig12024.png
134_fibrosis_192.png,orig12025.png
084_fibrosis_094.png,orig12026.png
139_fibrosis_346.png,orig12027.png
034_fibrosis_210.png,orig12028.png
201_fibrosis_074.png,orig12029.png
064_fibrosis_159.png,orig12030.png
064_fibrosis_023.png,orig12031.png
066_fibrosis_066.png,orig12032.png
084_fibrosis_134.png,orig12033.png
136_fibrosis_209.png,orig12034.png
137_fibrosis_239.png,orig12035.png
196_fibrosis_308.png,orig12036.png
081_fibrosis_307.png,orig12037.png
084_fibrosis_264.png,orig12038.png
033_fibrosis_064.png,orig12039.png
136_fibrosis_078.png,orig12040.png
064_fibrosis_043.png,orig12041.png
197_fibrosis_251.png,orig12042.png
079_fibrosis_226.png,orig12043.png
034_fibrosis_299.png,orig12044.png
129_fibrosis_125.png,orig12045.png
084_fibrosis_090.png,orig12046.png
128_fibrosis_194.png,orig12047.png
139_fibrosis_347.png,orig12048.png
073_fibrosis_186.png,orig12049.png
149_fibrosis_145.png,orig12050.png
064_fibrosis_057.png,orig12051.png
073_fibrosis_166.png,orig12052.png
071_fibrosis_076.png,orig12053.png
068_fibrosis_040.png,orig12054.png
076_fibrosis_056.png,orig12055.png
137_fibrosis_179.png,orig12056.png
084_fibrosis_023.png,orig12057.png
143_fibrosis_197.png,orig12058.png
200_fibrosis_183.png,orig12059.png
068_fibrosis_298.png,orig12060.png
082_fibrosis_100.png,orig12061.png
073_fibrosis_048.png,orig12062.png
071_fibrosis_198.png,orig12063.png
128_fibrosis_119.png,orig12064.png
143_fibrosis_113.png,orig12065.png
076_fibrosis_173.png,orig12066.png
073_fibrosis_060.png,orig12067.png
074_fibrosis_225.png,orig12068.png
138_fibrosis_027.png,orig12069.png
140_fibrosis_319.png,orig12070.png
139_fibrosis_281.png,orig12071.png
139_fibrosis_337.png,orig12072.png
068_fibrosis_172.png,orig12073.png
033_fibrosis_293.png,orig12074.png
066_fibrosis_095.png,orig12075.png
084_fibrosis_262.png,orig12076.png
072_fibrosis_026.png,orig12077.png
143_fibrosis_037.png,orig12078.png
148_fibrosis_075.png,orig12079.png
193_fibrosis_070.png,orig12080.png
127_fibrosis_353.png,orig12081.png
149_fibrosis_026.png,orig12082.png
081_fibrosis_114.png,orig12083.png
195_fibrosis_073.png,orig12084.png
131_fibrosis_073.png,orig12085.png
201_fibrosis_088.png,orig12086.png
192_fibrosis_184.png,orig12087.png
200_fibrosis_156.png,orig12088.png
134_fibrosis_274.png,orig12089.png
077_fibrosis_185.png,orig12090.png
066_fibrosis_073.png,orig12091.png
071_fibrosis_160.png,orig12092.png
033_fibrosis_034.png,orig12093.png
082_fibrosis_133.png,orig12094.png
077_fibrosis_208.png,orig12095.png
074_fibrosis_278.png,orig12096.png
076_fibrosis_051.png,orig12097.png
194_fibrosis_230.png,orig12098.png
075_fibrosis_079.png,orig12099.png
128_fibrosis_173.png,orig12100.png
064_fibrosis_176.png,orig12101.png
071_fibrosis_078.png,orig12102.png
192_fibrosis_177.png,orig12103.png
149_fibrosis_219.png,orig12104.png
073_fibrosis_069.png,orig12105.png
075_fibrosis_110.png,orig12106.png
136_fibrosis_071.png,orig12107.png
069_fibrosis_138.png,orig12108.png
127_fibrosis_149.png,orig12109.png
082_fibrosis_186.png,orig12110.png
140_fibrosis_314.png,orig12111.png
194_fibrosis_190.png,orig12112.png
196_fibrosis_217.png,orig12113.png
137_fibrosis_145.png,orig12114.png
081_fibrosis_327.png,orig12115.png
068_fibrosis_183.png,orig12116.png
137_fibrosis_110.png,orig12117.png
145_fibrosis_135.png,orig12118.png
141_fibrosis_241.png,orig12119.png
131_fibrosis_249.png,orig12120.png
077_fibrosis_046.png,orig12121.png
148_fibrosis_110.png,orig12122.png
033_fibrosis_046.png,orig12123.png
065_fibrosis_048.png,orig12124.png
134_fibrosis_186.png,orig12125.png
135_fibrosis_266.png,orig12126.png
199_fibrosis_067.png,orig12127.png
067_fibrosis_060.png,orig12128.png
192_fibrosis_241.png,orig12129.png
077_fibrosis_261.png,orig12130.png
073_fibrosis_213.png,orig12131.png
074_fibrosis_241.png,orig12132.png
200_fibrosis_061.png,orig12133.png
146_fibrosis_211.png,orig12134.png
066_fibrosis_230.png,orig12135.png
034_fibrosis_038.png,orig12136.png
129_fibrosis_102.png,orig12137.png
195_fibrosis_181.png,orig12138.png
066_fibrosis_253.png,orig12139.png
195_fibrosis_228.png,orig12140.png
192_fibrosis_153.png,orig12141.png
132_fibrosis_151.png,orig12142.png
141_fibrosis_127.png,orig12143.png
084_fibrosis_078.png,orig12144.png
079_fibrosis_293.png,orig12145.png
128_fibrosis_274.png,orig12146.png
079_fibrosis_138.png,orig12147.png
064_fibrosis_115.png,orig12148.png
081_fibrosis_315.png,orig12149.png
034_fibrosis_338.png,orig12150.png
139_fibrosis_308.png,orig12151.png
068_fibrosis_102.png,orig12152.png
136_fibrosis_169.png,orig12153.png
066_fibrosis_137.png,orig12154.png
139_fibrosis_359.png,orig12155.png
074_fibrosis_062.png,orig12156.png
198_fibrosis_225.png,orig12157.png
141_fibrosis_269.png,orig12158.png
078_fibrosis_071.png,orig12159.png
127_fibrosis_270.png,orig12160.png
135_fibrosis_107.png,orig12161.png
136_fibrosis_076.png,orig12162.png
147_fibrosis_231.png,orig12163.png
141_fibrosis_169.png,orig12164.png
196_fibrosis_129.png,orig12165.png
143_fibrosis_156.png,orig12166.png
068_fibrosis_194.png,orig12167.png
071_fibrosis_048.png,orig12168.png
077_fibrosis_332.png,orig12169.png
081_fibrosis_091.png,orig12170.png
078_fibrosis_159.png,orig12171.png
073_fibrosis_223.png,orig12172.png
082_fibrosis_224.png,orig12173.png
192_fibrosis_063.png,orig12174.png
145_fibrosis_181.png,orig12175.png
148_fibrosis_056.png,orig12176.png
197_fibrosis_030.png,orig12177.png
139_fibrosis_133.png,orig12178.png
068_fibrosis_220.png,orig12179.png
074_fibrosis_163.png,orig12180.png
074_fibrosis_194.png,orig12181.png
195_fibrosis_306.png,orig12182.png
197_fibrosis_239.png,orig12183.png
065_fibrosis_062.png,orig12184.png
197_fibrosis_228.png,orig12185.png
132_fibrosis_236.png,orig12186.png
136_fibrosis_056.png,orig12187.png
135_fibrosis_275.png,orig12188.png
195_fibrosis_325.png,orig12189.png
148_fibrosis_130.png,orig12190.png
075_fibrosis_161.png,orig12191.png
141_fibrosis_126.png,orig12192.png
068_fibrosis_122.png,orig12193.png
145_fibrosis_160.png,orig12194.png
134_fibrosis_135.png,orig12195.png
081_fibrosis_185.png,orig12196.png
203_fibrosis_074.png,orig12197.png
064_fibrosis_214.png,orig12198.png
140_fibrosis_191.png,orig12199.png
139_fibrosis_260.png,orig12200.png
147_fibrosis_275.png,orig12201.png
074_fibrosis_247.png,orig12202.png
066_fibrosis_307.png,orig12203.png
139_fibrosis_361.png,orig12204.png
071_fibrosis_235.png,orig12205.png
199_fibrosis_025.png,orig12206.png
140_fibrosis_028.png,orig12207.png
081_fibrosis_304.png,orig12208.png
073_fibrosis_040.png,orig12209.png
131_fibrosis_061.png,orig12210.png
127_fibrosis_259.png,orig12211.png
033_fibrosis_291.png,orig12212.png
073_fibrosis_102.png,orig12213.png
082_fibrosis_116.png,orig12214.png
129_fibrosis_242.png,orig12215.png
146_fibrosis_116.png,orig12216.png
145_fibrosis_126.png,orig12217.png
075_fibrosis_025.png,orig12218.png
078_fibrosis_187.png,orig12219.png
140_fibrosis_138.png,orig12220.png
129_fibrosis_110.png,orig12221.png
068_fibrosis_207.png,orig12222.png
137_fibrosis_293.png,orig12223.png
135_fibrosis_173.png,orig12224.png
081_fibrosis_366.png,orig12225.png
203_fibrosis_027.png,orig12226.png
076_fibrosis_119.png,orig12227.png
084_fibrosis_048.png,orig12228.png
198_fibrosis_174.png,orig12229.png
076_fibrosis_109.png,orig12230.png
198_fibrosis_067.png,orig12231.png
077_fibrosis_040.png,orig12232.png
069_fibrosis_298.png,orig12233.png
141_fibrosis_150.png,orig12234.png
192_fibrosis_197.png,orig12235.png
084_fibrosis_066.png,orig12236.png
066_fibrosis_334.png,orig12237.png
137_fibrosis_202.png,orig12238.png
132_fibrosis_130.png,orig12239.png
136_fibrosis_082.png,orig12240.png
203_fibrosis_121.png,orig12241.png
203_fibrosis_111.png,orig12242.png
082_fibrosis_072.png,orig12243.png
076_fibrosis_024.png,orig12244.png
075_fibrosis_126.png,orig12245.png
074_fibrosis_242.png,orig12246.png
073_fibrosis_142.png,orig12247.png
138_fibrosis_169.png,orig12248.png
140_fibrosis_136.png,orig12249.png
196_fibrosis_021.png,orig12250.png
136_fibrosis_033.png,orig12251.png
136_fibrosis_239.png,orig12252.png
074_fibrosis_122.png,orig12253.png
134_fibrosis_155.png,orig12254.png
143_fibrosis_143.png,orig12255.png
139_fibrosis_230.png,orig12256.png
084_fibrosis_132.png,orig12257.png
197_fibrosis_041.png,orig12258.png
072_fibrosis_080.png,orig12259.png
194_fibrosis_067.png,orig12260.png
068_fibrosis_214.png,orig12261.png
195_fibrosis_090.png,orig12262.png
200_fibrosis_049.png,orig12263.png
139_fibrosis_330.png,orig12264.png
197_fibrosis_171.png,orig12265.png
131_fibrosis_285.png,orig12266.png
137_fibrosis_280.png,orig12267.png
138_fibrosis_037.png,orig12268.png
203_fibrosis_032.png,orig12269.png
139_fibrosis_257.png,orig12270.png
064_fibrosis_299.png,orig12271.png
139_fibrosis_114.png,orig12272.png
067_fibrosis_131.png,orig12273.png
084_fibrosis_028.png,orig12274.png
072_fibrosis_042.png,orig12275.png
068_fibrosis_225.png,orig12276.png
079_fibrosis_205.png,orig12277.png
080_fibrosis_201.png,orig12278.png
072_fibrosis_270.png,orig12279.png
068_fibrosis_047.png,orig12280.png
084_fibrosis_251.png,orig12281.png
194_fibrosis_199.png,orig12282.png
078_fibrosis_197.png,orig12283.png
080_fibrosis_422.png,orig12284.png
127_fibrosis_332.png,orig12285.png
074_fibrosis_118.png,orig12286.png
067_fibrosis_148.png,orig12287.png
195_fibrosis_048.png,orig12288.png
146_fibrosis_030.png,orig12289.png
064_fibrosis_024.png,orig12290.png
080_fibrosis_423.png,orig12291.png
071_fibrosis_237.png,orig12292.png
072_fibrosis_110.png,orig12293.png
074_fibrosis_260.png,orig12294.png
192_fibrosis_096.png,orig12295.png
137_fibrosis_253.png,orig12296.png
084_fibrosis_074.png,orig12297.png
197_fibrosis_037.png,orig12298.png
139_fibrosis_317.png,orig12299.png
143_fibrosis_088.png,orig12300.png
076_fibrosis_231.png,orig12301.png
131_fibrosis_274.png,orig12302.png
129_fibrosis_215.png,orig12303.png
075_fibrosis_119.png,orig12304.png
141_fibrosis_058.png,orig12305.png
064_fibrosis_250.png,orig12306.png
193_fibrosis_097.png,orig12307.png
080_fibrosis_316.png,orig12308.png
200_fibrosis_160.png,orig12309.png
071_fibrosis_146.png,orig12310.png
141_fibrosis_219.png,orig12311.png
196_fibrosis_039.png,orig12312.png
195_fibrosis_284.png,orig12313.png
198_fibrosis_061.png,orig12314.png
196_fibrosis_310.png,orig12315.png
200_fibrosis_149.png,orig12316.png
192_fibrosis_242.png,orig12317.png
072_fibrosis_194.png,orig12318.png
145_fibrosis_138.png,orig12319.png
192_fibrosis_068.png,orig12320.png
127_fibrosis_136.png,orig12321.png
128_fibrosis_198.png,orig12322.png
071_fibrosis_250.png,orig12323.png
138_fibrosis_182.png,orig12324.png
078_fibrosis_039.png,orig12325.png
199_fibrosis_103.png,orig12326.png
194_fibrosis_161.png,orig12327.png
137_fibrosis_158.png,orig12328.png
071_fibrosis_185.png,orig12329.png
200_fibrosis_036.png,orig12330.png
128_fibrosis_181.png,orig12331.png
080_fibrosis_324.png,orig12332.png
139_fibrosis_083.png,orig12333.png
194_fibrosis_072.png,orig12334.png
067_fibrosis_254.png,orig12335.png
149_fibrosis_199.png,orig12336.png
201_fibrosis_198.png,orig12337.png
197_fibrosis_206.png,orig12338.png
193_fibrosis_157.png,orig12339.png
148_fibrosis_258.png,orig12340.png
139_fibrosis_288.png,orig12341.png
082_fibrosis_088.png,orig12342.png
196_fibrosis_295.png,orig12343.png
141_fibrosis_172.png,orig12344.png
196_fibrosis_105.png,orig12345.png
131_fibrosis_232.png,orig12346.png
131_fibrosis_281.png,orig12347.png
078_fibrosis_227.png,orig12348.png
136_fibrosis_130.png,orig12349.png
140_fibrosis_313.png,orig12350.png
135_fibrosis_123.png,orig12351.png
077_fibrosis_277.png,orig12352.png
034_fibrosis_179.png,orig12353.png
072_fibrosis_280.png,orig12354.png
203_fibrosis_056.png,orig12355.png
128_fibrosis_138.png,orig12356.png
129_fibrosis_100.png,orig12357.png
195_fibrosis_266.png,orig12358.png
072_fibrosis_167.png,orig12359.png
033_fibrosis_209.png,orig12360.png
198_fibrosis_188.png,orig12361.png
082_fibrosis_185.png,orig12362.png
072_fibrosis_199.png,orig12363.png
141_fibrosis_267.png,orig12364.png
078_fibrosis_101.png,orig12365.png
138_fibrosis_060.png,orig12366.png
071_fibrosis_059.png,orig12367.png
034_fibrosis_209.png,orig12368.png
129_fibrosis_164.png,orig12369.png
200_fibrosis_195.png,orig12370.png
068_fibrosis_148.png,orig12371.png
072_fibrosis_084.png,orig12372.png
128_fibrosis_110.png,orig12373.png
066_fibrosis_077.png,orig12374.png
149_fibrosis_244.png,orig12375.png
076_fibrosis_111.png,orig12376.png
131_fibrosis_101.png,orig12377.png
127_fibrosis_282.png,orig12378.png
136_fibrosis_157.png,orig12379.png
082_fibrosis_136.png,orig12380.png
076_fibrosis_020.png,orig12381.png
077_fibrosis_285.png,orig12382.png
203_fibrosis_147.png,orig12383.png
139_fibrosis_061.png,orig12384.png
147_fibrosis_061.png,orig12385.png
068_fibrosis_156.png,orig12386.png
137_fibrosis_056.png,orig12387.png
033_fibrosis_125.png,orig12388.png
079_fibrosis_127.png,orig12389.png
131_fibrosis_329.png,orig12390.png
132_fibrosis_070.png,orig12391.png
145_fibrosis_158.png,orig12392.png
131_fibrosis_032.png,orig12393.png
149_fibrosis_234.png,orig12394.png
072_fibrosis_133.png,orig12395.png
194_fibrosis_090.png,orig12396.png
066_fibrosis_036.png,orig12397.png
136_fibrosis_029.png,orig12398.png
081_fibrosis_268.png,orig12399.png
129_fibrosis_039.png,orig12400.png
147_fibrosis_066.png,orig12401.png
067_fibrosis_171.png,orig12402.png
148_fibrosis_102.png,orig12403.png
196_fibrosis_072.png,orig12404.png
132_fibrosis_214.png,orig12405.png
149_fibrosis_160.png,orig12406.png
076_fibrosis_117.png,orig12407.png
201_fibrosis_031.png,orig12408.png
201_fibrosis_176.png,orig12409.png
065_fibrosis_026.png,orig12410.png
033_fibrosis_090.png,orig12411.png
068_fibrosis_290.png,orig12412.png
148_fibrosis_259.png,orig12413.png
082_fibrosis_154.png,orig12414.png
081_fibrosis_135.png,orig12415.png
074_fibrosis_254.png,orig12416.png
034_fibrosis_088.png,orig12417.png
197_fibrosis_204.png,orig12418.png
127_fibrosis_350.png,orig12419.png
149_fibrosis_229.png,orig12420.png
143_fibrosis_097.png,orig12421.png
201_fibrosis_054.png,orig12422.png
067_fibrosis_036.png,orig12423.png
141_fibrosis_061.png,orig12424.png
199_fibrosis_032.png,orig12425.png
196_fibrosis_274.png,orig12426.png
033_fibrosis_275.png,orig12427.png
076_fibrosis_189.png,orig12428.png
137_fibrosis_226.png,orig12429.png
146_fibrosis_208.png,orig12430.png
066_fibrosis_311.png,orig12431.png
068_fibrosis_282.png,orig12432.png
137_fibrosis_115.png,orig12433.png
132_fibrosis_047.png,orig12434.png
081_fibrosis_261.png,orig12435.png
199_fibrosis_099.png,orig12436.png
129_fibrosis_261.png,orig12437.png
131_fibrosis_221.png,orig12438.png
066_fibrosis_232.png,orig12439.png
081_fibrosis_112.png,orig12440.png
033_fibrosis_160.png,orig12441.png
201_fibrosis_220.png,orig12442.png
198_fibrosis_142.png,orig12443.png
195_fibrosis_186.png,orig12444.png
072_fibrosis_234.png,orig12445.png
082_fibrosis_223.png,orig12446.png
149_fibrosis_236.png,orig12447.png
129_fibrosis_117.png,orig12448.png
076_fibrosis_118.png,orig12449.png
082_fibrosis_194.png,orig12450.png
068_fibrosis_210.png,orig12451.png
132_fibrosis_197.png,orig12452.png
084_fibrosis_144.png,orig12453.png
192_fibrosis_161.png,orig12454.png
075_fibrosis_104.png,orig12455.png
074_fibrosis_250.png,orig12456.png
033_fibrosis_115.png,orig12457.png
138_fibrosis_230.png,orig12458.png
136_fibrosis_123.png,orig12459.png
067_fibrosis_246.png,orig12460.png
193_fibrosis_140.png,orig12461.png
072_fibrosis_163.png,orig12462.png
131_fibrosis_258.png,orig12463.png
145_fibrosis_036.png,orig12464.png
071_fibrosis_181.png,orig12465.png
082_fibrosis_275.png,orig12466.png
068_fibrosis_246.png,orig12467.png
077_fibrosis_222.png,orig12468.png
075_fibrosis_251.png,orig12469.png
078_fibrosis_105.png,orig12470.png
077_fibrosis_049.png,orig12471.png
068_fibrosis_270.png,orig12472.png
131_fibrosis_230.png,orig12473.png
069_fibrosis_211.png,orig12474.png
081_fibrosis_088.png,orig12475.png
134_fibrosis_157.png,orig12476.png
071_fibrosis_191.png,orig12477.png
084_fibrosis_157.png,orig12478.png
072_fibrosis_087.png,orig12479.png
141_fibrosis_029.png,orig12480.png
200_fibrosis_131.png,orig12481.png
195_fibrosis_024.png,orig12482.png
034_fibrosis_313.png,orig12483.png
073_fibrosis_196.png,orig12484.png
033_fibrosis_314.png,orig12485.png
196_fibrosis_272.png,orig12486.png
139_fibrosis_300.png,orig12487.png
140_fibrosis_049.png,orig12488.png
077_fibrosis_076.png,orig12489.png
075_fibrosis_200.png,orig12490.png
064_fibrosis_055.png,orig12491.png
065_fibrosis_077.png,orig12492.png
194_fibrosis_241.png,orig12493.png
082_fibrosis_268.png,orig12494.png
194_fibrosis_213.png,orig12495.png
068_fibrosis_061.png,orig12496.png
193_fibrosis_053.png,orig12497.png
079_fibrosis_175.png,orig12498.png
127_fibrosis_219.png,orig12499.png
068_fibrosis_182.png,orig12500.png
069_fibrosis_201.png,orig12501.png
200_fibrosis_172.png,orig12502.png
146_fibrosis_145.png,orig12503.png
067_fibrosis_087.png,orig12504.png
033_fibrosis_322.png,orig12505.png
127_fibrosis_231.png,orig12506.png
145_fibrosis_073.png,orig12507.png
136_fibrosis_233.png,orig12508.png
071_fibrosis_052.png,orig12509.png
073_fibrosis_319.png,orig12510.png
195_fibrosis_036.png,orig12511.png
066_fibrosis_109.png,orig12512.png
198_fibrosis_141.png,orig12513.png
203_fibrosis_039.png,orig12514.png
201_fibrosis_142.png,orig12515.png
141_fibrosis_079.png,orig12516.png
137_fibrosis_032.png,orig12517.png
132_fibrosis_148.png,orig12518.png
198_fibrosis_213.png,orig12519.png
195_fibrosis_117.png,orig12520.png
084_fibrosis_210.png,orig12521.png
194_fibrosis_024.png,orig12522.png
033_fibrosis_078.png,orig12523.png
082_fibrosis_145.png,orig12524.png
069_fibrosis_303.png,orig12525.png
067_fibrosis_218.png,orig12526.png
203_fibrosis_068.png,orig12527.png
074_fibrosis_144.png,orig12528.png
135_fibrosis_185.png,orig12529.png
075_fibrosis_183.png,orig12530.png
140_fibrosis_153.png,orig12531.png
066_fibrosis_068.png,orig12532.png
148_fibrosis_208.png,orig12533.png
071_fibrosis_033.png,orig12534.png
077_fibrosis_181.png,orig12535.png
128_fibrosis_052.png,orig12536.png
135_fibrosis_056.png,orig12537.png
146_fibrosis_253.png,orig12538.png
071_fibrosis_178.png,orig12539.png
196_fibrosis_092.png,orig12540.png
071_fibrosis_110.png,orig12541.png
197_fibrosis_072.png,orig12542.png
132_fibrosis_209.png,orig12543.png
073_fibrosis_328.png,orig12544.png
073_fibrosis_198.png,orig12545.png
135_fibrosis_127.png,orig12546.png
145_fibrosis_047.png,orig12547.png
080_fibrosis_408.png,orig12548.png
192_fibrosis_234.png,orig12549.png
073_fibrosis_137.png,orig12550.png
136_fibrosis_105.png,orig12551.png
198_fibrosis_072.png,orig12552.png
148_fibrosis_078.png,orig12553.png
127_fibrosis_269.png,orig12554.png
193_fibrosis_122.png,orig12555.png
196_fibrosis_174.png,orig12556.png
072_fibrosis_116.png,orig12557.png
081_fibrosis_164.png,orig12558.png
082_fibrosis_264.png,orig12559.png
149_fibrosis_150.png,orig12560.png
193_fibrosis_089.png,orig12561.png
033_fibrosis_327.png,orig12562.png
066_fibrosis_136.png,orig12563.png
078_fibrosis_069.png,orig12564.png
146_fibrosis_147.png,orig12565.png
077_fibrosis_077.png,orig12566.png
077_fibrosis_347.png,orig12567.png
197_fibrosis_056.png,orig12568.png
080_fibrosis_306.png,orig12569.png
034_fibrosis_301.png,orig12570.png
071_fibrosis_055.png,orig12571.png
149_fibrosis_256.png,orig12572.png
073_fibrosis_307.png,orig12573.png
079_fibrosis_167.png,orig12574.png
196_fibrosis_100.png,orig12575.png
084_fibrosis_042.png,orig12576.png
081_fibrosis_277.png,orig12577.png
203_fibrosis_064.png,orig12578.png
196_fibrosis_152.png,orig12579.png
079_fibrosis_112.png,orig12580.png
075_fibrosis_133.png,orig12581.png
068_fibrosis_026.png,orig12582.png
068_fibrosis_202.png,orig12583.png
076_fibrosis_033.png,orig12584.png
064_fibrosis_187.png,orig12585.png
078_fibrosis_152.png,orig12586.png
146_fibrosis_135.png,orig12587.png
076_fibrosis_107.png,orig12588.png
067_fibrosis_225.png,orig12589.png
132_fibrosis_195.png,orig12590.png
139_fibrosis_062.png,orig12591.png
140_fibrosis_126.png,orig12592.png
192_fibrosis_054.png,orig12593.png
068_fibrosis_173.png,orig12594.png
135_fibrosis_037.png,orig12595.png
127_fibrosis_153.png,orig12596.png
127_fibrosis_264.png,orig12597.png
195_fibrosis_265.png,orig12598.png
149_fibrosis_318.png,orig12599.png
084_fibrosis_236.png,orig12600.png
075_fibrosis_296.png,orig12601.png
076_fibrosis_145.png,orig12602.png
134_fibrosis_042.png,orig12603.png
136_fibrosis_137.png,orig12604.png
146_fibrosis_258.png,orig12605.png
137_fibrosis_310.png,orig12606.png
084_fibrosis_273.png,orig12607.png
071_fibrosis_176.png,orig12608.png
069_fibrosis_113.png,orig12609.png
067_fibrosis_118.png,orig12610.png
132_fibrosis_225.png,orig12611.png
134_fibrosis_035.png,orig12612.png
064_fibrosis_053.png,orig12613.png
074_fibrosis_095.png,orig12614.png
146_fibrosis_131.png,orig12615.png
127_fibrosis_131.png,orig12616.png
069_fibrosis_085.png,orig12617.png
192_fibrosis_186.png,orig12618.png
195_fibrosis_145.png,orig12619.png
079_fibrosis_217.png,orig12620.png
073_fibrosis_108.png,orig12621.png
203_fibrosis_098.png,orig12622.png
196_fibrosis_034.png,orig12623.png
198_fibrosis_097.png,orig12624.png
