Case,ID,size,pixel_num_lung,pixel_num_fibrosis
1_0000,1_0000_000,256,0,0
1_0000,1_0000_001,256,0,0
1_0000,1_0000_002,256,0,0
1_0000,1_0000_003,256,0,0
1_0000,1_0000_004,256,0,0
1_0000,1_0000_005,256,0,0
1_0000,1_0000_006,256,0,0
1_0000,1_0000_007,256,0,0
1_0000,1_0000_008,256,0,0
1_0000,1_0000_009,256,0,0
1_0000,1_0000_010,256,0,0
1_0000,1_0000_011,256,0,0
1_0000,1_0000_012,256,0,0
1_0000,1_0000_013,256,0,0
1_0000,1_0000_014,256,0,0
1_0000,1_0000_015,256,0,0
1_0000,1_0000_016,256,0,0
1_0000,1_0000_017,256,0,0
1_0000,1_0000_018,256,0,0
1_0000,1_0000_019,256,0,0
1_0000,1_0000_020,256,0,0
1_0000,1_0000_021,256,0,0
1_0000,1_0000_022,256,0,0
1_0000,1_0000_023,256,0,0
1_0000,1_0000_024,256,0,0
1_0000,1_0000_025,256,0,0
1_0000,1_0000_026,256,0,0
1_0000,1_0000_027,256,0,0
1_0000,1_0000_028,256,0,0
1_0000,1_0000_029,256,0,0
1_0000,1_0000_030,256,0,0
1_0000,1_0000_031,256,0,0
1_0000,1_0000_032,256,0,0
1_0000,1_0000_033,256,0,0
1_0000,1_0000_034,256,0,0
1_0000,1_0000_035,256,0,0
1_0000,1_0000_036,256,0,0
1_0000,1_0000_037,256,0,0
1_0000,1_0000_038,256,0,0
1_0000,1_0000_039,256,0,0
1_0000,1_0000_040,256,0,0
1_0000,1_0000_041,256,0,0
1_0000,1_0000_042,256,0,0
1_0000,1_0000_043,256,0,0
1_0000,1_0000_044,256,18,0
1_0000,1_0000_045,256,99,0
1_0000,1_0000_046,256,147,12
1_0000,1_0000_047,256,162,12
1_0000,1_0000_048,256,198,76
1_0000,1_0000_049,256,249,116
1_0000,1_0000_050,256,282,148
1_0000,1_0000_051,256,339,192
1_0000,1_0000_052,256,381,200
1_0000,1_0000_053,256,456,204
1_0000,1_0000_054,256,522,212
1_0000,1_0000_055,256,627,248
1_0000,1_0000_056,256,780,272
1_0000,1_0000_057,256,936,316
1_0000,1_0000_058,256,1032,352
1_0000,1_0000_059,256,1245,436
1_0000,1_0000_060,256,1503,500
1_0000,1_0000_061,256,1803,640
1_0000,1_0000_062,256,2055,704
1_0000,1_0000_063,256,2364,968
1_0000,1_0000_064,256,2652,1004
1_0000,1_0000_065,256,3039,1100
1_0000,1_0000_066,256,3327,1196
1_0000,1_0000_067,256,3615,1324
1_0000,1_0000_068,256,3861,1476
1_0000,1_0000_069,256,4185,1540
1_0000,1_0000_070,256,4536,1644
1_0000,1_0000_071,256,4860,1820
1_0000,1_0000_072,256,5253,1868
1_0000,1_0000_073,256,5694,2000
1_0000,1_0000_074,256,6177,2184
1_0000,1_0000_075,256,6642,2316
1_0000,1_0000_076,256,7140,2432
1_0000,1_0000_077,256,7659,2464
1_0000,1_0000_078,256,8229,2728
1_0000,1_0000_079,256,8817,3092
1_0000,1_0000_080,256,9447,3312
1_0000,1_0000_081,256,10050,3344
1_0000,1_0000_082,256,10605,3580
1_0000,1_0000_083,256,11538,3432
1_0000,1_0000_084,256,12357,4132
1_0000,1_0000_085,256,12903,4344
1_0000,1_0000_086,256,13542,4540
1_0000,1_0000_087,256,14295,4652
1_0000,1_0000_088,256,14955,4520
1_0000,1_0000_089,256,15624,4700
1_0000,1_0000_090,256,16323,4736
1_0000,1_0000_091,256,17004,4684
1_0000,1_0000_092,256,17625,4924
1_0000,1_0000_093,256,18345,5248
1_0000,1_0000_094,256,19059,5148
1_0000,1_0000_095,256,19734,4996
1_0000,1_0000_096,256,20352,4944
1_0000,1_0000_097,256,21075,4772
1_0000,1_0000_098,256,21933,4764
1_0000,1_0000_099,256,22752,5032
1_0000,1_0000_100,256,23562,5064
1_0000,1_0000_101,256,24399,4704
1_0000,1_0000_102,256,25176,4432
1_0000,1_0000_103,256,25920,4464
1_0000,1_0000_104,256,27006,4360
1_0000,1_0000_105,256,27741,4812
1_0000,1_0000_106,256,28548,4020
1_0000,1_0000_107,256,29616,3980
1_0000,1_0000_108,256,30519,4444
1_0000,1_0000_109,256,31422,5180
1_0000,1_0000_110,256,32184,5780
1_0000,1_0000_111,256,32841,5604
1_0000,1_0000_112,256,33438,5800
1_0000,1_0000_113,256,33924,5328
1_0000,1_0000_114,256,34272,5700
1_0000,1_0000_115,256,34551,5468
1_0000,1_0000_116,256,34752,5868
1_0000,1_0000_117,256,34743,6948
1_0000,1_0000_118,256,34743,7016
1_0000,1_0000_119,256,34962,6904
1_0000,1_0000_120,256,35100,6160
1_0000,1_0000_121,256,35238,6728
1_0000,1_0000_122,256,35409,7220
1_0000,1_0000_123,256,35625,7072
1_0000,1_0000_124,256,35868,7024
1_0000,1_0000_125,256,36060,7008
1_0000,1_0000_126,256,36231,6304
1_0000,1_0000_127,256,36432,6088
1_0000,1_0000_128,256,36639,6004
1_0000,1_0000_129,256,36972,5516
1_0000,1_0000_130,256,37293,5488
1_0000,1_0000_131,256,37473,5428
1_0000,1_0000_132,256,37686,5504
1_0000,1_0000_133,256,38061,5936
1_0000,1_0000_134,256,38430,5652
1_0000,1_0000_135,256,38676,5632
1_0000,1_0000_136,256,38934,5460
1_0000,1_0000_137,256,39132,5156
1_0000,1_0000_138,256,39450,4508
1_0000,1_0000_139,256,39750,3920
1_0000,1_0000_140,256,39957,4160
1_0000,1_0000_141,256,40104,4844
1_0000,1_0000_142,256,40395,5152
1_0000,1_0000_143,256,40746,4968
1_0000,1_0000_144,256,41217,4468
1_0000,1_0000_145,256,41697,4284
1_0000,1_0000_146,256,42048,3900
1_0000,1_0000_147,256,42495,3660
1_0000,1_0000_148,256,42963,3992
1_0000,1_0000_149,256,43626,3936
1_0000,1_0000_150,256,44193,4708
1_0000,1_0000_151,256,44553,5024
1_0000,1_0000_152,256,44973,4840
1_0000,1_0000_153,256,45447,5452
1_0000,1_0000_154,256,45837,6392
1_0000,1_0000_155,256,46170,6640
1_0000,1_0000_156,256,46566,6696
1_0000,1_0000_157,256,46950,6924
1_0000,1_0000_158,256,47547,6912
1_0000,1_0000_159,256,48192,6260
1_0000,1_0000_160,256,48660,5836
1_0000,1_0000_161,256,49224,5620
1_0000,1_0000_162,256,50082,6532
1_0000,1_0000_163,256,51093,6840
1_0000,1_0000_164,256,51822,6488
1_0000,1_0000_165,256,51822,6224
1_0000,1_0000_166,256,51723,6040
1_0000,1_0000_167,256,51717,5460
1_0000,1_0000_168,256,51678,5464
1_0000,1_0000_169,256,51762,5396
1_0000,1_0000_170,256,51741,5708
1_0000,1_0000_171,256,51708,6380
1_0000,1_0000_172,256,51687,6392
1_0000,1_0000_173,256,51597,6200
1_0000,1_0000_174,256,51585,6132
1_0000,1_0000_175,256,51507,5616
1_0000,1_0000_176,256,51537,5788
1_0000,1_0000_177,256,51603,6464
1_0000,1_0000_178,256,51558,6344
1_0000,1_0000_179,256,51498,5700
1_0000,1_0000_180,256,51390,5240
1_0000,1_0000_181,256,51321,5280
1_0000,1_0000_182,256,51381,5088
1_0000,1_0000_183,256,51570,4932
1_0000,1_0000_184,256,51720,4748
1_0000,1_0000_185,256,51615,5020
1_0000,1_0000_186,256,51630,4872
1_0000,1_0000_187,256,51636,5212
1_0000,1_0000_188,256,51606,5724
1_0000,1_0000_189,256,51711,4240
1_0000,1_0000_190,256,51780,3772
1_0000,1_0000_191,256,51579,4068
1_0000,1_0000_192,256,51489,4252
1_0000,1_0000_193,256,51327,4028
1_0000,1_0000_194,256,51234,3696
1_0000,1_0000_195,256,51111,3128
1_0000,1_0000_196,256,51069,3108
1_0000,1_0000_197,256,51171,2728
1_0000,1_0000_198,256,51234,3016
1_0000,1_0000_199,256,51438,3636
1_0000,1_0000_200,256,51498,3900
1_0000,1_0000_201,256,51582,4208
1_0000,1_0000_202,256,51840,4132
1_0000,1_0000_203,256,51852,3972
1_0000,1_0000_204,256,51969,4404
1_0000,1_0000_205,256,51777,5076
1_0000,1_0000_206,256,51654,4912
1_0000,1_0000_207,256,51669,4536
1_0000,1_0000_208,256,51651,4960
1_0000,1_0000_209,256,51723,4556
1_0000,1_0000_210,256,51825,4620
1_0000,1_0000_211,256,52041,4596
1_0000,1_0000_212,256,52137,4872
1_0000,1_0000_213,256,52326,4840
1_0000,1_0000_214,256,52728,4968
1_0000,1_0000_215,256,53262,4032
1_0000,1_0000_216,256,53487,3500
1_0000,1_0000_217,256,53721,3132
1_0000,1_0000_218,256,53796,2732
1_0000,1_0000_219,256,53898,3088
1_0000,1_0000_220,256,54027,3316
1_0000,1_0000_221,256,53922,3208
1_0000,1_0000_222,256,53763,3080
1_0000,1_0000_223,256,53442,3488
1_0000,1_0000_224,256,53421,4152
1_0000,1_0000_225,256,53424,3828
1_0000,1_0000_226,256,53784,3260
1_0000,1_0000_227,256,54138,2708
1_0000,1_0000_228,256,54474,2656
1_0000,1_0000_229,256,54483,3216
1_0000,1_0000_230,256,54471,3812
1_0000,1_0000_231,256,54465,3060
1_0000,1_0000_232,256,54510,2844
1_0000,1_0000_233,256,54504,2904
1_0000,1_0000_234,256,54843,3612
1_0000,1_0000_235,256,54915,3376
1_0000,1_0000_236,256,54744,2668
1_0000,1_0000_237,256,54507,2512
1_0000,1_0000_238,256,54474,2564
1_0000,1_0000_239,256,54594,2320
1_0000,1_0000_240,256,54321,2372
1_0000,1_0000_241,256,54078,2540
1_0000,1_0000_242,256,53865,3100
1_0000,1_0000_243,256,53928,3496
1_0000,1_0000_244,256,54042,3736
1_0000,1_0000_245,256,53961,3892
1_0000,1_0000_246,256,54084,3420
1_0000,1_0000_247,256,54171,3600
1_0000,1_0000_248,256,54360,3620
1_0000,1_0000_249,256,54501,4276
1_0000,1_0000_250,256,54444,3960
1_0000,1_0000_251,256,54492,3732
1_0000,1_0000_252,256,54333,3372
1_0000,1_0000_253,256,54192,3692
1_0000,1_0000_254,256,54228,2940
1_0000,1_0000_255,256,54381,2464
1_0000,1_0000_256,256,54348,2256
1_0000,1_0000_257,256,54246,2448
1_0000,1_0000_258,256,54240,2588
1_0000,1_0000_259,256,54102,2464
1_0000,1_0000_260,256,53901,2224
1_0000,1_0000_261,256,53802,2508
1_0000,1_0000_262,256,53628,2692
1_0000,1_0000_263,256,53745,2812
1_0000,1_0000_264,256,53715,3132
1_0000,1_0000_265,256,53733,3320
1_0000,1_0000_266,256,53712,3136
1_0000,1_0000_267,256,53775,3108
1_0000,1_0000_268,256,53826,2952
1_0000,1_0000_269,256,53745,2744
1_0000,1_0000_270,256,53667,2772
1_0000,1_0000_271,256,53607,2388
1_0000,1_0000_272,256,53526,2532
1_0000,1_0000_273,256,53469,2232
1_0000,1_0000_274,256,53388,1828
1_0000,1_0000_275,256,53259,1552
1_0000,1_0000_276,256,53205,1448
1_0000,1_0000_277,256,53046,1300
1_0000,1_0000_278,256,52881,1268
1_0000,1_0000_279,256,52812,1100
1_0000,1_0000_280,256,52728,824
1_0000,1_0000_281,256,52722,1156
1_0000,1_0000_282,256,52710,1100
1_0000,1_0000_283,256,52761,1604
1_0000,1_0000_284,256,52875,1036
1_0000,1_0000_285,256,53124,1416
1_0000,1_0000_286,256,53169,1304
1_0000,1_0000_287,256,53157,964
1_0000,1_0000_288,256,53106,788
1_0000,1_0000_289,256,52986,660
1_0000,1_0000_290,256,52962,864
1_0000,1_0000_291,256,52899,1064
1_0000,1_0000_292,256,52716,1216
1_0000,1_0000_293,256,52434,1048
1_0000,1_0000_294,256,52251,720
1_0000,1_0000_295,256,52140,404
1_0000,1_0000_296,256,51846,316
1_0000,1_0000_297,256,51726,696
1_0000,1_0000_298,256,51618,940
1_0000,1_0000_299,256,51387,852
1_0000,1_0000_300,256,51198,568
1_0000,1_0000_301,256,50949,236
1_0000,1_0000_302,256,50772,176
1_0000,1_0000_303,256,50685,268
1_0000,1_0000_304,256,50619,360
1_0000,1_0000_305,256,50469,492
1_0000,1_0000_306,256,50205,552
1_0000,1_0000_307,256,50028,352
1_0000,1_0000_308,256,49800,636
1_0000,1_0000_309,256,49506,716
1_0000,1_0000_310,256,49275,604
1_0000,1_0000_311,256,48957,692
1_0000,1_0000_312,256,48561,624
1_0000,1_0000_313,256,48210,756
1_0000,1_0000_314,256,47901,1396
1_0000,1_0000_315,256,47517,1756
1_0000,1_0000_316,256,46926,1424
1_0000,1_0000_317,256,46680,1408
1_0000,1_0000_318,256,46278,1168
1_0000,1_0000_319,256,46092,1268
1_0000,1_0000_320,256,45771,1596
1_0000,1_0000_321,256,45492,1588
1_0000,1_0000_322,256,45237,1696
1_0000,1_0000_323,256,44892,1488
1_0000,1_0000_324,256,44547,1448
1_0000,1_0000_325,256,44097,1816
1_0000,1_0000_326,256,43773,1940
1_0000,1_0000_327,256,43443,1760
1_0000,1_0000_328,256,43173,1760
1_0000,1_0000_329,256,42891,2124
1_0000,1_0000_330,256,42648,2156
1_0000,1_0000_331,256,42321,2088
1_0000,1_0000_332,256,41931,2280
1_0000,1_0000_333,256,41655,2344
1_0000,1_0000_334,256,41418,2312
1_0000,1_0000_335,256,40977,2352
1_0000,1_0000_336,256,40728,2444
1_0000,1_0000_337,256,40437,2292
1_0000,1_0000_338,256,40197,2396
1_0000,1_0000_339,256,39969,2260
1_0000,1_0000_340,256,39726,1956
1_0000,1_0000_341,256,39393,1856
1_0000,1_0000_342,256,39144,1712
1_0000,1_0000_343,256,38823,2052
1_0000,1_0000_344,256,38490,1672
1_0000,1_0000_345,256,38025,1396
1_0000,1_0000_346,256,37626,1420
1_0000,1_0000_347,256,37182,1544
1_0000,1_0000_348,256,36675,1540
1_0000,1_0000_349,256,36108,1736
1_0000,1_0000_350,256,35517,1756
1_0000,1_0000_351,256,35052,1708
1_0000,1_0000_352,256,34473,1560
1_0000,1_0000_353,256,34017,1212
1_0000,1_0000_354,256,33474,940
1_0000,1_0000_355,256,33030,860
1_0000,1_0000_356,256,32343,1168
1_0000,1_0000_357,256,31779,1316
1_0000,1_0000_358,256,31164,1140
1_0000,1_0000_359,256,30612,1084
1_0000,1_0000_360,256,30033,1100
1_0000,1_0000_361,256,29508,1412
1_0000,1_0000_362,256,28941,1340
1_0000,1_0000_363,256,28296,1296
1_0000,1_0000_364,256,27585,1516
1_0000,1_0000_365,256,27009,1432
1_0000,1_0000_366,256,26412,1712
1_0000,1_0000_367,256,25725,1992
1_0000,1_0000_368,256,25107,1892
1_0000,1_0000_369,256,24600,2060
1_0000,1_0000_370,256,23973,1936
1_0000,1_0000_371,256,23211,1716
1_0000,1_0000_372,256,22578,1808
1_0000,1_0000_373,256,21888,1824
1_0000,1_0000_374,256,21297,1912
1_0000,1_0000_375,256,20694,2024
1_0000,1_0000_376,256,20070,1756
1_0000,1_0000_377,256,19422,1604
1_0000,1_0000_378,256,18771,1688
1_0000,1_0000_379,256,18162,1908
1_0000,1_0000_380,256,17535,1824
1_0000,1_0000_381,256,16773,1656
1_0000,1_0000_382,256,15999,1820
1_0000,1_0000_383,256,15288,1716
1_0000,1_0000_384,256,14529,1576
1_0000,1_0000_385,256,13800,1716
1_0000,1_0000_386,256,13050,1696
1_0000,1_0000_387,256,12378,1720
1_0000,1_0000_388,256,11688,1772
1_0000,1_0000_389,256,10965,1804
1_0000,1_0000_390,256,10209,1936
1_0000,1_0000_391,256,9405,1784
1_0000,1_0000_392,256,8679,2068
1_0000,1_0000_393,256,7683,2052
1_0000,1_0000_394,256,6819,1576
1_0000,1_0000_395,256,6090,1240
1_0000,1_0000_396,256,5463,1404
1_0000,1_0000_397,256,4860,1408
1_0000,1_0000_398,256,3810,1308
1_0000,1_0000_399,256,3249,1148
1_0000,1_0000_400,256,2256,860
1_0000,1_0000_401,256,666,292
1_0000,1_0000_402,256,234,92
1_0000,1_0000_403,256,0,0
1_0000,1_0000_404,256,0,0
1_0000,1_0000_405,256,0,0
1_0000,1_0000_406,256,0,0
1_0000,1_0000_407,256,0,0
1_0000,1_0000_408,256,0,0
1_0000,1_0000_409,256,0,0
1_0000,1_0000_410,256,0,0
1_0000,1_0000_411,256,0,0
1_0000,1_0000_412,256,0,0
1_0000,1_0000_413,256,0,0
1_0000,1_0000_414,256,0,0
1_0000,1_0000_415,256,0,0
1_0000,1_0000_416,256,0,0
1_0000,1_0000_417,256,0,0
1_0000,1_0000_418,256,0,0
1_0000,1_0000_419,256,0,0
1_0000,1_0000_420,256,0,0
1_0000,1_0000_421,256,0,0
1_0000,1_0000_422,256,0,0
2_0000,2_0000_000,256,0,0
2_0000,2_0000_001,256,0,0
2_0000,2_0000_002,256,0,0
2_0000,2_0000_003,256,0,0
2_0000,2_0000_004,256,0,0
2_0000,2_0000_005,256,0,0
2_0000,2_0000_006,256,0,0
2_0000,2_0000_007,256,0,0
2_0000,2_0000_008,256,0,0
2_0000,2_0000_009,256,0,0
2_0000,2_0000_010,256,0,0
2_0000,2_0000_011,256,0,0
2_0000,2_0000_012,256,0,0
2_0000,2_0000_013,256,0,0
2_0000,2_0000_014,256,0,0
2_0000,2_0000_015,256,0,0
2_0000,2_0000_016,256,0,0
2_0000,2_0000_017,256,0,0
2_0000,2_0000_018,256,0,0
2_0000,2_0000_019,256,0,0
2_0000,2_0000_020,256,0,0
2_0000,2_0000_021,256,0,0
2_0000,2_0000_022,256,0,0
2_0000,2_0000_023,256,0,0
2_0000,2_0000_024,256,0,0
2_0000,2_0000_025,256,0,0
2_0000,2_0000_026,256,0,0
2_0000,2_0000_027,256,0,0
2_0000,2_0000_028,256,0,0
2_0000,2_0000_029,256,0,0
2_0000,2_0000_030,256,0,0
2_0000,2_0000_031,256,0,0
2_0000,2_0000_032,256,0,0
2_0000,2_0000_033,256,0,0
2_0000,2_0000_034,256,0,0
2_0000,2_0000_035,256,0,0
2_0000,2_0000_036,256,0,0
2_0000,2_0000_037,256,0,0
2_0000,2_0000_038,256,0,0
2_0000,2_0000_039,256,0,0
2_0000,2_0000_040,256,0,0
2_0000,2_0000_041,256,0,0
2_0000,2_0000_042,256,0,0
2_0000,2_0000_043,256,0,0
2_0000,2_0000_044,256,0,0
2_0000,2_0000_045,256,0,0
2_0000,2_0000_046,256,0,0
2_0000,2_0000_047,256,0,0
2_0000,2_0000_048,256,0,0
2_0000,2_0000_049,256,0,0
2_0000,2_0000_050,256,0,0
2_0000,2_0000_051,256,0,0
2_0000,2_0000_052,256,0,0
2_0000,2_0000_053,256,15,0
2_0000,2_0000_054,256,207,0
2_0000,2_0000_055,256,324,140
2_0000,2_0000_056,256,381,148
2_0000,2_0000_057,256,429,144
2_0000,2_0000_058,256,489,160
2_0000,2_0000_059,256,576,196
2_0000,2_0000_060,256,672,196
2_0000,2_0000_061,256,789,284
2_0000,2_0000_062,256,861,272
2_0000,2_0000_063,256,975,268
2_0000,2_0000_064,256,1059,288
2_0000,2_0000_065,256,1158,312
2_0000,2_0000_066,256,1254,356
2_0000,2_0000_067,256,1335,420
2_0000,2_0000_068,256,1443,440
2_0000,2_0000_069,256,1518,444
2_0000,2_0000_070,256,1581,540
2_0000,2_0000_071,256,1644,568
2_0000,2_0000_072,256,1731,632
2_0000,2_0000_073,256,1845,708
2_0000,2_0000_074,256,1932,756
2_0000,2_0000_075,256,1995,804
2_0000,2_0000_076,256,2064,828
2_0000,2_0000_077,256,2133,872
2_0000,2_0000_078,256,2220,916
2_0000,2_0000_079,256,2289,920
2_0000,2_0000_080,256,2409,980
2_0000,2_0000_081,256,2505,1032
2_0000,2_0000_082,256,2637,1120
2_0000,2_0000_083,256,2754,1160
2_0000,2_0000_084,256,2850,1228
2_0000,2_0000_085,256,2952,1264
2_0000,2_0000_086,256,3054,1288
2_0000,2_0000_087,256,3114,1300
2_0000,2_0000_088,256,3231,1348
2_0000,2_0000_089,256,3276,1388
2_0000,2_0000_090,256,3420,1404
2_0000,2_0000_091,256,3645,1508
2_0000,2_0000_092,256,3879,1620
2_0000,2_0000_093,256,4014,1572
2_0000,2_0000_094,256,4098,1628
2_0000,2_0000_095,256,4326,1668
2_0000,2_0000_096,256,4467,1676
2_0000,2_0000_097,256,4629,1732
2_0000,2_0000_098,256,4800,1856
2_0000,2_0000_099,256,4965,1904
2_0000,2_0000_100,256,5190,2036
2_0000,2_0000_101,256,5418,2124
2_0000,2_0000_102,256,5577,2140
2_0000,2_0000_103,256,5688,2184
2_0000,2_0000_104,256,5955,2228
2_0000,2_0000_105,256,6150,2304
2_0000,2_0000_106,256,6402,2464
2_0000,2_0000_107,256,6720,2504
2_0000,2_0000_108,256,6975,2552
2_0000,2_0000_109,256,7173,2672
2_0000,2_0000_110,256,7374,2732
2_0000,2_0000_111,256,7614,2780
2_0000,2_0000_112,256,7908,2844
2_0000,2_0000_113,256,8244,2992
2_0000,2_0000_114,256,8520,3028
2_0000,2_0000_115,256,8793,3124
2_0000,2_0000_116,256,9084,3172
2_0000,2_0000_117,256,9354,3220
2_0000,2_0000_118,256,9615,3268
2_0000,2_0000_119,256,9921,3444
2_0000,2_0000_120,256,10230,3752
2_0000,2_0000_121,256,10548,3900
2_0000,2_0000_122,256,10842,3968
2_0000,2_0000_123,256,11151,4000
2_0000,2_0000_124,256,11478,4108
2_0000,2_0000_125,256,11865,4264
2_0000,2_0000_126,256,12333,4332
2_0000,2_0000_127,256,12684,4484
2_0000,2_0000_128,256,13059,4656
2_0000,2_0000_129,256,13347,4636
2_0000,2_0000_130,256,13755,4672
2_0000,2_0000_131,256,14112,4868
2_0000,2_0000_132,256,14406,5012
2_0000,2_0000_133,256,14715,5128
2_0000,2_0000_134,256,15087,5224
2_0000,2_0000_135,256,15531,5284
2_0000,2_0000_136,256,15945,4944
2_0000,2_0000_137,256,16293,5108
2_0000,2_0000_138,256,16758,5144
2_0000,2_0000_139,256,17271,5384
2_0000,2_0000_140,256,17583,5584
2_0000,2_0000_141,256,18171,5088
2_0000,2_0000_142,256,18735,5068
2_0000,2_0000_143,256,19149,4948
2_0000,2_0000_144,256,19710,5380
2_0000,2_0000_145,256,20313,5352
2_0000,2_0000_146,256,20718,5048
2_0000,2_0000_147,256,21168,5048
2_0000,2_0000_148,256,21513,5240
2_0000,2_0000_149,256,21894,5368
2_0000,2_0000_150,256,22287,5112
2_0000,2_0000_151,256,22827,5724
2_0000,2_0000_152,256,23187,5952
2_0000,2_0000_153,256,23454,5668
2_0000,2_0000_154,256,23679,5628
2_0000,2_0000_155,256,24072,5064
2_0000,2_0000_156,256,24594,4536
2_0000,2_0000_157,256,25038,4540
2_0000,2_0000_158,256,25485,4644
2_0000,2_0000_159,256,25779,4524
2_0000,2_0000_160,256,26133,4712
2_0000,2_0000_161,256,26415,4408
2_0000,2_0000_162,256,26868,4036
2_0000,2_0000_163,256,27417,3940
2_0000,2_0000_164,256,28008,4464
2_0000,2_0000_165,256,28458,5372
2_0000,2_0000_166,256,28950,4724
2_0000,2_0000_167,256,29436,3964
2_0000,2_0000_168,256,30009,3780
2_0000,2_0000_169,256,30663,3068
2_0000,2_0000_170,256,31695,4992
2_0000,2_0000_171,256,32259,6668
2_0000,2_0000_172,256,32592,6704
2_0000,2_0000_173,256,32949,5980
2_0000,2_0000_174,256,33243,6440
2_0000,2_0000_175,256,33420,6868
2_0000,2_0000_176,256,33444,7116
2_0000,2_0000_177,256,33537,6016
2_0000,2_0000_178,256,33552,5328
2_0000,2_0000_179,256,33606,5000
2_0000,2_0000_180,256,33729,5552
2_0000,2_0000_181,256,34140,5572
2_0000,2_0000_182,256,34395,5776
2_0000,2_0000_183,256,34449,5204
2_0000,2_0000_184,256,34239,4120
2_0000,2_0000_185,256,33966,4124
2_0000,2_0000_186,256,33834,4220
2_0000,2_0000_187,256,33963,3644
2_0000,2_0000_188,256,34296,3168
2_0000,2_0000_189,256,34629,2172
2_0000,2_0000_190,256,35001,2100
2_0000,2_0000_191,256,35208,2420
2_0000,2_0000_192,256,35175,2992
2_0000,2_0000_193,256,35142,3540
2_0000,2_0000_194,256,35472,2876
2_0000,2_0000_195,256,36018,2616
2_0000,2_0000_196,256,36384,4656
2_0000,2_0000_197,256,36606,4660
2_0000,2_0000_198,256,37173,3960
2_0000,2_0000_199,256,37482,3684
2_0000,2_0000_200,256,37845,4652
2_0000,2_0000_201,256,38118,4488
2_0000,2_0000_202,256,38421,4292
2_0000,2_0000_203,256,38856,4056
2_0000,2_0000_204,256,39018,4508
2_0000,2_0000_205,256,39357,4140
2_0000,2_0000_206,256,39582,4568
2_0000,2_0000_207,256,39327,5780
2_0000,2_0000_208,256,39573,6216
2_0000,2_0000_209,256,40203,5964
2_0000,2_0000_210,256,40485,6032
2_0000,2_0000_211,256,40506,6448
2_0000,2_0000_212,256,40929,6472
2_0000,2_0000_213,256,41070,6596
2_0000,2_0000_214,256,41322,6344
2_0000,2_0000_215,256,41856,5820
2_0000,2_0000_216,256,42345,5516
2_0000,2_0000_217,256,42801,4916
2_0000,2_0000_218,256,43074,6476
2_0000,2_0000_219,256,43314,5672
2_0000,2_0000_220,256,43527,5708
2_0000,2_0000_221,256,44049,5860
2_0000,2_0000_222,256,44229,5536
2_0000,2_0000_223,256,44577,4724
2_0000,2_0000_224,256,45150,4228
2_0000,2_0000_225,256,45627,4716
2_0000,2_0000_226,256,46266,5644
2_0000,2_0000_227,256,47202,5920
2_0000,2_0000_228,256,47493,6396
2_0000,2_0000_229,256,47580,6604
2_0000,2_0000_230,256,47607,6724
2_0000,2_0000_231,256,47625,6352
2_0000,2_0000_232,256,47574,5700
2_0000,2_0000_233,256,47631,5028
2_0000,2_0000_234,256,47544,5252
2_0000,2_0000_235,256,47595,5948
2_0000,2_0000_236,256,47625,6124
2_0000,2_0000_237,256,47634,5932
2_0000,2_0000_238,256,47784,5296
2_0000,2_0000_239,256,47754,5388
2_0000,2_0000_240,256,47739,6148
2_0000,2_0000_241,256,47727,6068
2_0000,2_0000_242,256,47850,5712
2_0000,2_0000_243,256,47994,5068
2_0000,2_0000_244,256,48276,4932
2_0000,2_0000_245,256,48645,4456
2_0000,2_0000_246,256,48918,3412
2_0000,2_0000_247,256,49008,3788
2_0000,2_0000_248,256,49128,3348
2_0000,2_0000_249,256,49215,3092
2_0000,2_0000_250,256,49410,3220
2_0000,2_0000_251,256,49593,3484
2_0000,2_0000_252,256,49773,3120
2_0000,2_0000_253,256,49893,3028
2_0000,2_0000_254,256,50121,3608
2_0000,2_0000_255,256,50214,3296
2_0000,2_0000_256,256,50229,3296
2_0000,2_0000_257,256,50250,2824
2_0000,2_0000_258,256,50412,3240
2_0000,2_0000_259,256,50580,3048
2_0000,2_0000_260,256,50721,3216
2_0000,2_0000_261,256,50877,3136
2_0000,2_0000_262,256,50955,3212
2_0000,2_0000_263,256,51072,3360
2_0000,2_0000_264,256,51120,3380
2_0000,2_0000_265,256,51357,3464
2_0000,2_0000_266,256,51396,3300
2_0000,2_0000_267,256,51240,3204
2_0000,2_0000_268,256,51132,3236
2_0000,2_0000_269,256,50940,3112
2_0000,2_0000_270,256,50778,3456
2_0000,2_0000_271,256,50649,3828
2_0000,2_0000_272,256,50496,4168
2_0000,2_0000_273,256,50400,4372
2_0000,2_0000_274,256,50322,4184
2_0000,2_0000_275,256,49890,3508
2_0000,2_0000_276,256,49821,3164
2_0000,2_0000_277,256,49938,3088
2_0000,2_0000_278,256,49920,3132
2_0000,2_0000_279,256,49851,2952
2_0000,2_0000_280,256,49857,3440
2_0000,2_0000_281,256,49833,3912
2_0000,2_0000_282,256,49695,3580
2_0000,2_0000_283,256,49647,2980
2_0000,2_0000_284,256,49464,2740
2_0000,2_0000_285,256,49407,2736
2_0000,2_0000_286,256,49230,2724
2_0000,2_0000_287,256,49131,3248
2_0000,2_0000_288,256,48951,3380
2_0000,2_0000_289,256,48909,3132
2_0000,2_0000_290,256,48882,3172
2_0000,2_0000_291,256,48774,3100
2_0000,2_0000_292,256,48771,3440
2_0000,2_0000_293,256,48705,3700
2_0000,2_0000_294,256,48573,3308
2_0000,2_0000_295,256,48393,3072
2_0000,2_0000_296,256,48240,2608
2_0000,2_0000_297,256,48075,2484
2_0000,2_0000_298,256,48087,2384
2_0000,2_0000_299,256,48117,2480
2_0000,2_0000_300,256,47967,2348
2_0000,2_0000_301,256,47805,2652
2_0000,2_0000_302,256,47670,2796
2_0000,2_0000_303,256,47484,2332
2_0000,2_0000_304,256,47280,2620
2_0000,2_0000_305,256,47130,2752
2_0000,2_0000_306,256,47058,2768
2_0000,2_0000_307,256,46884,2444
2_0000,2_0000_308,256,46731,2596
2_0000,2_0000_309,256,46569,2476
2_0000,2_0000_310,256,46503,2640
2_0000,2_0000_311,256,46317,2524
2_0000,2_0000_312,256,46062,2680
2_0000,2_0000_313,256,45768,2588
2_0000,2_0000_314,256,45522,2040
2_0000,2_0000_315,256,45231,2156
2_0000,2_0000_316,256,44952,2488
2_0000,2_0000_317,256,44709,2456
2_0000,2_0000_318,256,44448,2640
2_0000,2_0000_319,256,44247,2408
2_0000,2_0000_320,256,43974,2088
2_0000,2_0000_321,256,43617,2240
2_0000,2_0000_322,256,43314,2084
2_0000,2_0000_323,256,43026,2004
2_0000,2_0000_324,256,42618,1888
2_0000,2_0000_325,256,42192,1688
2_0000,2_0000_326,256,41853,1652
2_0000,2_0000_327,256,41448,1760
2_0000,2_0000_328,256,40950,1912
2_0000,2_0000_329,256,40545,1764
2_0000,2_0000_330,256,40083,1728
2_0000,2_0000_331,256,39540,1616
2_0000,2_0000_332,256,38991,1412
2_0000,2_0000_333,256,38457,1440
2_0000,2_0000_334,256,37932,1404
2_0000,2_0000_335,256,37371,1516
2_0000,2_0000_336,256,36846,1576
2_0000,2_0000_337,256,36297,1364
2_0000,2_0000_338,256,35727,1328
2_0000,2_0000_339,256,34974,1324
2_0000,2_0000_340,256,34251,1412
2_0000,2_0000_341,256,33441,1172
2_0000,2_0000_342,256,32652,1368
2_0000,2_0000_343,256,31920,1172
2_0000,2_0000_344,256,31083,1256
2_0000,2_0000_345,256,30228,1124
2_0000,2_0000_346,256,29349,1156
2_0000,2_0000_347,256,28401,888
2_0000,2_0000_348,256,27408,1024
2_0000,2_0000_349,256,26616,936
2_0000,2_0000_350,256,25734,1092
2_0000,2_0000_351,256,24921,1092
2_0000,2_0000_352,256,24045,1016
2_0000,2_0000_353,256,23259,1156
2_0000,2_0000_354,256,22386,1360
2_0000,2_0000_355,256,21516,1432
2_0000,2_0000_356,256,20766,1504
2_0000,2_0000_357,256,19953,1452
2_0000,2_0000_358,256,19158,1232
2_0000,2_0000_359,256,18351,1348
2_0000,2_0000_360,256,17496,1492
2_0000,2_0000_361,256,16680,1476
2_0000,2_0000_362,256,15975,1340
2_0000,2_0000_363,256,15204,1332
2_0000,2_0000_364,256,14508,1328
2_0000,2_0000_365,256,13794,1664
2_0000,2_0000_366,256,13125,1728
2_0000,2_0000_367,256,12474,1568
2_0000,2_0000_368,256,11838,1476
2_0000,2_0000_369,256,11091,1440
2_0000,2_0000_370,256,10470,1372
2_0000,2_0000_371,256,9822,1216
2_0000,2_0000_372,256,9222,1136
2_0000,2_0000_373,256,8559,984
2_0000,2_0000_374,256,7911,860
2_0000,2_0000_375,256,7248,940
2_0000,2_0000_376,256,6699,1008
2_0000,2_0000_377,256,6141,1028
2_0000,2_0000_378,256,5568,956
2_0000,2_0000_379,256,4926,1024
2_0000,2_0000_380,256,4323,1060
2_0000,2_0000_381,256,3762,1008
2_0000,2_0000_382,256,3258,988
2_0000,2_0000_383,256,2751,956
2_0000,2_0000_384,256,2253,904
2_0000,2_0000_385,256,1869,756
2_0000,2_0000_386,256,1446,580
2_0000,2_0000_387,256,954,388
2_0000,2_0000_388,256,675,300
2_0000,2_0000_389,256,456,220
2_0000,2_0000_390,256,288,164
2_0000,2_0000_391,256,51,0
2_0000,2_0000_392,256,0,0
2_0000,2_0000_393,256,0,0
2_0000,2_0000_394,256,0,0
2_0000,2_0000_395,256,0,0
2_0000,2_0000_396,256,0,0
2_0000,2_0000_397,256,0,0
2_0000,2_0000_398,256,0,0
2_0000,2_0000_399,256,0,0
2_0000,2_0000_400,256,0,0
2_0000,2_0000_401,256,0,0
2_0000,2_0000_402,256,0,0
2_0000,2_0000_403,256,0,0
2_0000,2_0000_404,256,0,0
2_0000,2_0000_405,256,0,0
2_0000,2_0000_406,256,0,0
2_0000,2_0000_407,256,0,0
2_0000,2_0000_408,256,0,0
2_0000,2_0000_409,256,0,0
2_0000,2_0000_410,256,0,0
2_0000,2_0000_411,256,0,0
3_0000,3_0000_000,256,0,0
3_0000,3_0000_001,256,0,0
3_0000,3_0000_002,256,0,0
3_0000,3_0000_003,256,0,0
3_0000,3_0000_004,256,0,0
3_0000,3_0000_005,256,0,0
3_0000,3_0000_006,256,0,0
3_0000,3_0000_007,256,0,0
3_0000,3_0000_008,256,0,0
3_0000,3_0000_009,256,0,0
3_0000,3_0000_010,256,0,0
3_0000,3_0000_011,256,0,0
3_0000,3_0000_012,256,0,0
3_0000,3_0000_013,256,0,0
3_0000,3_0000_014,256,0,0
3_0000,3_0000_015,256,0,0
3_0000,3_0000_016,256,0,0
3_0000,3_0000_017,256,0,0
3_0000,3_0000_018,256,0,0
3_0000,3_0000_019,256,0,0
3_0000,3_0000_020,256,0,0
3_0000,3_0000_021,256,0,0
3_0000,3_0000_022,256,0,0
3_0000,3_0000_023,256,0,0
3_0000,3_0000_024,256,0,0
3_0000,3_0000_025,256,0,0
3_0000,3_0000_026,256,0,0
3_0000,3_0000_027,256,0,0
3_0000,3_0000_028,256,0,0
3_0000,3_0000_029,256,0,0
3_0000,3_0000_030,256,0,0
3_0000,3_0000_031,256,0,0
3_0000,3_0000_032,256,0,0
3_0000,3_0000_033,256,0,0
3_0000,3_0000_034,256,0,0
3_0000,3_0000_035,256,0,0
3_0000,3_0000_036,256,0,0
3_0000,3_0000_037,256,0,0
3_0000,3_0000_038,256,0,0
3_0000,3_0000_039,256,0,0
3_0000,3_0000_040,256,0,0
3_0000,3_0000_041,256,0,0
3_0000,3_0000_042,256,0,0
3_0000,3_0000_043,256,0,0
3_0000,3_0000_044,256,0,0
3_0000,3_0000_045,256,0,0
3_0000,3_0000_046,256,0,0
3_0000,3_0000_047,256,0,0
3_0000,3_0000_048,256,45,0
3_0000,3_0000_049,256,24,0
3_0000,3_0000_050,256,111,0
3_0000,3_0000_051,256,126,0
3_0000,3_0000_052,256,192,60
3_0000,3_0000_053,256,189,36
3_0000,3_0000_054,256,294,132
3_0000,3_0000_055,256,408,180
3_0000,3_0000_056,256,525,192
3_0000,3_0000_057,256,714,212
3_0000,3_0000_058,256,891,276
3_0000,3_0000_059,256,1005,340
3_0000,3_0000_060,256,1170,424
3_0000,3_0000_061,256,1269,456
3_0000,3_0000_062,256,1338,472
3_0000,3_0000_063,256,1503,512
3_0000,3_0000_064,256,1698,520
3_0000,3_0000_065,256,1869,628
3_0000,3_0000_066,256,1986,620
3_0000,3_0000_067,256,2238,884
3_0000,3_0000_068,256,2418,936
3_0000,3_0000_069,256,2607,1020
3_0000,3_0000_070,256,2721,1060
3_0000,3_0000_071,256,2904,1168
3_0000,3_0000_072,256,3195,1324
3_0000,3_0000_073,256,3315,1324
3_0000,3_0000_074,256,3513,1372
3_0000,3_0000_075,256,3756,1512
3_0000,3_0000_076,256,3912,1544
3_0000,3_0000_077,256,4116,1676
3_0000,3_0000_078,256,4305,1728
3_0000,3_0000_079,256,4467,1816
3_0000,3_0000_080,256,4704,1904
3_0000,3_0000_081,256,4923,2004
3_0000,3_0000_082,256,5097,2060
3_0000,3_0000_083,256,5349,2200
3_0000,3_0000_084,256,5604,2248
3_0000,3_0000_085,256,5649,2256
3_0000,3_0000_086,256,5895,2336
3_0000,3_0000_087,256,6111,2424
3_0000,3_0000_088,256,6408,2484
3_0000,3_0000_089,256,6441,2572
3_0000,3_0000_090,256,6639,2572
3_0000,3_0000_091,256,6873,2692
3_0000,3_0000_092,256,7107,2812
3_0000,3_0000_093,256,7350,2904
3_0000,3_0000_094,256,7548,2928
3_0000,3_0000_095,256,7890,3108
3_0000,3_0000_096,256,8118,3128
3_0000,3_0000_097,256,8385,3124
3_0000,3_0000_098,256,8688,2980
3_0000,3_0000_099,256,9021,2956
3_0000,3_0000_100,256,9309,2908
3_0000,3_0000_101,256,9636,2816
3_0000,3_0000_102,256,9912,2876
3_0000,3_0000_103,256,10197,2812
3_0000,3_0000_104,256,10449,3016
3_0000,3_0000_105,256,10704,3200
3_0000,3_0000_106,256,10977,3008
3_0000,3_0000_107,256,11247,2924
3_0000,3_0000_108,256,11454,2628
3_0000,3_0000_109,256,11652,2572
3_0000,3_0000_110,256,11994,2328
3_0000,3_0000_111,256,12381,2392
3_0000,3_0000_112,256,12597,2640
3_0000,3_0000_113,256,12909,2624
3_0000,3_0000_114,256,13266,2632
3_0000,3_0000_115,256,13599,2876
3_0000,3_0000_116,256,13860,3144
3_0000,3_0000_117,256,14139,3032
3_0000,3_0000_118,256,14406,3108
3_0000,3_0000_119,256,14670,2924
3_0000,3_0000_120,256,14964,2804
3_0000,3_0000_121,256,15147,2984
3_0000,3_0000_122,256,15591,3112
3_0000,3_0000_123,256,15825,3220
3_0000,3_0000_124,256,16269,3252
3_0000,3_0000_125,256,16608,3396
3_0000,3_0000_126,256,17073,3436
3_0000,3_0000_127,256,17457,3324
3_0000,3_0000_128,256,17778,3388
3_0000,3_0000_129,256,18039,3844
3_0000,3_0000_130,256,18459,4124
3_0000,3_0000_131,256,19005,4180
3_0000,3_0000_132,256,19452,4236
3_0000,3_0000_133,256,19944,4148
3_0000,3_0000_134,256,20535,4084
3_0000,3_0000_135,256,20934,4264
3_0000,3_0000_136,256,21411,4692
3_0000,3_0000_137,256,21819,4536
3_0000,3_0000_138,256,22296,4420
3_0000,3_0000_139,256,22647,4644
3_0000,3_0000_140,256,23196,4132
3_0000,3_0000_141,256,23766,3428
3_0000,3_0000_142,256,24291,3572
3_0000,3_0000_143,256,24858,3300
3_0000,3_0000_144,256,25473,3260
3_0000,3_0000_145,256,26517,3036
3_0000,3_0000_146,256,27192,2624
3_0000,3_0000_147,256,27861,2856
3_0000,3_0000_148,256,28665,3040
3_0000,3_0000_149,256,29322,3324
3_0000,3_0000_150,256,30114,3520
3_0000,3_0000_151,256,30963,3576
3_0000,3_0000_152,256,31818,3964
3_0000,3_0000_153,256,32931,5228
3_0000,3_0000_154,256,33903,4892
3_0000,3_0000_155,256,34665,4620
3_0000,3_0000_156,256,35526,3592
3_0000,3_0000_157,256,36402,3124
3_0000,3_0000_158,256,37464,2944
3_0000,3_0000_159,256,38514,2892
3_0000,3_0000_160,256,39489,1832
3_0000,3_0000_161,256,40089,2304
3_0000,3_0000_162,256,40761,3516
3_0000,3_0000_163,256,41289,4384
3_0000,3_0000_164,256,41892,4892
3_0000,3_0000_165,256,42792,5644
3_0000,3_0000_166,256,43749,5272
3_0000,3_0000_167,256,44937,3968
3_0000,3_0000_168,256,46116,3384
3_0000,3_0000_169,256,47139,3600
3_0000,3_0000_170,256,48261,2548
3_0000,3_0000_171,256,49188,2164
3_0000,3_0000_172,256,49380,2504
3_0000,3_0000_173,256,49641,2752
3_0000,3_0000_174,256,50013,2308
3_0000,3_0000_175,256,50253,2160
3_0000,3_0000_176,256,50733,2488
3_0000,3_0000_177,256,51123,2192
3_0000,3_0000_178,256,51099,2056
3_0000,3_0000_179,256,51480,1308
3_0000,3_0000_180,256,51468,3080
3_0000,3_0000_181,256,51162,3164
3_0000,3_0000_182,256,51423,2468
3_0000,3_0000_183,256,51519,1884
3_0000,3_0000_184,256,51534,1276
3_0000,3_0000_185,256,51606,996
3_0000,3_0000_186,256,51648,376
3_0000,3_0000_187,256,51636,8
3_0000,3_0000_188,256,51672,0
3_0000,3_0000_189,256,51672,0
3_0000,3_0000_190,256,51690,0
3_0000,3_0000_191,256,51636,40
3_0000,3_0000_192,256,51552,124
3_0000,3_0000_193,256,51471,376
3_0000,3_0000_194,256,51456,844
3_0000,3_0000_195,256,51408,1244
3_0000,3_0000_196,256,51231,1908
3_0000,3_0000_197,256,51132,1832
3_0000,3_0000_198,256,51108,1608
3_0000,3_0000_199,256,51063,1452
3_0000,3_0000_200,256,51204,1152
3_0000,3_0000_201,256,51225,836
3_0000,3_0000_202,256,51264,684
3_0000,3_0000_203,256,51378,584
3_0000,3_0000_204,256,51360,488
3_0000,3_0000_205,256,51270,616
3_0000,3_0000_206,256,51237,832
3_0000,3_0000_207,256,51093,884
3_0000,3_0000_208,256,51078,840
3_0000,3_0000_209,256,50949,1176
3_0000,3_0000_210,256,50814,1604
3_0000,3_0000_211,256,50805,1856
3_0000,3_0000_212,256,50727,1312
3_0000,3_0000_213,256,50976,376
3_0000,3_0000_214,256,50958,424
3_0000,3_0000_215,256,50736,1028
3_0000,3_0000_216,256,50505,1152
3_0000,3_0000_217,256,50538,1252
3_0000,3_0000_218,256,50538,768
3_0000,3_0000_219,256,50325,664
3_0000,3_0000_220,256,50037,784
3_0000,3_0000_221,256,49842,772
3_0000,3_0000_222,256,49671,856
3_0000,3_0000_223,256,49470,820
3_0000,3_0000_224,256,49365,1052
3_0000,3_0000_225,256,49191,1144
3_0000,3_0000_226,256,48987,976
3_0000,3_0000_227,256,48849,1328
3_0000,3_0000_228,256,48831,1700
3_0000,3_0000_229,256,48861,1128
3_0000,3_0000_230,256,48768,748
3_0000,3_0000_231,256,48639,792
3_0000,3_0000_232,256,48378,1152
3_0000,3_0000_233,256,48243,1768
3_0000,3_0000_234,256,48060,2068
3_0000,3_0000_235,256,47889,2244
3_0000,3_0000_236,256,47910,3076
3_0000,3_0000_237,256,47889,3092
3_0000,3_0000_238,256,47739,1856
3_0000,3_0000_239,256,47628,496
3_0000,3_0000_240,256,47382,636
3_0000,3_0000_241,256,47181,588
3_0000,3_0000_242,256,47031,592
3_0000,3_0000_243,256,46827,368
3_0000,3_0000_244,256,46722,160
3_0000,3_0000_245,256,46533,320
3_0000,3_0000_246,256,46473,296
3_0000,3_0000_247,256,46260,616
3_0000,3_0000_248,256,46158,660
3_0000,3_0000_249,256,46086,740
3_0000,3_0000_250,256,45777,932
3_0000,3_0000_251,256,45540,1352
3_0000,3_0000_252,256,45255,972
3_0000,3_0000_253,256,44895,340
3_0000,3_0000_254,256,44679,220
3_0000,3_0000_255,256,44340,324
3_0000,3_0000_256,256,44049,644
3_0000,3_0000_257,256,43893,872
3_0000,3_0000_258,256,43725,1092
3_0000,3_0000_259,256,43782,912
3_0000,3_0000_260,256,43740,808
3_0000,3_0000_261,256,43620,580
3_0000,3_0000_262,256,43431,268
3_0000,3_0000_263,256,43110,472
3_0000,3_0000_264,256,42831,636
3_0000,3_0000_265,256,42474,768
3_0000,3_0000_266,256,42162,884
3_0000,3_0000_267,256,41892,932
3_0000,3_0000_268,256,41661,792
3_0000,3_0000_269,256,41304,732
3_0000,3_0000_270,256,41070,564
3_0000,3_0000_271,256,40797,596
3_0000,3_0000_272,256,40497,584
3_0000,3_0000_273,256,40356,388
3_0000,3_0000_274,256,40107,568
3_0000,3_0000_275,256,39834,1260
3_0000,3_0000_276,256,39582,1512
3_0000,3_0000_277,256,39249,1500
3_0000,3_0000_278,256,38997,1388
3_0000,3_0000_279,256,38775,1404
3_0000,3_0000_280,256,38349,1616
3_0000,3_0000_281,256,38007,1504
3_0000,3_0000_282,256,37662,1780
3_0000,3_0000_283,256,37251,2124
3_0000,3_0000_284,256,36909,1972
3_0000,3_0000_285,256,36450,1620
3_0000,3_0000_286,256,36027,1668
3_0000,3_0000_287,256,35661,1692
3_0000,3_0000_288,256,35211,1808
3_0000,3_0000_289,256,34752,1708
3_0000,3_0000_290,256,34413,1568
3_0000,3_0000_291,256,33987,1684
3_0000,3_0000_292,256,33534,1872
3_0000,3_0000_293,256,33126,2020
3_0000,3_0000_294,256,32775,2072
3_0000,3_0000_295,256,32340,1868
3_0000,3_0000_296,256,31998,1856
3_0000,3_0000_297,256,31596,1852
3_0000,3_0000_298,256,31257,1684
3_0000,3_0000_299,256,30870,1348
3_0000,3_0000_300,256,30435,1580
3_0000,3_0000_301,256,30009,1368
3_0000,3_0000_302,256,29574,1336
3_0000,3_0000_303,256,29061,1380
3_0000,3_0000_304,256,28611,1412
3_0000,3_0000_305,256,28149,1820
3_0000,3_0000_306,256,27654,1560
3_0000,3_0000_307,256,27162,1208
3_0000,3_0000_308,256,26565,1112
3_0000,3_0000_309,256,25962,1284
3_0000,3_0000_310,256,25419,1140
3_0000,3_0000_311,256,24816,1256
3_0000,3_0000_312,256,24285,1652
3_0000,3_0000_313,256,23784,1768
3_0000,3_0000_314,256,23253,1828
3_0000,3_0000_315,256,22719,1996
3_0000,3_0000_316,256,22200,1920
3_0000,3_0000_317,256,21702,1816
3_0000,3_0000_318,256,21093,1776
3_0000,3_0000_319,256,20514,1696
3_0000,3_0000_320,256,19986,1788
3_0000,3_0000_321,256,19362,1828
3_0000,3_0000_322,256,18861,1948
3_0000,3_0000_323,256,18342,1924
3_0000,3_0000_324,256,17832,1864
3_0000,3_0000_325,256,17265,1912
3_0000,3_0000_326,256,16752,1620
3_0000,3_0000_327,256,16227,1444
3_0000,3_0000_328,256,15717,1120
3_0000,3_0000_329,256,15138,1144
3_0000,3_0000_330,256,14694,1020
3_0000,3_0000_331,256,14268,796
3_0000,3_0000_332,256,13800,908
3_0000,3_0000_333,256,13104,824
3_0000,3_0000_334,256,12174,1032
3_0000,3_0000_335,256,11469,1088
3_0000,3_0000_336,256,10944,1384
3_0000,3_0000_337,256,10464,1164
3_0000,3_0000_338,256,9936,1352
3_0000,3_0000_339,256,9459,1184
3_0000,3_0000_340,256,8949,1060
3_0000,3_0000_341,256,8451,932
3_0000,3_0000_342,256,7920,1076
3_0000,3_0000_343,256,7458,1012
3_0000,3_0000_344,256,6987,848
3_0000,3_0000_345,256,6570,1092
3_0000,3_0000_346,256,6141,1060
3_0000,3_0000_347,256,5676,976
3_0000,3_0000_348,256,5217,872
3_0000,3_0000_349,256,4731,972
3_0000,3_0000_350,256,4137,1208
3_0000,3_0000_351,256,3612,1224
3_0000,3_0000_352,256,3126,1100
3_0000,3_0000_353,256,2568,852
3_0000,3_0000_354,256,1869,692
3_0000,3_0000_355,256,1302,544
3_0000,3_0000_356,256,336,240
3_0000,3_0000_357,256,0,0
3_0000,3_0000_358,256,0,0
3_0000,3_0000_359,256,0,0
3_0000,3_0000_360,256,0,0
3_0000,3_0000_361,256,0,0
3_0000,3_0000_362,256,0,0
3_0000,3_0000_363,256,0,0
3_0000,3_0000_364,256,0,0
3_0000,3_0000_365,256,0,0
3_0000,3_0000_366,256,0,0
3_0000,3_0000_367,256,0,0
3_0000,3_0000_368,256,0,0
3_0000,3_0000_369,256,0,0
3_0000,3_0000_370,256,0,0
3_0000,3_0000_371,256,0,0
3_0000,3_0000_372,256,0,0
3_0000,3_0000_373,256,0,0
3_0000,3_0000_374,256,0,0
3_0000,3_0000_375,256,0,0
3_0000,3_0000_376,256,0,0
5_0000,5_0000_000,256,0,0
5_0000,5_0000_001,256,0,0
5_0000,5_0000_002,256,0,0
5_0000,5_0000_003,256,0,0
5_0000,5_0000_004,256,0,0
5_0000,5_0000_005,256,0,0
5_0000,5_0000_006,256,0,0
5_0000,5_0000_007,256,0,0
5_0000,5_0000_008,256,0,0
5_0000,5_0000_009,256,0,0
5_0000,5_0000_010,256,0,0
5_0000,5_0000_011,256,0,0
5_0000,5_0000_012,256,0,0
5_0000,5_0000_013,256,0,0
5_0000,5_0000_014,256,0,0
5_0000,5_0000_015,256,0,0
5_0000,5_0000_016,256,0,0
5_0000,5_0000_017,256,0,0
5_0000,5_0000_018,256,0,0
5_0000,5_0000_019,256,0,0
5_0000,5_0000_020,256,0,0
5_0000,5_0000_021,256,0,0
5_0000,5_0000_022,256,0,0
5_0000,5_0000_023,256,0,0
5_0000,5_0000_024,256,0,0
5_0000,5_0000_025,256,0,0
5_0000,5_0000_026,256,0,0
5_0000,5_0000_027,256,0,0
5_0000,5_0000_028,256,0,0
5_0000,5_0000_029,256,0,0
5_0000,5_0000_030,256,0,0
5_0000,5_0000_031,256,0,0
5_0000,5_0000_032,256,0,0
5_0000,5_0000_033,256,0,0
5_0000,5_0000_034,256,0,0
5_0000,5_0000_035,256,0,0
5_0000,5_0000_036,256,0,0
5_0000,5_0000_037,256,9,0
5_0000,5_0000_038,256,42,0
5_0000,5_0000_039,256,57,0
5_0000,5_0000_040,256,147,28
5_0000,5_0000_041,256,231,132
5_0000,5_0000_042,256,327,200
5_0000,5_0000_043,256,372,216
5_0000,5_0000_044,256,435,252
5_0000,5_0000_045,256,537,288
5_0000,5_0000_046,256,714,380
5_0000,5_0000_047,256,849,452
5_0000,5_0000_048,256,987,464
5_0000,5_0000_049,256,1197,504
5_0000,5_0000_050,256,1302,532
5_0000,5_0000_051,256,1551,628
5_0000,5_0000_052,256,1767,724
5_0000,5_0000_053,256,1926,804
5_0000,5_0000_054,256,2220,944
5_0000,5_0000_055,256,2646,1052
5_0000,5_0000_056,256,2901,1164
5_0000,5_0000_057,256,3168,1204
5_0000,5_0000_058,256,3453,1356
5_0000,5_0000_059,256,3642,1344
5_0000,5_0000_060,256,3855,1396
5_0000,5_0000_061,256,4050,1484
5_0000,5_0000_062,256,4290,1600
5_0000,5_0000_063,256,4590,1664
5_0000,5_0000_064,256,4917,1788
5_0000,5_0000_065,256,5244,1952
5_0000,5_0000_066,256,5568,1996
5_0000,5_0000_067,256,5898,2128
5_0000,5_0000_068,256,6225,2228
5_0000,5_0000_069,256,6552,2264
5_0000,5_0000_070,256,6903,2284
5_0000,5_0000_071,256,7254,2444
5_0000,5_0000_072,256,7572,2596
5_0000,5_0000_073,256,8052,2824
5_0000,5_0000_074,256,8421,2952
5_0000,5_0000_075,256,8763,3088
5_0000,5_0000_076,256,9081,3224
5_0000,5_0000_077,256,9483,3292
5_0000,5_0000_078,256,9825,3340
5_0000,5_0000_079,256,10284,3164
5_0000,5_0000_080,256,10659,3248
5_0000,5_0000_081,256,11067,3512
5_0000,5_0000_082,256,11451,3800
5_0000,5_0000_083,256,11895,3984
5_0000,5_0000_084,256,12282,4124
5_0000,5_0000_085,256,12657,4136
5_0000,5_0000_086,256,12957,4196
5_0000,5_0000_087,256,13413,4204
5_0000,5_0000_088,256,13869,4372
5_0000,5_0000_089,256,14379,4592
5_0000,5_0000_090,256,14832,4716
5_0000,5_0000_091,256,15348,4804
5_0000,5_0000_092,256,15792,4880
5_0000,5_0000_093,256,16242,5168
5_0000,5_0000_094,256,16695,5296
5_0000,5_0000_095,256,17232,5356
5_0000,5_0000_096,256,17706,5376
5_0000,5_0000_097,256,18255,5124
5_0000,5_0000_098,256,18768,5224
5_0000,5_0000_099,256,19218,5404
5_0000,5_0000_100,256,19572,5668
5_0000,5_0000_101,256,20073,5736
5_0000,5_0000_102,256,20595,5720
5_0000,5_0000_103,256,21111,6168
5_0000,5_0000_104,256,21624,6248
5_0000,5_0000_105,256,22110,6548
5_0000,5_0000_106,256,22737,6432
5_0000,5_0000_107,256,23244,6504
5_0000,5_0000_108,256,23775,6404
5_0000,5_0000_109,256,24366,6512
5_0000,5_0000_110,256,24870,6792
5_0000,5_0000_111,256,25389,7188
5_0000,5_0000_112,256,26175,7032
5_0000,5_0000_113,256,26715,7028
5_0000,5_0000_114,256,27198,7644
5_0000,5_0000_115,256,27756,8020
5_0000,5_0000_116,256,28425,7880
5_0000,5_0000_117,256,29283,7296
5_0000,5_0000_118,256,29922,6632
5_0000,5_0000_119,256,30540,6272
5_0000,5_0000_120,256,31332,5748
5_0000,5_0000_121,256,32295,5068
5_0000,5_0000_122,256,33024,5708
5_0000,5_0000_123,256,33741,5548
5_0000,5_0000_124,256,34284,5540
5_0000,5_0000_125,256,34821,6088
5_0000,5_0000_126,256,35337,5884
5_0000,5_0000_127,256,35808,5604
5_0000,5_0000_128,256,36318,6236
5_0000,5_0000_129,256,36513,6640
5_0000,5_0000_130,256,36762,6600
5_0000,5_0000_131,256,36906,6528
5_0000,5_0000_132,256,37107,6868
5_0000,5_0000_133,256,37389,7056
5_0000,5_0000_134,256,37500,7116
5_0000,5_0000_135,256,37605,7500
5_0000,5_0000_136,256,37623,7868
5_0000,5_0000_137,256,37713,7644
5_0000,5_0000_138,256,37596,7600
5_0000,5_0000_139,256,37434,7904
5_0000,5_0000_140,256,37128,8036
5_0000,5_0000_141,256,36867,7968
5_0000,5_0000_142,256,36495,7372
5_0000,5_0000_143,256,36324,7348
5_0000,5_0000_144,256,36057,7756
5_0000,5_0000_145,256,35898,7912
5_0000,5_0000_146,256,35637,7704
5_0000,5_0000_147,256,35301,7072
5_0000,5_0000_148,256,35259,6468
5_0000,5_0000_149,256,34812,6688
5_0000,5_0000_150,256,34575,7116
5_0000,5_0000_151,256,34356,7336
5_0000,5_0000_152,256,34167,7192
5_0000,5_0000_153,256,34128,7304
5_0000,5_0000_154,256,34101,7172
5_0000,5_0000_155,256,34086,6848
5_0000,5_0000_156,256,34029,6644
5_0000,5_0000_157,256,33915,6632
5_0000,5_0000_158,256,33888,5976
5_0000,5_0000_159,256,33759,5832
5_0000,5_0000_160,256,33636,5624
5_0000,5_0000_161,256,33663,5744
5_0000,5_0000_162,256,33699,6104
5_0000,5_0000_163,256,33588,6348
5_0000,5_0000_164,256,33453,6236
5_0000,5_0000_165,256,33348,6252
5_0000,5_0000_166,256,33198,5976
5_0000,5_0000_167,256,33018,5616
5_0000,5_0000_168,256,32793,5276
5_0000,5_0000_169,256,32634,5140
5_0000,5_0000_170,256,32346,5092
5_0000,5_0000_171,256,32184,4988
5_0000,5_0000_172,256,32025,5096
5_0000,5_0000_173,256,32079,4984
5_0000,5_0000_174,256,31896,4568
5_0000,5_0000_175,256,32040,4192
5_0000,5_0000_176,256,31896,4636
5_0000,5_0000_177,256,31770,4916
5_0000,5_0000_178,256,31731,5396
5_0000,5_0000_179,256,31668,6072
5_0000,5_0000_180,256,31554,6220
5_0000,5_0000_181,256,31566,6008
5_0000,5_0000_182,256,31482,5904
5_0000,5_0000_183,256,31338,5108
5_0000,5_0000_184,256,31245,4732
5_0000,5_0000_185,256,31164,4768
5_0000,5_0000_186,256,31077,4748
5_0000,5_0000_187,256,31098,4240
5_0000,5_0000_188,256,30936,3332
5_0000,5_0000_189,256,30939,3172
5_0000,5_0000_190,256,30924,3320
5_0000,5_0000_191,256,30999,3336
5_0000,5_0000_192,256,30891,2848
5_0000,5_0000_193,256,30834,2728
5_0000,5_0000_194,256,30732,2976
5_0000,5_0000_195,256,30753,3072
5_0000,5_0000_196,256,30891,2972
5_0000,5_0000_197,256,31098,3300
5_0000,5_0000_198,256,31281,3832
5_0000,5_0000_199,256,31215,3864
5_0000,5_0000_200,256,31152,3620
5_0000,5_0000_201,256,31188,3604
5_0000,5_0000_202,256,31206,3536
5_0000,5_0000_203,256,31284,3192
5_0000,5_0000_204,256,31317,3328
5_0000,5_0000_205,256,31326,3180
5_0000,5_0000_206,256,31386,2924
5_0000,5_0000_207,256,31425,3364
5_0000,5_0000_208,256,31578,3328
5_0000,5_0000_209,256,31527,3524
5_0000,5_0000_210,256,31467,3300
5_0000,5_0000_211,256,31710,3424
5_0000,5_0000_212,256,31659,3860
5_0000,5_0000_213,256,31806,3752
5_0000,5_0000_214,256,31788,3884
5_0000,5_0000_215,256,31788,3744
5_0000,5_0000_216,256,31800,3928
5_0000,5_0000_217,256,31821,4388
5_0000,5_0000_218,256,31896,4036
5_0000,5_0000_219,256,31863,3704
5_0000,5_0000_220,256,31827,3416
5_0000,5_0000_221,256,31815,2800
5_0000,5_0000_222,256,31764,2492
5_0000,5_0000_223,256,31779,2640
5_0000,5_0000_224,256,31863,2844
5_0000,5_0000_225,256,31893,2828
5_0000,5_0000_226,256,31998,2976
5_0000,5_0000_227,256,32061,3072
5_0000,5_0000_228,256,32070,2712
5_0000,5_0000_229,256,31977,2692
5_0000,5_0000_230,256,31872,2980
5_0000,5_0000_231,256,31881,2724
5_0000,5_0000_232,256,31887,2324
5_0000,5_0000_233,256,31872,2424
5_0000,5_0000_234,256,31827,2200
5_0000,5_0000_235,256,31821,2060
5_0000,5_0000_236,256,31911,1992
5_0000,5_0000_237,256,31860,1776
5_0000,5_0000_238,256,31728,1660
5_0000,5_0000_239,256,31707,1452
5_0000,5_0000_240,256,31596,1400
5_0000,5_0000_241,256,31593,1372
5_0000,5_0000_242,256,31485,1284
5_0000,5_0000_243,256,31395,1360
5_0000,5_0000_244,256,31353,1440
5_0000,5_0000_245,256,31350,1544
5_0000,5_0000_246,256,31329,1356
5_0000,5_0000_247,256,31281,1468
5_0000,5_0000_248,256,31314,1504
5_0000,5_0000_249,256,31299,1808
5_0000,5_0000_250,256,31206,1912
5_0000,5_0000_251,256,31176,1888
5_0000,5_0000_252,256,31191,2092
5_0000,5_0000_253,256,31242,2304
5_0000,5_0000_254,256,31212,2592
5_0000,5_0000_255,256,31128,2252
5_0000,5_0000_256,256,31113,1852
5_0000,5_0000_257,256,31053,1704
5_0000,5_0000_258,256,31050,1144
5_0000,5_0000_259,256,31020,1080
5_0000,5_0000_260,256,31083,928
5_0000,5_0000_261,256,30963,1272
5_0000,5_0000_262,256,30873,1248
5_0000,5_0000_263,256,30723,1644
5_0000,5_0000_264,256,30546,1500
5_0000,5_0000_265,256,30417,1432
5_0000,5_0000_266,256,30294,1604
5_0000,5_0000_267,256,30219,1768
5_0000,5_0000_268,256,30099,2240
5_0000,5_0000_269,256,29940,2340
5_0000,5_0000_270,256,29796,2420
5_0000,5_0000_271,256,29745,2596
5_0000,5_0000_272,256,29568,2600
5_0000,5_0000_273,256,29409,2456
5_0000,5_0000_274,256,29349,2480
5_0000,5_0000_275,256,29217,2208
5_0000,5_0000_276,256,29172,1796
5_0000,5_0000_277,256,29142,1752
5_0000,5_0000_278,256,29049,1804
5_0000,5_0000_279,256,28980,1704
5_0000,5_0000_280,256,28869,1612
5_0000,5_0000_281,256,28770,1876
5_0000,5_0000_282,256,28689,1756
5_0000,5_0000_283,256,28644,2096
5_0000,5_0000_284,256,28608,2296
5_0000,5_0000_285,256,28527,2420
5_0000,5_0000_286,256,28404,2360
5_0000,5_0000_287,256,28323,2560
5_0000,5_0000_288,256,28206,2436
5_0000,5_0000_289,256,28065,2532
5_0000,5_0000_290,256,27969,2724
5_0000,5_0000_291,256,27840,2612
5_0000,5_0000_292,256,27672,2532
5_0000,5_0000_293,256,27486,2620
5_0000,5_0000_294,256,27357,2464
5_0000,5_0000_295,256,27216,2460
5_0000,5_0000_296,256,26973,2672
5_0000,5_0000_297,256,26754,2764
5_0000,5_0000_298,256,26565,2492
5_0000,5_0000_299,256,26349,2316
5_0000,5_0000_300,256,26151,2548
5_0000,5_0000_301,256,25959,2524
5_0000,5_0000_302,256,25743,2436
5_0000,5_0000_303,256,25476,2484
5_0000,5_0000_304,256,25203,2372
5_0000,5_0000_305,256,24987,2308
5_0000,5_0000_306,256,24708,2244
5_0000,5_0000_307,256,24450,2060
5_0000,5_0000_308,256,24210,1940
5_0000,5_0000_309,256,23937,1900
5_0000,5_0000_310,256,23703,1768
5_0000,5_0000_311,256,23358,1680
5_0000,5_0000_312,256,23043,1540
5_0000,5_0000_313,256,22746,1512
5_0000,5_0000_314,256,22440,1520
5_0000,5_0000_315,256,22107,1380
5_0000,5_0000_316,256,21723,1332
5_0000,5_0000_317,256,21309,1344
5_0000,5_0000_318,256,20946,1560
5_0000,5_0000_319,256,20658,1604
5_0000,5_0000_320,256,20211,1616
5_0000,5_0000_321,256,19806,1508
5_0000,5_0000_322,256,19389,1428
5_0000,5_0000_323,256,19020,1324
5_0000,5_0000_324,256,18630,1224
5_0000,5_0000_325,256,18222,1204
5_0000,5_0000_326,256,17751,1160
5_0000,5_0000_327,256,17355,1120
5_0000,5_0000_328,256,16989,984
5_0000,5_0000_329,256,16482,1020
5_0000,5_0000_330,256,15993,1264
5_0000,5_0000_331,256,15567,1024
5_0000,5_0000_332,256,15003,1216
5_0000,5_0000_333,256,14592,1264
5_0000,5_0000_334,256,14196,1432
5_0000,5_0000_335,256,13761,1536
5_0000,5_0000_336,256,13347,1400
5_0000,5_0000_337,256,12879,1404
5_0000,5_0000_338,256,12435,1332
5_0000,5_0000_339,256,12057,1192
5_0000,5_0000_340,256,11622,1220
5_0000,5_0000_341,256,11175,1244
5_0000,5_0000_342,256,10707,1232
5_0000,5_0000_343,256,10230,1156
5_0000,5_0000_344,256,9792,1056
5_0000,5_0000_345,256,9312,1008
5_0000,5_0000_346,256,8784,1048
5_0000,5_0000_347,256,8346,1120
5_0000,5_0000_348,256,7854,1056
5_0000,5_0000_349,256,7485,996
5_0000,5_0000_350,256,7128,944
5_0000,5_0000_351,256,6780,884
5_0000,5_0000_352,256,6444,868
5_0000,5_0000_353,256,6057,712
5_0000,5_0000_354,256,5670,676
5_0000,5_0000_355,256,5292,680
5_0000,5_0000_356,256,4881,576
5_0000,5_0000_357,256,4518,480
5_0000,5_0000_358,256,4122,448
5_0000,5_0000_359,256,3735,496
5_0000,5_0000_360,256,3282,968
5_0000,5_0000_361,256,2901,1116
5_0000,5_0000_362,256,2553,976
5_0000,5_0000_363,256,2322,904
5_0000,5_0000_364,256,2064,828
5_0000,5_0000_365,256,1875,784
5_0000,5_0000_366,256,1665,696
5_0000,5_0000_367,256,1488,648
5_0000,5_0000_368,256,1308,584
5_0000,5_0000_369,256,1152,504
5_0000,5_0000_370,256,993,468
5_0000,5_0000_371,256,846,396
5_0000,5_0000_372,256,693,340
5_0000,5_0000_373,256,561,272
5_0000,5_0000_374,256,450,232
5_0000,5_0000_375,256,291,168
5_0000,5_0000_376,256,156,100
5_0000,5_0000_377,256,0,0
5_0000,5_0000_378,256,0,0
5_0000,5_0000_379,256,0,0
5_0000,5_0000_380,256,0,0
5_0000,5_0000_381,256,0,0
5_0000,5_0000_382,256,0,0
5_0000,5_0000_383,256,0,0
5_0000,5_0000_384,256,0,0
5_0000,5_0000_385,256,0,0
5_0000,5_0000_386,256,0,0
5_0000,5_0000_387,256,0,0
5_0000,5_0000_388,256,0,0
5_0000,5_0000_389,256,0,0
5_0000,5_0000_390,256,0,0
5_0000,5_0000_391,256,0,0
5_0000,5_0000_392,256,0,0
5_0000,5_0000_393,256,0,0
5_0000,5_0000_394,256,0,0
5_0000,5_0000_395,256,0,0
5_0000,5_0000_396,256,0,0
AIIB23_145_0000,AIIB23_145_0000_000,256,0,0
AIIB23_145_0000,AIIB23_145_0000_001,256,0,0
AIIB23_145_0000,AIIB23_145_0000_002,256,0,0
AIIB23_145_0000,AIIB23_145_0000_003,256,0,0
AIIB23_145_0000,AIIB23_145_0000_004,256,0,0
AIIB23_145_0000,AIIB23_145_0000_005,256,0,0
AIIB23_145_0000,AIIB23_145_0000_006,256,0,0
AIIB23_145_0000,AIIB23_145_0000_007,256,0,0
AIIB23_145_0000,AIIB23_145_0000_008,256,0,0
AIIB23_145_0000,AIIB23_145_0000_009,256,0,0
AIIB23_145_0000,AIIB23_145_0000_010,256,0,0
AIIB23_145_0000,AIIB23_145_0000_011,256,0,0
AIIB23_145_0000,AIIB23_145_0000_012,256,0,0
AIIB23_145_0000,AIIB23_145_0000_013,256,0,0
AIIB23_145_0000,AIIB23_145_0000_014,256,0,0
AIIB23_145_0000,AIIB23_145_0000_015,256,0,0
AIIB23_145_0000,AIIB23_145_0000_016,256,0,0
AIIB23_145_0000,AIIB23_145_0000_017,256,0,0
AIIB23_145_0000,AIIB23_145_0000_018,256,0,0
AIIB23_145_0000,AIIB23_145_0000_019,256,0,0
AIIB23_145_0000,AIIB23_145_0000_020,256,0,0
AIIB23_145_0000,AIIB23_145_0000_021,256,0,0
AIIB23_145_0000,AIIB23_145_0000_022,256,0,0
AIIB23_145_0000,AIIB23_145_0000_023,256,0,0
AIIB23_145_0000,AIIB23_145_0000_024,256,0,0
AIIB23_145_0000,AIIB23_145_0000_025,256,0,0
AIIB23_145_0000,AIIB23_145_0000_026,256,0,0
AIIB23_145_0000,AIIB23_145_0000_027,256,0,0
AIIB23_145_0000,AIIB23_145_0000_028,256,0,0
AIIB23_145_0000,AIIB23_145_0000_029,256,0,0
AIIB23_145_0000,AIIB23_145_0000_030,256,0,0
AIIB23_145_0000,AIIB23_145_0000_031,256,0,0
AIIB23_145_0000,AIIB23_145_0000_032,256,0,0
AIIB23_145_0000,AIIB23_145_0000_033,256,0,0
AIIB23_145_0000,AIIB23_145_0000_034,256,0,0
AIIB23_145_0000,AIIB23_145_0000_035,256,0,0
AIIB23_145_0000,AIIB23_145_0000_036,256,0,0
AIIB23_145_0000,AIIB23_145_0000_037,256,105,0
AIIB23_145_0000,AIIB23_145_0000_038,256,279,44
AIIB23_145_0000,AIIB23_145_0000_039,256,441,44
AIIB23_145_0000,AIIB23_145_0000_040,256,918,324
AIIB23_145_0000,AIIB23_145_0000_041,256,1365,384
AIIB23_145_0000,AIIB23_145_0000_042,256,1839,704
AIIB23_145_0000,AIIB23_145_0000_043,256,2409,980
AIIB23_145_0000,AIIB23_145_0000_044,256,2574,1000
AIIB23_145_0000,AIIB23_145_0000_045,256,3258,1404
AIIB23_145_0000,AIIB23_145_0000_046,256,4152,1816
AIIB23_145_0000,AIIB23_145_0000_047,256,6951,1844
AIIB23_145_0000,AIIB23_145_0000_048,256,9801,3164
AIIB23_145_0000,AIIB23_145_0000_049,256,12279,4052
AIIB23_145_0000,AIIB23_145_0000_050,256,14421,4124
AIIB23_145_0000,AIIB23_145_0000_051,256,15162,5212
AIIB23_145_0000,AIIB23_145_0000_052,256,15516,5196
AIIB23_145_0000,AIIB23_145_0000_053,256,16389,4928
AIIB23_145_0000,AIIB23_145_0000_054,256,17805,5036
AIIB23_145_0000,AIIB23_145_0000_055,256,19188,5588
AIIB23_145_0000,AIIB23_145_0000_056,256,20565,5416
AIIB23_145_0000,AIIB23_145_0000_057,256,22002,6488
AIIB23_145_0000,AIIB23_145_0000_058,256,23385,7156
AIIB23_145_0000,AIIB23_145_0000_059,256,24972,7508
AIIB23_145_0000,AIIB23_145_0000_060,256,26925,6844
AIIB23_145_0000,AIIB23_145_0000_061,256,28602,5456
AIIB23_145_0000,AIIB23_145_0000_062,256,30384,5748
AIIB23_145_0000,AIIB23_145_0000_063,256,31545,5544
AIIB23_145_0000,AIIB23_145_0000_064,256,31590,5220
AIIB23_145_0000,AIIB23_145_0000_065,256,31779,3564
AIIB23_145_0000,AIIB23_145_0000_066,256,31935,3880
AIIB23_145_0000,AIIB23_145_0000_067,256,31812,3776
AIIB23_145_0000,AIIB23_145_0000_068,256,31986,3736
AIIB23_145_0000,AIIB23_145_0000_069,256,32013,3972
AIIB23_145_0000,AIIB23_145_0000_070,256,31968,4548
AIIB23_145_0000,AIIB23_145_0000_071,256,32463,4816
AIIB23_145_0000,AIIB23_145_0000_072,256,32937,6288
AIIB23_145_0000,AIIB23_145_0000_073,256,33198,6180
AIIB23_145_0000,AIIB23_145_0000_074,256,32823,5480
AIIB23_145_0000,AIIB23_145_0000_075,256,32562,5084
AIIB23_145_0000,AIIB23_145_0000_076,256,32991,4832
AIIB23_145_0000,AIIB23_145_0000_077,256,32958,5072
AIIB23_145_0000,AIIB23_145_0000_078,256,33135,5188
AIIB23_145_0000,AIIB23_145_0000_079,256,33396,4656
AIIB23_145_0000,AIIB23_145_0000_080,256,34128,4480
AIIB23_145_0000,AIIB23_145_0000_081,256,34452,4648
AIIB23_145_0000,AIIB23_145_0000_082,256,34179,5968
AIIB23_145_0000,AIIB23_145_0000_083,256,34104,6356
AIIB23_145_0000,AIIB23_145_0000_084,256,34098,6896
AIIB23_145_0000,AIIB23_145_0000_085,256,33714,7312
AIIB23_145_0000,AIIB23_145_0000_086,256,33237,8096
AIIB23_145_0000,AIIB23_145_0000_087,256,32640,8472
AIIB23_145_0000,AIIB23_145_0000_088,256,31983,8848
AIIB23_145_0000,AIIB23_145_0000_089,256,31509,9300
AIIB23_145_0000,AIIB23_145_0000_090,256,30588,9056
AIIB23_145_0000,AIIB23_145_0000_091,256,30153,7768
AIIB23_145_0000,AIIB23_145_0000_092,256,30084,8312
AIIB23_145_0000,AIIB23_145_0000_093,256,29472,8480
AIIB23_145_0000,AIIB23_145_0000_094,256,28782,7268
AIIB23_145_0000,AIIB23_145_0000_095,256,27915,6992
AIIB23_145_0000,AIIB23_145_0000_096,256,27192,7104
AIIB23_145_0000,AIIB23_145_0000_097,256,26673,7140
AIIB23_145_0000,AIIB23_145_0000_098,256,26370,6848
AIIB23_145_0000,AIIB23_145_0000_099,256,25884,6584
AIIB23_145_0000,AIIB23_145_0000_100,256,25158,7108
AIIB23_145_0000,AIIB23_145_0000_101,256,24417,6336
AIIB23_145_0000,AIIB23_145_0000_102,256,23733,5736
AIIB23_145_0000,AIIB23_145_0000_103,256,22938,4432
AIIB23_145_0000,AIIB23_145_0000_104,256,22044,4016
AIIB23_145_0000,AIIB23_145_0000_105,256,20766,4324
AIIB23_145_0000,AIIB23_145_0000_106,256,19479,3384
AIIB23_145_0000,AIIB23_145_0000_107,256,18486,3284
AIIB23_145_0000,AIIB23_145_0000_108,256,17625,3228
AIIB23_145_0000,AIIB23_145_0000_109,256,16656,3268
AIIB23_145_0000,AIIB23_145_0000_110,256,15696,3460
AIIB23_145_0000,AIIB23_145_0000_111,256,14781,3180
AIIB23_145_0000,AIIB23_145_0000_112,256,13971,3184
AIIB23_145_0000,AIIB23_145_0000_113,256,13149,2412
AIIB23_145_0000,AIIB23_145_0000_114,256,12381,1880
AIIB23_145_0000,AIIB23_145_0000_115,256,11709,2124
AIIB23_145_0000,AIIB23_145_0000_116,256,10992,2848
AIIB23_145_0000,AIIB23_145_0000_117,256,10140,2668
AIIB23_145_0000,AIIB23_145_0000_118,256,9129,2552
AIIB23_145_0000,AIIB23_145_0000_119,256,8256,2308
AIIB23_145_0000,AIIB23_145_0000_120,256,7365,1928
AIIB23_145_0000,AIIB23_145_0000_121,256,6417,1568
AIIB23_145_0000,AIIB23_145_0000_122,256,5526,1564
AIIB23_145_0000,AIIB23_145_0000_123,256,4566,1332
AIIB23_145_0000,AIIB23_145_0000_124,256,3513,1080
AIIB23_145_0000,AIIB23_145_0000_125,256,2268,896
AIIB23_145_0000,AIIB23_145_0000_126,256,1743,740
AIIB23_145_0000,AIIB23_145_0000_127,256,1260,556
AIIB23_145_0000,AIIB23_145_0000_128,256,795,392
AIIB23_145_0000,AIIB23_145_0000_129,256,267,152
AIIB23_145_0000,AIIB23_145_0000_130,256,0,0
AIIB23_145_0000,AIIB23_145_0000_131,256,0,0
AIIB23_145_0000,AIIB23_145_0000_132,256,0,0
AIIB23_145_0000,AIIB23_145_0000_133,256,0,0
AIIB23_145_0000,AIIB23_145_0000_134,256,0,0
AIIB23_145_0000,AIIB23_145_0000_135,256,0,0
AIIB23_145_0000,AIIB23_145_0000_136,256,0,0
AIIB23_145_0000,AIIB23_145_0000_137,256,0,0
AIIB23_145_0000,AIIB23_145_0000_138,256,0,0
AIIB23_145_0000,AIIB23_145_0000_139,256,0,0
AIIB23_145_0000,AIIB23_145_0000_140,256,0,0
AIIB23_145_0000,AIIB23_145_0000_141,256,0,0
AIIB23_145_0000,AIIB23_145_0000_142,256,0,0
AIIB23_145_0000,AIIB23_145_0000_143,256,0,0
AIIB23_145_0000,AIIB23_145_0000_144,256,0,0
AIIB23_145_0000,AIIB23_145_0000_145,256,0,0
AIIB23_146_0000,AIIB23_146_0000_000,256,0,0
AIIB23_146_0000,AIIB23_146_0000_001,256,0,0
AIIB23_146_0000,AIIB23_146_0000_002,256,0,0
AIIB23_146_0000,AIIB23_146_0000_003,256,0,0
AIIB23_146_0000,AIIB23_146_0000_004,256,0,0
AIIB23_146_0000,AIIB23_146_0000_005,256,0,0
AIIB23_146_0000,AIIB23_146_0000_006,256,0,0
AIIB23_146_0000,AIIB23_146_0000_007,256,0,0
AIIB23_146_0000,AIIB23_146_0000_008,256,0,0
AIIB23_146_0000,AIIB23_146_0000_009,256,0,0
AIIB23_146_0000,AIIB23_146_0000_010,256,0,0
AIIB23_146_0000,AIIB23_146_0000_011,256,0,0
AIIB23_146_0000,AIIB23_146_0000_012,256,0,0
AIIB23_146_0000,AIIB23_146_0000_013,256,0,0
AIIB23_146_0000,AIIB23_146_0000_014,256,0,0
AIIB23_146_0000,AIIB23_146_0000_015,256,0,0
AIIB23_146_0000,AIIB23_146_0000_016,256,0,0
AIIB23_146_0000,AIIB23_146_0000_017,256,0,0
AIIB23_146_0000,AIIB23_146_0000_018,256,0,0
AIIB23_146_0000,AIIB23_146_0000_019,256,0,0
AIIB23_146_0000,AIIB23_146_0000_020,256,0,0
AIIB23_146_0000,AIIB23_146_0000_021,256,0,0
AIIB23_146_0000,AIIB23_146_0000_022,256,0,0
AIIB23_146_0000,AIIB23_146_0000_023,256,3,0
AIIB23_146_0000,AIIB23_146_0000_024,256,45,0
AIIB23_146_0000,AIIB23_146_0000_025,256,129,36
AIIB23_146_0000,AIIB23_146_0000_026,256,270,132
AIIB23_146_0000,AIIB23_146_0000_027,256,504,192
AIIB23_146_0000,AIIB23_146_0000_028,256,636,240
AIIB23_146_0000,AIIB23_146_0000_029,256,807,308
AIIB23_146_0000,AIIB23_146_0000_030,256,975,348
AIIB23_146_0000,AIIB23_146_0000_031,256,1170,540
AIIB23_146_0000,AIIB23_146_0000_032,256,1350,556
AIIB23_146_0000,AIIB23_146_0000_033,256,1491,636
AIIB23_146_0000,AIIB23_146_0000_034,256,1620,720
AIIB23_146_0000,AIIB23_146_0000_035,256,1722,744
AIIB23_146_0000,AIIB23_146_0000_036,256,1932,808
AIIB23_146_0000,AIIB23_146_0000_037,256,2127,856
AIIB23_146_0000,AIIB23_146_0000_038,256,2256,908
AIIB23_146_0000,AIIB23_146_0000_039,256,2325,952
AIIB23_146_0000,AIIB23_146_0000_040,256,2508,1012
AIIB23_146_0000,AIIB23_146_0000_041,256,2745,1116
AIIB23_146_0000,AIIB23_146_0000_042,256,3078,1208
AIIB23_146_0000,AIIB23_146_0000_043,256,3237,1180
AIIB23_146_0000,AIIB23_146_0000_044,256,3291,1192
AIIB23_146_0000,AIIB23_146_0000_045,256,3597,1320
AIIB23_146_0000,AIIB23_146_0000_046,256,3675,1356
AIIB23_146_0000,AIIB23_146_0000_047,256,3924,1404
AIIB23_146_0000,AIIB23_146_0000_048,256,4257,1524
AIIB23_146_0000,AIIB23_146_0000_049,256,4500,1440
AIIB23_146_0000,AIIB23_146_0000_050,256,4698,1500
AIIB23_146_0000,AIIB23_146_0000_051,256,4836,1552
AIIB23_146_0000,AIIB23_146_0000_052,256,4989,1628
AIIB23_146_0000,AIIB23_146_0000_053,256,5241,1644
AIIB23_146_0000,AIIB23_146_0000_054,256,5583,1716
AIIB23_146_0000,AIIB23_146_0000_055,256,5862,1792
AIIB23_146_0000,AIIB23_146_0000_056,256,6138,1856
AIIB23_146_0000,AIIB23_146_0000_057,256,6441,1940
AIIB23_146_0000,AIIB23_146_0000_058,256,6693,2012
AIIB23_146_0000,AIIB23_146_0000_059,256,6978,1912
AIIB23_146_0000,AIIB23_146_0000_060,256,7260,1848
AIIB23_146_0000,AIIB23_146_0000_061,256,7518,2028
AIIB23_146_0000,AIIB23_146_0000_062,256,7833,2160
AIIB23_146_0000,AIIB23_146_0000_063,256,8199,2256
AIIB23_146_0000,AIIB23_146_0000_064,256,8538,2356
AIIB23_146_0000,AIIB23_146_0000_065,256,8892,2408
AIIB23_146_0000,AIIB23_146_0000_066,256,9240,2480
AIIB23_146_0000,AIIB23_146_0000_067,256,9486,2184
AIIB23_146_0000,AIIB23_146_0000_068,256,9924,2164
AIIB23_146_0000,AIIB23_146_0000_069,256,10314,2108
AIIB23_146_0000,AIIB23_146_0000_070,256,10728,2604
AIIB23_146_0000,AIIB23_146_0000_071,256,11169,2764
AIIB23_146_0000,AIIB23_146_0000_072,256,11547,2784
AIIB23_146_0000,AIIB23_146_0000_073,256,11844,2828
AIIB23_146_0000,AIIB23_146_0000_074,256,12132,2564
AIIB23_146_0000,AIIB23_146_0000_075,256,12543,2756
AIIB23_146_0000,AIIB23_146_0000_076,256,12855,2744
AIIB23_146_0000,AIIB23_146_0000_077,256,13230,2840
AIIB23_146_0000,AIIB23_146_0000_078,256,13614,2584
AIIB23_146_0000,AIIB23_146_0000_079,256,14016,2888
AIIB23_146_0000,AIIB23_146_0000_080,256,14400,3116
AIIB23_146_0000,AIIB23_146_0000_081,256,14865,3080
AIIB23_146_0000,AIIB23_146_0000_082,256,15303,3292
AIIB23_146_0000,AIIB23_146_0000_083,256,15696,3420
AIIB23_146_0000,AIIB23_146_0000_084,256,16050,3632
AIIB23_146_0000,AIIB23_146_0000_085,256,16389,3636
AIIB23_146_0000,AIIB23_146_0000_086,256,16842,3868
AIIB23_146_0000,AIIB23_146_0000_087,256,17277,4056
AIIB23_146_0000,AIIB23_146_0000_088,256,17730,3972
AIIB23_146_0000,AIIB23_146_0000_089,256,18171,4152
AIIB23_146_0000,AIIB23_146_0000_090,256,18705,4012
AIIB23_146_0000,AIIB23_146_0000_091,256,19218,4132
AIIB23_146_0000,AIIB23_146_0000_092,256,19854,4360
AIIB23_146_0000,AIIB23_146_0000_093,256,20289,4720
AIIB23_146_0000,AIIB23_146_0000_094,256,20817,5120
AIIB23_146_0000,AIIB23_146_0000_095,256,21210,5444
AIIB23_146_0000,AIIB23_146_0000_096,256,21636,5376
AIIB23_146_0000,AIIB23_146_0000_097,256,22053,5308
AIIB23_146_0000,AIIB23_146_0000_098,256,22470,5208
AIIB23_146_0000,AIIB23_146_0000_099,256,23082,4840
AIIB23_146_0000,AIIB23_146_0000_100,256,23568,4384
AIIB23_146_0000,AIIB23_146_0000_101,256,24108,4096
AIIB23_146_0000,AIIB23_146_0000_102,256,24645,3764
AIIB23_146_0000,AIIB23_146_0000_103,256,25353,4240
AIIB23_146_0000,AIIB23_146_0000_104,256,25923,4704
AIIB23_146_0000,AIIB23_146_0000_105,256,26241,4296
AIIB23_146_0000,AIIB23_146_0000_106,256,26742,3836
AIIB23_146_0000,AIIB23_146_0000_107,256,27060,3348
AIIB23_146_0000,AIIB23_146_0000_108,256,27498,2388
AIIB23_146_0000,AIIB23_146_0000_109,256,28122,2548
AIIB23_146_0000,AIIB23_146_0000_110,256,28578,2796
AIIB23_146_0000,AIIB23_146_0000_111,256,28911,2552
AIIB23_146_0000,AIIB23_146_0000_112,256,29433,2020
AIIB23_146_0000,AIIB23_146_0000_113,256,30090,2432
AIIB23_146_0000,AIIB23_146_0000_114,256,30522,1888
AIIB23_146_0000,AIIB23_146_0000_115,256,31047,1568
AIIB23_146_0000,AIIB23_146_0000_116,256,31650,1544
AIIB23_146_0000,AIIB23_146_0000_117,256,32262,1264
AIIB23_146_0000,AIIB23_146_0000_118,256,32907,604
AIIB23_146_0000,AIIB23_146_0000_119,256,33600,936
AIIB23_146_0000,AIIB23_146_0000_120,256,34365,1236
AIIB23_146_0000,AIIB23_146_0000_121,256,35220,1432
AIIB23_146_0000,AIIB23_146_0000_122,256,35937,1552
AIIB23_146_0000,AIIB23_146_0000_123,256,36813,1780
AIIB23_146_0000,AIIB23_146_0000_124,256,37671,2460
AIIB23_146_0000,AIIB23_146_0000_125,256,38328,2636
AIIB23_146_0000,AIIB23_146_0000_126,256,39198,2828
AIIB23_146_0000,AIIB23_146_0000_127,256,40302,3720
AIIB23_146_0000,AIIB23_146_0000_128,256,41652,3700
AIIB23_146_0000,AIIB23_146_0000_129,256,42612,3564
AIIB23_146_0000,AIIB23_146_0000_130,256,43530,2724
AIIB23_146_0000,AIIB23_146_0000_131,256,44475,3780
AIIB23_146_0000,AIIB23_146_0000_132,256,45090,3580
AIIB23_146_0000,AIIB23_146_0000_133,256,45495,2452
AIIB23_146_0000,AIIB23_146_0000_134,256,45822,3240
AIIB23_146_0000,AIIB23_146_0000_135,256,45783,4036
AIIB23_146_0000,AIIB23_146_0000_136,256,46602,4040
AIIB23_146_0000,AIIB23_146_0000_137,256,46398,4288
AIIB23_146_0000,AIIB23_146_0000_138,256,46047,4764
AIIB23_146_0000,AIIB23_146_0000_139,256,45972,5116
AIIB23_146_0000,AIIB23_146_0000_140,256,45756,4948
AIIB23_146_0000,AIIB23_146_0000_141,256,45411,4528
AIIB23_146_0000,AIIB23_146_0000_142,256,45144,4632
AIIB23_146_0000,AIIB23_146_0000_143,256,44961,4780
AIIB23_146_0000,AIIB23_146_0000_144,256,44712,5072
AIIB23_146_0000,AIIB23_146_0000_145,256,44475,5000
AIIB23_146_0000,AIIB23_146_0000_146,256,44199,4880
AIIB23_146_0000,AIIB23_146_0000_147,256,43731,4668
AIIB23_146_0000,AIIB23_146_0000_148,256,43344,4440
AIIB23_146_0000,AIIB23_146_0000_149,256,42933,4268
AIIB23_146_0000,AIIB23_146_0000_150,256,42615,4572
AIIB23_146_0000,AIIB23_146_0000_151,256,42177,4628
AIIB23_146_0000,AIIB23_146_0000_152,256,41751,4496
AIIB23_146_0000,AIIB23_146_0000_153,256,41322,3672
AIIB23_146_0000,AIIB23_146_0000_154,256,40989,3236
AIIB23_146_0000,AIIB23_146_0000_155,256,40725,3092
AIIB23_146_0000,AIIB23_146_0000_156,256,40458,2856
AIIB23_146_0000,AIIB23_146_0000_157,256,40047,2684
AIIB23_146_0000,AIIB23_146_0000_158,256,39657,3064
AIIB23_146_0000,AIIB23_146_0000_159,256,39378,3564
AIIB23_146_0000,AIIB23_146_0000_160,256,39090,3660
AIIB23_146_0000,AIIB23_146_0000_161,256,38940,3312
AIIB23_146_0000,AIIB23_146_0000_162,256,38841,2964
AIIB23_146_0000,AIIB23_146_0000_163,256,38658,2688
AIIB23_146_0000,AIIB23_146_0000_164,256,38379,2640
AIIB23_146_0000,AIIB23_146_0000_165,256,38226,2876
AIIB23_146_0000,AIIB23_146_0000_166,256,37983,2444
AIIB23_146_0000,AIIB23_146_0000_167,256,37644,2196
AIIB23_146_0000,AIIB23_146_0000_168,256,37347,1884
AIIB23_146_0000,AIIB23_146_0000_169,256,37032,1768
AIIB23_146_0000,AIIB23_146_0000_170,256,36726,1896
AIIB23_146_0000,AIIB23_146_0000_171,256,36369,2268
AIIB23_146_0000,AIIB23_146_0000_172,256,35982,2988
AIIB23_146_0000,AIIB23_146_0000_173,256,35337,3348
AIIB23_146_0000,AIIB23_146_0000_174,256,34941,3088
AIIB23_146_0000,AIIB23_146_0000_175,256,34731,3704
AIIB23_146_0000,AIIB23_146_0000_176,256,34635,4760
AIIB23_146_0000,AIIB23_146_0000_177,256,34545,4864
AIIB23_146_0000,AIIB23_146_0000_178,256,34344,4444
AIIB23_146_0000,AIIB23_146_0000_179,256,34065,4672
AIIB23_146_0000,AIIB23_146_0000_180,256,33840,4996
AIIB23_146_0000,AIIB23_146_0000_181,256,33693,5108
AIIB23_146_0000,AIIB23_146_0000_182,256,33474,5296
AIIB23_146_0000,AIIB23_146_0000_183,256,33198,5244
AIIB23_146_0000,AIIB23_146_0000_184,256,33144,5344
AIIB23_146_0000,AIIB23_146_0000_185,256,32925,5388
AIIB23_146_0000,AIIB23_146_0000_186,256,32943,4760
AIIB23_146_0000,AIIB23_146_0000_187,256,32850,4356
AIIB23_146_0000,AIIB23_146_0000_188,256,32709,4060
AIIB23_146_0000,AIIB23_146_0000_189,256,32277,3532
AIIB23_146_0000,AIIB23_146_0000_190,256,31980,3340
AIIB23_146_0000,AIIB23_146_0000_191,256,31689,3648
AIIB23_146_0000,AIIB23_146_0000_192,256,31590,4024
AIIB23_146_0000,AIIB23_146_0000_193,256,31539,4176
AIIB23_146_0000,AIIB23_146_0000_194,256,31344,4304
AIIB23_146_0000,AIIB23_146_0000_195,256,31380,4752
AIIB23_146_0000,AIIB23_146_0000_196,256,31377,4660
AIIB23_146_0000,AIIB23_146_0000_197,256,31137,4204
AIIB23_146_0000,AIIB23_146_0000_198,256,30801,4600
AIIB23_146_0000,AIIB23_146_0000_199,256,30723,5264
AIIB23_146_0000,AIIB23_146_0000_200,256,30843,4896
AIIB23_146_0000,AIIB23_146_0000_201,256,30801,4660
AIIB23_146_0000,AIIB23_146_0000_202,256,30801,5104
AIIB23_146_0000,AIIB23_146_0000_203,256,30663,5152
AIIB23_146_0000,AIIB23_146_0000_204,256,30684,4736
AIIB23_146_0000,AIIB23_146_0000_205,256,30657,4560
AIIB23_146_0000,AIIB23_146_0000_206,256,30321,4292
AIIB23_146_0000,AIIB23_146_0000_207,256,30132,3912
AIIB23_146_0000,AIIB23_146_0000_208,256,30108,4876
AIIB23_146_0000,AIIB23_146_0000_209,256,30159,5616
AIIB23_146_0000,AIIB23_146_0000_210,256,30000,5696
AIIB23_146_0000,AIIB23_146_0000_211,256,29799,5172
AIIB23_146_0000,AIIB23_146_0000_212,256,29565,5044
AIIB23_146_0000,AIIB23_146_0000_213,256,29481,5480
AIIB23_146_0000,AIIB23_146_0000_214,256,29625,5656
AIIB23_146_0000,AIIB23_146_0000_215,256,29841,5056
AIIB23_146_0000,AIIB23_146_0000_216,256,30126,4892
AIIB23_146_0000,AIIB23_146_0000_217,256,30276,5040
AIIB23_146_0000,AIIB23_146_0000_218,256,30258,4104
AIIB23_146_0000,AIIB23_146_0000_219,256,30123,3924
AIIB23_146_0000,AIIB23_146_0000_220,256,30171,4332
AIIB23_146_0000,AIIB23_146_0000_221,256,30315,3912
AIIB23_146_0000,AIIB23_146_0000_222,256,30450,3780
AIIB23_146_0000,AIIB23_146_0000_223,256,30348,4056
AIIB23_146_0000,AIIB23_146_0000_224,256,30627,3604
AIIB23_146_0000,AIIB23_146_0000_225,256,30960,3996
AIIB23_146_0000,AIIB23_146_0000_226,256,30885,4220
AIIB23_146_0000,AIIB23_146_0000_227,256,30801,4120
AIIB23_146_0000,AIIB23_146_0000_228,256,30690,4204
AIIB23_146_0000,AIIB23_146_0000_229,256,30417,4268
AIIB23_146_0000,AIIB23_146_0000_230,256,30321,4052
AIIB23_146_0000,AIIB23_146_0000_231,256,30315,3980
AIIB23_146_0000,AIIB23_146_0000_232,256,30123,3928
AIIB23_146_0000,AIIB23_146_0000_233,256,29970,3912
AIIB23_146_0000,AIIB23_146_0000_234,256,29850,3668
AIIB23_146_0000,AIIB23_146_0000_235,256,29661,3168
AIIB23_146_0000,AIIB23_146_0000_236,256,29514,3056
AIIB23_146_0000,AIIB23_146_0000_237,256,29331,3096
AIIB23_146_0000,AIIB23_146_0000_238,256,29211,3044
AIIB23_146_0000,AIIB23_146_0000_239,256,29064,3160
AIIB23_146_0000,AIIB23_146_0000_240,256,28818,3096
AIIB23_146_0000,AIIB23_146_0000_241,256,28557,3124
AIIB23_146_0000,AIIB23_146_0000_242,256,28194,3032
AIIB23_146_0000,AIIB23_146_0000_243,256,27954,2876
AIIB23_146_0000,AIIB23_146_0000_244,256,27801,2784
AIIB23_146_0000,AIIB23_146_0000_245,256,27468,2600
AIIB23_146_0000,AIIB23_146_0000_246,256,27267,2672
AIIB23_146_0000,AIIB23_146_0000_247,256,27033,2812
AIIB23_146_0000,AIIB23_146_0000_248,256,26895,2296
AIIB23_146_0000,AIIB23_146_0000_249,256,26643,1864
AIIB23_146_0000,AIIB23_146_0000_250,256,26415,2032
AIIB23_146_0000,AIIB23_146_0000_251,256,26292,1984
AIIB23_146_0000,AIIB23_146_0000_252,256,26076,2076
AIIB23_146_0000,AIIB23_146_0000_253,256,25935,2076
AIIB23_146_0000,AIIB23_146_0000_254,256,25746,1984
AIIB23_146_0000,AIIB23_146_0000_255,256,25518,2024
AIIB23_146_0000,AIIB23_146_0000_256,256,25248,2108
AIIB23_146_0000,AIIB23_146_0000_257,256,24978,2216
AIIB23_146_0000,AIIB23_146_0000_258,256,24651,2320
AIIB23_146_0000,AIIB23_146_0000_259,256,24450,2340
AIIB23_146_0000,AIIB23_146_0000_260,256,24153,2120
AIIB23_146_0000,AIIB23_146_0000_261,256,23832,1988
AIIB23_146_0000,AIIB23_146_0000_262,256,23457,2108
AIIB23_146_0000,AIIB23_146_0000_263,256,23121,1952
AIIB23_146_0000,AIIB23_146_0000_264,256,22800,2012
AIIB23_146_0000,AIIB23_146_0000_265,256,22560,1972
AIIB23_146_0000,AIIB23_146_0000_266,256,22293,1832
AIIB23_146_0000,AIIB23_146_0000_267,256,22092,1588
AIIB23_146_0000,AIIB23_146_0000_268,256,21864,1576
AIIB23_146_0000,AIIB23_146_0000_269,256,21654,1676
AIIB23_146_0000,AIIB23_146_0000_270,256,21477,1700
AIIB23_146_0000,AIIB23_146_0000_271,256,21228,1712
AIIB23_146_0000,AIIB23_146_0000_272,256,20976,1708
AIIB23_146_0000,AIIB23_146_0000_273,256,20652,1824
AIIB23_146_0000,AIIB23_146_0000_274,256,20238,1764
AIIB23_146_0000,AIIB23_146_0000_275,256,19782,1436
AIIB23_146_0000,AIIB23_146_0000_276,256,19392,1360
AIIB23_146_0000,AIIB23_146_0000_277,256,19071,1432
AIIB23_146_0000,AIIB23_146_0000_278,256,18843,1572
AIIB23_146_0000,AIIB23_146_0000_279,256,18504,1528
AIIB23_146_0000,AIIB23_146_0000_280,256,18096,1728
AIIB23_146_0000,AIIB23_146_0000_281,256,17748,1792
AIIB23_146_0000,AIIB23_146_0000_282,256,17373,1840
AIIB23_146_0000,AIIB23_146_0000_283,256,17052,1776
AIIB23_146_0000,AIIB23_146_0000_284,256,16656,1728
AIIB23_146_0000,AIIB23_146_0000_285,256,16311,1604
AIIB23_146_0000,AIIB23_146_0000_286,256,15981,1788
AIIB23_146_0000,AIIB23_146_0000_287,256,15573,1588
AIIB23_146_0000,AIIB23_146_0000_288,256,15111,1500
AIIB23_146_0000,AIIB23_146_0000_289,256,14673,1504
AIIB23_146_0000,AIIB23_146_0000_290,256,14259,1444
AIIB23_146_0000,AIIB23_146_0000_291,256,13854,1432
AIIB23_146_0000,AIIB23_146_0000_292,256,13389,1576
AIIB23_146_0000,AIIB23_146_0000_293,256,13020,1528
AIIB23_146_0000,AIIB23_146_0000_294,256,12594,1316
AIIB23_146_0000,AIIB23_146_0000_295,256,12237,1300
AIIB23_146_0000,AIIB23_146_0000_296,256,11853,1388
AIIB23_146_0000,AIIB23_146_0000_297,256,11424,1312
AIIB23_146_0000,AIIB23_146_0000_298,256,11001,1492
AIIB23_146_0000,AIIB23_146_0000_299,256,10578,1696
AIIB23_146_0000,AIIB23_146_0000_300,256,10122,1736
AIIB23_146_0000,AIIB23_146_0000_301,256,9684,1732
AIIB23_146_0000,AIIB23_146_0000_302,256,9192,1648
AIIB23_146_0000,AIIB23_146_0000_303,256,8733,1612
AIIB23_146_0000,AIIB23_146_0000_304,256,8364,1608
AIIB23_146_0000,AIIB23_146_0000_305,256,7953,1636
AIIB23_146_0000,AIIB23_146_0000_306,256,7524,1752
AIIB23_146_0000,AIIB23_146_0000_307,256,7125,1460
AIIB23_146_0000,AIIB23_146_0000_308,256,6759,1328
AIIB23_146_0000,AIIB23_146_0000_309,256,6285,1304
AIIB23_146_0000,AIIB23_146_0000_310,256,5730,1164
AIIB23_146_0000,AIIB23_146_0000_311,256,5253,1044
AIIB23_146_0000,AIIB23_146_0000_312,256,4791,1044
AIIB23_146_0000,AIIB23_146_0000_313,256,4374,936
AIIB23_146_0000,AIIB23_146_0000_314,256,4026,748
AIIB23_146_0000,AIIB23_146_0000_315,256,3672,608
AIIB23_146_0000,AIIB23_146_0000_316,256,3195,628
AIIB23_146_0000,AIIB23_146_0000_317,256,2631,540
AIIB23_146_0000,AIIB23_146_0000_318,256,2247,640
AIIB23_146_0000,AIIB23_146_0000_319,256,1920,624
AIIB23_146_0000,AIIB23_146_0000_320,256,1497,568
AIIB23_146_0000,AIIB23_146_0000_321,256,1170,500
AIIB23_146_0000,AIIB23_146_0000_322,256,948,432
AIIB23_146_0000,AIIB23_146_0000_323,256,735,360
AIIB23_146_0000,AIIB23_146_0000_324,256,351,208
AIIB23_146_0000,AIIB23_146_0000_325,256,48,0
AIIB23_146_0000,AIIB23_146_0000_326,256,0,0
AIIB23_146_0000,AIIB23_146_0000_327,256,0,0
AIIB23_146_0000,AIIB23_146_0000_328,256,0,0
AIIB23_146_0000,AIIB23_146_0000_329,256,0,0
AIIB23_146_0000,AIIB23_146_0000_330,256,0,0
AIIB23_146_0000,AIIB23_146_0000_331,256,0,0
AIIB23_146_0000,AIIB23_146_0000_332,256,0,0
AIIB23_146_0000,AIIB23_146_0000_333,256,0,0
AIIB23_146_0000,AIIB23_146_0000_334,256,0,0
AIIB23_146_0000,AIIB23_146_0000_335,256,0,0
AIIB23_146_0000,AIIB23_146_0000_336,256,0,0
AIIB23_146_0000,AIIB23_146_0000_337,256,0,0
AIIB23_146_0000,AIIB23_146_0000_338,256,0,0
AIIB23_146_0000,AIIB23_146_0000_339,256,0,0
AIIB23_146_0000,AIIB23_146_0000_340,256,0,0
AIIB23_146_0000,AIIB23_146_0000_341,256,0,0
AIIB23_146_0000,AIIB23_146_0000_342,256,0,0
AIIB23_146_0000,AIIB23_146_0000_343,256,0,0
AIIB23_146_0000,AIIB23_146_0000_344,256,0,0
AIIB23_146_0000,AIIB23_146_0000_345,256,0,0
AIIB23_146_0000,AIIB23_146_0000_346,256,0,0
AIIB23_146_0000,AIIB23_146_0000_347,256,0,0
AIIB23_146_0000,AIIB23_146_0000_348,256,0,0
AIIB23_146_0000,AIIB23_146_0000_349,256,0,0
AIIB23_146_0000,AIIB23_146_0000_350,256,0,0
AIIB23_146_0000,AIIB23_146_0000_351,256,0,0
AIIB23_146_0000,AIIB23_146_0000_352,256,0,0
AIIB23_146_0000,AIIB23_146_0000_353,256,0,0
AIIB23_146_0000,AIIB23_146_0000_354,256,0,0
AIIB23_146_0000,AIIB23_146_0000_355,256,0,0
AIIB23_147_0000,AIIB23_147_0000_000,256,0,0
AIIB23_147_0000,AIIB23_147_0000_001,256,0,0
AIIB23_147_0000,AIIB23_147_0000_002,256,0,0
AIIB23_147_0000,AIIB23_147_0000_003,256,0,0
AIIB23_147_0000,AIIB23_147_0000_004,256,0,0
AIIB23_147_0000,AIIB23_147_0000_005,256,0,0
AIIB23_147_0000,AIIB23_147_0000_006,256,0,0
AIIB23_147_0000,AIIB23_147_0000_007,256,0,0
AIIB23_147_0000,AIIB23_147_0000_008,256,0,0
AIIB23_147_0000,AIIB23_147_0000_009,256,0,0
AIIB23_147_0000,AIIB23_147_0000_010,256,0,0
AIIB23_147_0000,AIIB23_147_0000_011,256,0,0
AIIB23_147_0000,AIIB23_147_0000_012,256,0,0
AIIB23_147_0000,AIIB23_147_0000_013,256,36,0
AIIB23_147_0000,AIIB23_147_0000_014,256,132,4
AIIB23_147_0000,AIIB23_147_0000_015,256,192,100
AIIB23_147_0000,AIIB23_147_0000_016,256,357,164
AIIB23_147_0000,AIIB23_147_0000_017,256,585,284
AIIB23_147_0000,AIIB23_147_0000_018,256,918,396
AIIB23_147_0000,AIIB23_147_0000_019,256,1134,432
AIIB23_147_0000,AIIB23_147_0000_020,256,1386,504
AIIB23_147_0000,AIIB23_147_0000_021,256,1866,692
AIIB23_147_0000,AIIB23_147_0000_022,256,2778,688
AIIB23_147_0000,AIIB23_147_0000_023,256,3285,1120
AIIB23_147_0000,AIIB23_147_0000_024,256,4113,1460
AIIB23_147_0000,AIIB23_147_0000_025,256,4887,1760
AIIB23_147_0000,AIIB23_147_0000_026,256,5835,2256
AIIB23_147_0000,AIIB23_147_0000_027,256,6633,2704
AIIB23_147_0000,AIIB23_147_0000_028,256,7596,3040
AIIB23_147_0000,AIIB23_147_0000_029,256,8703,3344
AIIB23_147_0000,AIIB23_147_0000_030,256,9933,3916
AIIB23_147_0000,AIIB23_147_0000_031,256,11142,4240
AIIB23_147_0000,AIIB23_147_0000_032,256,12321,4620
AIIB23_147_0000,AIIB23_147_0000_033,256,13593,4776
AIIB23_147_0000,AIIB23_147_0000_034,256,14970,5184
AIIB23_147_0000,AIIB23_147_0000_035,256,16611,5212
AIIB23_147_0000,AIIB23_147_0000_036,256,17889,5148
AIIB23_147_0000,AIIB23_147_0000_037,256,18918,5116
AIIB23_147_0000,AIIB23_147_0000_038,256,19803,5292
AIIB23_147_0000,AIIB23_147_0000_039,256,21288,5744
AIIB23_147_0000,AIIB23_147_0000_040,256,22869,5548
AIIB23_147_0000,AIIB23_147_0000_041,256,24651,4652
AIIB23_147_0000,AIIB23_147_0000_042,256,25698,5024
AIIB23_147_0000,AIIB23_147_0000_043,256,26604,5708
AIIB23_147_0000,AIIB23_147_0000_044,256,27231,5012
AIIB23_147_0000,AIIB23_147_0000_045,256,28563,4496
AIIB23_147_0000,AIIB23_147_0000_046,256,30006,4540
AIIB23_147_0000,AIIB23_147_0000_047,256,31653,5768
AIIB23_147_0000,AIIB23_147_0000_048,256,32799,5800
AIIB23_147_0000,AIIB23_147_0000_049,256,33837,5316
AIIB23_147_0000,AIIB23_147_0000_050,256,34992,5828
AIIB23_147_0000,AIIB23_147_0000_051,256,36027,5276
AIIB23_147_0000,AIIB23_147_0000_052,256,37038,4392
AIIB23_147_0000,AIIB23_147_0000_053,256,38151,4028
AIIB23_147_0000,AIIB23_147_0000_054,256,38730,2536
AIIB23_147_0000,AIIB23_147_0000_055,256,38649,3532
AIIB23_147_0000,AIIB23_147_0000_056,256,38595,3768
AIIB23_147_0000,AIIB23_147_0000_057,256,38517,3552
AIIB23_147_0000,AIIB23_147_0000_058,256,38130,3592
AIIB23_147_0000,AIIB23_147_0000_059,256,37902,3656
AIIB23_147_0000,AIIB23_147_0000_060,256,37677,4160
AIIB23_147_0000,AIIB23_147_0000_061,256,37596,4836
AIIB23_147_0000,AIIB23_147_0000_062,256,37188,4820
AIIB23_147_0000,AIIB23_147_0000_063,256,36783,5644
AIIB23_147_0000,AIIB23_147_0000_064,256,36837,4908
AIIB23_147_0000,AIIB23_147_0000_065,256,37158,3088
AIIB23_147_0000,AIIB23_147_0000_066,256,37308,3636
AIIB23_147_0000,AIIB23_147_0000_067,256,36918,5460
AIIB23_147_0000,AIIB23_147_0000_068,256,36933,5796
AIIB23_147_0000,AIIB23_147_0000_069,256,37107,6424
AIIB23_147_0000,AIIB23_147_0000_070,256,37374,7072
AIIB23_147_0000,AIIB23_147_0000_071,256,37776,5480
AIIB23_147_0000,AIIB23_147_0000_072,256,38073,4892
AIIB23_147_0000,AIIB23_147_0000_073,256,38049,4148
AIIB23_147_0000,AIIB23_147_0000_074,256,37977,5364
AIIB23_147_0000,AIIB23_147_0000_075,256,38214,5148
AIIB23_147_0000,AIIB23_147_0000_076,256,38172,5128
AIIB23_147_0000,AIIB23_147_0000_077,256,38418,4776
AIIB23_147_0000,AIIB23_147_0000_078,256,38181,4500
AIIB23_147_0000,AIIB23_147_0000_079,256,37821,4916
AIIB23_147_0000,AIIB23_147_0000_080,256,37536,4752
AIIB23_147_0000,AIIB23_147_0000_081,256,37458,4188
AIIB23_147_0000,AIIB23_147_0000_082,256,36885,4776
AIIB23_147_0000,AIIB23_147_0000_083,256,36768,5472
AIIB23_147_0000,AIIB23_147_0000_084,256,36780,5348
AIIB23_147_0000,AIIB23_147_0000_085,256,36627,5180
AIIB23_147_0000,AIIB23_147_0000_086,256,36324,6276
AIIB23_147_0000,AIIB23_147_0000_087,256,36381,6392
AIIB23_147_0000,AIIB23_147_0000_088,256,36309,6376
AIIB23_147_0000,AIIB23_147_0000_089,256,36330,6304
AIIB23_147_0000,AIIB23_147_0000_090,256,36129,6816
AIIB23_147_0000,AIIB23_147_0000_091,256,35880,5524
AIIB23_147_0000,AIIB23_147_0000_092,256,35547,5832
AIIB23_147_0000,AIIB23_147_0000_093,256,35223,5576
AIIB23_147_0000,AIIB23_147_0000_094,256,34668,5544
AIIB23_147_0000,AIIB23_147_0000_095,256,34215,5360
AIIB23_147_0000,AIIB23_147_0000_096,256,34275,4588
AIIB23_147_0000,AIIB23_147_0000_097,256,34452,5136
AIIB23_147_0000,AIIB23_147_0000_098,256,34344,5500
AIIB23_147_0000,AIIB23_147_0000_099,256,33732,4988
AIIB23_147_0000,AIIB23_147_0000_100,256,33222,5028
AIIB23_147_0000,AIIB23_147_0000_101,256,32892,4928
AIIB23_147_0000,AIIB23_147_0000_102,256,32145,4672
AIIB23_147_0000,AIIB23_147_0000_103,256,31485,4636
AIIB23_147_0000,AIIB23_147_0000_104,256,31059,4744
AIIB23_147_0000,AIIB23_147_0000_105,256,30396,4076
AIIB23_147_0000,AIIB23_147_0000_106,256,29787,3596
AIIB23_147_0000,AIIB23_147_0000_107,256,29214,3756
AIIB23_147_0000,AIIB23_147_0000_108,256,28632,4228
AIIB23_147_0000,AIIB23_147_0000_109,256,27912,4004
AIIB23_147_0000,AIIB23_147_0000_110,256,27069,3740
AIIB23_147_0000,AIIB23_147_0000_111,256,26058,3720
AIIB23_147_0000,AIIB23_147_0000_112,256,25107,3804
AIIB23_147_0000,AIIB23_147_0000_113,256,24186,3216
AIIB23_147_0000,AIIB23_147_0000_114,256,23280,2684
AIIB23_147_0000,AIIB23_147_0000_115,256,22500,2216
AIIB23_147_0000,AIIB23_147_0000_116,256,21699,2068
AIIB23_147_0000,AIIB23_147_0000_117,256,20880,2388
AIIB23_147_0000,AIIB23_147_0000_118,256,20190,2744
AIIB23_147_0000,AIIB23_147_0000_119,256,19071,3100
AIIB23_147_0000,AIIB23_147_0000_120,256,18075,3148
AIIB23_147_0000,AIIB23_147_0000_121,256,17211,2528
AIIB23_147_0000,AIIB23_147_0000_122,256,16167,2508
AIIB23_147_0000,AIIB23_147_0000_123,256,15126,2704
AIIB23_147_0000,AIIB23_147_0000_124,256,14013,2440
AIIB23_147_0000,AIIB23_147_0000_125,256,12894,2148
AIIB23_147_0000,AIIB23_147_0000_126,256,11877,1596
AIIB23_147_0000,AIIB23_147_0000_127,256,10497,1436
AIIB23_147_0000,AIIB23_147_0000_128,256,9468,1448
AIIB23_147_0000,AIIB23_147_0000_129,256,8397,1584
AIIB23_147_0000,AIIB23_147_0000_130,256,7449,1732
AIIB23_147_0000,AIIB23_147_0000_131,256,6369,1248
AIIB23_147_0000,AIIB23_147_0000_132,256,5313,1128
AIIB23_147_0000,AIIB23_147_0000_133,256,4071,1080
AIIB23_147_0000,AIIB23_147_0000_134,256,2787,884
AIIB23_147_0000,AIIB23_147_0000_135,256,1800,524
AIIB23_147_0000,AIIB23_147_0000_136,256,600,188
AIIB23_147_0000,AIIB23_147_0000_137,256,6,0
AIIB23_147_0000,AIIB23_147_0000_138,256,0,0
AIIB23_147_0000,AIIB23_147_0000_139,256,0,0
AIIB23_147_0000,AIIB23_147_0000_140,256,0,0
AIIB23_147_0000,AIIB23_147_0000_141,256,0,0
AIIB23_147_0000,AIIB23_147_0000_142,256,0,0
AIIB23_147_0000,AIIB23_147_0000_143,256,0,0
AIIB23_147_0000,AIIB23_147_0000_144,256,0,0
AIIB23_147_0000,AIIB23_147_0000_145,256,0,0
AIIB23_147_0000,AIIB23_147_0000_146,256,0,0
AIIB23_159_0000,AIIB23_159_0000_000,256,0,0
AIIB23_159_0000,AIIB23_159_0000_001,256,0,0
AIIB23_159_0000,AIIB23_159_0000_002,256,0,0
AIIB23_159_0000,AIIB23_159_0000_003,256,0,0
AIIB23_159_0000,AIIB23_159_0000_004,256,0,0
AIIB23_159_0000,AIIB23_159_0000_005,256,0,0
AIIB23_159_0000,AIIB23_159_0000_006,256,0,0
AIIB23_159_0000,AIIB23_159_0000_007,256,0,0
AIIB23_159_0000,AIIB23_159_0000_008,256,0,0
AIIB23_159_0000,AIIB23_159_0000_009,256,0,0
AIIB23_159_0000,AIIB23_159_0000_010,256,0,0
AIIB23_159_0000,AIIB23_159_0000_011,256,0,0
AIIB23_159_0000,AIIB23_159_0000_012,256,0,0
AIIB23_159_0000,AIIB23_159_0000_013,256,0,0
AIIB23_159_0000,AIIB23_159_0000_014,256,0,0
AIIB23_159_0000,AIIB23_159_0000_015,256,0,0
AIIB23_159_0000,AIIB23_159_0000_016,256,0,0
AIIB23_159_0000,AIIB23_159_0000_017,256,0,0
AIIB23_159_0000,AIIB23_159_0000_018,256,0,0
AIIB23_159_0000,AIIB23_159_0000_019,256,0,0
AIIB23_159_0000,AIIB23_159_0000_020,256,0,0
AIIB23_159_0000,AIIB23_159_0000_021,256,0,0
AIIB23_159_0000,AIIB23_159_0000_022,256,0,0
AIIB23_159_0000,AIIB23_159_0000_023,256,0,0
AIIB23_159_0000,AIIB23_159_0000_024,256,0,0
AIIB23_159_0000,AIIB23_159_0000_025,256,0,0
AIIB23_159_0000,AIIB23_159_0000_026,256,0,0
AIIB23_159_0000,AIIB23_159_0000_027,256,0,0
AIIB23_159_0000,AIIB23_159_0000_028,256,0,0
AIIB23_159_0000,AIIB23_159_0000_029,256,0,0
AIIB23_159_0000,AIIB23_159_0000_030,256,0,0
AIIB23_159_0000,AIIB23_159_0000_031,256,0,0
AIIB23_159_0000,AIIB23_159_0000_032,256,0,0
AIIB23_159_0000,AIIB23_159_0000_033,256,0,0
AIIB23_159_0000,AIIB23_159_0000_034,256,0,0
AIIB23_159_0000,AIIB23_159_0000_035,256,0,0
AIIB23_159_0000,AIIB23_159_0000_036,256,0,0
AIIB23_159_0000,AIIB23_159_0000_037,256,0,0
AIIB23_159_0000,AIIB23_159_0000_038,256,0,0
AIIB23_159_0000,AIIB23_159_0000_039,256,0,0
AIIB23_159_0000,AIIB23_159_0000_040,256,0,0
AIIB23_159_0000,AIIB23_159_0000_041,256,0,0
AIIB23_159_0000,AIIB23_159_0000_042,256,0,0
AIIB23_159_0000,AIIB23_159_0000_043,256,0,0
AIIB23_159_0000,AIIB23_159_0000_044,256,0,0
AIIB23_159_0000,AIIB23_159_0000_045,256,0,0
AIIB23_159_0000,AIIB23_159_0000_046,256,0,0
AIIB23_159_0000,AIIB23_159_0000_047,256,0,0
AIIB23_159_0000,AIIB23_159_0000_048,256,0,0
AIIB23_159_0000,AIIB23_159_0000_049,256,0,0
AIIB23_159_0000,AIIB23_159_0000_050,256,0,0
AIIB23_159_0000,AIIB23_159_0000_051,256,0,0
AIIB23_159_0000,AIIB23_159_0000_052,256,0,0
AIIB23_159_0000,AIIB23_159_0000_053,256,0,0
AIIB23_159_0000,AIIB23_159_0000_054,256,0,0
AIIB23_159_0000,AIIB23_159_0000_055,256,0,0
AIIB23_159_0000,AIIB23_159_0000_056,256,0,0
AIIB23_159_0000,AIIB23_159_0000_057,256,0,0
AIIB23_159_0000,AIIB23_159_0000_058,256,0,0
AIIB23_159_0000,AIIB23_159_0000_059,256,0,0
AIIB23_159_0000,AIIB23_159_0000_060,256,0,0
AIIB23_159_0000,AIIB23_159_0000_061,256,0,0
AIIB23_159_0000,AIIB23_159_0000_062,256,0,0
AIIB23_159_0000,AIIB23_159_0000_063,256,0,0
AIIB23_159_0000,AIIB23_159_0000_064,256,0,0
AIIB23_159_0000,AIIB23_159_0000_065,256,0,0
AIIB23_159_0000,AIIB23_159_0000_066,256,0,0
AIIB23_159_0000,AIIB23_159_0000_067,256,45,0
AIIB23_159_0000,AIIB23_159_0000_068,256,66,0
AIIB23_159_0000,AIIB23_159_0000_069,256,69,0
AIIB23_159_0000,AIIB23_159_0000_070,256,87,4
AIIB23_159_0000,AIIB23_159_0000_071,256,99,0
AIIB23_159_0000,AIIB23_159_0000_072,256,126,0
AIIB23_159_0000,AIIB23_159_0000_073,256,162,24
AIIB23_159_0000,AIIB23_159_0000_074,256,270,120
AIIB23_159_0000,AIIB23_159_0000_075,256,396,140
AIIB23_159_0000,AIIB23_159_0000_076,256,450,200
AIIB23_159_0000,AIIB23_159_0000_077,256,504,276
AIIB23_159_0000,AIIB23_159_0000_078,256,525,264
AIIB23_159_0000,AIIB23_159_0000_079,256,591,268
AIIB23_159_0000,AIIB23_159_0000_080,256,705,388
AIIB23_159_0000,AIIB23_159_0000_081,256,762,376
AIIB23_159_0000,AIIB23_159_0000_082,256,813,412
AIIB23_159_0000,AIIB23_159_0000_083,256,789,392
AIIB23_159_0000,AIIB23_159_0000_084,256,825,408
AIIB23_159_0000,AIIB23_159_0000_085,256,867,420
AIIB23_159_0000,AIIB23_159_0000_086,256,1005,464
AIIB23_159_0000,AIIB23_159_0000_087,256,1125,508
AIIB23_159_0000,AIIB23_159_0000_088,256,1287,584
AIIB23_159_0000,AIIB23_159_0000_089,256,1440,632
AIIB23_159_0000,AIIB23_159_0000_090,256,1515,648
AIIB23_159_0000,AIIB23_159_0000_091,256,1575,652
AIIB23_159_0000,AIIB23_159_0000_092,256,1677,660
AIIB23_159_0000,AIIB23_159_0000_093,256,1800,732
AIIB23_159_0000,AIIB23_159_0000_094,256,1965,804
AIIB23_159_0000,AIIB23_159_0000_095,256,2049,868
AIIB23_159_0000,AIIB23_159_0000_096,256,2148,932
AIIB23_159_0000,AIIB23_159_0000_097,256,2271,980
AIIB23_159_0000,AIIB23_159_0000_098,256,2400,1024
AIIB23_159_0000,AIIB23_159_0000_099,256,2517,1056
AIIB23_159_0000,AIIB23_159_0000_100,256,2634,1060
AIIB23_159_0000,AIIB23_159_0000_101,256,2748,1084
AIIB23_159_0000,AIIB23_159_0000_102,256,2991,1180
AIIB23_159_0000,AIIB23_159_0000_103,256,3252,1308
AIIB23_159_0000,AIIB23_159_0000_104,256,3483,1424
AIIB23_159_0000,AIIB23_159_0000_105,256,3654,1488
AIIB23_159_0000,AIIB23_159_0000_106,256,3852,1632
AIIB23_159_0000,AIIB23_159_0000_107,256,4041,1712
AIIB23_159_0000,AIIB23_159_0000_108,256,4305,1804
AIIB23_159_0000,AIIB23_159_0000_109,256,4542,1848
AIIB23_159_0000,AIIB23_159_0000_110,256,4791,1968
AIIB23_159_0000,AIIB23_159_0000_111,256,5022,2036
AIIB23_159_0000,AIIB23_159_0000_112,256,5271,2136
AIIB23_159_0000,AIIB23_159_0000_113,256,5400,2168
AIIB23_159_0000,AIIB23_159_0000_114,256,5556,2236
AIIB23_159_0000,AIIB23_159_0000_115,256,5775,2352
AIIB23_159_0000,AIIB23_159_0000_116,256,5952,2428
AIIB23_159_0000,AIIB23_159_0000_117,256,6147,2504
AIIB23_159_0000,AIIB23_159_0000_118,256,6342,2588
AIIB23_159_0000,AIIB23_159_0000_119,256,6468,2616
AIIB23_159_0000,AIIB23_159_0000_120,256,6600,2672
AIIB23_159_0000,AIIB23_159_0000_121,256,6693,2716
AIIB23_159_0000,AIIB23_159_0000_122,256,6789,2744
AIIB23_159_0000,AIIB23_159_0000_123,256,6948,2780
AIIB23_159_0000,AIIB23_159_0000_124,256,7131,2840
AIIB23_159_0000,AIIB23_159_0000_125,256,7308,2892
AIIB23_159_0000,AIIB23_159_0000_126,256,7455,2936
AIIB23_159_0000,AIIB23_159_0000_127,256,7626,2984
AIIB23_159_0000,AIIB23_159_0000_128,256,7800,3028
AIIB23_159_0000,AIIB23_159_0000_129,256,7956,3116
AIIB23_159_0000,AIIB23_159_0000_130,256,8178,3204
AIIB23_159_0000,AIIB23_159_0000_131,256,8415,3276
AIIB23_159_0000,AIIB23_159_0000_132,256,8631,3316
AIIB23_159_0000,AIIB23_159_0000_133,256,8730,3344
AIIB23_159_0000,AIIB23_159_0000_134,256,8910,3364
AIIB23_159_0000,AIIB23_159_0000_135,256,9090,3380
AIIB23_159_0000,AIIB23_159_0000_136,256,9270,3472
AIIB23_159_0000,AIIB23_159_0000_137,256,9453,3596
AIIB23_159_0000,AIIB23_159_0000_138,256,9621,3700
AIIB23_159_0000,AIIB23_159_0000_139,256,9777,3792
AIIB23_159_0000,AIIB23_159_0000_140,256,9975,3856
AIIB23_159_0000,AIIB23_159_0000_141,256,10230,4000
AIIB23_159_0000,AIIB23_159_0000_142,256,10431,4060
AIIB23_159_0000,AIIB23_159_0000_143,256,10605,4104
AIIB23_159_0000,AIIB23_159_0000_144,256,10809,4200
AIIB23_159_0000,AIIB23_159_0000_145,256,10977,4220
AIIB23_159_0000,AIIB23_159_0000_146,256,11175,4260
AIIB23_159_0000,AIIB23_159_0000_147,256,11373,4336
AIIB23_159_0000,AIIB23_159_0000_148,256,11562,4428
AIIB23_159_0000,AIIB23_159_0000_149,256,11700,4500
AIIB23_159_0000,AIIB23_159_0000_150,256,11892,4564
AIIB23_159_0000,AIIB23_159_0000_151,256,12048,4656
AIIB23_159_0000,AIIB23_159_0000_152,256,12183,4616
AIIB23_159_0000,AIIB23_159_0000_153,256,12309,4620
AIIB23_159_0000,AIIB23_159_0000_154,256,12480,4608
AIIB23_159_0000,AIIB23_159_0000_155,256,12702,4676
AIIB23_159_0000,AIIB23_159_0000_156,256,12933,4784
AIIB23_159_0000,AIIB23_159_0000_157,256,13107,4856
AIIB23_159_0000,AIIB23_159_0000_158,256,13227,4896
AIIB23_159_0000,AIIB23_159_0000_159,256,13359,4948
AIIB23_159_0000,AIIB23_159_0000_160,256,13497,4988
AIIB23_159_0000,AIIB23_159_0000_161,256,13641,4928
AIIB23_159_0000,AIIB23_159_0000_162,256,13758,4928
AIIB23_159_0000,AIIB23_159_0000_163,256,13884,4912
AIIB23_159_0000,AIIB23_159_0000_164,256,14007,4964
AIIB23_159_0000,AIIB23_159_0000_165,256,14226,4956
AIIB23_159_0000,AIIB23_159_0000_166,256,14421,5060
AIIB23_159_0000,AIIB23_159_0000_167,256,14580,5084
AIIB23_159_0000,AIIB23_159_0000_168,256,14751,4988
AIIB23_159_0000,AIIB23_159_0000_169,256,14859,5048
AIIB23_159_0000,AIIB23_159_0000_170,256,14976,5124
AIIB23_159_0000,AIIB23_159_0000_171,256,15075,5172
AIIB23_159_0000,AIIB23_159_0000_172,256,15273,5252
AIIB23_159_0000,AIIB23_159_0000_173,256,15459,5296
AIIB23_159_0000,AIIB23_159_0000_174,256,15648,5380
AIIB23_159_0000,AIIB23_159_0000_175,256,15768,5572
AIIB23_159_0000,AIIB23_159_0000_176,256,15846,5712
AIIB23_159_0000,AIIB23_159_0000_177,256,16077,5788
AIIB23_159_0000,AIIB23_159_0000_178,256,16275,5780
AIIB23_159_0000,AIIB23_159_0000_179,256,16506,5648
AIIB23_159_0000,AIIB23_159_0000_180,256,16668,5416
AIIB23_159_0000,AIIB23_159_0000_181,256,16794,5360
AIIB23_159_0000,AIIB23_159_0000_182,256,16839,5324
AIIB23_159_0000,AIIB23_159_0000_183,256,16863,5188
AIIB23_159_0000,AIIB23_159_0000_184,256,16878,5104
AIIB23_159_0000,AIIB23_159_0000_185,256,16917,4988
AIIB23_159_0000,AIIB23_159_0000_186,256,17004,5020
AIIB23_159_0000,AIIB23_159_0000_187,256,17064,4912
AIIB23_159_0000,AIIB23_159_0000_188,256,17067,4828
AIIB23_159_0000,AIIB23_159_0000_189,256,17289,4644
AIIB23_159_0000,AIIB23_159_0000_190,256,17445,4652
AIIB23_159_0000,AIIB23_159_0000_191,256,17652,4568
AIIB23_159_0000,AIIB23_159_0000_192,256,17919,4376
AIIB23_159_0000,AIIB23_159_0000_193,256,18216,4288
AIIB23_159_0000,AIIB23_159_0000_194,256,18546,4408
AIIB23_159_0000,AIIB23_159_0000_195,256,18774,4600
AIIB23_159_0000,AIIB23_159_0000_196,256,18885,4752
AIIB23_159_0000,AIIB23_159_0000_197,256,18939,4744
AIIB23_159_0000,AIIB23_159_0000_198,256,19053,4416
AIIB23_159_0000,AIIB23_159_0000_199,256,19236,4608
AIIB23_159_0000,AIIB23_159_0000_200,256,19428,4804
AIIB23_159_0000,AIIB23_159_0000_201,256,19647,4784
AIIB23_159_0000,AIIB23_159_0000_202,256,19728,4520
AIIB23_159_0000,AIIB23_159_0000_203,256,19938,4620
AIIB23_159_0000,AIIB23_159_0000_204,256,20238,4608
AIIB23_159_0000,AIIB23_159_0000_205,256,20529,4944
AIIB23_159_0000,AIIB23_159_0000_206,256,20853,5580
AIIB23_159_0000,AIIB23_159_0000_207,256,21243,5308
AIIB23_159_0000,AIIB23_159_0000_208,256,21681,5124
AIIB23_159_0000,AIIB23_159_0000_209,256,21663,5420
AIIB23_159_0000,AIIB23_159_0000_210,256,21735,5784
AIIB23_159_0000,AIIB23_159_0000_211,256,21639,5860
AIIB23_159_0000,AIIB23_159_0000_212,256,21498,5876
AIIB23_159_0000,AIIB23_159_0000_213,256,21417,5412
AIIB23_159_0000,AIIB23_159_0000_214,256,21444,5092
AIIB23_159_0000,AIIB23_159_0000_215,256,21483,4732
AIIB23_159_0000,AIIB23_159_0000_216,256,21396,4908
AIIB23_159_0000,AIIB23_159_0000_217,256,21417,4964
AIIB23_159_0000,AIIB23_159_0000_218,256,21534,4356
AIIB23_159_0000,AIIB23_159_0000_219,256,21543,4328
AIIB23_159_0000,AIIB23_159_0000_220,256,21561,4604
AIIB23_159_0000,AIIB23_159_0000_221,256,21483,4996
AIIB23_159_0000,AIIB23_159_0000_222,256,21528,5208
AIIB23_159_0000,AIIB23_159_0000_223,256,21588,5308
AIIB23_159_0000,AIIB23_159_0000_224,256,21573,5128
AIIB23_159_0000,AIIB23_159_0000_225,256,21486,5176
AIIB23_159_0000,AIIB23_159_0000_226,256,21375,5368
AIIB23_159_0000,AIIB23_159_0000_227,256,21057,5096
AIIB23_159_0000,AIIB23_159_0000_228,256,21108,4880
AIIB23_159_0000,AIIB23_159_0000_229,256,21111,4488
AIIB23_159_0000,AIIB23_159_0000_230,256,21180,4736
AIIB23_159_0000,AIIB23_159_0000_231,256,21336,4772
AIIB23_159_0000,AIIB23_159_0000_232,256,21291,5016
AIIB23_159_0000,AIIB23_159_0000_233,256,21270,5064
AIIB23_159_0000,AIIB23_159_0000_234,256,21144,5352
AIIB23_159_0000,AIIB23_159_0000_235,256,21048,5100
AIIB23_159_0000,AIIB23_159_0000_236,256,21051,5044
AIIB23_159_0000,AIIB23_159_0000_237,256,21012,4780
AIIB23_159_0000,AIIB23_159_0000_238,256,20985,4408
AIIB23_159_0000,AIIB23_159_0000_239,256,20937,4148
AIIB23_159_0000,AIIB23_159_0000_240,256,20820,3976
AIIB23_159_0000,AIIB23_159_0000_241,256,20823,4144
AIIB23_159_0000,AIIB23_159_0000_242,256,20835,3916
AIIB23_159_0000,AIIB23_159_0000_243,256,20769,3864
AIIB23_159_0000,AIIB23_159_0000_244,256,20772,3580
AIIB23_159_0000,AIIB23_159_0000_245,256,20802,3612
AIIB23_159_0000,AIIB23_159_0000_246,256,20790,3704
AIIB23_159_0000,AIIB23_159_0000_247,256,20811,3824
AIIB23_159_0000,AIIB23_159_0000_248,256,20835,3760
AIIB23_159_0000,AIIB23_159_0000_249,256,20844,3592
AIIB23_159_0000,AIIB23_159_0000_250,256,20823,3640
AIIB23_159_0000,AIIB23_159_0000_251,256,20700,3480
AIIB23_159_0000,AIIB23_159_0000_252,256,20643,3448
AIIB23_159_0000,AIIB23_159_0000_253,256,20586,3220
AIIB23_159_0000,AIIB23_159_0000_254,256,20622,2740
AIIB23_159_0000,AIIB23_159_0000_255,256,20544,2924
AIIB23_159_0000,AIIB23_159_0000_256,256,20349,2708
AIIB23_159_0000,AIIB23_159_0000_257,256,20283,2416
AIIB23_159_0000,AIIB23_159_0000_258,256,20241,2324
AIIB23_159_0000,AIIB23_159_0000_259,256,20208,2676
AIIB23_159_0000,AIIB23_159_0000_260,256,20115,2512
AIIB23_159_0000,AIIB23_159_0000_261,256,20208,2180
AIIB23_159_0000,AIIB23_159_0000_262,256,20202,2200
AIIB23_159_0000,AIIB23_159_0000_263,256,20145,2588
AIIB23_159_0000,AIIB23_159_0000_264,256,20028,3036
AIIB23_159_0000,AIIB23_159_0000_265,256,19995,3104
AIIB23_159_0000,AIIB23_159_0000_266,256,19998,2924
AIIB23_159_0000,AIIB23_159_0000_267,256,20022,2708
AIIB23_159_0000,AIIB23_159_0000_268,256,19962,3036
AIIB23_159_0000,AIIB23_159_0000_269,256,19941,3684
AIIB23_159_0000,AIIB23_159_0000_270,256,19920,3668
AIIB23_159_0000,AIIB23_159_0000_271,256,19848,3652
AIIB23_159_0000,AIIB23_159_0000_272,256,19980,3324
AIIB23_159_0000,AIIB23_159_0000_273,256,19995,3336
AIIB23_159_0000,AIIB23_159_0000_274,256,19968,3488
AIIB23_159_0000,AIIB23_159_0000_275,256,19899,3436
AIIB23_159_0000,AIIB23_159_0000_276,256,19836,3360
AIIB23_159_0000,AIIB23_159_0000_277,256,19686,3560
AIIB23_159_0000,AIIB23_159_0000_278,256,19527,3616
AIIB23_159_0000,AIIB23_159_0000_279,256,19416,3848
AIIB23_159_0000,AIIB23_159_0000_280,256,19290,3176
AIIB23_159_0000,AIIB23_159_0000_281,256,19107,2972
AIIB23_159_0000,AIIB23_159_0000_282,256,19050,3028
AIIB23_159_0000,AIIB23_159_0000_283,256,18933,3272
AIIB23_159_0000,AIIB23_159_0000_284,256,18774,3340
AIIB23_159_0000,AIIB23_159_0000_285,256,18624,3392
AIIB23_159_0000,AIIB23_159_0000_286,256,18573,3816
AIIB23_159_0000,AIIB23_159_0000_287,256,18495,3784
AIIB23_159_0000,AIIB23_159_0000_288,256,18414,3632
AIIB23_159_0000,AIIB23_159_0000_289,256,18258,3676
AIIB23_159_0000,AIIB23_159_0000_290,256,18147,3756
AIIB23_159_0000,AIIB23_159_0000_291,256,18042,3600
AIIB23_159_0000,AIIB23_159_0000_292,256,17868,3540
AIIB23_159_0000,AIIB23_159_0000_293,256,17682,3628
AIIB23_159_0000,AIIB23_159_0000_294,256,17523,3776
AIIB23_159_0000,AIIB23_159_0000_295,256,17319,4052
AIIB23_159_0000,AIIB23_159_0000_296,256,17181,3816
AIIB23_159_0000,AIIB23_159_0000_297,256,17052,3664
AIIB23_159_0000,AIIB23_159_0000_298,256,16836,3712
AIIB23_159_0000,AIIB23_159_0000_299,256,16521,3712
AIIB23_159_0000,AIIB23_159_0000_300,256,16296,3540
AIIB23_159_0000,AIIB23_159_0000_301,256,16023,3400
AIIB23_159_0000,AIIB23_159_0000_302,256,15732,3076
AIIB23_159_0000,AIIB23_159_0000_303,256,15474,3012
AIIB23_159_0000,AIIB23_159_0000_304,256,15240,3120
AIIB23_159_0000,AIIB23_159_0000_305,256,14973,3008
AIIB23_159_0000,AIIB23_159_0000_306,256,14706,3024
AIIB23_159_0000,AIIB23_159_0000_307,256,14436,2892
AIIB23_159_0000,AIIB23_159_0000_308,256,14142,2704
AIIB23_159_0000,AIIB23_159_0000_309,256,13785,2700
AIIB23_159_0000,AIIB23_159_0000_310,256,13497,2644
AIIB23_159_0000,AIIB23_159_0000_311,256,13170,2936
AIIB23_159_0000,AIIB23_159_0000_312,256,12864,2936
AIIB23_159_0000,AIIB23_159_0000_313,256,12603,2688
AIIB23_159_0000,AIIB23_159_0000_314,256,12291,2540
AIIB23_159_0000,AIIB23_159_0000_315,256,12018,2632
AIIB23_159_0000,AIIB23_159_0000_316,256,11778,2708
AIIB23_159_0000,AIIB23_159_0000_317,256,11547,2672
AIIB23_159_0000,AIIB23_159_0000_318,256,11277,2648
AIIB23_159_0000,AIIB23_159_0000_319,256,11016,2584
AIIB23_159_0000,AIIB23_159_0000_320,256,10800,2604
AIIB23_159_0000,AIIB23_159_0000_321,256,10551,2668
AIIB23_159_0000,AIIB23_159_0000_322,256,10317,2652
AIIB23_159_0000,AIIB23_159_0000_323,256,10074,2500
AIIB23_159_0000,AIIB23_159_0000_324,256,9780,2328
AIIB23_159_0000,AIIB23_159_0000_325,256,9483,2280
AIIB23_159_0000,AIIB23_159_0000_326,256,9204,2228
AIIB23_159_0000,AIIB23_159_0000_327,256,8871,2252
AIIB23_159_0000,AIIB23_159_0000_328,256,8637,2232
AIIB23_159_0000,AIIB23_159_0000_329,256,8343,2164
AIIB23_159_0000,AIIB23_159_0000_330,256,8040,2088
AIIB23_159_0000,AIIB23_159_0000_331,256,7740,2336
AIIB23_159_0000,AIIB23_159_0000_332,256,7452,2232
AIIB23_159_0000,AIIB23_159_0000_333,256,7137,2072
AIIB23_159_0000,AIIB23_159_0000_334,256,6945,1932
AIIB23_159_0000,AIIB23_159_0000_335,256,6633,1872
AIIB23_159_0000,AIIB23_159_0000_336,256,6366,1844
AIIB23_159_0000,AIIB23_159_0000_337,256,6012,1876
AIIB23_159_0000,AIIB23_159_0000_338,256,5700,1812
AIIB23_159_0000,AIIB23_159_0000_339,256,5343,1668
AIIB23_159_0000,AIIB23_159_0000_340,256,4959,1612
AIIB23_159_0000,AIIB23_159_0000_341,256,4596,1524
AIIB23_159_0000,AIIB23_159_0000_342,256,4212,1436
AIIB23_159_0000,AIIB23_159_0000_343,256,3864,1312
AIIB23_159_0000,AIIB23_159_0000_344,256,3501,1236
AIIB23_159_0000,AIIB23_159_0000_345,256,3147,1144
AIIB23_159_0000,AIIB23_159_0000_346,256,2844,988
AIIB23_159_0000,AIIB23_159_0000_347,256,2535,800
AIIB23_159_0000,AIIB23_159_0000_348,256,2100,656
AIIB23_159_0000,AIIB23_159_0000_349,256,1728,536
AIIB23_159_0000,AIIB23_159_0000_350,256,1371,476
AIIB23_159_0000,AIIB23_159_0000_351,256,1083,432
AIIB23_159_0000,AIIB23_159_0000_352,256,882,352
AIIB23_159_0000,AIIB23_159_0000_353,256,705,316
AIIB23_159_0000,AIIB23_159_0000_354,256,498,240
AIIB23_159_0000,AIIB23_159_0000_355,256,384,208
AIIB23_159_0000,AIIB23_159_0000_356,256,201,92
AIIB23_159_0000,AIIB23_159_0000_357,256,132,32
AIIB23_159_0000,AIIB23_159_0000_358,256,0,0
AIIB23_159_0000,AIIB23_159_0000_359,256,0,0
AIIB23_159_0000,AIIB23_159_0000_360,256,0,0
AIIB23_159_0000,AIIB23_159_0000_361,256,0,0
AIIB23_159_0000,AIIB23_159_0000_362,256,0,0
AIIB23_159_0000,AIIB23_159_0000_363,256,0,0
AIIB23_159_0000,AIIB23_159_0000_364,256,0,0
AIIB23_159_0000,AIIB23_159_0000_365,256,0,0
AIIB23_159_0000,AIIB23_159_0000_366,256,0,0
AIIB23_159_0000,AIIB23_159_0000_367,256,0,0
AIIB23_159_0000,AIIB23_159_0000_368,256,0,0
AIIB23_159_0000,AIIB23_159_0000_369,256,0,0
AIIB23_159_0000,AIIB23_159_0000_370,256,0,0
AIIB23_159_0000,AIIB23_159_0000_371,256,0,0
AIIB23_159_0000,AIIB23_159_0000_372,256,0,0
AIIB23_159_0000,AIIB23_159_0000_373,256,0,0
AIIB23_159_0000,AIIB23_159_0000_374,256,0,0
AIIB23_159_0000,AIIB23_159_0000_375,256,0,0
AIIB23_159_0000,AIIB23_159_0000_376,256,0,0
AIIB23_159_0000,AIIB23_159_0000_377,256,0,0
AIIB23_159_0000,AIIB23_159_0000_378,256,0,0
AIIB23_159_0000,AIIB23_159_0000_379,256,0,0
AIIB23_159_0000,AIIB23_159_0000_380,256,0,0
AIIB23_159_0000,AIIB23_159_0000_381,256,0,0
AIIB23_159_0000,AIIB23_159_0000_382,256,0,0
AIIB23_159_0000,AIIB23_159_0000_383,256,0,0
AIIB23_159_0000,AIIB23_159_0000_384,256,0,0
AIIB23_159_0000,AIIB23_159_0000_385,256,0,0
AIIB23_159_0000,AIIB23_159_0000_386,256,0,0
AIIB23_159_0000,AIIB23_159_0000_387,256,0,0
AIIB23_159_0000,AIIB23_159_0000_388,256,0,0
AIIB23_159_0000,AIIB23_159_0000_389,256,0,0
AIIB23_159_0000,AIIB23_159_0000_390,256,0,0
AIIB23_159_0000,AIIB23_159_0000_391,256,0,0
AIIB23_159_0000,AIIB23_159_0000_392,256,0,0
AIIB23_18_0000,AIIB23_18_0000_000,256,0,0
AIIB23_18_0000,AIIB23_18_0000_001,256,0,0
AIIB23_18_0000,AIIB23_18_0000_002,256,0,0
AIIB23_18_0000,AIIB23_18_0000_003,256,0,0
AIIB23_18_0000,AIIB23_18_0000_004,256,0,0
AIIB23_18_0000,AIIB23_18_0000_005,256,0,0
AIIB23_18_0000,AIIB23_18_0000_006,256,0,0
AIIB23_18_0000,AIIB23_18_0000_007,256,0,0
AIIB23_18_0000,AIIB23_18_0000_008,256,0,0
AIIB23_18_0000,AIIB23_18_0000_009,256,0,0
AIIB23_18_0000,AIIB23_18_0000_010,256,0,0
AIIB23_18_0000,AIIB23_18_0000_011,256,0,0
AIIB23_18_0000,AIIB23_18_0000_012,256,0,0
AIIB23_18_0000,AIIB23_18_0000_013,256,0,0
AIIB23_18_0000,AIIB23_18_0000_014,256,0,0
AIIB23_18_0000,AIIB23_18_0000_015,256,0,0
AIIB23_18_0000,AIIB23_18_0000_016,256,0,0
AIIB23_18_0000,AIIB23_18_0000_017,256,0,0
AIIB23_18_0000,AIIB23_18_0000_018,256,0,0
AIIB23_18_0000,AIIB23_18_0000_019,256,0,0
AIIB23_18_0000,AIIB23_18_0000_020,256,0,0
AIIB23_18_0000,AIIB23_18_0000_021,256,0,0
AIIB23_18_0000,AIIB23_18_0000_022,256,0,0
AIIB23_18_0000,AIIB23_18_0000_023,256,0,0
AIIB23_18_0000,AIIB23_18_0000_024,256,0,0
AIIB23_18_0000,AIIB23_18_0000_025,256,0,0
AIIB23_18_0000,AIIB23_18_0000_026,256,0,0
AIIB23_18_0000,AIIB23_18_0000_027,256,0,0
AIIB23_18_0000,AIIB23_18_0000_028,256,0,0
AIIB23_18_0000,AIIB23_18_0000_029,256,0,0
AIIB23_18_0000,AIIB23_18_0000_030,256,0,0
AIIB23_18_0000,AIIB23_18_0000_031,256,0,0
AIIB23_18_0000,AIIB23_18_0000_032,256,0,0
AIIB23_18_0000,AIIB23_18_0000_033,256,0,0
AIIB23_18_0000,AIIB23_18_0000_034,256,0,0
AIIB23_18_0000,AIIB23_18_0000_035,256,0,0
AIIB23_18_0000,AIIB23_18_0000_036,256,0,0
AIIB23_18_0000,AIIB23_18_0000_037,256,0,0
AIIB23_18_0000,AIIB23_18_0000_038,256,0,0
AIIB23_18_0000,AIIB23_18_0000_039,256,0,0
AIIB23_18_0000,AIIB23_18_0000_040,256,0,0
AIIB23_18_0000,AIIB23_18_0000_041,256,21,0
AIIB23_18_0000,AIIB23_18_0000_042,256,93,0
AIIB23_18_0000,AIIB23_18_0000_043,256,162,64
AIIB23_18_0000,AIIB23_18_0000_044,256,186,100
AIIB23_18_0000,AIIB23_18_0000_045,256,222,96
AIIB23_18_0000,AIIB23_18_0000_046,256,240,116
AIIB23_18_0000,AIIB23_18_0000_047,256,315,144
AIIB23_18_0000,AIIB23_18_0000_048,256,444,220
AIIB23_18_0000,AIIB23_18_0000_049,256,714,316
AIIB23_18_0000,AIIB23_18_0000_050,256,1047,380
AIIB23_18_0000,AIIB23_18_0000_051,256,1404,440
AIIB23_18_0000,AIIB23_18_0000_052,256,1710,496
AIIB23_18_0000,AIIB23_18_0000_053,256,1917,616
AIIB23_18_0000,AIIB23_18_0000_054,256,2097,752
AIIB23_18_0000,AIIB23_18_0000_055,256,2292,900
AIIB23_18_0000,AIIB23_18_0000_056,256,2493,984
AIIB23_18_0000,AIIB23_18_0000_057,256,2655,1024
AIIB23_18_0000,AIIB23_18_0000_058,256,2907,1104
AIIB23_18_0000,AIIB23_18_0000_059,256,3117,1108
AIIB23_18_0000,AIIB23_18_0000_060,256,3315,1160
AIIB23_18_0000,AIIB23_18_0000_061,256,3609,1296
AIIB23_18_0000,AIIB23_18_0000_062,256,3936,1372
AIIB23_18_0000,AIIB23_18_0000_063,256,4257,1544
AIIB23_18_0000,AIIB23_18_0000_064,256,4563,1608
AIIB23_18_0000,AIIB23_18_0000_065,256,4944,1708
AIIB23_18_0000,AIIB23_18_0000_066,256,5484,1860
AIIB23_18_0000,AIIB23_18_0000_067,256,5922,2020
AIIB23_18_0000,AIIB23_18_0000_068,256,6516,2068
AIIB23_18_0000,AIIB23_18_0000_069,256,7032,2048
AIIB23_18_0000,AIIB23_18_0000_070,256,7614,2308
AIIB23_18_0000,AIIB23_18_0000_071,256,8136,2296
AIIB23_18_0000,AIIB23_18_0000_072,256,8673,2400
AIIB23_18_0000,AIIB23_18_0000_073,256,9321,2524
AIIB23_18_0000,AIIB23_18_0000_074,256,9867,2596
AIIB23_18_0000,AIIB23_18_0000_075,256,10473,2564
AIIB23_18_0000,AIIB23_18_0000_076,256,11154,2544
AIIB23_18_0000,AIIB23_18_0000_077,256,11772,2968
AIIB23_18_0000,AIIB23_18_0000_078,256,12471,3208
AIIB23_18_0000,AIIB23_18_0000_079,256,13035,3208
AIIB23_18_0000,AIIB23_18_0000_080,256,13545,3688
AIIB23_18_0000,AIIB23_18_0000_081,256,13950,3768
AIIB23_18_0000,AIIB23_18_0000_082,256,14379,3896
AIIB23_18_0000,AIIB23_18_0000_083,256,14919,4208
AIIB23_18_0000,AIIB23_18_0000_084,256,15465,4844
AIIB23_18_0000,AIIB23_18_0000_085,256,16197,5472
AIIB23_18_0000,AIIB23_18_0000_086,256,16914,5644
AIIB23_18_0000,AIIB23_18_0000_087,256,17514,5628
AIIB23_18_0000,AIIB23_18_0000_088,256,18237,4928
AIIB23_18_0000,AIIB23_18_0000_089,256,19221,5996
AIIB23_18_0000,AIIB23_18_0000_090,256,19725,6120
AIIB23_18_0000,AIIB23_18_0000_091,256,20088,6024
AIIB23_18_0000,AIIB23_18_0000_092,256,20253,5792
AIIB23_18_0000,AIIB23_18_0000_093,256,20508,4900
AIIB23_18_0000,AIIB23_18_0000_094,256,20886,4868
AIIB23_18_0000,AIIB23_18_0000_095,256,21159,4924
AIIB23_18_0000,AIIB23_18_0000_096,256,21468,5660
AIIB23_18_0000,AIIB23_18_0000_097,256,21708,6188
AIIB23_18_0000,AIIB23_18_0000_098,256,22086,6384
AIIB23_18_0000,AIIB23_18_0000_099,256,22332,6700
AIIB23_18_0000,AIIB23_18_0000_100,256,22923,7152
AIIB23_18_0000,AIIB23_18_0000_101,256,23439,7224
AIIB23_18_0000,AIIB23_18_0000_102,256,23919,7152
AIIB23_18_0000,AIIB23_18_0000_103,256,24444,7400
AIIB23_18_0000,AIIB23_18_0000_104,256,24849,7232
AIIB23_18_0000,AIIB23_18_0000_105,256,25398,6936
AIIB23_18_0000,AIIB23_18_0000_106,256,25944,7368
AIIB23_18_0000,AIIB23_18_0000_107,256,26514,7460
AIIB23_18_0000,AIIB23_18_0000_108,256,27102,7004
AIIB23_18_0000,AIIB23_18_0000_109,256,27846,5996
AIIB23_18_0000,AIIB23_18_0000_110,256,28644,5196
AIIB23_18_0000,AIIB23_18_0000_111,256,28995,5372
AIIB23_18_0000,AIIB23_18_0000_112,256,28983,5784
AIIB23_18_0000,AIIB23_18_0000_113,256,29061,5848
AIIB23_18_0000,AIIB23_18_0000_114,256,29091,5704
AIIB23_18_0000,AIIB23_18_0000_115,256,28965,5628
AIIB23_18_0000,AIIB23_18_0000_116,256,28956,5100
AIIB23_18_0000,AIIB23_18_0000_117,256,29055,5356
AIIB23_18_0000,AIIB23_18_0000_118,256,28965,5420
AIIB23_18_0000,AIIB23_18_0000_119,256,28974,5340
AIIB23_18_0000,AIIB23_18_0000_120,256,28737,5148
AIIB23_18_0000,AIIB23_18_0000_121,256,28491,5272
AIIB23_18_0000,AIIB23_18_0000_122,256,28410,5656
AIIB23_18_0000,AIIB23_18_0000_123,256,28329,4988
AIIB23_18_0000,AIIB23_18_0000_124,256,28317,4668
AIIB23_18_0000,AIIB23_18_0000_125,256,28311,4844
AIIB23_18_0000,AIIB23_18_0000_126,256,28344,4540
AIIB23_18_0000,AIIB23_18_0000_127,256,28419,4408
AIIB23_18_0000,AIIB23_18_0000_128,256,28494,4272
AIIB23_18_0000,AIIB23_18_0000_129,256,28389,4216
AIIB23_18_0000,AIIB23_18_0000_130,256,28401,4604
AIIB23_18_0000,AIIB23_18_0000_131,256,28338,5168
AIIB23_18_0000,AIIB23_18_0000_132,256,28443,4876
AIIB23_18_0000,AIIB23_18_0000_133,256,28479,4100
AIIB23_18_0000,AIIB23_18_0000_134,256,28584,3536
AIIB23_18_0000,AIIB23_18_0000_135,256,28641,3320
AIIB23_18_0000,AIIB23_18_0000_136,256,28635,3572
AIIB23_18_0000,AIIB23_18_0000_137,256,28551,3500
AIIB23_18_0000,AIIB23_18_0000_138,256,28404,3320
AIIB23_18_0000,AIIB23_18_0000_139,256,28509,2944
AIIB23_18_0000,AIIB23_18_0000_140,256,28473,2776
AIIB23_18_0000,AIIB23_18_0000_141,256,28488,2368
AIIB23_18_0000,AIIB23_18_0000_142,256,28542,2100
AIIB23_18_0000,AIIB23_18_0000_143,256,28560,1972
AIIB23_18_0000,AIIB23_18_0000_144,256,28629,1688
AIIB23_18_0000,AIIB23_18_0000_145,256,28638,1688
AIIB23_18_0000,AIIB23_18_0000_146,256,28662,2368
AIIB23_18_0000,AIIB23_18_0000_147,256,28620,2248
AIIB23_18_0000,AIIB23_18_0000_148,256,28647,2316
AIIB23_18_0000,AIIB23_18_0000_149,256,28518,2332
AIIB23_18_0000,AIIB23_18_0000_150,256,28536,2460
AIIB23_18_0000,AIIB23_18_0000_151,256,28539,2408
AIIB23_18_0000,AIIB23_18_0000_152,256,28533,2612
AIIB23_18_0000,AIIB23_18_0000_153,256,28521,2572
AIIB23_18_0000,AIIB23_18_0000_154,256,28518,2916
AIIB23_18_0000,AIIB23_18_0000_155,256,28494,3216
AIIB23_18_0000,AIIB23_18_0000_156,256,28497,2784
AIIB23_18_0000,AIIB23_18_0000_157,256,28464,2548
AIIB23_18_0000,AIIB23_18_0000_158,256,28377,2720
AIIB23_18_0000,AIIB23_18_0000_159,256,28275,3372
AIIB23_18_0000,AIIB23_18_0000_160,256,28176,3444
AIIB23_18_0000,AIIB23_18_0000_161,256,28101,2932
AIIB23_18_0000,AIIB23_18_0000_162,256,27930,3112
AIIB23_18_0000,AIIB23_18_0000_163,256,27840,3144
AIIB23_18_0000,AIIB23_18_0000_164,256,27600,3228
AIIB23_18_0000,AIIB23_18_0000_165,256,27447,3372
AIIB23_18_0000,AIIB23_18_0000_166,256,27456,3372
AIIB23_18_0000,AIIB23_18_0000_167,256,27441,3808
AIIB23_18_0000,AIIB23_18_0000_168,256,27315,3880
AIIB23_18_0000,AIIB23_18_0000_169,256,27069,4140
AIIB23_18_0000,AIIB23_18_0000_170,256,26952,4088
AIIB23_18_0000,AIIB23_18_0000_171,256,26862,3996
AIIB23_18_0000,AIIB23_18_0000_172,256,26769,4284
AIIB23_18_0000,AIIB23_18_0000_173,256,26583,4336
AIIB23_18_0000,AIIB23_18_0000_174,256,26475,4148
AIIB23_18_0000,AIIB23_18_0000_175,256,26346,3836
AIIB23_18_0000,AIIB23_18_0000_176,256,26127,4168
AIIB23_18_0000,AIIB23_18_0000_177,256,25830,4052
AIIB23_18_0000,AIIB23_18_0000_178,256,25644,4200
AIIB23_18_0000,AIIB23_18_0000_179,256,25500,4420
AIIB23_18_0000,AIIB23_18_0000_180,256,25578,4448
AIIB23_18_0000,AIIB23_18_0000_181,256,25896,4196
AIIB23_18_0000,AIIB23_18_0000_182,256,25755,4040
AIIB23_18_0000,AIIB23_18_0000_183,256,25500,4028
AIIB23_18_0000,AIIB23_18_0000_184,256,25272,3984
AIIB23_18_0000,AIIB23_18_0000_185,256,25008,3916
AIIB23_18_0000,AIIB23_18_0000_186,256,24792,4208
AIIB23_18_0000,AIIB23_18_0000_187,256,24780,4248
AIIB23_18_0000,AIIB23_18_0000_188,256,24681,4320
AIIB23_18_0000,AIIB23_18_0000_189,256,24522,4316
AIIB23_18_0000,AIIB23_18_0000_190,256,24300,4328
AIIB23_18_0000,AIIB23_18_0000_191,256,24162,4312
AIIB23_18_0000,AIIB23_18_0000_192,256,24039,4368
AIIB23_18_0000,AIIB23_18_0000_193,256,23838,4372
AIIB23_18_0000,AIIB23_18_0000_194,256,23607,4456
AIIB23_18_0000,AIIB23_18_0000_195,256,23379,4708
AIIB23_18_0000,AIIB23_18_0000_196,256,23085,4988
AIIB23_18_0000,AIIB23_18_0000_197,256,22803,5076
AIIB23_18_0000,AIIB23_18_0000_198,256,22500,5272
AIIB23_18_0000,AIIB23_18_0000_199,256,22155,5348
AIIB23_18_0000,AIIB23_18_0000_200,256,21840,5272
AIIB23_18_0000,AIIB23_18_0000_201,256,21429,5292
AIIB23_18_0000,AIIB23_18_0000_202,256,21054,5120
AIIB23_18_0000,AIIB23_18_0000_203,256,20622,4372
AIIB23_18_0000,AIIB23_18_0000_204,256,20241,3984
AIIB23_18_0000,AIIB23_18_0000_205,256,19842,3888
AIIB23_18_0000,AIIB23_18_0000_206,256,19431,3780
AIIB23_18_0000,AIIB23_18_0000_207,256,18933,4060
AIIB23_18_0000,AIIB23_18_0000_208,256,18441,4024
AIIB23_18_0000,AIIB23_18_0000_209,256,17961,3912
AIIB23_18_0000,AIIB23_18_0000_210,256,17559,3876
AIIB23_18_0000,AIIB23_18_0000_211,256,17205,3692
AIIB23_18_0000,AIIB23_18_0000_212,256,16794,3952
AIIB23_18_0000,AIIB23_18_0000_213,256,16425,4272
AIIB23_18_0000,AIIB23_18_0000_214,256,15930,4156
AIIB23_18_0000,AIIB23_18_0000_215,256,15495,4080
AIIB23_18_0000,AIIB23_18_0000_216,256,15048,3932
AIIB23_18_0000,AIIB23_18_0000_217,256,14598,4016
AIIB23_18_0000,AIIB23_18_0000_218,256,13971,3964
AIIB23_18_0000,AIIB23_18_0000_219,256,13503,3756
AIIB23_18_0000,AIIB23_18_0000_220,256,13116,3672
AIIB23_18_0000,AIIB23_18_0000_221,256,12648,3632
AIIB23_18_0000,AIIB23_18_0000_222,256,12114,3680
AIIB23_18_0000,AIIB23_18_0000_223,256,11532,3608
AIIB23_18_0000,AIIB23_18_0000_224,256,11007,3444
AIIB23_18_0000,AIIB23_18_0000_225,256,10512,3264
AIIB23_18_0000,AIIB23_18_0000_226,256,10080,2900
AIIB23_18_0000,AIIB23_18_0000_227,256,9669,2852
AIIB23_18_0000,AIIB23_18_0000_228,256,9165,2732
AIIB23_18_0000,AIIB23_18_0000_229,256,8667,2688
AIIB23_18_0000,AIIB23_18_0000_230,256,8196,2472
AIIB23_18_0000,AIIB23_18_0000_231,256,7752,2512
AIIB23_18_0000,AIIB23_18_0000_232,256,7242,2476
AIIB23_18_0000,AIIB23_18_0000_233,256,6792,2228
AIIB23_18_0000,AIIB23_18_0000_234,256,6375,1996
AIIB23_18_0000,AIIB23_18_0000_235,256,5952,1708
AIIB23_18_0000,AIIB23_18_0000_236,256,5520,1540
AIIB23_18_0000,AIIB23_18_0000_237,256,5115,1508
AIIB23_18_0000,AIIB23_18_0000_238,256,4770,1440
AIIB23_18_0000,AIIB23_18_0000_239,256,4386,1532
AIIB23_18_0000,AIIB23_18_0000_240,256,4020,1464
AIIB23_18_0000,AIIB23_18_0000_241,256,3609,1272
AIIB23_18_0000,AIIB23_18_0000_242,256,3231,1124
AIIB23_18_0000,AIIB23_18_0000_243,256,2763,956
AIIB23_18_0000,AIIB23_18_0000_244,256,2403,868
AIIB23_18_0000,AIIB23_18_0000_245,256,1926,716
AIIB23_18_0000,AIIB23_18_0000_246,256,1467,588
AIIB23_18_0000,AIIB23_18_0000_247,256,942,404
AIIB23_18_0000,AIIB23_18_0000_248,256,450,244
AIIB23_18_0000,AIIB23_18_0000_249,256,183,76
AIIB23_18_0000,AIIB23_18_0000_250,256,0,0
AIIB23_18_0000,AIIB23_18_0000_251,256,0,0
AIIB23_18_0000,AIIB23_18_0000_252,256,0,0
AIIB23_18_0000,AIIB23_18_0000_253,256,0,0
AIIB23_18_0000,AIIB23_18_0000_254,256,0,0
AIIB23_18_0000,AIIB23_18_0000_255,256,0,0
AIIB23_18_0000,AIIB23_18_0000_256,256,0,0
AIIB23_18_0000,AIIB23_18_0000_257,256,0,0
AIIB23_18_0000,AIIB23_18_0000_258,256,0,0
AIIB23_18_0000,AIIB23_18_0000_259,256,0,0
AIIB23_18_0000,AIIB23_18_0000_260,256,0,0
AIIB23_18_0000,AIIB23_18_0000_261,256,0,0
AIIB23_18_0000,AIIB23_18_0000_262,256,0,0
AIIB23_18_0000,AIIB23_18_0000_263,256,0,0
AIIB23_18_0000,AIIB23_18_0000_264,256,0,0
AIIB23_18_0000,AIIB23_18_0000_265,256,0,0
AIIB23_18_0000,AIIB23_18_0000_266,256,0,0
AIIB23_18_0000,AIIB23_18_0000_267,256,0,0
AIIB23_33_0000,AIIB23_33_0000_000,256,0,0
AIIB23_33_0000,AIIB23_33_0000_001,256,0,0
AIIB23_33_0000,AIIB23_33_0000_002,256,0,0
AIIB23_33_0000,AIIB23_33_0000_003,256,0,0
AIIB23_33_0000,AIIB23_33_0000_004,256,0,0
AIIB23_33_0000,AIIB23_33_0000_005,256,0,0
AIIB23_33_0000,AIIB23_33_0000_006,256,0,0
AIIB23_33_0000,AIIB23_33_0000_007,256,0,0
AIIB23_33_0000,AIIB23_33_0000_008,256,0,0
AIIB23_33_0000,AIIB23_33_0000_009,256,0,0
AIIB23_33_0000,AIIB23_33_0000_010,256,0,0
AIIB23_33_0000,AIIB23_33_0000_011,256,0,0
AIIB23_33_0000,AIIB23_33_0000_012,256,39,0
AIIB23_33_0000,AIIB23_33_0000_013,256,99,0
AIIB23_33_0000,AIIB23_33_0000_014,256,225,0
AIIB23_33_0000,AIIB23_33_0000_015,256,420,176
AIIB23_33_0000,AIIB23_33_0000_016,256,600,312
AIIB23_33_0000,AIIB23_33_0000_017,256,759,368
AIIB23_33_0000,AIIB23_33_0000_018,256,957,404
AIIB23_33_0000,AIIB23_33_0000_019,256,1137,464
AIIB23_33_0000,AIIB23_33_0000_020,256,1392,548
AIIB23_33_0000,AIIB23_33_0000_021,256,1641,688
AIIB23_33_0000,AIIB23_33_0000_022,256,1848,776
AIIB23_33_0000,AIIB23_33_0000_023,256,2073,836
AIIB23_33_0000,AIIB23_33_0000_024,256,2670,928
AIIB23_33_0000,AIIB23_33_0000_025,256,3144,1004
AIIB23_33_0000,AIIB23_33_0000_026,256,3687,1168
AIIB23_33_0000,AIIB23_33_0000_027,256,4269,1436
AIIB23_33_0000,AIIB23_33_0000_028,256,4896,1912
AIIB23_33_0000,AIIB23_33_0000_029,256,5697,2160
AIIB23_33_0000,AIIB23_33_0000_030,256,6510,2256
AIIB23_33_0000,AIIB23_33_0000_031,256,7506,2264
AIIB23_33_0000,AIIB23_33_0000_032,256,8382,2600
AIIB23_33_0000,AIIB23_33_0000_033,256,9264,2836
AIIB23_33_0000,AIIB23_33_0000_034,256,10116,2952
AIIB23_33_0000,AIIB23_33_0000_035,256,10959,2780
AIIB23_33_0000,AIIB23_33_0000_036,256,11709,2684
AIIB23_33_0000,AIIB23_33_0000_037,256,12348,2500
AIIB23_33_0000,AIIB23_33_0000_038,256,12951,2148
AIIB23_33_0000,AIIB23_33_0000_039,256,13563,2168
AIIB23_33_0000,AIIB23_33_0000_040,256,14124,2304
AIIB23_33_0000,AIIB23_33_0000_041,256,14568,2116
AIIB23_33_0000,AIIB23_33_0000_042,256,15261,2020
AIIB23_33_0000,AIIB23_33_0000_043,256,15855,2460
AIIB23_33_0000,AIIB23_33_0000_044,256,16365,2528
AIIB23_33_0000,AIIB23_33_0000_045,256,16962,2312
AIIB23_33_0000,AIIB23_33_0000_046,256,17487,2164
AIIB23_33_0000,AIIB23_33_0000_047,256,18054,2464
AIIB23_33_0000,AIIB23_33_0000_048,256,18492,2256
AIIB23_33_0000,AIIB23_33_0000_049,256,18885,2168
AIIB23_33_0000,AIIB23_33_0000_050,256,19155,2248
AIIB23_33_0000,AIIB23_33_0000_051,256,19467,1944
AIIB23_33_0000,AIIB23_33_0000_052,256,19581,1852
AIIB23_33_0000,AIIB23_33_0000_053,256,19743,2024
AIIB23_33_0000,AIIB23_33_0000_054,256,19812,2000
AIIB23_33_0000,AIIB23_33_0000_055,256,20007,2128
AIIB23_33_0000,AIIB23_33_0000_056,256,20277,2464
AIIB23_33_0000,AIIB23_33_0000_057,256,20574,2408
AIIB23_33_0000,AIIB23_33_0000_058,256,21099,2784
AIIB23_33_0000,AIIB23_33_0000_059,256,21534,2768
AIIB23_33_0000,AIIB23_33_0000_060,256,21909,2912
AIIB23_33_0000,AIIB23_33_0000_061,256,22380,3220
AIIB23_33_0000,AIIB23_33_0000_062,256,22695,3112
AIIB23_33_0000,AIIB23_33_0000_063,256,23157,3208
AIIB23_33_0000,AIIB23_33_0000_064,256,23586,3384
AIIB23_33_0000,AIIB23_33_0000_065,256,24087,3288
AIIB23_33_0000,AIIB23_33_0000_066,256,24489,3544
AIIB23_33_0000,AIIB23_33_0000_067,256,24801,3740
AIIB23_33_0000,AIIB23_33_0000_068,256,25149,3860
AIIB23_33_0000,AIIB23_33_0000_069,256,25497,4088
AIIB23_33_0000,AIIB23_33_0000_070,256,25659,3908
AIIB23_33_0000,AIIB23_33_0000_071,256,25950,3156
AIIB23_33_0000,AIIB23_33_0000_072,256,26385,2868
AIIB23_33_0000,AIIB23_33_0000_073,256,27048,3176
AIIB23_33_0000,AIIB23_33_0000_074,256,27462,3380
AIIB23_33_0000,AIIB23_33_0000_075,256,27873,2880
AIIB23_33_0000,AIIB23_33_0000_076,256,28359,2988
AIIB23_33_0000,AIIB23_33_0000_077,256,28599,3200
AIIB23_33_0000,AIIB23_33_0000_078,256,28953,2936
AIIB23_33_0000,AIIB23_33_0000_079,256,29355,3416
AIIB23_33_0000,AIIB23_33_0000_080,256,29625,3192
AIIB23_33_0000,AIIB23_33_0000_081,256,30156,2972
AIIB23_33_0000,AIIB23_33_0000_082,256,30783,3608
AIIB23_33_0000,AIIB23_33_0000_083,256,31296,2784
AIIB23_33_0000,AIIB23_33_0000_084,256,31953,2840
AIIB23_33_0000,AIIB23_33_0000_085,256,32547,3356
AIIB23_33_0000,AIIB23_33_0000_086,256,33057,3068
AIIB23_33_0000,AIIB23_33_0000_087,256,33519,3384
AIIB23_33_0000,AIIB23_33_0000_088,256,33858,3148
AIIB23_33_0000,AIIB23_33_0000_089,256,34350,3524
AIIB23_33_0000,AIIB23_33_0000_090,256,35112,3396
AIIB23_33_0000,AIIB23_33_0000_091,256,36525,2948
AIIB23_33_0000,AIIB23_33_0000_092,256,36435,3716
AIIB23_33_0000,AIIB23_33_0000_093,256,37317,3756
AIIB23_33_0000,AIIB23_33_0000_094,256,37842,3136
AIIB23_33_0000,AIIB23_33_0000_095,256,38157,2576
AIIB23_33_0000,AIIB23_33_0000_096,256,38433,2720
AIIB23_33_0000,AIIB23_33_0000_097,256,38622,2476
AIIB23_33_0000,AIIB23_33_0000_098,256,38886,2452
AIIB23_33_0000,AIIB23_33_0000_099,256,38991,2112
AIIB23_33_0000,AIIB23_33_0000_100,256,39054,1724
AIIB23_33_0000,AIIB23_33_0000_101,256,38961,1864
AIIB23_33_0000,AIIB23_33_0000_102,256,38952,1992
AIIB23_33_0000,AIIB23_33_0000_103,256,38970,1780
AIIB23_33_0000,AIIB23_33_0000_104,256,39063,2172
AIIB23_33_0000,AIIB23_33_0000_105,256,39300,2324
AIIB23_33_0000,AIIB23_33_0000_106,256,39729,1940
AIIB23_33_0000,AIIB23_33_0000_107,256,40023,1620
AIIB23_33_0000,AIIB23_33_0000_108,256,40035,1788
AIIB23_33_0000,AIIB23_33_0000_109,256,39270,2112
AIIB23_33_0000,AIIB23_33_0000_110,256,39261,2232
AIIB23_33_0000,AIIB23_33_0000_111,256,39546,2164
AIIB23_33_0000,AIIB23_33_0000_112,256,39603,1852
AIIB23_33_0000,AIIB23_33_0000_113,256,39624,1788
AIIB23_33_0000,AIIB23_33_0000_114,256,39534,2040
AIIB23_33_0000,AIIB23_33_0000_115,256,39447,2392
AIIB23_33_0000,AIIB23_33_0000_116,256,39387,2348
AIIB23_33_0000,AIIB23_33_0000_117,256,39513,2036
AIIB23_33_0000,AIIB23_33_0000_118,256,39174,2324
AIIB23_33_0000,AIIB23_33_0000_119,256,39114,2064
AIIB23_33_0000,AIIB23_33_0000_120,256,39054,1980
AIIB23_33_0000,AIIB23_33_0000_121,256,39081,2024
AIIB23_33_0000,AIIB23_33_0000_122,256,39042,1748
AIIB23_33_0000,AIIB23_33_0000_123,256,38964,1576
AIIB23_33_0000,AIIB23_33_0000_124,256,38979,2172
AIIB23_33_0000,AIIB23_33_0000_125,256,38973,2540
AIIB23_33_0000,AIIB23_33_0000_126,256,38853,2648
AIIB23_33_0000,AIIB23_33_0000_127,256,38889,2564
AIIB23_33_0000,AIIB23_33_0000_128,256,38838,2200
AIIB23_33_0000,AIIB23_33_0000_129,256,39033,2064
AIIB23_33_0000,AIIB23_33_0000_130,256,38874,1760
AIIB23_33_0000,AIIB23_33_0000_131,256,38826,1628
AIIB23_33_0000,AIIB23_33_0000_132,256,38724,1560
AIIB23_33_0000,AIIB23_33_0000_133,256,38748,1428
AIIB23_33_0000,AIIB23_33_0000_134,256,38781,1332
AIIB23_33_0000,AIIB23_33_0000_135,256,38796,1376
AIIB23_33_0000,AIIB23_33_0000_136,256,38526,1172
AIIB23_33_0000,AIIB23_33_0000_137,256,38232,1304
AIIB23_33_0000,AIIB23_33_0000_138,256,38070,1264
AIIB23_33_0000,AIIB23_33_0000_139,256,37941,1240
AIIB23_33_0000,AIIB23_33_0000_140,256,37662,1568
AIIB23_33_0000,AIIB23_33_0000_141,256,37548,1156
AIIB23_33_0000,AIIB23_33_0000_142,256,37428,1128
AIIB23_33_0000,AIIB23_33_0000_143,256,37386,1284
AIIB23_33_0000,AIIB23_33_0000_144,256,37281,1004
AIIB23_33_0000,AIIB23_33_0000_145,256,37239,852
AIIB23_33_0000,AIIB23_33_0000_146,256,37380,868
AIIB23_33_0000,AIIB23_33_0000_147,256,37386,1240
AIIB23_33_0000,AIIB23_33_0000_148,256,37410,1040
AIIB23_33_0000,AIIB23_33_0000_149,256,37293,880
AIIB23_33_0000,AIIB23_33_0000_150,256,37185,924
AIIB23_33_0000,AIIB23_33_0000_151,256,37233,804
AIIB23_33_0000,AIIB23_33_0000_152,256,37209,860
AIIB23_33_0000,AIIB23_33_0000_153,256,37164,844
AIIB23_33_0000,AIIB23_33_0000_154,256,37200,668
AIIB23_33_0000,AIIB23_33_0000_155,256,37203,528
AIIB23_33_0000,AIIB23_33_0000_156,256,36954,520
AIIB23_33_0000,AIIB23_33_0000_157,256,36768,352
AIIB23_33_0000,AIIB23_33_0000_158,256,36603,436
AIIB23_33_0000,AIIB23_33_0000_159,256,36336,320
AIIB23_33_0000,AIIB23_33_0000_160,256,36018,644
AIIB23_33_0000,AIIB23_33_0000_161,256,35796,608
AIIB23_33_0000,AIIB23_33_0000_162,256,35616,448
AIIB23_33_0000,AIIB23_33_0000_163,256,35214,308
AIIB23_33_0000,AIIB23_33_0000_164,256,34923,876
AIIB23_33_0000,AIIB23_33_0000_165,256,34602,1280
AIIB23_33_0000,AIIB23_33_0000_166,256,34338,1300
AIIB23_33_0000,AIIB23_33_0000_167,256,34041,1560
AIIB23_33_0000,AIIB23_33_0000_168,256,33669,1512
AIIB23_33_0000,AIIB23_33_0000_169,256,33462,1136
AIIB23_33_0000,AIIB23_33_0000_170,256,33177,1592
AIIB23_33_0000,AIIB23_33_0000_171,256,32799,1448
AIIB23_33_0000,AIIB23_33_0000_172,256,32520,1116
AIIB23_33_0000,AIIB23_33_0000_173,256,32112,964
AIIB23_33_0000,AIIB23_33_0000_174,256,31953,820
AIIB23_33_0000,AIIB23_33_0000_175,256,31650,1220
AIIB23_33_0000,AIIB23_33_0000_176,256,31272,1336
AIIB23_33_0000,AIIB23_33_0000_177,256,30978,1040
AIIB23_33_0000,AIIB23_33_0000_178,256,30573,964
AIIB23_33_0000,AIIB23_33_0000_179,256,30219,912
AIIB23_33_0000,AIIB23_33_0000_180,256,29937,1172
AIIB23_33_0000,AIIB23_33_0000_181,256,29733,1380
AIIB23_33_0000,AIIB23_33_0000_182,256,29388,1364
AIIB23_33_0000,AIIB23_33_0000_183,256,29169,1228
AIIB23_33_0000,AIIB23_33_0000_184,256,28830,1296
AIIB23_33_0000,AIIB23_33_0000_185,256,28455,1400
AIIB23_33_0000,AIIB23_33_0000_186,256,28188,1300
AIIB23_33_0000,AIIB23_33_0000_187,256,27792,1420
AIIB23_33_0000,AIIB23_33_0000_188,256,27429,1284
AIIB23_33_0000,AIIB23_33_0000_189,256,27066,1560
AIIB23_33_0000,AIIB23_33_0000_190,256,26697,1296
AIIB23_33_0000,AIIB23_33_0000_191,256,26412,1260
AIIB23_33_0000,AIIB23_33_0000_192,256,25998,1312
AIIB23_33_0000,AIIB23_33_0000_193,256,25680,1488
AIIB23_33_0000,AIIB23_33_0000_194,256,25326,1480
AIIB23_33_0000,AIIB23_33_0000_195,256,25032,1092
AIIB23_33_0000,AIIB23_33_0000_196,256,24639,1160
AIIB23_33_0000,AIIB23_33_0000_197,256,24318,1148
AIIB23_33_0000,AIIB23_33_0000_198,256,23991,1032
AIIB23_33_0000,AIIB23_33_0000_199,256,23556,1076
AIIB23_33_0000,AIIB23_33_0000_200,256,23151,1172
AIIB23_33_0000,AIIB23_33_0000_201,256,22608,1084
AIIB23_33_0000,AIIB23_33_0000_202,256,22116,1048
AIIB23_33_0000,AIIB23_33_0000_203,256,21588,1032
AIIB23_33_0000,AIIB23_33_0000_204,256,20997,992
AIIB23_33_0000,AIIB23_33_0000_205,256,20271,892
AIIB23_33_0000,AIIB23_33_0000_206,256,19695,1060
AIIB23_33_0000,AIIB23_33_0000_207,256,19038,1116
AIIB23_33_0000,AIIB23_33_0000_208,256,18144,1432
AIIB23_33_0000,AIIB23_33_0000_209,256,17643,1328
AIIB23_33_0000,AIIB23_33_0000_210,256,17010,1444
AIIB23_33_0000,AIIB23_33_0000_211,256,16485,1860
AIIB23_33_0000,AIIB23_33_0000_212,256,15888,1536
AIIB23_33_0000,AIIB23_33_0000_213,256,15375,1552
AIIB23_33_0000,AIIB23_33_0000_214,256,14757,2064
AIIB23_33_0000,AIIB23_33_0000_215,256,14205,2440
AIIB23_33_0000,AIIB23_33_0000_216,256,13671,2216
AIIB23_33_0000,AIIB23_33_0000_217,256,13050,2792
AIIB23_33_0000,AIIB23_33_0000_218,256,12537,2804
AIIB23_33_0000,AIIB23_33_0000_219,256,11943,2576
AIIB23_33_0000,AIIB23_33_0000_220,256,11286,3024
AIIB23_33_0000,AIIB23_33_0000_221,256,10575,3376
AIIB23_33_0000,AIIB23_33_0000_222,256,10065,2828
AIIB23_33_0000,AIIB23_33_0000_223,256,9336,2948
AIIB23_33_0000,AIIB23_33_0000_224,256,8673,2540
AIIB23_33_0000,AIIB23_33_0000_225,256,7929,2324
AIIB23_33_0000,AIIB23_33_0000_226,256,7248,2392
AIIB23_33_0000,AIIB23_33_0000_227,256,6591,2344
AIIB23_33_0000,AIIB23_33_0000_228,256,5808,2032
AIIB23_33_0000,AIIB23_33_0000_229,256,5196,1896
AIIB23_33_0000,AIIB23_33_0000_230,256,4683,1604
AIIB23_33_0000,AIIB23_33_0000_231,256,4095,1544
AIIB23_33_0000,AIIB23_33_0000_232,256,3555,1216
AIIB23_33_0000,AIIB23_33_0000_233,256,3027,968
AIIB23_33_0000,AIIB23_33_0000_234,256,2418,780
AIIB23_33_0000,AIIB23_33_0000_235,256,1866,704
AIIB23_33_0000,AIIB23_33_0000_236,256,1257,512
AIIB23_33_0000,AIIB23_33_0000_237,256,522,264
AIIB23_33_0000,AIIB23_33_0000_238,256,147,88
AIIB23_33_0000,AIIB23_33_0000_239,256,0,0
AIIB23_33_0000,AIIB23_33_0000_240,256,0,0
AIIB23_33_0000,AIIB23_33_0000_241,256,0,0
AIIB23_33_0000,AIIB23_33_0000_242,256,0,0
AIIB23_33_0000,AIIB23_33_0000_243,256,0,0
AIIB23_33_0000,AIIB23_33_0000_244,256,0,0
AIIB23_33_0000,AIIB23_33_0000_245,256,0,0
AIIB23_33_0000,AIIB23_33_0000_246,256,0,0
AIIB23_33_0000,AIIB23_33_0000_247,256,0,0
AIIB23_33_0000,AIIB23_33_0000_248,256,0,0
AIIB23_33_0000,AIIB23_33_0000_249,256,0,0
AIIB23_33_0000,AIIB23_33_0000_250,256,0,0
AIIB23_33_0000,AIIB23_33_0000_251,256,0,0
AIIB23_33_0000,AIIB23_33_0000_252,256,0,0
AIIB23_33_0000,AIIB23_33_0000_253,256,0,0
AIIB23_42_0000,AIIB23_42_0000_000,256,2430,928
AIIB23_42_0000,AIIB23_42_0000_001,256,2586,948
AIIB23_42_0000,AIIB23_42_0000_002,256,2751,1004
AIIB23_42_0000,AIIB23_42_0000_003,256,2880,1060
AIIB23_42_0000,AIIB23_42_0000_004,256,3024,1040
AIIB23_42_0000,AIIB23_42_0000_005,256,3147,952
AIIB23_42_0000,AIIB23_42_0000_006,256,3291,1028
AIIB23_42_0000,AIIB23_42_0000_007,256,3462,1092
AIIB23_42_0000,AIIB23_42_0000_008,256,3672,1240
AIIB23_42_0000,AIIB23_42_0000_009,256,3849,1316
AIIB23_42_0000,AIIB23_42_0000_010,256,3954,1288
AIIB23_42_0000,AIIB23_42_0000_011,256,4188,1372
AIIB23_42_0000,AIIB23_42_0000_012,256,4329,1392
AIIB23_42_0000,AIIB23_42_0000_013,256,4395,1372
AIIB23_42_0000,AIIB23_42_0000_014,256,4635,1492
AIIB23_42_0000,AIIB23_42_0000_015,256,4863,1548
AIIB23_42_0000,AIIB23_42_0000_016,256,5049,1580
AIIB23_42_0000,AIIB23_42_0000_017,256,5274,1548
AIIB23_42_0000,AIIB23_42_0000_018,256,5382,1580
AIIB23_42_0000,AIIB23_42_0000_019,256,5556,1632
AIIB23_42_0000,AIIB23_42_0000_020,256,5730,1680
AIIB23_42_0000,AIIB23_42_0000_021,256,5859,1692
AIIB23_42_0000,AIIB23_42_0000_022,256,6033,1788
AIIB23_42_0000,AIIB23_42_0000_023,256,6252,1812
AIIB23_42_0000,AIIB23_42_0000_024,256,6432,1872
AIIB23_42_0000,AIIB23_42_0000_025,256,6681,1968
AIIB23_42_0000,AIIB23_42_0000_026,256,6843,1764
AIIB23_42_0000,AIIB23_42_0000_027,256,6978,1660
AIIB23_42_0000,AIIB23_42_0000_028,256,7182,1668
AIIB23_42_0000,AIIB23_42_0000_029,256,7365,1684
AIIB23_42_0000,AIIB23_42_0000_030,256,7494,1628
AIIB23_42_0000,AIIB23_42_0000_031,256,7695,1876
AIIB23_42_0000,AIIB23_42_0000_032,256,7932,2072
AIIB23_42_0000,AIIB23_42_0000_033,256,8199,2124
AIIB23_42_0000,AIIB23_42_0000_034,256,8382,2044
AIIB23_42_0000,AIIB23_42_0000_035,256,8622,2124
AIIB23_42_0000,AIIB23_42_0000_036,256,8847,2148
AIIB23_42_0000,AIIB23_42_0000_037,256,9117,2124
AIIB23_42_0000,AIIB23_42_0000_038,256,9408,2256
AIIB23_42_0000,AIIB23_42_0000_039,256,9600,2396
AIIB23_42_0000,AIIB23_42_0000_040,256,9870,2492
AIIB23_42_0000,AIIB23_42_0000_041,256,10080,2712
AIIB23_42_0000,AIIB23_42_0000_042,256,10338,2800
AIIB23_42_0000,AIIB23_42_0000_043,256,10593,2640
AIIB23_42_0000,AIIB23_42_0000_044,256,10806,2448
AIIB23_42_0000,AIIB23_42_0000_045,256,11055,2400
AIIB23_42_0000,AIIB23_42_0000_046,256,11301,2636
AIIB23_42_0000,AIIB23_42_0000_047,256,11589,2788
AIIB23_42_0000,AIIB23_42_0000_048,256,11934,3084
AIIB23_42_0000,AIIB23_42_0000_049,256,12294,3172
AIIB23_42_0000,AIIB23_42_0000_050,256,12681,3216
AIIB23_42_0000,AIIB23_42_0000_051,256,13122,3136
AIIB23_42_0000,AIIB23_42_0000_052,256,13518,3040
AIIB23_42_0000,AIIB23_42_0000_053,256,13929,3192
AIIB23_42_0000,AIIB23_42_0000_054,256,14235,3292
AIIB23_42_0000,AIIB23_42_0000_055,256,14721,3404
AIIB23_42_0000,AIIB23_42_0000_056,256,15114,3428
AIIB23_42_0000,AIIB23_42_0000_057,256,15537,3264
AIIB23_42_0000,AIIB23_42_0000_058,256,15933,3176
AIIB23_42_0000,AIIB23_42_0000_059,256,16287,3388
AIIB23_42_0000,AIIB23_42_0000_060,256,16686,3604
AIIB23_42_0000,AIIB23_42_0000_061,256,16983,3440
AIIB23_42_0000,AIIB23_42_0000_062,256,17331,3680
AIIB23_42_0000,AIIB23_42_0000_063,256,17643,3844
AIIB23_42_0000,AIIB23_42_0000_064,256,18309,4228
AIIB23_42_0000,AIIB23_42_0000_065,256,18936,4400
AIIB23_42_0000,AIIB23_42_0000_066,256,19347,4564
AIIB23_42_0000,AIIB23_42_0000_067,256,19764,4548
AIIB23_42_0000,AIIB23_42_0000_068,256,20220,4544
AIIB23_42_0000,AIIB23_42_0000_069,256,20676,4616
AIIB23_42_0000,AIIB23_42_0000_070,256,21105,4672
AIIB23_42_0000,AIIB23_42_0000_071,256,21393,4388
AIIB23_42_0000,AIIB23_42_0000_072,256,21705,4888
AIIB23_42_0000,AIIB23_42_0000_073,256,22092,4920
AIIB23_42_0000,AIIB23_42_0000_074,256,22470,4100
AIIB23_42_0000,AIIB23_42_0000_075,256,22827,3600
AIIB23_42_0000,AIIB23_42_0000_076,256,23271,3780
AIIB23_42_0000,AIIB23_42_0000_077,256,23715,3696
AIIB23_42_0000,AIIB23_42_0000_078,256,24030,3092
AIIB23_42_0000,AIIB23_42_0000_079,256,24363,3172
AIIB23_42_0000,AIIB23_42_0000_080,256,24702,3320
AIIB23_42_0000,AIIB23_42_0000_081,256,25143,3416
AIIB23_42_0000,AIIB23_42_0000_082,256,25710,3484
AIIB23_42_0000,AIIB23_42_0000_083,256,25830,3500
AIIB23_42_0000,AIIB23_42_0000_084,256,25779,3888
AIIB23_42_0000,AIIB23_42_0000_085,256,25752,3784
AIIB23_42_0000,AIIB23_42_0000_086,256,25716,3636
AIIB23_42_0000,AIIB23_42_0000_087,256,25800,3364
AIIB23_42_0000,AIIB23_42_0000_088,256,26037,3584
AIIB23_42_0000,AIIB23_42_0000_089,256,26145,3784
AIIB23_42_0000,AIIB23_42_0000_090,256,26295,3672
AIIB23_42_0000,AIIB23_42_0000_091,256,26463,3660
AIIB23_42_0000,AIIB23_42_0000_092,256,26592,3844
AIIB23_42_0000,AIIB23_42_0000_093,256,26856,3992
AIIB23_42_0000,AIIB23_42_0000_094,256,26925,4012
AIIB23_42_0000,AIIB23_42_0000_095,256,27141,4324
AIIB23_42_0000,AIIB23_42_0000_096,256,27297,4092
AIIB23_42_0000,AIIB23_42_0000_097,256,27435,3980
AIIB23_42_0000,AIIB23_42_0000_098,256,27702,4044
AIIB23_42_0000,AIIB23_42_0000_099,256,27897,4128
AIIB23_42_0000,AIIB23_42_0000_100,256,27999,4296
AIIB23_42_0000,AIIB23_42_0000_101,256,28137,4648
AIIB23_42_0000,AIIB23_42_0000_102,256,28311,4724
AIIB23_42_0000,AIIB23_42_0000_103,256,28470,4344
AIIB23_42_0000,AIIB23_42_0000_104,256,28683,3864
AIIB23_42_0000,AIIB23_42_0000_105,256,28947,3820
AIIB23_42_0000,AIIB23_42_0000_106,256,29361,3532
AIIB23_42_0000,AIIB23_42_0000_107,256,29856,3420
AIIB23_42_0000,AIIB23_42_0000_108,256,30417,3528
AIIB23_42_0000,AIIB23_42_0000_109,256,30831,3656
AIIB23_42_0000,AIIB23_42_0000_110,256,31266,3764
AIIB23_42_0000,AIIB23_42_0000_111,256,31962,3864
AIIB23_42_0000,AIIB23_42_0000_112,256,32298,3708
AIIB23_42_0000,AIIB23_42_0000_113,256,32751,3776
AIIB23_42_0000,AIIB23_42_0000_114,256,32421,3724
AIIB23_42_0000,AIIB23_42_0000_115,256,32184,3824
AIIB23_42_0000,AIIB23_42_0000_116,256,32181,4028
AIIB23_42_0000,AIIB23_42_0000_117,256,32196,3776
AIIB23_42_0000,AIIB23_42_0000_118,256,32229,3344
AIIB23_42_0000,AIIB23_42_0000_119,256,32328,3568
AIIB23_42_0000,AIIB23_42_0000_120,256,32511,3468
AIIB23_42_0000,AIIB23_42_0000_121,256,32619,3056
AIIB23_42_0000,AIIB23_42_0000_122,256,32646,2912
AIIB23_42_0000,AIIB23_42_0000_123,256,32736,2580
AIIB23_42_0000,AIIB23_42_0000_124,256,32718,2588
AIIB23_42_0000,AIIB23_42_0000_125,256,32898,2100
AIIB23_42_0000,AIIB23_42_0000_126,256,32925,1996
AIIB23_42_0000,AIIB23_42_0000_127,256,32982,2060
AIIB23_42_0000,AIIB23_42_0000_128,256,33084,2212
AIIB23_42_0000,AIIB23_42_0000_129,256,33033,1976
AIIB23_42_0000,AIIB23_42_0000_130,256,32925,2060
AIIB23_42_0000,AIIB23_42_0000_131,256,32877,2108
AIIB23_42_0000,AIIB23_42_0000_132,256,32976,2516
AIIB23_42_0000,AIIB23_42_0000_133,256,32982,2412
AIIB23_42_0000,AIIB23_42_0000_134,256,32889,2844
AIIB23_42_0000,AIIB23_42_0000_135,256,32943,2488
AIIB23_42_0000,AIIB23_42_0000_136,256,33006,2184
AIIB23_42_0000,AIIB23_42_0000_137,256,32892,1736
AIIB23_42_0000,AIIB23_42_0000_138,256,32823,1792
AIIB23_42_0000,AIIB23_42_0000_139,256,32694,1956
AIIB23_42_0000,AIIB23_42_0000_140,256,32745,1904
AIIB23_42_0000,AIIB23_42_0000_141,256,32781,1828
AIIB23_42_0000,AIIB23_42_0000_142,256,32778,1820
AIIB23_42_0000,AIIB23_42_0000_143,256,32679,1876
AIIB23_42_0000,AIIB23_42_0000_144,256,32574,1936
AIIB23_42_0000,AIIB23_42_0000_145,256,32493,1848
AIIB23_42_0000,AIIB23_42_0000_146,256,32625,1784
AIIB23_42_0000,AIIB23_42_0000_147,256,32679,1876
AIIB23_42_0000,AIIB23_42_0000_148,256,32664,1924
AIIB23_42_0000,AIIB23_42_0000_149,256,32703,1896
AIIB23_42_0000,AIIB23_42_0000_150,256,32751,1532
AIIB23_42_0000,AIIB23_42_0000_151,256,32757,1472
AIIB23_42_0000,AIIB23_42_0000_152,256,32784,1536
AIIB23_42_0000,AIIB23_42_0000_153,256,32796,2036
AIIB23_42_0000,AIIB23_42_0000_154,256,32874,1752
AIIB23_42_0000,AIIB23_42_0000_155,256,32961,1624
AIIB23_42_0000,AIIB23_42_0000_156,256,33063,1768
AIIB23_42_0000,AIIB23_42_0000_157,256,33156,1820
AIIB23_42_0000,AIIB23_42_0000_158,256,33096,1720
AIIB23_42_0000,AIIB23_42_0000_159,256,33111,1704
AIIB23_42_0000,AIIB23_42_0000_160,256,33084,2028
AIIB23_42_0000,AIIB23_42_0000_161,256,33021,1788
AIIB23_42_0000,AIIB23_42_0000_162,256,32979,1560
AIIB23_42_0000,AIIB23_42_0000_163,256,32958,1272
AIIB23_42_0000,AIIB23_42_0000_164,256,32847,1264
AIIB23_42_0000,AIIB23_42_0000_165,256,32766,1660
AIIB23_42_0000,AIIB23_42_0000_166,256,32820,1888
AIIB23_42_0000,AIIB23_42_0000_167,256,32769,1864
AIIB23_42_0000,AIIB23_42_0000_168,256,32673,1832
AIIB23_42_0000,AIIB23_42_0000_169,256,32634,1464
AIIB23_42_0000,AIIB23_42_0000_170,256,32574,1320
AIIB23_42_0000,AIIB23_42_0000_171,256,32565,1352
AIIB23_42_0000,AIIB23_42_0000_172,256,32475,1280
AIIB23_42_0000,AIIB23_42_0000_173,256,32433,1152
AIIB23_42_0000,AIIB23_42_0000_174,256,32394,1040
AIIB23_42_0000,AIIB23_42_0000_175,256,32505,980
AIIB23_42_0000,AIIB23_42_0000_176,256,32433,988
AIIB23_42_0000,AIIB23_42_0000_177,256,32316,980
AIIB23_42_0000,AIIB23_42_0000_178,256,32274,1084
AIIB23_42_0000,AIIB23_42_0000_179,256,32214,1300
AIIB23_42_0000,AIIB23_42_0000_180,256,32193,1712
AIIB23_42_0000,AIIB23_42_0000_181,256,32202,1948
AIIB23_42_0000,AIIB23_42_0000_182,256,32043,1828
AIIB23_42_0000,AIIB23_42_0000_183,256,31890,1652
AIIB23_42_0000,AIIB23_42_0000_184,256,31779,1320
AIIB23_42_0000,AIIB23_42_0000_185,256,31590,1104
AIIB23_42_0000,AIIB23_42_0000_186,256,31491,1052
AIIB23_42_0000,AIIB23_42_0000_187,256,31356,908
AIIB23_42_0000,AIIB23_42_0000_188,256,31284,896
AIIB23_42_0000,AIIB23_42_0000_189,256,31161,1128
AIIB23_42_0000,AIIB23_42_0000_190,256,31053,1376
AIIB23_42_0000,AIIB23_42_0000_191,256,30933,1648
AIIB23_42_0000,AIIB23_42_0000_192,256,30819,1820
AIIB23_42_0000,AIIB23_42_0000_193,256,30750,1920
AIIB23_42_0000,AIIB23_42_0000_194,256,30642,2196
AIIB23_42_0000,AIIB23_42_0000_195,256,30528,2064
AIIB23_42_0000,AIIB23_42_0000_196,256,30594,2144
AIIB23_42_0000,AIIB23_42_0000_197,256,30546,2192
AIIB23_42_0000,AIIB23_42_0000_198,256,30474,2200
AIIB23_42_0000,AIIB23_42_0000_199,256,30441,2232
AIIB23_42_0000,AIIB23_42_0000_200,256,30372,2360
AIIB23_42_0000,AIIB23_42_0000_201,256,30228,2372
AIIB23_42_0000,AIIB23_42_0000_202,256,30156,2572
AIIB23_42_0000,AIIB23_42_0000_203,256,30042,2552
AIIB23_42_0000,AIIB23_42_0000_204,256,29904,2648
AIIB23_42_0000,AIIB23_42_0000_205,256,29799,2824
AIIB23_42_0000,AIIB23_42_0000_206,256,29697,2712
AIIB23_42_0000,AIIB23_42_0000_207,256,29580,2476
AIIB23_42_0000,AIIB23_42_0000_208,256,29508,2476
AIIB23_42_0000,AIIB23_42_0000_209,256,29439,2448
AIIB23_42_0000,AIIB23_42_0000_210,256,29298,2408
AIIB23_42_0000,AIIB23_42_0000_211,256,29097,2468
AIIB23_42_0000,AIIB23_42_0000_212,256,28941,2368
AIIB23_42_0000,AIIB23_42_0000_213,256,28755,2348
AIIB23_42_0000,AIIB23_42_0000_214,256,28614,2288
AIIB23_42_0000,AIIB23_42_0000_215,256,28401,2192
AIIB23_42_0000,AIIB23_42_0000_216,256,28308,2012
AIIB23_42_0000,AIIB23_42_0000_217,256,28074,1904
AIIB23_42_0000,AIIB23_42_0000_218,256,27909,2028
AIIB23_42_0000,AIIB23_42_0000_219,256,27747,1924
AIIB23_42_0000,AIIB23_42_0000_220,256,27507,1976
AIIB23_42_0000,AIIB23_42_0000_221,256,27294,1916
AIIB23_42_0000,AIIB23_42_0000_222,256,27060,2072
AIIB23_42_0000,AIIB23_42_0000_223,256,26883,2044
AIIB23_42_0000,AIIB23_42_0000_224,256,26670,2140
AIIB23_42_0000,AIIB23_42_0000_225,256,26478,2160
AIIB23_42_0000,AIIB23_42_0000_226,256,26313,2164
AIIB23_42_0000,AIIB23_42_0000_227,256,26082,2188
AIIB23_42_0000,AIIB23_42_0000_228,256,25827,2104
AIIB23_42_0000,AIIB23_42_0000_229,256,25632,1932
AIIB23_42_0000,AIIB23_42_0000_230,256,25347,1856
AIIB23_42_0000,AIIB23_42_0000_231,256,25146,1872
AIIB23_42_0000,AIIB23_42_0000_232,256,24963,1896
AIIB23_42_0000,AIIB23_42_0000_233,256,24660,1800
AIIB23_42_0000,AIIB23_42_0000_234,256,24411,1936
AIIB23_42_0000,AIIB23_42_0000_235,256,24165,2012
AIIB23_42_0000,AIIB23_42_0000_236,256,23958,1944
AIIB23_42_0000,AIIB23_42_0000_237,256,23694,1760
AIIB23_42_0000,AIIB23_42_0000_238,256,23337,1952
AIIB23_42_0000,AIIB23_42_0000_239,256,23088,2096
AIIB23_42_0000,AIIB23_42_0000_240,256,22800,2184
AIIB23_42_0000,AIIB23_42_0000_241,256,22515,2272
AIIB23_42_0000,AIIB23_42_0000_242,256,22224,2496
AIIB23_42_0000,AIIB23_42_0000_243,256,21999,2208
AIIB23_42_0000,AIIB23_42_0000_244,256,21735,1960
AIIB23_42_0000,AIIB23_42_0000_245,256,21432,1892
AIIB23_42_0000,AIIB23_42_0000_246,256,21135,1888
AIIB23_42_0000,AIIB23_42_0000_247,256,20769,2056
AIIB23_42_0000,AIIB23_42_0000_248,256,20472,1996
AIIB23_42_0000,AIIB23_42_0000_249,256,20133,1988
AIIB23_42_0000,AIIB23_42_0000_250,256,19797,1900
AIIB23_42_0000,AIIB23_42_0000_251,256,19500,1676
AIIB23_42_0000,AIIB23_42_0000_252,256,19212,1528
AIIB23_42_0000,AIIB23_42_0000_253,256,18897,1564
AIIB23_42_0000,AIIB23_42_0000_254,256,18540,1312
AIIB23_42_0000,AIIB23_42_0000_255,256,18165,1312
AIIB23_42_0000,AIIB23_42_0000_256,256,17775,1376
AIIB23_42_0000,AIIB23_42_0000_257,256,17472,1288
AIIB23_42_0000,AIIB23_42_0000_258,256,17118,1312
AIIB23_42_0000,AIIB23_42_0000_259,256,16740,1244
AIIB23_42_0000,AIIB23_42_0000_260,256,16356,1252
AIIB23_42_0000,AIIB23_42_0000_261,256,15969,1324
AIIB23_42_0000,AIIB23_42_0000_262,256,15606,1244
AIIB23_42_0000,AIIB23_42_0000_263,256,15261,1284
AIIB23_42_0000,AIIB23_42_0000_264,256,14883,1548
AIIB23_42_0000,AIIB23_42_0000_265,256,14496,1472
AIIB23_42_0000,AIIB23_42_0000_266,256,14184,1216
AIIB23_42_0000,AIIB23_42_0000_267,256,13779,1204
AIIB23_42_0000,AIIB23_42_0000_268,256,13356,1220
AIIB23_42_0000,AIIB23_42_0000_269,256,12936,1428
AIIB23_42_0000,AIIB23_42_0000_270,256,12552,1600
AIIB23_42_0000,AIIB23_42_0000_271,256,12147,1836
AIIB23_42_0000,AIIB23_42_0000_272,256,11793,2120
AIIB23_42_0000,AIIB23_42_0000_273,256,11412,2136
AIIB23_42_0000,AIIB23_42_0000_274,256,11028,2576
AIIB23_42_0000,AIIB23_42_0000_275,256,10632,2160
AIIB23_42_0000,AIIB23_42_0000_276,256,10260,2212
AIIB23_42_0000,AIIB23_42_0000_277,256,9852,2916
AIIB23_42_0000,AIIB23_42_0000_278,256,9471,2344
AIIB23_42_0000,AIIB23_42_0000_279,256,9063,2476
AIIB23_42_0000,AIIB23_42_0000_280,256,8619,2452
AIIB23_42_0000,AIIB23_42_0000_281,256,8154,2376
AIIB23_42_0000,AIIB23_42_0000_282,256,7725,2388
AIIB23_42_0000,AIIB23_42_0000_283,256,7326,2580
AIIB23_42_0000,AIIB23_42_0000_284,256,6888,2492
AIIB23_42_0000,AIIB23_42_0000_285,256,6441,2348
AIIB23_42_0000,AIIB23_42_0000_286,256,6048,2232
AIIB23_42_0000,AIIB23_42_0000_287,256,5634,2088
AIIB23_42_0000,AIIB23_42_0000_288,256,5223,1936
AIIB23_42_0000,AIIB23_42_0000_289,256,4866,1844
AIIB23_42_0000,AIIB23_42_0000_290,256,4464,1684
AIIB23_42_0000,AIIB23_42_0000_291,256,4095,1568
AIIB23_42_0000,AIIB23_42_0000_292,256,3711,1396
AIIB23_42_0000,AIIB23_42_0000_293,256,3357,1300
AIIB23_42_0000,AIIB23_42_0000_294,256,2958,1140
AIIB23_42_0000,AIIB23_42_0000_295,256,2553,880
AIIB23_42_0000,AIIB23_42_0000_296,256,2097,884
AIIB23_42_0000,AIIB23_42_0000_297,256,1734,744
AIIB23_42_0000,AIIB23_42_0000_298,256,1416,640
AIIB23_42_0000,AIIB23_42_0000_299,256,1113,512
AIIB23_42_0000,AIIB23_42_0000_300,256,786,328
AIIB23_42_0000,AIIB23_42_0000_301,256,543,272
AIIB23_42_0000,AIIB23_42_0000_302,256,252,124
AIIB23_42_0000,AIIB23_42_0000_303,256,201,128
AIIB23_42_0000,AIIB23_42_0000_304,256,0,0
AIIB23_42_0000,AIIB23_42_0000_305,256,0,0
AIIB23_42_0000,AIIB23_42_0000_306,256,0,0
AIIB23_42_0000,AIIB23_42_0000_307,256,0,0
AIIB23_42_0000,AIIB23_42_0000_308,256,0,0
AIIB23_42_0000,AIIB23_42_0000_309,256,0,0
AIIB23_42_0000,AIIB23_42_0000_310,256,0,0
AIIB23_42_0000,AIIB23_42_0000_311,256,0,0
AIIB23_42_0000,AIIB23_42_0000_312,256,0,0
AIIB23_42_0000,AIIB23_42_0000_313,256,0,0
AIIB23_42_0000,AIIB23_42_0000_314,256,0,0
AIIB23_42_0000,AIIB23_42_0000_315,256,0,0
AIIB23_42_0000,AIIB23_42_0000_316,256,0,0
AIIB23_42_0000,AIIB23_42_0000_317,256,0,0
AIIB23_42_0000,AIIB23_42_0000_318,256,0,0
AIIB23_45_0000,AIIB23_45_0000_000,256,0,0
AIIB23_45_0000,AIIB23_45_0000_001,256,0,0
AIIB23_45_0000,AIIB23_45_0000_002,256,0,0
AIIB23_45_0000,AIIB23_45_0000_003,256,0,0
AIIB23_45_0000,AIIB23_45_0000_004,256,0,0
AIIB23_45_0000,AIIB23_45_0000_005,256,0,0
AIIB23_45_0000,AIIB23_45_0000_006,256,0,0
AIIB23_45_0000,AIIB23_45_0000_007,256,0,0
AIIB23_45_0000,AIIB23_45_0000_008,256,0,0
AIIB23_45_0000,AIIB23_45_0000_009,256,0,0
AIIB23_45_0000,AIIB23_45_0000_010,256,0,0
AIIB23_45_0000,AIIB23_45_0000_011,256,0,0
AIIB23_45_0000,AIIB23_45_0000_012,256,0,0
AIIB23_45_0000,AIIB23_45_0000_013,256,0,0
AIIB23_45_0000,AIIB23_45_0000_014,256,0,0
AIIB23_45_0000,AIIB23_45_0000_015,256,0,0
AIIB23_45_0000,AIIB23_45_0000_016,256,0,0
AIIB23_45_0000,AIIB23_45_0000_017,256,0,0
AIIB23_45_0000,AIIB23_45_0000_018,256,0,0
AIIB23_45_0000,AIIB23_45_0000_019,256,0,0
AIIB23_45_0000,AIIB23_45_0000_020,256,0,0
AIIB23_45_0000,AIIB23_45_0000_021,256,0,0
AIIB23_45_0000,AIIB23_45_0000_022,256,0,0
AIIB23_45_0000,AIIB23_45_0000_023,256,0,0
AIIB23_45_0000,AIIB23_45_0000_024,256,0,0
AIIB23_45_0000,AIIB23_45_0000_025,256,0,0
AIIB23_45_0000,AIIB23_45_0000_026,256,0,0
AIIB23_45_0000,AIIB23_45_0000_027,256,0,0
AIIB23_45_0000,AIIB23_45_0000_028,256,0,0
AIIB23_45_0000,AIIB23_45_0000_029,256,0,0
AIIB23_45_0000,AIIB23_45_0000_030,256,0,0
AIIB23_45_0000,AIIB23_45_0000_031,256,0,0
AIIB23_45_0000,AIIB23_45_0000_032,256,0,0
AIIB23_45_0000,AIIB23_45_0000_033,256,0,0
AIIB23_45_0000,AIIB23_45_0000_034,256,0,0
AIIB23_45_0000,AIIB23_45_0000_035,256,0,0
AIIB23_45_0000,AIIB23_45_0000_036,256,0,0
AIIB23_45_0000,AIIB23_45_0000_037,256,0,0
AIIB23_45_0000,AIIB23_45_0000_038,256,0,0
AIIB23_45_0000,AIIB23_45_0000_039,256,0,0
AIIB23_45_0000,AIIB23_45_0000_040,256,0,0
AIIB23_45_0000,AIIB23_45_0000_041,256,0,0
AIIB23_45_0000,AIIB23_45_0000_042,256,0,0
AIIB23_45_0000,AIIB23_45_0000_043,256,0,0
AIIB23_45_0000,AIIB23_45_0000_044,256,0,0
AIIB23_45_0000,AIIB23_45_0000_045,256,0,0
AIIB23_45_0000,AIIB23_45_0000_046,256,0,0
AIIB23_45_0000,AIIB23_45_0000_047,256,0,0
AIIB23_45_0000,AIIB23_45_0000_048,256,0,0
AIIB23_45_0000,AIIB23_45_0000_049,256,0,0
AIIB23_45_0000,AIIB23_45_0000_050,256,0,0
AIIB23_45_0000,AIIB23_45_0000_051,256,0,0
AIIB23_45_0000,AIIB23_45_0000_052,256,0,0
AIIB23_45_0000,AIIB23_45_0000_053,256,0,0
AIIB23_45_0000,AIIB23_45_0000_054,256,0,0
AIIB23_45_0000,AIIB23_45_0000_055,256,0,0
AIIB23_45_0000,AIIB23_45_0000_056,256,0,0
AIIB23_45_0000,AIIB23_45_0000_057,256,0,0
AIIB23_45_0000,AIIB23_45_0000_058,256,0,0
AIIB23_45_0000,AIIB23_45_0000_059,256,0,0
AIIB23_45_0000,AIIB23_45_0000_060,256,0,0
AIIB23_45_0000,AIIB23_45_0000_061,256,0,0
AIIB23_45_0000,AIIB23_45_0000_062,256,0,0
AIIB23_45_0000,AIIB23_45_0000_063,256,0,0
AIIB23_45_0000,AIIB23_45_0000_064,256,0,0
AIIB23_45_0000,AIIB23_45_0000_065,256,0,0
AIIB23_45_0000,AIIB23_45_0000_066,256,0,0
AIIB23_45_0000,AIIB23_45_0000_067,256,0,0
AIIB23_45_0000,AIIB23_45_0000_068,256,0,0
AIIB23_45_0000,AIIB23_45_0000_069,256,0,0
AIIB23_45_0000,AIIB23_45_0000_070,256,0,0
AIIB23_45_0000,AIIB23_45_0000_071,256,0,0
AIIB23_45_0000,AIIB23_45_0000_072,256,0,0
AIIB23_45_0000,AIIB23_45_0000_073,256,0,0
AIIB23_45_0000,AIIB23_45_0000_074,256,0,0
AIIB23_45_0000,AIIB23_45_0000_075,256,0,0
AIIB23_45_0000,AIIB23_45_0000_076,256,0,0
AIIB23_45_0000,AIIB23_45_0000_077,256,0,0
AIIB23_45_0000,AIIB23_45_0000_078,256,0,0
AIIB23_45_0000,AIIB23_45_0000_079,256,0,0
AIIB23_45_0000,AIIB23_45_0000_080,256,0,0
AIIB23_45_0000,AIIB23_45_0000_081,256,0,0
AIIB23_45_0000,AIIB23_45_0000_082,256,0,0
AIIB23_45_0000,AIIB23_45_0000_083,256,0,0
AIIB23_45_0000,AIIB23_45_0000_084,256,0,0
AIIB23_45_0000,AIIB23_45_0000_085,256,0,0
AIIB23_45_0000,AIIB23_45_0000_086,256,0,0
AIIB23_45_0000,AIIB23_45_0000_087,256,0,0
AIIB23_45_0000,AIIB23_45_0000_088,256,0,0
AIIB23_45_0000,AIIB23_45_0000_089,256,0,0
AIIB23_45_0000,AIIB23_45_0000_090,256,0,0
AIIB23_45_0000,AIIB23_45_0000_091,256,0,0
AIIB23_45_0000,AIIB23_45_0000_092,256,0,0
AIIB23_45_0000,AIIB23_45_0000_093,256,0,0
AIIB23_45_0000,AIIB23_45_0000_094,256,0,0
AIIB23_45_0000,AIIB23_45_0000_095,256,0,0
AIIB23_45_0000,AIIB23_45_0000_096,256,6,0
AIIB23_45_0000,AIIB23_45_0000_097,256,63,0
AIIB23_45_0000,AIIB23_45_0000_098,256,153,56
AIIB23_45_0000,AIIB23_45_0000_099,256,228,84
AIIB23_45_0000,AIIB23_45_0000_100,256,360,148
AIIB23_45_0000,AIIB23_45_0000_101,256,519,236
AIIB23_45_0000,AIIB23_45_0000_102,256,690,384
AIIB23_45_0000,AIIB23_45_0000_103,256,876,432
AIIB23_45_0000,AIIB23_45_0000_104,256,1122,504
AIIB23_45_0000,AIIB23_45_0000_105,256,1392,632
AIIB23_45_0000,AIIB23_45_0000_106,256,1254,532
AIIB23_45_0000,AIIB23_45_0000_107,256,1980,944
AIIB23_45_0000,AIIB23_45_0000_108,256,2253,1008
AIIB23_45_0000,AIIB23_45_0000_109,256,2616,1192
AIIB23_45_0000,AIIB23_45_0000_110,256,2991,1372
AIIB23_45_0000,AIIB23_45_0000_111,256,3327,1400
AIIB23_45_0000,AIIB23_45_0000_112,256,3717,1492
AIIB23_45_0000,AIIB23_45_0000_113,256,4104,1476
AIIB23_45_0000,AIIB23_45_0000_114,256,4632,1572
AIIB23_45_0000,AIIB23_45_0000_115,256,5139,1544
AIIB23_45_0000,AIIB23_45_0000_116,256,5538,1528
AIIB23_45_0000,AIIB23_45_0000_117,256,5955,1540
AIIB23_45_0000,AIIB23_45_0000_118,256,6552,1788
AIIB23_45_0000,AIIB23_45_0000_119,256,7380,1964
AIIB23_45_0000,AIIB23_45_0000_120,256,7962,2024
AIIB23_45_0000,AIIB23_45_0000_121,256,8466,2152
AIIB23_45_0000,AIIB23_45_0000_122,256,9132,2340
AIIB23_45_0000,AIIB23_45_0000_123,256,9876,2628
AIIB23_45_0000,AIIB23_45_0000_124,256,10518,2644
AIIB23_45_0000,AIIB23_45_0000_125,256,11289,2752
AIIB23_45_0000,AIIB23_45_0000_126,256,12210,3016
AIIB23_45_0000,AIIB23_45_0000_127,256,13173,3276
AIIB23_45_0000,AIIB23_45_0000_128,256,14394,3688
AIIB23_45_0000,AIIB23_45_0000_129,256,16035,3736
AIIB23_45_0000,AIIB23_45_0000_130,256,18324,4320
AIIB23_45_0000,AIIB23_45_0000_131,256,19827,4456
AIIB23_45_0000,AIIB23_45_0000_132,256,21318,4148
AIIB23_45_0000,AIIB23_45_0000_133,256,23283,4500
AIIB23_45_0000,AIIB23_45_0000_134,256,23340,4520
AIIB23_45_0000,AIIB23_45_0000_135,256,23472,4172
AIIB23_45_0000,AIIB23_45_0000_136,256,23784,4412
AIIB23_45_0000,AIIB23_45_0000_137,256,23919,4428
AIIB23_45_0000,AIIB23_45_0000_138,256,24012,4648
AIIB23_45_0000,AIIB23_45_0000_139,256,24264,4588
AIIB23_45_0000,AIIB23_45_0000_140,256,24444,4712
AIIB23_45_0000,AIIB23_45_0000_141,256,24705,4964
AIIB23_45_0000,AIIB23_45_0000_142,256,24882,5424
AIIB23_45_0000,AIIB23_45_0000_143,256,25146,5724
AIIB23_45_0000,AIIB23_45_0000_144,256,25425,5424
AIIB23_45_0000,AIIB23_45_0000_145,256,25779,4808
AIIB23_45_0000,AIIB23_45_0000_146,256,26238,4784
AIIB23_45_0000,AIIB23_45_0000_147,256,26466,4960
AIIB23_45_0000,AIIB23_45_0000_148,256,26751,5000
AIIB23_45_0000,AIIB23_45_0000_149,256,27258,5440
AIIB23_45_0000,AIIB23_45_0000_150,256,27669,5824
AIIB23_45_0000,AIIB23_45_0000_151,256,28152,5972
AIIB23_45_0000,AIIB23_45_0000_152,256,28536,5960
AIIB23_45_0000,AIIB23_45_0000_153,256,28995,5560
AIIB23_45_0000,AIIB23_45_0000_154,256,29505,5636
AIIB23_45_0000,AIIB23_45_0000_155,256,30000,6072
AIIB23_45_0000,AIIB23_45_0000_156,256,30513,5732
AIIB23_45_0000,AIIB23_45_0000_157,256,31281,6188
AIIB23_45_0000,AIIB23_45_0000_158,256,31890,5672
AIIB23_45_0000,AIIB23_45_0000_159,256,32532,6260
AIIB23_45_0000,AIIB23_45_0000_160,256,33210,6692
AIIB23_45_0000,AIIB23_45_0000_161,256,33726,7160
AIIB23_45_0000,AIIB23_45_0000_162,256,34446,7456
AIIB23_45_0000,AIIB23_45_0000_163,256,35190,8464
AIIB23_45_0000,AIIB23_45_0000_164,256,35991,8360
AIIB23_45_0000,AIIB23_45_0000_165,256,36768,8260
AIIB23_45_0000,AIIB23_45_0000_166,256,37569,7924
AIIB23_45_0000,AIIB23_45_0000_167,256,38397,7212
AIIB23_45_0000,AIIB23_45_0000_168,256,39057,7692
AIIB23_45_0000,AIIB23_45_0000_169,256,40095,6872
AIIB23_45_0000,AIIB23_45_0000_170,256,40782,7588
AIIB23_45_0000,AIIB23_45_0000_171,256,41556,7264
AIIB23_45_0000,AIIB23_45_0000_172,256,42174,6860
AIIB23_45_0000,AIIB23_45_0000_173,256,42846,6896
AIIB23_45_0000,AIIB23_45_0000_174,256,43710,6904
AIIB23_45_0000,AIIB23_45_0000_175,256,43815,7228
AIIB23_45_0000,AIIB23_45_0000_176,256,43809,7596
AIIB23_45_0000,AIIB23_45_0000_177,256,43854,7540
AIIB23_45_0000,AIIB23_45_0000_178,256,43689,7280
AIIB23_45_0000,AIIB23_45_0000_179,256,43407,6868
AIIB23_45_0000,AIIB23_45_0000_180,256,43278,6360
AIIB23_45_0000,AIIB23_45_0000_181,256,43395,6544
AIIB23_45_0000,AIIB23_45_0000_182,256,43320,6516
AIIB23_45_0000,AIIB23_45_0000_183,256,43209,6224
AIIB23_45_0000,AIIB23_45_0000_184,256,43104,4920
AIIB23_45_0000,AIIB23_45_0000_185,256,42864,5308
AIIB23_45_0000,AIIB23_45_0000_186,256,42813,4952
AIIB23_45_0000,AIIB23_45_0000_187,256,42537,5332
AIIB23_45_0000,AIIB23_45_0000_188,256,42381,5692
AIIB23_45_0000,AIIB23_45_0000_189,256,42159,5228
AIIB23_45_0000,AIIB23_45_0000_190,256,42093,5024
AIIB23_45_0000,AIIB23_45_0000_191,256,42210,5988
AIIB23_45_0000,AIIB23_45_0000_192,256,42285,5844
AIIB23_45_0000,AIIB23_45_0000_193,256,42312,5868
AIIB23_45_0000,AIIB23_45_0000_194,256,42264,5180
AIIB23_45_0000,AIIB23_45_0000_195,256,42120,5960
AIIB23_45_0000,AIIB23_45_0000_196,256,41979,5364
AIIB23_45_0000,AIIB23_45_0000_197,256,41763,4928
AIIB23_45_0000,AIIB23_45_0000_198,256,41574,4216
AIIB23_45_0000,AIIB23_45_0000_199,256,41490,3716
AIIB23_45_0000,AIIB23_45_0000_200,256,41559,4128
AIIB23_45_0000,AIIB23_45_0000_201,256,41571,4892
AIIB23_45_0000,AIIB23_45_0000_202,256,41268,4816
AIIB23_45_0000,AIIB23_45_0000_203,256,40620,3320
AIIB23_45_0000,AIIB23_45_0000_204,256,40560,3572
AIIB23_45_0000,AIIB23_45_0000_205,256,40347,3628
AIIB23_45_0000,AIIB23_45_0000_206,256,39993,3808
AIIB23_45_0000,AIIB23_45_0000_207,256,39735,4088
AIIB23_45_0000,AIIB23_45_0000_208,256,39834,5320
AIIB23_45_0000,AIIB23_45_0000_209,256,39621,5008
AIIB23_45_0000,AIIB23_45_0000_210,256,39504,4180
AIIB23_45_0000,AIIB23_45_0000_211,256,39270,3972
AIIB23_45_0000,AIIB23_45_0000_212,256,39366,3768
AIIB23_45_0000,AIIB23_45_0000_213,256,39399,3556
AIIB23_45_0000,AIIB23_45_0000_214,256,39414,4060
AIIB23_45_0000,AIIB23_45_0000_215,256,39321,4240
AIIB23_45_0000,AIIB23_45_0000_216,256,39153,3788
AIIB23_45_0000,AIIB23_45_0000_217,256,38940,3816
AIIB23_45_0000,AIIB23_45_0000_218,256,38715,4320
AIIB23_45_0000,AIIB23_45_0000_219,256,38661,4708
AIIB23_45_0000,AIIB23_45_0000_220,256,38487,4540
AIIB23_45_0000,AIIB23_45_0000_221,256,38322,3532
AIIB23_45_0000,AIIB23_45_0000_222,256,38259,3236
AIIB23_45_0000,AIIB23_45_0000_223,256,37989,3808
AIIB23_45_0000,AIIB23_45_0000_224,256,37971,4808
AIIB23_45_0000,AIIB23_45_0000_225,256,37812,5224
AIIB23_45_0000,AIIB23_45_0000_226,256,37893,5668
AIIB23_45_0000,AIIB23_45_0000_227,256,37794,6512
AIIB23_45_0000,AIIB23_45_0000_228,256,37641,6744
AIIB23_45_0000,AIIB23_45_0000_229,256,37512,6528
AIIB23_45_0000,AIIB23_45_0000_230,256,37404,5592
AIIB23_45_0000,AIIB23_45_0000_231,256,37380,6600
AIIB23_45_0000,AIIB23_45_0000_232,256,37242,6604
AIIB23_45_0000,AIIB23_45_0000_233,256,37110,6072
AIIB23_45_0000,AIIB23_45_0000_234,256,37047,5096
AIIB23_45_0000,AIIB23_45_0000_235,256,36855,5248
AIIB23_45_0000,AIIB23_45_0000_236,256,36729,5624
AIIB23_45_0000,AIIB23_45_0000_237,256,36804,6024
AIIB23_45_0000,AIIB23_45_0000_238,256,36453,5716
AIIB23_45_0000,AIIB23_45_0000_239,256,36372,5120
AIIB23_45_0000,AIIB23_45_0000_240,256,36138,5328
AIIB23_45_0000,AIIB23_45_0000_241,256,35808,5204
AIIB23_45_0000,AIIB23_45_0000_242,256,35472,4848
AIIB23_45_0000,AIIB23_45_0000_243,256,35598,4952
AIIB23_45_0000,AIIB23_45_0000_244,256,35280,5100
AIIB23_45_0000,AIIB23_45_0000_245,256,34878,5480
AIIB23_45_0000,AIIB23_45_0000_246,256,34662,5116
AIIB23_45_0000,AIIB23_45_0000_247,256,34473,5092
AIIB23_45_0000,AIIB23_45_0000_248,256,34365,5220
AIIB23_45_0000,AIIB23_45_0000_249,256,34140,5356
AIIB23_45_0000,AIIB23_45_0000_250,256,33996,5756
AIIB23_45_0000,AIIB23_45_0000_251,256,33666,6472
AIIB23_45_0000,AIIB23_45_0000_252,256,33444,6428
AIIB23_45_0000,AIIB23_45_0000_253,256,33096,6616
AIIB23_45_0000,AIIB23_45_0000_254,256,32586,6348
AIIB23_45_0000,AIIB23_45_0000_255,256,32289,5984
AIIB23_45_0000,AIIB23_45_0000_256,256,31905,6100
AIIB23_45_0000,AIIB23_45_0000_257,256,31473,6912
AIIB23_45_0000,AIIB23_45_0000_258,256,30969,7560
AIIB23_45_0000,AIIB23_45_0000_259,256,30618,7012
AIIB23_45_0000,AIIB23_45_0000_260,256,30306,7220
AIIB23_45_0000,AIIB23_45_0000_261,256,29919,6976
AIIB23_45_0000,AIIB23_45_0000_262,256,29460,6652
AIIB23_45_0000,AIIB23_45_0000_263,256,29163,6168
AIIB23_45_0000,AIIB23_45_0000_264,256,29148,6728
AIIB23_45_0000,AIIB23_45_0000_265,256,28788,6832
AIIB23_45_0000,AIIB23_45_0000_266,256,28287,6672
AIIB23_45_0000,AIIB23_45_0000_267,256,27873,6716
AIIB23_45_0000,AIIB23_45_0000_268,256,27429,6696
AIIB23_45_0000,AIIB23_45_0000_269,256,27021,6932
AIIB23_45_0000,AIIB23_45_0000_270,256,26601,6976
AIIB23_45_0000,AIIB23_45_0000_271,256,26136,7040
AIIB23_45_0000,AIIB23_45_0000_272,256,25635,6768
AIIB23_45_0000,AIIB23_45_0000_273,256,25254,6444
AIIB23_45_0000,AIIB23_45_0000_274,256,24816,5700
AIIB23_45_0000,AIIB23_45_0000_275,256,24453,5752
AIIB23_45_0000,AIIB23_45_0000_276,256,24138,5672
AIIB23_45_0000,AIIB23_45_0000_277,256,23682,5700
AIIB23_45_0000,AIIB23_45_0000_278,256,23343,5660
AIIB23_45_0000,AIIB23_45_0000_279,256,22767,5924
AIIB23_45_0000,AIIB23_45_0000_280,256,22554,5668
AIIB23_45_0000,AIIB23_45_0000_281,256,22212,5508
AIIB23_45_0000,AIIB23_45_0000_282,256,21855,5320
AIIB23_45_0000,AIIB23_45_0000_283,256,21336,5052
AIIB23_45_0000,AIIB23_45_0000_284,256,21027,4588
AIIB23_45_0000,AIIB23_45_0000_285,256,20676,4668
AIIB23_45_0000,AIIB23_45_0000_286,256,20262,4624
AIIB23_45_0000,AIIB23_45_0000_287,256,19995,4632
AIIB23_45_0000,AIIB23_45_0000_288,256,19587,4380
AIIB23_45_0000,AIIB23_45_0000_289,256,19239,4576
AIIB23_45_0000,AIIB23_45_0000_290,256,18864,4528
AIIB23_45_0000,AIIB23_45_0000_291,256,18510,4468
AIIB23_45_0000,AIIB23_45_0000_292,256,18198,4160
AIIB23_45_0000,AIIB23_45_0000_293,256,17844,3984
AIIB23_45_0000,AIIB23_45_0000_294,256,17487,3948
AIIB23_45_0000,AIIB23_45_0000_295,256,17031,3900
AIIB23_45_0000,AIIB23_45_0000_296,256,16764,3632
AIIB23_45_0000,AIIB23_45_0000_297,256,16500,3332
AIIB23_45_0000,AIIB23_45_0000_298,256,16173,3052
AIIB23_45_0000,AIIB23_45_0000_299,256,15771,2684
AIIB23_45_0000,AIIB23_45_0000_300,256,15393,2548
AIIB23_45_0000,AIIB23_45_0000_301,256,14931,2592
AIIB23_45_0000,AIIB23_45_0000_302,256,14553,2452
AIIB23_45_0000,AIIB23_45_0000_303,256,14238,2288
AIIB23_45_0000,AIIB23_45_0000_304,256,13788,2416
AIIB23_45_0000,AIIB23_45_0000_305,256,13317,2348
AIIB23_45_0000,AIIB23_45_0000_306,256,12912,2180
AIIB23_45_0000,AIIB23_45_0000_307,256,12561,1952
AIIB23_45_0000,AIIB23_45_0000_308,256,12192,1888
AIIB23_45_0000,AIIB23_45_0000_309,256,11709,1844
AIIB23_45_0000,AIIB23_45_0000_310,256,11085,1972
AIIB23_45_0000,AIIB23_45_0000_311,256,10809,1968
AIIB23_45_0000,AIIB23_45_0000_312,256,10428,1920
AIIB23_45_0000,AIIB23_45_0000_313,256,10047,1940
AIIB23_45_0000,AIIB23_45_0000_314,256,9549,1792
AIIB23_45_0000,AIIB23_45_0000_315,256,9174,1756
AIIB23_45_0000,AIIB23_45_0000_316,256,8799,1688
AIIB23_45_0000,AIIB23_45_0000_317,256,8367,1632
AIIB23_45_0000,AIIB23_45_0000_318,256,8046,1668
AIIB23_45_0000,AIIB23_45_0000_319,256,7776,1600
AIIB23_45_0000,AIIB23_45_0000_320,256,7449,1708
AIIB23_45_0000,AIIB23_45_0000_321,256,6903,1632
AIIB23_45_0000,AIIB23_45_0000_322,256,6540,1512
AIIB23_45_0000,AIIB23_45_0000_323,256,5955,1616
AIIB23_45_0000,AIIB23_45_0000_324,256,5538,1524
AIIB23_45_0000,AIIB23_45_0000_325,256,5022,1392
AIIB23_45_0000,AIIB23_45_0000_326,256,4680,1440
AIIB23_45_0000,AIIB23_45_0000_327,256,4230,1360
AIIB23_45_0000,AIIB23_45_0000_328,256,3762,1248
AIIB23_45_0000,AIIB23_45_0000_329,256,3369,1088
AIIB23_45_0000,AIIB23_45_0000_330,256,3111,1020
AIIB23_45_0000,AIIB23_45_0000_331,256,2826,1016
AIIB23_45_0000,AIIB23_45_0000_332,256,2664,928
AIIB23_45_0000,AIIB23_45_0000_333,256,2502,812
AIIB23_45_0000,AIIB23_45_0000_334,256,2307,748
AIIB23_45_0000,AIIB23_45_0000_335,256,2094,692
AIIB23_45_0000,AIIB23_45_0000_336,256,1812,660
AIIB23_45_0000,AIIB23_45_0000_337,256,1512,512
AIIB23_45_0000,AIIB23_45_0000_338,256,1026,408
AIIB23_45_0000,AIIB23_45_0000_339,256,804,352
AIIB23_45_0000,AIIB23_45_0000_340,256,504,252
AIIB23_45_0000,AIIB23_45_0000_341,256,198,128
AIIB23_45_0000,AIIB23_45_0000_342,256,0,0
AIIB23_45_0000,AIIB23_45_0000_343,256,0,0
AIIB23_45_0000,AIIB23_45_0000_344,256,0,0
AIIB23_45_0000,AIIB23_45_0000_345,256,0,0
AIIB23_45_0000,AIIB23_45_0000_346,256,0,0
AIIB23_45_0000,AIIB23_45_0000_347,256,0,0
AIIB23_45_0000,AIIB23_45_0000_348,256,0,0
AIIB23_45_0000,AIIB23_45_0000_349,256,0,0
AIIB23_45_0000,AIIB23_45_0000_350,256,0,0
AIIB23_45_0000,AIIB23_45_0000_351,256,0,0
AIIB23_45_0000,AIIB23_45_0000_352,256,0,0
AIIB23_45_0000,AIIB23_45_0000_353,256,0,0
AIIB23_45_0000,AIIB23_45_0000_354,256,0,0
AIIB23_45_0000,AIIB23_45_0000_355,256,0,0
AIIB23_45_0000,AIIB23_45_0000_356,256,0,0
AIIB23_45_0000,AIIB23_45_0000_357,256,0,0
AIIB23_45_0000,AIIB23_45_0000_358,256,0,0
AIIB23_45_0000,AIIB23_45_0000_359,256,0,0
AIIB23_45_0000,AIIB23_45_0000_360,256,0,0
AIIB23_45_0000,AIIB23_45_0000_361,256,0,0
AIIB23_45_0000,AIIB23_45_0000_362,256,0,0
AIIB23_45_0000,AIIB23_45_0000_363,256,0,0
AIIB23_45_0000,AIIB23_45_0000_364,256,0,0
AIIB23_45_0000,AIIB23_45_0000_365,256,0,0
AIIB23_45_0000,AIIB23_45_0000_366,256,0,0
AIIB23_45_0000,AIIB23_45_0000_367,256,0,0
AIIB23_45_0000,AIIB23_45_0000_368,256,0,0
AIIB23_45_0000,AIIB23_45_0000_369,256,0,0
AIIB23_45_0000,AIIB23_45_0000_370,256,0,0
AIIB23_45_0000,AIIB23_45_0000_371,256,0,0
AIIB23_91_0000,AIIB23_91_0000_000,256,0,0
AIIB23_91_0000,AIIB23_91_0000_001,256,0,0
AIIB23_91_0000,AIIB23_91_0000_002,256,0,0
AIIB23_91_0000,AIIB23_91_0000_003,256,0,0
AIIB23_91_0000,AIIB23_91_0000_004,256,0,0
AIIB23_91_0000,AIIB23_91_0000_005,256,0,0
AIIB23_91_0000,AIIB23_91_0000_006,256,0,0
AIIB23_91_0000,AIIB23_91_0000_007,256,0,0
AIIB23_91_0000,AIIB23_91_0000_008,256,0,0
AIIB23_91_0000,AIIB23_91_0000_009,256,0,0
AIIB23_91_0000,AIIB23_91_0000_010,256,0,0
AIIB23_91_0000,AIIB23_91_0000_011,256,0,0
AIIB23_91_0000,AIIB23_91_0000_012,256,0,0
AIIB23_91_0000,AIIB23_91_0000_013,256,0,0
AIIB23_91_0000,AIIB23_91_0000_014,256,0,0
AIIB23_91_0000,AIIB23_91_0000_015,256,0,0
AIIB23_91_0000,AIIB23_91_0000_016,256,0,0
AIIB23_91_0000,AIIB23_91_0000_017,256,0,0
AIIB23_91_0000,AIIB23_91_0000_018,256,0,0
AIIB23_91_0000,AIIB23_91_0000_019,256,0,0
AIIB23_91_0000,AIIB23_91_0000_020,256,0,0
AIIB23_91_0000,AIIB23_91_0000_021,256,0,0
AIIB23_91_0000,AIIB23_91_0000_022,256,0,0
AIIB23_91_0000,AIIB23_91_0000_023,256,0,0
AIIB23_91_0000,AIIB23_91_0000_024,256,0,0
AIIB23_91_0000,AIIB23_91_0000_025,256,0,0
AIIB23_91_0000,AIIB23_91_0000_026,256,0,0
AIIB23_91_0000,AIIB23_91_0000_027,256,0,0
AIIB23_91_0000,AIIB23_91_0000_028,256,0,0
AIIB23_91_0000,AIIB23_91_0000_029,256,0,0
AIIB23_91_0000,AIIB23_91_0000_030,256,0,0
AIIB23_91_0000,AIIB23_91_0000_031,256,0,0
AIIB23_91_0000,AIIB23_91_0000_032,256,0,0
AIIB23_91_0000,AIIB23_91_0000_033,256,0,0
AIIB23_91_0000,AIIB23_91_0000_034,256,0,0
AIIB23_91_0000,AIIB23_91_0000_035,256,0,0
AIIB23_91_0000,AIIB23_91_0000_036,256,0,0
AIIB23_91_0000,AIIB23_91_0000_037,256,0,0
AIIB23_91_0000,AIIB23_91_0000_038,256,0,0
AIIB23_91_0000,AIIB23_91_0000_039,256,0,0
AIIB23_91_0000,AIIB23_91_0000_040,256,0,0
AIIB23_91_0000,AIIB23_91_0000_041,256,9,0
AIIB23_91_0000,AIIB23_91_0000_042,256,78,0
AIIB23_91_0000,AIIB23_91_0000_043,256,138,0
AIIB23_91_0000,AIIB23_91_0000_044,256,243,96
AIIB23_91_0000,AIIB23_91_0000_045,256,501,292
AIIB23_91_0000,AIIB23_91_0000_046,256,825,364
AIIB23_91_0000,AIIB23_91_0000_047,256,1308,580
AIIB23_91_0000,AIIB23_91_0000_048,256,2019,828
AIIB23_91_0000,AIIB23_91_0000_049,256,2844,1352
AIIB23_91_0000,AIIB23_91_0000_050,256,3762,1860
AIIB23_91_0000,AIIB23_91_0000_051,256,4707,2228
AIIB23_91_0000,AIIB23_91_0000_052,256,6003,2704
AIIB23_91_0000,AIIB23_91_0000_053,256,7758,3228
AIIB23_91_0000,AIIB23_91_0000_054,256,10062,3640
AIIB23_91_0000,AIIB23_91_0000_055,256,12573,4488
AIIB23_91_0000,AIIB23_91_0000_056,256,16467,4312
AIIB23_91_0000,AIIB23_91_0000_057,256,18498,4040
AIIB23_91_0000,AIIB23_91_0000_058,256,20223,4652
AIIB23_91_0000,AIIB23_91_0000_059,256,20940,4060
AIIB23_91_0000,AIIB23_91_0000_060,256,21573,3832
AIIB23_91_0000,AIIB23_91_0000_061,256,22647,3296
AIIB23_91_0000,AIIB23_91_0000_062,256,23535,3328
AIIB23_91_0000,AIIB23_91_0000_063,256,24264,3612
AIIB23_91_0000,AIIB23_91_0000_064,256,25356,4380
AIIB23_91_0000,AIIB23_91_0000_065,256,26805,4508
AIIB23_91_0000,AIIB23_91_0000_066,256,28884,4344
AIIB23_91_0000,AIIB23_91_0000_067,256,31002,4816
AIIB23_91_0000,AIIB23_91_0000_068,256,32115,3948
AIIB23_91_0000,AIIB23_91_0000_069,256,33786,3932
AIIB23_91_0000,AIIB23_91_0000_070,256,34224,4048
AIIB23_91_0000,AIIB23_91_0000_071,256,34515,3784
AIIB23_91_0000,AIIB23_91_0000_072,256,34881,4084
AIIB23_91_0000,AIIB23_91_0000_073,256,35193,2980
AIIB23_91_0000,AIIB23_91_0000_074,256,35340,3576
AIIB23_91_0000,AIIB23_91_0000_075,256,35424,3628
AIIB23_91_0000,AIIB23_91_0000_076,256,35598,4240
AIIB23_91_0000,AIIB23_91_0000_077,256,35730,3664
AIIB23_91_0000,AIIB23_91_0000_078,256,35709,3192
AIIB23_91_0000,AIIB23_91_0000_079,256,35865,3008
AIIB23_91_0000,AIIB23_91_0000_080,256,35712,2520
AIIB23_91_0000,AIIB23_91_0000_081,256,35709,2616
AIIB23_91_0000,AIIB23_91_0000_082,256,35706,3768
AIIB23_91_0000,AIIB23_91_0000_083,256,35820,4748
AIIB23_91_0000,AIIB23_91_0000_084,256,35988,4676
AIIB23_91_0000,AIIB23_91_0000_085,256,36033,4136
AIIB23_91_0000,AIIB23_91_0000_086,256,36357,4672
AIIB23_91_0000,AIIB23_91_0000_087,256,36399,5004
AIIB23_91_0000,AIIB23_91_0000_088,256,36912,5296
AIIB23_91_0000,AIIB23_91_0000_089,256,37263,4932
AIIB23_91_0000,AIIB23_91_0000_090,256,37410,4624
AIIB23_91_0000,AIIB23_91_0000_091,256,37428,3708
AIIB23_91_0000,AIIB23_91_0000_092,256,37326,3424
AIIB23_91_0000,AIIB23_91_0000_093,256,35442,4308
AIIB23_91_0000,AIIB23_91_0000_094,256,35181,4688
AIIB23_91_0000,AIIB23_91_0000_095,256,35127,3800
AIIB23_91_0000,AIIB23_91_0000_096,256,34674,4304
AIIB23_91_0000,AIIB23_91_0000_097,256,34734,3840
AIIB23_91_0000,AIIB23_91_0000_098,256,34974,3696
AIIB23_91_0000,AIIB23_91_0000_099,256,35013,4012
AIIB23_91_0000,AIIB23_91_0000_100,256,35046,3532
AIIB23_91_0000,AIIB23_91_0000_101,256,34878,4160
AIIB23_91_0000,AIIB23_91_0000_102,256,34965,4136
AIIB23_91_0000,AIIB23_91_0000_103,256,34326,4304
AIIB23_91_0000,AIIB23_91_0000_104,256,34038,3940
AIIB23_91_0000,AIIB23_91_0000_105,256,33813,3984
AIIB23_91_0000,AIIB23_91_0000_106,256,33699,3932
AIIB23_91_0000,AIIB23_91_0000_107,256,33702,4176
AIIB23_91_0000,AIIB23_91_0000_108,256,33498,3388
AIIB23_91_0000,AIIB23_91_0000_109,256,33564,2924
AIIB23_91_0000,AIIB23_91_0000_110,256,33228,3024
AIIB23_91_0000,AIIB23_91_0000_111,256,33105,2448
AIIB23_91_0000,AIIB23_91_0000_112,256,32802,2416
AIIB23_91_0000,AIIB23_91_0000_113,256,32613,2536
AIIB23_91_0000,AIIB23_91_0000_114,256,32373,2580
AIIB23_91_0000,AIIB23_91_0000_115,256,31914,2692
AIIB23_91_0000,AIIB23_91_0000_116,256,31626,3592
AIIB23_91_0000,AIIB23_91_0000_117,256,31314,3668
AIIB23_91_0000,AIIB23_91_0000_118,256,31107,3252
AIIB23_91_0000,AIIB23_91_0000_119,256,30891,3336
AIIB23_91_0000,AIIB23_91_0000_120,256,30492,3660
AIIB23_91_0000,AIIB23_91_0000_121,256,29805,3732
AIIB23_91_0000,AIIB23_91_0000_122,256,28905,2936
AIIB23_91_0000,AIIB23_91_0000_123,256,28164,2860
AIIB23_91_0000,AIIB23_91_0000_124,256,28092,2884
AIIB23_91_0000,AIIB23_91_0000_125,256,27723,2840
AIIB23_91_0000,AIIB23_91_0000_126,256,27450,2808
AIIB23_91_0000,AIIB23_91_0000_127,256,27003,2692
AIIB23_91_0000,AIIB23_91_0000_128,256,26481,2376
AIIB23_91_0000,AIIB23_91_0000_129,256,25590,2076
AIIB23_91_0000,AIIB23_91_0000_130,256,25119,1980
AIIB23_91_0000,AIIB23_91_0000_131,256,24624,2064
AIIB23_91_0000,AIIB23_91_0000_132,256,23976,2420
AIIB23_91_0000,AIIB23_91_0000_133,256,23304,2380
AIIB23_91_0000,AIIB23_91_0000_134,256,22491,2124
AIIB23_91_0000,AIIB23_91_0000_135,256,21861,2032
AIIB23_91_0000,AIIB23_91_0000_136,256,21081,2148
AIIB23_91_0000,AIIB23_91_0000_137,256,20361,2456
AIIB23_91_0000,AIIB23_91_0000_138,256,19767,2368
AIIB23_91_0000,AIIB23_91_0000_139,256,18975,1888
AIIB23_91_0000,AIIB23_91_0000_140,256,18099,1684
AIIB23_91_0000,AIIB23_91_0000_141,256,17250,1856
AIIB23_91_0000,AIIB23_91_0000_142,256,16413,1700
AIIB23_91_0000,AIIB23_91_0000_143,256,15372,1644
AIIB23_91_0000,AIIB23_91_0000_144,256,14340,1764
AIIB23_91_0000,AIIB23_91_0000_145,256,13488,1556
AIIB23_91_0000,AIIB23_91_0000_146,256,12633,1456
AIIB23_91_0000,AIIB23_91_0000_147,256,11988,1328
AIIB23_91_0000,AIIB23_91_0000_148,256,11403,1496
AIIB23_91_0000,AIIB23_91_0000_149,256,10782,1376
AIIB23_91_0000,AIIB23_91_0000_150,256,10119,1436
AIIB23_91_0000,AIIB23_91_0000_151,256,9243,1204
AIIB23_91_0000,AIIB23_91_0000_152,256,8301,1320
AIIB23_91_0000,AIIB23_91_0000_153,256,7413,1340
AIIB23_91_0000,AIIB23_91_0000_154,256,6663,1324
AIIB23_91_0000,AIIB23_91_0000_155,256,5943,1336
AIIB23_91_0000,AIIB23_91_0000_156,256,5067,1372
AIIB23_91_0000,AIIB23_91_0000_157,256,4293,856
AIIB23_91_0000,AIIB23_91_0000_158,256,3519,792
AIIB23_91_0000,AIIB23_91_0000_159,256,2622,836
AIIB23_91_0000,AIIB23_91_0000_160,256,1797,728
AIIB23_91_0000,AIIB23_91_0000_161,256,1071,488
AIIB23_91_0000,AIIB23_91_0000_162,256,417,212
AIIB23_91_0000,AIIB23_91_0000_163,256,0,0
AIIB23_91_0000,AIIB23_91_0000_164,256,0,0
AIIB23_91_0000,AIIB23_91_0000_165,256,0,0
AIIB23_91_0000,AIIB23_91_0000_166,256,0,0
AIIB23_91_0000,AIIB23_91_0000_167,256,0,0
AIIB23_91_0000,AIIB23_91_0000_168,256,0,0
AIIB23_91_0000,AIIB23_91_0000_169,256,0,0
AIIB23_91_0000,AIIB23_91_0000_170,256,0,0
AIIB23_91_0000,AIIB23_91_0000_171,256,0,0
AIIB23_91_0000,AIIB23_91_0000_172,256,0,0
AIIB23_91_0000,AIIB23_91_0000_173,256,0,0
AIIB23_91_0000,AIIB23_91_0000_174,256,0,0
AIIB23_91_0000,AIIB23_91_0000_175,256,0,0
AIIB23_91_0000,AIIB23_91_0000_176,256,0,0
AIIB23_94_0000,AIIB23_94_0000_000,256,0,0
AIIB23_94_0000,AIIB23_94_0000_001,256,0,0
AIIB23_94_0000,AIIB23_94_0000_002,256,0,0
AIIB23_94_0000,AIIB23_94_0000_003,256,0,0
AIIB23_94_0000,AIIB23_94_0000_004,256,0,0
AIIB23_94_0000,AIIB23_94_0000_005,256,0,0
AIIB23_94_0000,AIIB23_94_0000_006,256,0,0
AIIB23_94_0000,AIIB23_94_0000_007,256,0,0
AIIB23_94_0000,AIIB23_94_0000_008,256,0,0
AIIB23_94_0000,AIIB23_94_0000_009,256,0,0
AIIB23_94_0000,AIIB23_94_0000_010,256,0,0
AIIB23_94_0000,AIIB23_94_0000_011,256,0,0
AIIB23_94_0000,AIIB23_94_0000_012,256,0,0
AIIB23_94_0000,AIIB23_94_0000_013,256,0,0
AIIB23_94_0000,AIIB23_94_0000_014,256,0,0
AIIB23_94_0000,AIIB23_94_0000_015,256,0,0
AIIB23_94_0000,AIIB23_94_0000_016,256,0,0
AIIB23_94_0000,AIIB23_94_0000_017,256,0,0
AIIB23_94_0000,AIIB23_94_0000_018,256,0,0
AIIB23_94_0000,AIIB23_94_0000_019,256,0,0
AIIB23_94_0000,AIIB23_94_0000_020,256,0,0
AIIB23_94_0000,AIIB23_94_0000_021,256,18,0
AIIB23_94_0000,AIIB23_94_0000_022,256,48,0
AIIB23_94_0000,AIIB23_94_0000_023,256,75,0
AIIB23_94_0000,AIIB23_94_0000_024,256,84,0
AIIB23_94_0000,AIIB23_94_0000_025,256,117,0
AIIB23_94_0000,AIIB23_94_0000_026,256,150,52
AIIB23_94_0000,AIIB23_94_0000_027,256,195,92
AIIB23_94_0000,AIIB23_94_0000_028,256,231,120
AIIB23_94_0000,AIIB23_94_0000_029,256,327,164
AIIB23_94_0000,AIIB23_94_0000_030,256,441,224
AIIB23_94_0000,AIIB23_94_0000_031,256,528,232
AIIB23_94_0000,AIIB23_94_0000_032,256,582,252
AIIB23_94_0000,AIIB23_94_0000_033,256,639,300
AIIB23_94_0000,AIIB23_94_0000_034,256,702,320
AIIB23_94_0000,AIIB23_94_0000_035,256,729,340
AIIB23_94_0000,AIIB23_94_0000_036,256,756,340
AIIB23_94_0000,AIIB23_94_0000_037,256,822,348
AIIB23_94_0000,AIIB23_94_0000_038,256,891,384
AIIB23_94_0000,AIIB23_94_0000_039,256,975,436
AIIB23_94_0000,AIIB23_94_0000_040,256,1047,472
AIIB23_94_0000,AIIB23_94_0000_041,256,1122,488
AIIB23_94_0000,AIIB23_94_0000_042,256,1200,548
AIIB23_94_0000,AIIB23_94_0000_043,256,1314,580
AIIB23_94_0000,AIIB23_94_0000_044,256,1407,588
AIIB23_94_0000,AIIB23_94_0000_045,256,1506,644
AIIB23_94_0000,AIIB23_94_0000_046,256,1599,680
AIIB23_94_0000,AIIB23_94_0000_047,256,1719,744
AIIB23_94_0000,AIIB23_94_0000_048,256,1842,788
AIIB23_94_0000,AIIB23_94_0000_049,256,2016,892
AIIB23_94_0000,AIIB23_94_0000_050,256,2172,916
AIIB23_94_0000,AIIB23_94_0000_051,256,2334,976
AIIB23_94_0000,AIIB23_94_0000_052,256,2592,1060
AIIB23_94_0000,AIIB23_94_0000_053,256,2877,1136
AIIB23_94_0000,AIIB23_94_0000_054,256,3180,1192
AIIB23_94_0000,AIIB23_94_0000_055,256,3459,1424
AIIB23_94_0000,AIIB23_94_0000_056,256,3720,1516
AIIB23_94_0000,AIIB23_94_0000_057,256,4080,1540
AIIB23_94_0000,AIIB23_94_0000_058,256,4413,1700
AIIB23_94_0000,AIIB23_94_0000_059,256,4677,1656
AIIB23_94_0000,AIIB23_94_0000_060,256,4953,1688
AIIB23_94_0000,AIIB23_94_0000_061,256,5160,1644
AIIB23_94_0000,AIIB23_94_0000_062,256,5376,1652
AIIB23_94_0000,AIIB23_94_0000_063,256,5601,1648
AIIB23_94_0000,AIIB23_94_0000_064,256,5808,1596
AIIB23_94_0000,AIIB23_94_0000_065,256,6054,1656
AIIB23_94_0000,AIIB23_94_0000_066,256,6336,1764
AIIB23_94_0000,AIIB23_94_0000_067,256,6591,1772
AIIB23_94_0000,AIIB23_94_0000_068,256,6987,1764
AIIB23_94_0000,AIIB23_94_0000_069,256,7365,1956
AIIB23_94_0000,AIIB23_94_0000_070,256,7746,1988
AIIB23_94_0000,AIIB23_94_0000_071,256,8037,2000
AIIB23_94_0000,AIIB23_94_0000_072,256,8337,2064
AIIB23_94_0000,AIIB23_94_0000_073,256,8670,2180
AIIB23_94_0000,AIIB23_94_0000_074,256,8991,2288
AIIB23_94_0000,AIIB23_94_0000_075,256,9363,2376
AIIB23_94_0000,AIIB23_94_0000_076,256,9681,2388
AIIB23_94_0000,AIIB23_94_0000_077,256,10071,2396
AIIB23_94_0000,AIIB23_94_0000_078,256,10395,2440
AIIB23_94_0000,AIIB23_94_0000_079,256,10806,2432
AIIB23_94_0000,AIIB23_94_0000_080,256,11262,2552
AIIB23_94_0000,AIIB23_94_0000_081,256,11658,2492
AIIB23_94_0000,AIIB23_94_0000_082,256,12081,2596
AIIB23_94_0000,AIIB23_94_0000_083,256,12540,2760
AIIB23_94_0000,AIIB23_94_0000_084,256,12888,2868
AIIB23_94_0000,AIIB23_94_0000_085,256,13380,2880
AIIB23_94_0000,AIIB23_94_0000_086,256,13806,2860
AIIB23_94_0000,AIIB23_94_0000_087,256,14283,2892
AIIB23_94_0000,AIIB23_94_0000_088,256,14784,3500
AIIB23_94_0000,AIIB23_94_0000_089,256,15294,3408
AIIB23_94_0000,AIIB23_94_0000_090,256,15771,3084
AIIB23_94_0000,AIIB23_94_0000_091,256,16131,2952
AIIB23_94_0000,AIIB23_94_0000_092,256,16542,2996
AIIB23_94_0000,AIIB23_94_0000_093,256,17037,3072
AIIB23_94_0000,AIIB23_94_0000_094,256,17574,2888
AIIB23_94_0000,AIIB23_94_0000_095,256,18135,2880
AIIB23_94_0000,AIIB23_94_0000_096,256,18645,3056
AIIB23_94_0000,AIIB23_94_0000_097,256,19149,3136
AIIB23_94_0000,AIIB23_94_0000_098,256,19614,3072
AIIB23_94_0000,AIIB23_94_0000_099,256,20208,3032
AIIB23_94_0000,AIIB23_94_0000_100,256,20727,3120
AIIB23_94_0000,AIIB23_94_0000_101,256,21387,2868
AIIB23_94_0000,AIIB23_94_0000_102,256,21975,2820
AIIB23_94_0000,AIIB23_94_0000_103,256,22527,2400
AIIB23_94_0000,AIIB23_94_0000_104,256,23037,2408
AIIB23_94_0000,AIIB23_94_0000_105,256,23532,2420
AIIB23_94_0000,AIIB23_94_0000_106,256,24021,2628
AIIB23_94_0000,AIIB23_94_0000_107,256,24405,2624
AIIB23_94_0000,AIIB23_94_0000_108,256,24792,2896
AIIB23_94_0000,AIIB23_94_0000_109,256,25179,3028
AIIB23_94_0000,AIIB23_94_0000_110,256,25461,2956
AIIB23_94_0000,AIIB23_94_0000_111,256,25695,3212
AIIB23_94_0000,AIIB23_94_0000_112,256,25986,3276
AIIB23_94_0000,AIIB23_94_0000_113,256,26226,2956
AIIB23_94_0000,AIIB23_94_0000_114,256,26466,2332
AIIB23_94_0000,AIIB23_94_0000_115,256,26661,2548
AIIB23_94_0000,AIIB23_94_0000_116,256,26889,2376
AIIB23_94_0000,AIIB23_94_0000_117,256,27132,2380
AIIB23_94_0000,AIIB23_94_0000_118,256,27366,2248
AIIB23_94_0000,AIIB23_94_0000_119,256,27606,2100
AIIB23_94_0000,AIIB23_94_0000_120,256,27765,2188
AIIB23_94_0000,AIIB23_94_0000_121,256,28032,2148
AIIB23_94_0000,AIIB23_94_0000_122,256,28212,2524
AIIB23_94_0000,AIIB23_94_0000_123,256,28341,2784
AIIB23_94_0000,AIIB23_94_0000_124,256,28503,2676
AIIB23_94_0000,AIIB23_94_0000_125,256,28647,2520
AIIB23_94_0000,AIIB23_94_0000_126,256,28719,2556
AIIB23_94_0000,AIIB23_94_0000_127,256,28776,2512
AIIB23_94_0000,AIIB23_94_0000_128,256,28842,2560
AIIB23_94_0000,AIIB23_94_0000_129,256,28935,2292
AIIB23_94_0000,AIIB23_94_0000_130,256,29070,2392
AIIB23_94_0000,AIIB23_94_0000_131,256,29139,2436
AIIB23_94_0000,AIIB23_94_0000_132,256,29187,2516
AIIB23_94_0000,AIIB23_94_0000_133,256,29211,2796
AIIB23_94_0000,AIIB23_94_0000_134,256,29322,2644
AIIB23_94_0000,AIIB23_94_0000_135,256,29421,2312
AIIB23_94_0000,AIIB23_94_0000_136,256,29424,2144
AIIB23_94_0000,AIIB23_94_0000_137,256,29463,1992
AIIB23_94_0000,AIIB23_94_0000_138,256,29577,1940
AIIB23_94_0000,AIIB23_94_0000_139,256,29715,2228
AIIB23_94_0000,AIIB23_94_0000_140,256,29841,2248
AIIB23_94_0000,AIIB23_94_0000_141,256,29895,2260
AIIB23_94_0000,AIIB23_94_0000_142,256,30009,2560
AIIB23_94_0000,AIIB23_94_0000_143,256,30174,2488
AIIB23_94_0000,AIIB23_94_0000_144,256,30465,2412
AIIB23_94_0000,AIIB23_94_0000_145,256,30654,2668
AIIB23_94_0000,AIIB23_94_0000_146,256,30789,2768
AIIB23_94_0000,AIIB23_94_0000_147,256,30909,2772
AIIB23_94_0000,AIIB23_94_0000_148,256,31020,2648
AIIB23_94_0000,AIIB23_94_0000_149,256,31212,2444
AIIB23_94_0000,AIIB23_94_0000_150,256,31383,2708
AIIB23_94_0000,AIIB23_94_0000_151,256,31494,2980
AIIB23_94_0000,AIIB23_94_0000_152,256,31683,2940
AIIB23_94_0000,AIIB23_94_0000_153,256,31863,3244
AIIB23_94_0000,AIIB23_94_0000_154,256,32109,3324
AIIB23_94_0000,AIIB23_94_0000_155,256,32316,3684
AIIB23_94_0000,AIIB23_94_0000_156,256,32478,3692
AIIB23_94_0000,AIIB23_94_0000_157,256,32613,3532
AIIB23_94_0000,AIIB23_94_0000_158,256,32757,3672
AIIB23_94_0000,AIIB23_94_0000_159,256,32925,3792
AIIB23_94_0000,AIIB23_94_0000_160,256,32997,3572
AIIB23_94_0000,AIIB23_94_0000_161,256,33111,3720
AIIB23_94_0000,AIIB23_94_0000_162,256,33156,3884
AIIB23_94_0000,AIIB23_94_0000_163,256,33240,4152
AIIB23_94_0000,AIIB23_94_0000_164,256,33291,4132
AIIB23_94_0000,AIIB23_94_0000_165,256,33333,3996
AIIB23_94_0000,AIIB23_94_0000_166,256,33411,4136
AIIB23_94_0000,AIIB23_94_0000_167,256,33573,4408
AIIB23_94_0000,AIIB23_94_0000_168,256,33609,4704
AIIB23_94_0000,AIIB23_94_0000_169,256,33606,4320
AIIB23_94_0000,AIIB23_94_0000_170,256,33657,4220
AIIB23_94_0000,AIIB23_94_0000_171,256,33621,4356
AIIB23_94_0000,AIIB23_94_0000_172,256,33627,4240
AIIB23_94_0000,AIIB23_94_0000_173,256,33705,3720
AIIB23_94_0000,AIIB23_94_0000_174,256,33558,3520
AIIB23_94_0000,AIIB23_94_0000_175,256,33432,3816
AIIB23_94_0000,AIIB23_94_0000_176,256,33180,3876
AIIB23_94_0000,AIIB23_94_0000_177,256,33291,3492
AIIB23_94_0000,AIIB23_94_0000_178,256,33366,3524
AIIB23_94_0000,AIIB23_94_0000_179,256,33321,3652
AIIB23_94_0000,AIIB23_94_0000_180,256,33351,3980
AIIB23_94_0000,AIIB23_94_0000_181,256,33456,4120
AIIB23_94_0000,AIIB23_94_0000_182,256,33684,4384
AIIB23_94_0000,AIIB23_94_0000_183,256,33864,4380
AIIB23_94_0000,AIIB23_94_0000_184,256,34092,4524
AIIB23_94_0000,AIIB23_94_0000_185,256,34257,4428
AIIB23_94_0000,AIIB23_94_0000_186,256,34638,4388
AIIB23_94_0000,AIIB23_94_0000_187,256,34704,4712
AIIB23_94_0000,AIIB23_94_0000_188,256,34794,4780
AIIB23_94_0000,AIIB23_94_0000_189,256,34923,4712
AIIB23_94_0000,AIIB23_94_0000_190,256,35124,4260
AIIB23_94_0000,AIIB23_94_0000_191,256,35289,4364
AIIB23_94_0000,AIIB23_94_0000_192,256,35325,4216
AIIB23_94_0000,AIIB23_94_0000_193,256,35358,4372
AIIB23_94_0000,AIIB23_94_0000_194,256,35367,4268
AIIB23_94_0000,AIIB23_94_0000_195,256,35445,4320
AIIB23_94_0000,AIIB23_94_0000_196,256,35409,4180
AIIB23_94_0000,AIIB23_94_0000_197,256,35373,3824
AIIB23_94_0000,AIIB23_94_0000_198,256,35367,3440
AIIB23_94_0000,AIIB23_94_0000_199,256,35385,2488
AIIB23_94_0000,AIIB23_94_0000_200,256,35454,2108
AIIB23_94_0000,AIIB23_94_0000_201,256,35514,2352
AIIB23_94_0000,AIIB23_94_0000_202,256,35553,2832
AIIB23_94_0000,AIIB23_94_0000_203,256,35520,2624
AIIB23_94_0000,AIIB23_94_0000_204,256,35307,2388
AIIB23_94_0000,AIIB23_94_0000_205,256,35190,1908
AIIB23_94_0000,AIIB23_94_0000_206,256,34992,1084
AIIB23_94_0000,AIIB23_94_0000_207,256,34863,1504
AIIB23_94_0000,AIIB23_94_0000_208,256,34791,1364
AIIB23_94_0000,AIIB23_94_0000_209,256,34428,1544
AIIB23_94_0000,AIIB23_94_0000_210,256,33939,2120
AIIB23_94_0000,AIIB23_94_0000_211,256,33711,1888
AIIB23_94_0000,AIIB23_94_0000_212,256,33387,2312
AIIB23_94_0000,AIIB23_94_0000_213,256,33048,2416
AIIB23_94_0000,AIIB23_94_0000_214,256,32844,2376
AIIB23_94_0000,AIIB23_94_0000_215,256,32802,2504
AIIB23_94_0000,AIIB23_94_0000_216,256,32892,2104
AIIB23_94_0000,AIIB23_94_0000_217,256,33000,2336
AIIB23_94_0000,AIIB23_94_0000_218,256,33237,1700
AIIB23_94_0000,AIIB23_94_0000_219,256,33285,1260
AIIB23_94_0000,AIIB23_94_0000_220,256,33297,1640
AIIB23_94_0000,AIIB23_94_0000_221,256,33171,1684
AIIB23_94_0000,AIIB23_94_0000_222,256,32925,1564
AIIB23_94_0000,AIIB23_94_0000_223,256,32811,1744
AIIB23_94_0000,AIIB23_94_0000_224,256,32712,2200
AIIB23_94_0000,AIIB23_94_0000_225,256,32463,2628
AIIB23_94_0000,AIIB23_94_0000_226,256,32214,3240
AIIB23_94_0000,AIIB23_94_0000_227,256,32391,3392
AIIB23_94_0000,AIIB23_94_0000_228,256,32247,3312
AIIB23_94_0000,AIIB23_94_0000_229,256,31929,3364
AIIB23_94_0000,AIIB23_94_0000_230,256,31533,3540
AIIB23_94_0000,AIIB23_94_0000_231,256,31317,3896
AIIB23_94_0000,AIIB23_94_0000_232,256,31179,4360
AIIB23_94_0000,AIIB23_94_0000_233,256,31032,3920
AIIB23_94_0000,AIIB23_94_0000_234,256,30870,3812
AIIB23_94_0000,AIIB23_94_0000_235,256,30711,3716
AIIB23_94_0000,AIIB23_94_0000_236,256,30579,3740
AIIB23_94_0000,AIIB23_94_0000_237,256,30468,3708
AIIB23_94_0000,AIIB23_94_0000_238,256,30075,3792
AIIB23_94_0000,AIIB23_94_0000_239,256,29847,4232
AIIB23_94_0000,AIIB23_94_0000_240,256,29739,4152
AIIB23_94_0000,AIIB23_94_0000_241,256,29496,3692
AIIB23_94_0000,AIIB23_94_0000_242,256,29229,3612
AIIB23_94_0000,AIIB23_94_0000_243,256,28971,3840
AIIB23_94_0000,AIIB23_94_0000_244,256,28644,3908
AIIB23_94_0000,AIIB23_94_0000_245,256,28185,3760
AIIB23_94_0000,AIIB23_94_0000_246,256,27702,3700
AIIB23_94_0000,AIIB23_94_0000_247,256,27324,2860
AIIB23_94_0000,AIIB23_94_0000_248,256,27057,2604
AIIB23_94_0000,AIIB23_94_0000_249,256,26649,3180
AIIB23_94_0000,AIIB23_94_0000_250,256,26316,3592
AIIB23_94_0000,AIIB23_94_0000_251,256,26097,3624
AIIB23_94_0000,AIIB23_94_0000_252,256,25878,3704
AIIB23_94_0000,AIIB23_94_0000_253,256,25629,3640
AIIB23_94_0000,AIIB23_94_0000_254,256,25500,3228
AIIB23_94_0000,AIIB23_94_0000_255,256,25452,3144
AIIB23_94_0000,AIIB23_94_0000_256,256,25512,3260
AIIB23_94_0000,AIIB23_94_0000_257,256,25209,3840
AIIB23_94_0000,AIIB23_94_0000_258,256,25107,4252
AIIB23_94_0000,AIIB23_94_0000_259,256,25011,4116
AIIB23_94_0000,AIIB23_94_0000_260,256,24849,3336
AIIB23_94_0000,AIIB23_94_0000_261,256,24486,2324
AIIB23_94_0000,AIIB23_94_0000_262,256,23715,956
AIIB23_94_0000,AIIB23_94_0000_263,256,23550,860
AIIB23_94_0000,AIIB23_94_0000_264,256,23385,732
AIIB23_94_0000,AIIB23_94_0000_265,256,23205,632
AIIB23_94_0000,AIIB23_94_0000_266,256,22905,676
AIIB23_94_0000,AIIB23_94_0000_267,256,22587,984
AIIB23_94_0000,AIIB23_94_0000_268,256,22266,800
AIIB23_94_0000,AIIB23_94_0000_269,256,22008,1196
AIIB23_94_0000,AIIB23_94_0000_270,256,21753,1332
AIIB23_94_0000,AIIB23_94_0000_271,256,21657,1268
AIIB23_94_0000,AIIB23_94_0000_272,256,21513,1016
AIIB23_94_0000,AIIB23_94_0000_273,256,21471,1208
AIIB23_94_0000,AIIB23_94_0000_274,256,21648,1452
AIIB23_94_0000,AIIB23_94_0000_275,256,21708,1584
AIIB23_94_0000,AIIB23_94_0000_276,256,21723,1360
AIIB23_94_0000,AIIB23_94_0000_277,256,21624,1260
AIIB23_94_0000,AIIB23_94_0000_278,256,21285,1096
AIIB23_94_0000,AIIB23_94_0000_279,256,20928,832
AIIB23_94_0000,AIIB23_94_0000_280,256,20580,972
AIIB23_94_0000,AIIB23_94_0000_281,256,20292,984
AIIB23_94_0000,AIIB23_94_0000_282,256,20010,648
AIIB23_94_0000,AIIB23_94_0000_283,256,19809,412
AIIB23_94_0000,AIIB23_94_0000_284,256,19506,684
AIIB23_94_0000,AIIB23_94_0000_285,256,19269,1188
AIIB23_94_0000,AIIB23_94_0000_286,256,19179,1604
AIIB23_94_0000,AIIB23_94_0000_287,256,18930,1656
AIIB23_94_0000,AIIB23_94_0000_288,256,18702,1564
AIIB23_94_0000,AIIB23_94_0000_289,256,18432,1604
AIIB23_94_0000,AIIB23_94_0000_290,256,18207,1704
AIIB23_94_0000,AIIB23_94_0000_291,256,17988,1736
AIIB23_94_0000,AIIB23_94_0000_292,256,17637,1764
AIIB23_94_0000,AIIB23_94_0000_293,256,17337,1688
AIIB23_94_0000,AIIB23_94_0000_294,256,17019,2016
AIIB23_94_0000,AIIB23_94_0000_295,256,16653,1908
AIIB23_94_0000,AIIB23_94_0000_296,256,16245,1888
AIIB23_94_0000,AIIB23_94_0000_297,256,15849,2076
AIIB23_94_0000,AIIB23_94_0000_298,256,15453,2024
AIIB23_94_0000,AIIB23_94_0000_299,256,15087,1632
AIIB23_94_0000,AIIB23_94_0000_300,256,14793,1588
AIIB23_94_0000,AIIB23_94_0000_301,256,14400,1904
AIIB23_94_0000,AIIB23_94_0000_302,256,13989,2580
AIIB23_94_0000,AIIB23_94_0000_303,256,13704,2856
AIIB23_94_0000,AIIB23_94_0000_304,256,13404,2800
AIIB23_94_0000,AIIB23_94_0000_305,256,13071,2756
AIIB23_94_0000,AIIB23_94_0000_306,256,12747,2916
AIIB23_94_0000,AIIB23_94_0000_307,256,12381,2968
AIIB23_94_0000,AIIB23_94_0000_308,256,11967,2872
AIIB23_94_0000,AIIB23_94_0000_309,256,11715,2764
AIIB23_94_0000,AIIB23_94_0000_310,256,11466,2612
AIIB23_94_0000,AIIB23_94_0000_311,256,11190,2644
AIIB23_94_0000,AIIB23_94_0000_312,256,10950,2320
AIIB23_94_0000,AIIB23_94_0000_313,256,10644,2272
AIIB23_94_0000,AIIB23_94_0000_314,256,10347,2340
AIIB23_94_0000,AIIB23_94_0000_315,256,9981,2492
AIIB23_94_0000,AIIB23_94_0000_316,256,9705,2632
AIIB23_94_0000,AIIB23_94_0000_317,256,9393,2624
AIIB23_94_0000,AIIB23_94_0000_318,256,9174,2268
AIIB23_94_0000,AIIB23_94_0000_319,256,8877,2056
AIIB23_94_0000,AIIB23_94_0000_320,256,8550,1936
AIIB23_94_0000,AIIB23_94_0000_321,256,8106,1980
AIIB23_94_0000,AIIB23_94_0000_322,256,7542,2084
AIIB23_94_0000,AIIB23_94_0000_323,256,7104,2052
AIIB23_94_0000,AIIB23_94_0000_324,256,6531,1940
AIIB23_94_0000,AIIB23_94_0000_325,256,6015,1872
AIIB23_94_0000,AIIB23_94_0000_326,256,5562,1772
AIIB23_94_0000,AIIB23_94_0000_327,256,5064,1580
AIIB23_94_0000,AIIB23_94_0000_328,256,4524,1364
AIIB23_94_0000,AIIB23_94_0000_329,256,4080,1160
AIIB23_94_0000,AIIB23_94_0000_330,256,3726,1052
AIIB23_94_0000,AIIB23_94_0000_331,256,3300,1064
AIIB23_94_0000,AIIB23_94_0000_332,256,2994,1036
AIIB23_94_0000,AIIB23_94_0000_333,256,2748,936
AIIB23_94_0000,AIIB23_94_0000_334,256,2457,892
AIIB23_94_0000,AIIB23_94_0000_335,256,2085,820
AIIB23_94_0000,AIIB23_94_0000_336,256,1689,716
AIIB23_94_0000,AIIB23_94_0000_337,256,1338,576
AIIB23_94_0000,AIIB23_94_0000_338,256,858,384
AIIB23_94_0000,AIIB23_94_0000_339,256,672,336
AIIB23_94_0000,AIIB23_94_0000_340,256,591,308
AIIB23_94_0000,AIIB23_94_0000_341,256,318,212
AIIB23_94_0000,AIIB23_94_0000_342,256,111,60
AIIB23_94_0000,AIIB23_94_0000_343,256,57,0
AIIB23_94_0000,AIIB23_94_0000_344,256,33,0
AIIB23_94_0000,AIIB23_94_0000_345,256,0,0
AIIB23_94_0000,AIIB23_94_0000_346,256,0,0
AIIB23_94_0000,AIIB23_94_0000_347,256,0,0
AIIB23_94_0000,AIIB23_94_0000_348,256,0,0
AIIB23_94_0000,AIIB23_94_0000_349,256,0,0
AIIB23_94_0000,AIIB23_94_0000_350,256,0,0
AIIB23_94_0000,AIIB23_94_0000_351,256,0,0
AIIB23_94_0000,AIIB23_94_0000_352,256,0,0
AIIB23_94_0000,AIIB23_94_0000_353,256,0,0
AIIB23_94_0000,AIIB23_94_0000_354,256,0,0
AIIB23_94_0000,AIIB23_94_0000_355,256,0,0
AIIB23_94_0000,AIIB23_94_0000_356,256,0,0
AIIB23_94_0000,AIIB23_94_0000_357,256,0,0
AIIB23_94_0000,AIIB23_94_0000_358,256,0,0
AIIB23_94_0000,AIIB23_94_0000_359,256,0,0
AIIB23_94_0000,AIIB23_94_0000_360,256,0,0
AIIB23_94_0000,AIIB23_94_0000_361,256,0,0
AIIB23_94_0000,AIIB23_94_0000_362,256,0,0
AIIB23_94_0000,AIIB23_94_0000_363,256,0,0
AIIB23_94_0000,AIIB23_94_0000_364,256,0,0
AIIB23_94_0000,AIIB23_94_0000_365,256,0,0
AIIB23_94_0000,AIIB23_94_0000_366,256,0,0
AIIB23_94_0000,AIIB23_94_0000_367,256,0,0
AIIB23_94_0000,AIIB23_94_0000_368,256,0,0
AIIB23_94_0000,AIIB23_94_0000_369,256,0,0
AIIB23_94_0000,AIIB23_94_0000_370,256,0,0
AIIB23_94_0000,AIIB23_94_0000_371,256,0,0
AIIB23_94_0000,AIIB23_94_0000_372,256,0,0
AIIB23_94_0000,AIIB23_94_0000_373,256,0,0
AIIB23_94_0000,AIIB23_94_0000_374,256,0,0
AIIB23_94_0000,AIIB23_94_0000_375,256,0,0
AIIB23_94_0000,AIIB23_94_0000_376,256,0,0
33_0000,33_0000_000,256,0,0
33_0000,33_0000_001,256,0,0
33_0000,33_0000_002,256,0,0
33_0000,33_0000_003,256,0,0
33_0000,33_0000_004,256,0,0
33_0000,33_0000_005,256,0,0
33_0000,33_0000_006,256,0,0
33_0000,33_0000_007,256,0,0
33_0000,33_0000_008,256,0,0
33_0000,33_0000_009,256,0,0
33_0000,33_0000_010,256,0,0
33_0000,33_0000_011,256,0,0
33_0000,33_0000_012,256,0,0
33_0000,33_0000_013,256,0,0
33_0000,33_0000_014,256,0,0
33_0000,33_0000_015,256,0,0
33_0000,33_0000_016,256,0,0
33_0000,33_0000_017,256,0,0
33_0000,33_0000_018,256,0,0
33_0000,33_0000_019,256,0,0
33_0000,33_0000_020,256,0,0
33_0000,33_0000_021,256,0,0
33_0000,33_0000_022,256,0,0
33_0000,33_0000_023,256,0,0
33_0000,33_0000_024,256,0,0
33_0000,33_0000_025,256,0,0
33_0000,33_0000_026,256,0,0
33_0000,33_0000_027,256,0,0
33_0000,33_0000_028,256,0,0
33_0000,33_0000_029,256,0,0
33_0000,33_0000_030,256,0,0
33_0000,33_0000_031,256,0,0
33_0000,33_0000_032,256,0,0
33_0000,33_0000_033,256,0,0
33_0000,33_0000_034,256,0,0
33_0000,33_0000_035,256,0,0
33_0000,33_0000_036,256,0,0
33_0000,33_0000_037,256,6,0
33_0000,33_0000_038,256,39,0
33_0000,33_0000_039,256,153,0
33_0000,33_0000_040,256,243,64
33_0000,33_0000_041,256,399,112
33_0000,33_0000_042,256,459,144
33_0000,33_0000_043,256,666,252
33_0000,33_0000_044,256,807,392
33_0000,33_0000_045,256,924,424
33_0000,33_0000_046,256,1152,512
33_0000,33_0000_047,256,1290,532
33_0000,33_0000_048,256,1464,624
33_0000,33_0000_049,256,1641,700
33_0000,33_0000_050,256,1803,756
33_0000,33_0000_051,256,2013,852
33_0000,33_0000_052,256,2199,888
33_0000,33_0000_053,256,2331,940
33_0000,33_0000_054,256,2478,976
33_0000,33_0000_055,256,2637,1068
33_0000,33_0000_056,256,2823,1140
33_0000,33_0000_057,256,3024,1208
33_0000,33_0000_058,256,3249,1292
33_0000,33_0000_059,256,3465,1384
33_0000,33_0000_060,256,3606,1424
33_0000,33_0000_061,256,3807,1512
33_0000,33_0000_062,256,4044,1640
33_0000,33_0000_063,256,4248,1688
33_0000,33_0000_064,256,4383,1736
33_0000,33_0000_065,256,4596,1816
33_0000,33_0000_066,256,4797,1876
33_0000,33_0000_067,256,4989,1932
33_0000,33_0000_068,256,5106,1972
33_0000,33_0000_069,256,5295,2056
33_0000,33_0000_070,256,5538,2152
33_0000,33_0000_071,256,5772,2240
33_0000,33_0000_072,256,6057,2372
33_0000,33_0000_073,256,6282,2460
33_0000,33_0000_074,256,6426,2504
33_0000,33_0000_075,256,6609,2568
33_0000,33_0000_076,256,6864,2620
33_0000,33_0000_077,256,7047,2708
33_0000,33_0000_078,256,7299,2772
33_0000,33_0000_079,256,7617,2792
33_0000,33_0000_080,256,7863,2936
33_0000,33_0000_081,256,8136,3080
33_0000,33_0000_082,256,8379,3136
33_0000,33_0000_083,256,8562,3244
33_0000,33_0000_084,256,8823,3336
33_0000,33_0000_085,256,9015,3372
33_0000,33_0000_086,256,9267,3468
33_0000,33_0000_087,256,9582,3632
33_0000,33_0000_088,256,9810,3792
33_0000,33_0000_089,256,10035,3884
33_0000,33_0000_090,256,10194,3864
33_0000,33_0000_091,256,10467,3932
33_0000,33_0000_092,256,10635,3976
33_0000,33_0000_093,256,10776,4044
33_0000,33_0000_094,256,11055,4196
33_0000,33_0000_095,256,11310,4316
33_0000,33_0000_096,256,11505,4380
33_0000,33_0000_097,256,11727,4480
33_0000,33_0000_098,256,11979,4528
33_0000,33_0000_099,256,12159,4620
33_0000,33_0000_100,256,12399,4608
33_0000,33_0000_101,256,12606,4580
33_0000,33_0000_102,256,12843,4724
33_0000,33_0000_103,256,12951,4800
33_0000,33_0000_104,256,13236,4972
33_0000,33_0000_105,256,13479,5076
33_0000,33_0000_106,256,13719,5104
33_0000,33_0000_107,256,14013,5204
33_0000,33_0000_108,256,14325,5356
33_0000,33_0000_109,256,14679,5520
33_0000,33_0000_110,256,14976,5552
33_0000,33_0000_111,256,15153,5632
33_0000,33_0000_112,256,15375,5724
33_0000,33_0000_113,256,15558,5704
33_0000,33_0000_114,256,15765,5688
33_0000,33_0000_115,256,16077,5828
33_0000,33_0000_116,256,16308,5936
33_0000,33_0000_117,256,16437,5936
33_0000,33_0000_118,256,16773,5948
33_0000,33_0000_119,256,17073,6104
33_0000,33_0000_120,256,17388,6192
33_0000,33_0000_121,256,17712,6244
33_0000,33_0000_122,256,17901,6328
33_0000,33_0000_123,256,18087,6484
33_0000,33_0000_124,256,18438,6540
33_0000,33_0000_125,256,18762,6552
33_0000,33_0000_126,256,19134,6564
33_0000,33_0000_127,256,19407,6564
33_0000,33_0000_128,256,19785,6592
33_0000,33_0000_129,256,20028,6408
33_0000,33_0000_130,256,20418,6440
33_0000,33_0000_131,256,20802,6180
33_0000,33_0000_132,256,21081,5824
33_0000,33_0000_133,256,21330,6108
33_0000,33_0000_134,256,21756,5944
33_0000,33_0000_135,256,22203,6224
33_0000,33_0000_136,256,22584,6744
33_0000,33_0000_137,256,22857,6856
33_0000,33_0000_138,256,23148,6860
33_0000,33_0000_139,256,23418,6932
33_0000,33_0000_140,256,23790,7140
33_0000,33_0000_141,256,24111,7056
33_0000,33_0000_142,256,24360,7200
33_0000,33_0000_143,256,24666,7332
33_0000,33_0000_144,256,25224,7244
33_0000,33_0000_145,256,25650,7568
33_0000,33_0000_146,256,26148,7988
33_0000,33_0000_147,256,26271,7704
33_0000,33_0000_148,256,26409,6744
33_0000,33_0000_149,256,26967,6608
33_0000,33_0000_150,256,27048,6540
33_0000,33_0000_151,256,27585,6872
33_0000,33_0000_152,256,28029,6480
33_0000,33_0000_153,256,28140,5992
33_0000,33_0000_154,256,28719,5696
33_0000,33_0000_155,256,29523,5332
33_0000,33_0000_156,256,30291,5548
33_0000,33_0000_157,256,31050,5672
33_0000,33_0000_158,256,31830,5460
33_0000,33_0000_159,256,32736,5388
33_0000,33_0000_160,256,33231,5780
33_0000,33_0000_161,256,33978,6540
33_0000,33_0000_162,256,34626,6924
33_0000,33_0000_163,256,35814,7532
33_0000,33_0000_164,256,36552,7812
33_0000,33_0000_165,256,37188,7884
33_0000,33_0000_166,256,38322,8392
33_0000,33_0000_167,256,39357,8812
33_0000,33_0000_168,256,39846,8872
33_0000,33_0000_169,256,39939,8664
33_0000,33_0000_170,256,39939,8456
33_0000,33_0000_171,256,39876,7788
33_0000,33_0000_172,256,39981,7588
33_0000,33_0000_173,256,39762,6872
33_0000,33_0000_174,256,39735,6340
33_0000,33_0000_175,256,40032,6352
33_0000,33_0000_176,256,40338,6588
33_0000,33_0000_177,256,40455,6732
33_0000,33_0000_178,256,40608,6832
33_0000,33_0000_179,256,40827,7200
33_0000,33_0000_180,256,40836,7136
33_0000,33_0000_181,256,40788,6872
33_0000,33_0000_182,256,40857,6332
33_0000,33_0000_183,256,41388,6236
33_0000,33_0000_184,256,41970,6460
33_0000,33_0000_185,256,42534,6604
33_0000,33_0000_186,256,43098,7000
33_0000,33_0000_187,256,43821,7984
33_0000,33_0000_188,256,44700,8552
33_0000,33_0000_189,256,45438,9196
33_0000,33_0000_190,256,45525,9284
33_0000,33_0000_191,256,45477,8756
33_0000,33_0000_192,256,45366,7032
33_0000,33_0000_193,256,45438,6340
33_0000,33_0000_194,256,45477,5896
33_0000,33_0000_195,256,45465,6324
33_0000,33_0000_196,256,45471,6164
33_0000,33_0000_197,256,45393,6136
33_0000,33_0000_198,256,45315,6132
33_0000,33_0000_199,256,45351,6108
33_0000,33_0000_200,256,45543,5972
33_0000,33_0000_201,256,45654,5768
33_0000,33_0000_202,256,45585,4588
33_0000,33_0000_203,256,45546,4176
33_0000,33_0000_204,256,45651,4000
33_0000,33_0000_205,256,45801,3992
33_0000,33_0000_206,256,45951,3280
33_0000,33_0000_207,256,45894,2644
33_0000,33_0000_208,256,45963,2384
33_0000,33_0000_209,256,45852,2432
33_0000,33_0000_210,256,45723,2928
33_0000,33_0000_211,256,45816,3076
33_0000,33_0000_212,256,45864,2784
33_0000,33_0000_213,256,46083,2972
33_0000,33_0000_214,256,46098,2848
33_0000,33_0000_215,256,45999,2772
33_0000,33_0000_216,256,45813,2996
33_0000,33_0000_217,256,45768,3056
33_0000,33_0000_218,256,45636,2952
33_0000,33_0000_219,256,45474,3120
33_0000,33_0000_220,256,45366,3568
33_0000,33_0000_221,256,45366,3756
33_0000,33_0000_222,256,45357,4352
33_0000,33_0000_223,256,45087,4580
33_0000,33_0000_224,256,44847,4604
33_0000,33_0000_225,256,44898,4364
33_0000,33_0000_226,256,44952,4384
33_0000,33_0000_227,256,44934,4320
33_0000,33_0000_228,256,44853,4460
33_0000,33_0000_229,256,44688,4764
33_0000,33_0000_230,256,44655,4716
33_0000,33_0000_231,256,44622,4500
33_0000,33_0000_232,256,44562,4504
33_0000,33_0000_233,256,44499,4484
33_0000,33_0000_234,256,44433,4532
33_0000,33_0000_235,256,44370,4836
33_0000,33_0000_236,256,44244,4820
33_0000,33_0000_237,256,44199,5236
33_0000,33_0000_238,256,44142,5632
33_0000,33_0000_239,256,44094,5844
33_0000,33_0000_240,256,43935,5552
33_0000,33_0000_241,256,43830,5476
33_0000,33_0000_242,256,43764,5068
33_0000,33_0000_243,256,43719,5100
33_0000,33_0000_244,256,43638,5116
33_0000,33_0000_245,256,43578,4844
33_0000,33_0000_246,256,43443,4784
33_0000,33_0000_247,256,43335,4384
33_0000,33_0000_248,256,43119,4572
33_0000,33_0000_249,256,42882,4888
33_0000,33_0000_250,256,42726,4604
33_0000,33_0000_251,256,42624,4560
33_0000,33_0000_252,256,42471,4256
33_0000,33_0000_253,256,42381,4588
33_0000,33_0000_254,256,42156,4388
33_0000,33_0000_255,256,41964,4092
33_0000,33_0000_256,256,41790,3988
33_0000,33_0000_257,256,41676,3752
33_0000,33_0000_258,256,41544,3644
33_0000,33_0000_259,256,41343,3712
33_0000,33_0000_260,256,41175,3480
33_0000,33_0000_261,256,40998,3392
33_0000,33_0000_262,256,41043,2972
33_0000,33_0000_263,256,41163,2776
33_0000,33_0000_264,256,41277,3108
33_0000,33_0000_265,256,41298,3212
33_0000,33_0000_266,256,41166,3404
33_0000,33_0000_267,256,41202,3904
33_0000,33_0000_268,256,41268,4040
33_0000,33_0000_269,256,41283,3516
33_0000,33_0000_270,256,41271,3284
33_0000,33_0000_271,256,41175,3260
33_0000,33_0000_272,256,40896,3048
33_0000,33_0000_273,256,40641,2952
33_0000,33_0000_274,256,40521,3080
33_0000,33_0000_275,256,40425,3536
33_0000,33_0000_276,256,40248,3868
33_0000,33_0000_277,256,39975,3928
33_0000,33_0000_278,256,40044,3840
33_0000,33_0000_279,256,39921,3532
33_0000,33_0000_280,256,39810,3480
33_0000,33_0000_281,256,39675,3116
33_0000,33_0000_282,256,39486,3340
33_0000,33_0000_283,256,39309,3504
33_0000,33_0000_284,256,39159,3452
33_0000,33_0000_285,256,39081,3884
33_0000,33_0000_286,256,38961,3908
33_0000,33_0000_287,256,38766,3892
33_0000,33_0000_288,256,38619,4324
33_0000,33_0000_289,256,38505,4548
33_0000,33_0000_290,256,38364,4572
33_0000,33_0000_291,256,38247,4412
33_0000,33_0000_292,256,38103,4304
33_0000,33_0000_293,256,37956,3828
33_0000,33_0000_294,256,37800,3628
33_0000,33_0000_295,256,37617,3784
33_0000,33_0000_296,256,37431,4088
33_0000,33_0000_297,256,37104,4524
33_0000,33_0000_298,256,36867,4312
33_0000,33_0000_299,256,36666,3956
33_0000,33_0000_300,256,36528,3984
33_0000,33_0000_301,256,36432,4188
33_0000,33_0000_302,256,36285,4124
33_0000,33_0000_303,256,36078,4104
33_0000,33_0000_304,256,35754,4056
33_0000,33_0000_305,256,35520,3868
33_0000,33_0000_306,256,35370,3720
33_0000,33_0000_307,256,35007,3988
33_0000,33_0000_308,256,34533,4300
33_0000,33_0000_309,256,34230,4472
33_0000,33_0000_310,256,33903,4044
33_0000,33_0000_311,256,33600,3792
33_0000,33_0000_312,256,33372,3728
33_0000,33_0000_313,256,33111,3828
33_0000,33_0000_314,256,32835,4168
33_0000,33_0000_315,256,32532,4428
33_0000,33_0000_316,256,32205,4404
33_0000,33_0000_317,256,31971,4288
33_0000,33_0000_318,256,31809,4204
33_0000,33_0000_319,256,31533,3944
33_0000,33_0000_320,256,31230,4292
33_0000,33_0000_321,256,31017,4376
33_0000,33_0000_322,256,30657,4296
33_0000,33_0000_323,256,30465,4504
33_0000,33_0000_324,256,30075,4460
33_0000,33_0000_325,256,29844,4448
33_0000,33_0000_326,256,29532,4124
33_0000,33_0000_327,256,29238,4328
33_0000,33_0000_328,256,28842,4284
33_0000,33_0000_329,256,28458,4128
33_0000,33_0000_330,256,28095,3860
33_0000,33_0000_331,256,27723,3532
33_0000,33_0000_332,256,27186,3424
33_0000,33_0000_333,256,26763,3444
33_0000,33_0000_334,256,26415,3516
33_0000,33_0000_335,256,26112,3544
33_0000,33_0000_336,256,25761,3384
33_0000,33_0000_337,256,25377,3308
33_0000,33_0000_338,256,25044,3116
33_0000,33_0000_339,256,24603,2652
33_0000,33_0000_340,256,24228,2500
33_0000,33_0000_341,256,23877,2476
33_0000,33_0000_342,256,23370,2548
33_0000,33_0000_343,256,23043,2496
33_0000,33_0000_344,256,22608,2452
33_0000,33_0000_345,256,22185,2468
33_0000,33_0000_346,256,21675,2324
33_0000,33_0000_347,256,21327,2180
33_0000,33_0000_348,256,20907,2144
33_0000,33_0000_349,256,20496,2188
33_0000,33_0000_350,256,20169,2096
33_0000,33_0000_351,256,19782,2128
33_0000,33_0000_352,256,19425,2304
33_0000,33_0000_353,256,19029,2372
33_0000,33_0000_354,256,18717,2320
33_0000,33_0000_355,256,18327,2392
33_0000,33_0000_356,256,17961,2480
33_0000,33_0000_357,256,17604,2584
33_0000,33_0000_358,256,17220,2400
33_0000,33_0000_359,256,16782,2188
33_0000,33_0000_360,256,16380,2140
33_0000,33_0000_361,256,15948,2056
33_0000,33_0000_362,256,15567,1920
33_0000,33_0000_363,256,15180,1812
33_0000,33_0000_364,256,14790,1764
33_0000,33_0000_365,256,14403,1712
33_0000,33_0000_366,256,14025,1612
33_0000,33_0000_367,256,13623,1500
33_0000,33_0000_368,256,13254,1620
33_0000,33_0000_369,256,12831,1560
33_0000,33_0000_370,256,12387,1364
33_0000,33_0000_371,256,11928,1348
33_0000,33_0000_372,256,11499,1400
33_0000,33_0000_373,256,11160,1268
33_0000,33_0000_374,256,10749,1564
33_0000,33_0000_375,256,10329,1824
33_0000,33_0000_376,256,9972,1836
33_0000,33_0000_377,256,9513,1752
33_0000,33_0000_378,256,9105,1464
33_0000,33_0000_379,256,8721,1248
33_0000,33_0000_380,256,8283,1548
33_0000,33_0000_381,256,7827,2020
33_0000,33_0000_382,256,7407,1900
33_0000,33_0000_383,256,7044,1416
33_0000,33_0000_384,256,6594,1352
33_0000,33_0000_385,256,6153,1664
33_0000,33_0000_386,256,5760,1592
33_0000,33_0000_387,256,5400,1624
33_0000,33_0000_388,256,5055,1584
33_0000,33_0000_389,256,4701,1572
33_0000,33_0000_390,256,4329,1552
33_0000,33_0000_391,256,3972,1484
33_0000,33_0000_392,256,3669,1372
33_0000,33_0000_393,256,3345,1252
33_0000,33_0000_394,256,3003,1184
33_0000,33_0000_395,256,2619,1032
33_0000,33_0000_396,256,2274,856
33_0000,33_0000_397,256,1923,804
33_0000,33_0000_398,256,1674,684
33_0000,33_0000_399,256,1437,628
33_0000,33_0000_400,256,1230,532
33_0000,33_0000_401,256,1071,476
33_0000,33_0000_402,256,906,424
33_0000,33_0000_403,256,771,376
33_0000,33_0000_404,256,612,296
33_0000,33_0000_405,256,414,220
33_0000,33_0000_406,256,285,156
33_0000,33_0000_407,256,165,92
33_0000,33_0000_408,256,0,0
33_0000,33_0000_409,256,0,0
33_0000,33_0000_410,256,0,0
33_0000,33_0000_411,256,0,0
33_0000,33_0000_412,256,0,0
33_0000,33_0000_413,256,0,0
33_0000,33_0000_414,256,0,0
33_0000,33_0000_415,256,0,0
33_0000,33_0000_416,256,0,0
33_0000,33_0000_417,256,0,0
33_0000,33_0000_418,256,0,0
33_0000,33_0000_419,256,0,0
33_0000,33_0000_420,256,0,0
33_0000,33_0000_421,256,0,0
33_0000,33_0000_422,256,0,0
33_0000,33_0000_423,256,0,0
34_0000,34_0000_000,256,0,0
34_0000,34_0000_001,256,0,0
34_0000,34_0000_002,256,0,0
34_0000,34_0000_003,256,0,0
34_0000,34_0000_004,256,0,0
34_0000,34_0000_005,256,0,0
34_0000,34_0000_006,256,0,0
34_0000,34_0000_007,256,0,0
34_0000,34_0000_008,256,0,0
34_0000,34_0000_009,256,0,0
34_0000,34_0000_010,256,0,0
34_0000,34_0000_011,256,0,0
34_0000,34_0000_012,256,0,0
34_0000,34_0000_013,256,0,0
34_0000,34_0000_014,256,0,0
34_0000,34_0000_015,256,0,0
34_0000,34_0000_016,256,0,0
34_0000,34_0000_017,256,0,0
34_0000,34_0000_018,256,0,0
34_0000,34_0000_019,256,0,0
34_0000,34_0000_020,256,0,0
34_0000,34_0000_021,256,0,0
34_0000,34_0000_022,256,0,0
34_0000,34_0000_023,256,0,0
34_0000,34_0000_024,256,0,0
34_0000,34_0000_025,256,0,0
34_0000,34_0000_026,256,0,0
34_0000,34_0000_027,256,0,0
34_0000,34_0000_028,256,0,0
34_0000,34_0000_029,256,0,0
34_0000,34_0000_030,256,0,0
34_0000,34_0000_031,256,0,0
34_0000,34_0000_032,256,0,0
34_0000,34_0000_033,256,0,0
34_0000,34_0000_034,256,0,0
34_0000,34_0000_035,256,0,0
34_0000,34_0000_036,256,0,0
34_0000,34_0000_037,256,0,0
34_0000,34_0000_038,256,0,0
34_0000,34_0000_039,256,0,0
34_0000,34_0000_040,256,0,0
34_0000,34_0000_041,256,0,0
34_0000,34_0000_042,256,0,0
34_0000,34_0000_043,256,0,0
34_0000,34_0000_044,256,0,0
34_0000,34_0000_045,256,0,0
34_0000,34_0000_046,256,0,0
34_0000,34_0000_047,256,0,0
34_0000,34_0000_048,256,39,0
34_0000,34_0000_049,256,72,0
34_0000,34_0000_050,256,99,0
34_0000,34_0000_051,256,141,4
34_0000,34_0000_052,256,171,48
34_0000,34_0000_053,256,228,116
34_0000,34_0000_054,256,237,68
34_0000,34_0000_055,256,240,36
34_0000,34_0000_056,256,336,176
34_0000,34_0000_057,256,474,192
34_0000,34_0000_058,256,513,220
34_0000,34_0000_059,256,498,236
34_0000,34_0000_060,256,579,264
34_0000,34_0000_061,256,861,360
34_0000,34_0000_062,256,1074,468
34_0000,34_0000_063,256,1017,432
34_0000,34_0000_064,256,1617,684
34_0000,34_0000_065,256,1773,780
34_0000,34_0000_066,256,1806,788
34_0000,34_0000_067,256,2013,816
34_0000,34_0000_068,256,2193,852
34_0000,34_0000_069,256,2505,948
34_0000,34_0000_070,256,2751,968
34_0000,34_0000_071,256,2580,1008
34_0000,34_0000_072,256,2901,1124
34_0000,34_0000_073,256,3114,1116
34_0000,34_0000_074,256,3345,1148
34_0000,34_0000_075,256,3513,1268
34_0000,34_0000_076,256,3798,1084
34_0000,34_0000_077,256,3954,1264
34_0000,34_0000_078,256,4194,1356
34_0000,34_0000_079,256,4413,1284
34_0000,34_0000_080,256,4725,1376
34_0000,34_0000_081,256,4950,1504
34_0000,34_0000_082,256,5199,1596
34_0000,34_0000_083,256,5052,1784
34_0000,34_0000_084,256,5745,1992
34_0000,34_0000_085,256,6201,2164
34_0000,34_0000_086,256,6252,2332
34_0000,34_0000_087,256,6897,2656
34_0000,34_0000_088,256,7227,2572
34_0000,34_0000_089,256,7809,2720
34_0000,34_0000_090,256,8421,2832
34_0000,34_0000_091,256,8763,2868
34_0000,34_0000_092,256,9126,3080
34_0000,34_0000_093,256,9777,3144
34_0000,34_0000_094,256,10518,3412
34_0000,34_0000_095,256,11109,3532
34_0000,34_0000_096,256,11847,3732
34_0000,34_0000_097,256,12129,3592
34_0000,34_0000_098,256,12609,3528
34_0000,34_0000_099,256,13860,3376
34_0000,34_0000_100,256,14775,3592
34_0000,34_0000_101,256,15435,3068
34_0000,34_0000_102,256,16341,3320
34_0000,34_0000_103,256,17670,2932
34_0000,34_0000_104,256,18411,2592
34_0000,34_0000_105,256,19170,2860
34_0000,34_0000_106,256,20148,3496
34_0000,34_0000_107,256,21135,3492
34_0000,34_0000_108,256,22365,4312
34_0000,34_0000_109,256,23427,3584
34_0000,34_0000_110,256,25080,3156
34_0000,34_0000_111,256,25464,3972
34_0000,34_0000_112,256,25344,4440
34_0000,34_0000_113,256,25506,4208
34_0000,34_0000_114,256,25455,4044
34_0000,34_0000_115,256,25338,3928
34_0000,34_0000_116,256,25509,3924
34_0000,34_0000_117,256,25497,3788
34_0000,34_0000_118,256,25896,3784
34_0000,34_0000_119,256,26121,3920
34_0000,34_0000_120,256,26271,3824
34_0000,34_0000_121,256,26874,3996
34_0000,34_0000_122,256,26910,4300
34_0000,34_0000_123,256,27384,4616
34_0000,34_0000_124,256,27447,4444
34_0000,34_0000_125,256,27747,4040
34_0000,34_0000_126,256,28050,3684
34_0000,34_0000_127,256,28431,3480
34_0000,34_0000_128,256,28647,3416
34_0000,34_0000_129,256,28938,3580
34_0000,34_0000_130,256,29247,3648
34_0000,34_0000_131,256,29817,3780
34_0000,34_0000_132,256,30117,3860
34_0000,34_0000_133,256,30114,3132
34_0000,34_0000_134,256,30657,3008
34_0000,34_0000_135,256,30708,3348
34_0000,34_0000_136,256,31404,3312
34_0000,34_0000_137,256,31692,3264
34_0000,34_0000_138,256,31998,2900
34_0000,34_0000_139,256,32142,2888
34_0000,34_0000_140,256,32703,3100
34_0000,34_0000_141,256,32952,3640
34_0000,34_0000_142,256,33171,3076
34_0000,34_0000_143,256,33492,3228
34_0000,34_0000_144,256,33855,3012
34_0000,34_0000_145,256,34206,3192
34_0000,34_0000_146,256,34512,3092
34_0000,34_0000_147,256,34998,3116
34_0000,34_0000_148,256,35316,3016
34_0000,34_0000_149,256,35502,3072
34_0000,34_0000_150,256,35823,2972
34_0000,34_0000_151,256,36006,2744
34_0000,34_0000_152,256,36408,2540
34_0000,34_0000_153,256,36483,2836
34_0000,34_0000_154,256,36531,3016
34_0000,34_0000_155,256,37341,2804
34_0000,34_0000_156,256,37641,2172
34_0000,34_0000_157,256,37983,1960
34_0000,34_0000_158,256,38172,2104
34_0000,34_0000_159,256,38484,2292
34_0000,34_0000_160,256,38697,2528
34_0000,34_0000_161,256,39213,2516
34_0000,34_0000_162,256,39378,2332
34_0000,34_0000_163,256,39489,2220
34_0000,34_0000_164,256,39648,2372
34_0000,34_0000_165,256,40128,2204
34_0000,34_0000_166,256,40236,2204
34_0000,34_0000_167,256,40374,1836
34_0000,34_0000_168,256,40848,1704
34_0000,34_0000_169,256,41220,1512
34_0000,34_0000_170,256,41220,1580
34_0000,34_0000_171,256,41640,1996
34_0000,34_0000_172,256,42186,2144
34_0000,34_0000_173,256,42420,1784
34_0000,34_0000_174,256,42711,2004
34_0000,34_0000_175,256,43260,1944
34_0000,34_0000_176,256,43623,1924
34_0000,34_0000_177,256,43956,1852
34_0000,34_0000_178,256,44649,1756
34_0000,34_0000_179,256,45594,1240
34_0000,34_0000_180,256,46167,1632
34_0000,34_0000_181,256,46128,1588
34_0000,34_0000_182,256,45795,2060
34_0000,34_0000_183,256,45762,2028
34_0000,34_0000_184,256,45537,1416
34_0000,34_0000_185,256,45795,1460
34_0000,34_0000_186,256,45639,1936
34_0000,34_0000_187,256,45759,2304
34_0000,34_0000_188,256,45588,1932
34_0000,34_0000_189,256,45591,2392
34_0000,34_0000_190,256,45831,2520
34_0000,34_0000_191,256,45744,2288
34_0000,34_0000_192,256,45651,2112
34_0000,34_0000_193,256,45699,2248
34_0000,34_0000_194,256,45318,1496
34_0000,34_0000_195,256,45303,1944
34_0000,34_0000_196,256,45216,1372
34_0000,34_0000_197,256,45474,1120
34_0000,34_0000_198,256,45582,1824
34_0000,34_0000_199,256,45672,2044
34_0000,34_0000_200,256,45675,1448
34_0000,34_0000_201,256,45681,1312
34_0000,34_0000_202,256,45900,1376
34_0000,34_0000_203,256,45642,1528
34_0000,34_0000_204,256,45441,1572
34_0000,34_0000_205,256,45723,1520
34_0000,34_0000_206,256,46044,1592
34_0000,34_0000_207,256,45807,1668
34_0000,34_0000_208,256,45696,1424
34_0000,34_0000_209,256,45711,1196
34_0000,34_0000_210,256,45612,844
34_0000,34_0000_211,256,45543,928
34_0000,34_0000_212,256,45591,920
34_0000,34_0000_213,256,45681,948
34_0000,34_0000_214,256,45561,1124
34_0000,34_0000_215,256,45516,1276
34_0000,34_0000_216,256,45384,1340
34_0000,34_0000_217,256,45381,1652
34_0000,34_0000_218,256,45360,2112
34_0000,34_0000_219,256,45255,2628
34_0000,34_0000_220,256,45345,2768
34_0000,34_0000_221,256,45357,2052
34_0000,34_0000_222,256,45156,2180
34_0000,34_0000_223,256,45039,1840
34_0000,34_0000_224,256,45153,1332
34_0000,34_0000_225,256,44919,1088
34_0000,34_0000_226,256,45246,1204
34_0000,34_0000_227,256,45318,1632
34_0000,34_0000_228,256,45126,1988
34_0000,34_0000_229,256,44922,1836
34_0000,34_0000_230,256,44853,1944
34_0000,34_0000_231,256,44694,2064
34_0000,34_0000_232,256,44280,2332
34_0000,34_0000_233,256,44109,2300
34_0000,34_0000_234,256,43620,2468
34_0000,34_0000_235,256,43353,2380
34_0000,34_0000_236,256,42912,2536
34_0000,34_0000_237,256,42633,2572
34_0000,34_0000_238,256,42384,2552
34_0000,34_0000_239,256,42540,2308
34_0000,34_0000_240,256,42336,2380
34_0000,34_0000_241,256,42198,2496
34_0000,34_0000_242,256,42129,2548
34_0000,34_0000_243,256,42219,2780
34_0000,34_0000_244,256,42057,2948
34_0000,34_0000_245,256,41676,3004
34_0000,34_0000_246,256,41556,3208
34_0000,34_0000_247,256,41322,3120
34_0000,34_0000_248,256,41244,3104
34_0000,34_0000_249,256,41367,2760
34_0000,34_0000_250,256,41154,2732
34_0000,34_0000_251,256,40998,2664
34_0000,34_0000_252,256,41169,2576
34_0000,34_0000_253,256,41055,2320
34_0000,34_0000_254,256,41130,2260
34_0000,34_0000_255,256,41250,2368
34_0000,34_0000_256,256,41022,3072
34_0000,34_0000_257,256,41223,3312
34_0000,34_0000_258,256,40968,3220
34_0000,34_0000_259,256,41001,3748
34_0000,34_0000_260,256,40782,3932
34_0000,34_0000_261,256,40896,3800
34_0000,34_0000_262,256,40806,3976
34_0000,34_0000_263,256,40407,4060
34_0000,34_0000_264,256,40536,3676
34_0000,34_0000_265,256,40329,3920
34_0000,34_0000_266,256,40533,3896
34_0000,34_0000_267,256,40557,3764
34_0000,34_0000_268,256,40506,3604
34_0000,34_0000_269,256,40503,3620
34_0000,34_0000_270,256,40662,3360
34_0000,34_0000_271,256,40518,2840
34_0000,34_0000_272,256,40584,3028
34_0000,34_0000_273,256,40332,3096
34_0000,34_0000_274,256,40308,3212
34_0000,34_0000_275,256,40119,2692
34_0000,34_0000_276,256,39999,2600
34_0000,34_0000_277,256,39870,2544
34_0000,34_0000_278,256,39810,2588
34_0000,34_0000_279,256,39630,2588
34_0000,34_0000_280,256,39594,2316
34_0000,34_0000_281,256,39291,2384
34_0000,34_0000_282,256,39177,2484
34_0000,34_0000_283,256,39126,2632
34_0000,34_0000_284,256,39027,2932
34_0000,34_0000_285,256,39147,2592
34_0000,34_0000_286,256,38976,2736
34_0000,34_0000_287,256,38946,3020
34_0000,34_0000_288,256,38805,2860
34_0000,34_0000_289,256,38844,2660
34_0000,34_0000_290,256,38511,2668
34_0000,34_0000_291,256,38403,2992
34_0000,34_0000_292,256,38454,3104
34_0000,34_0000_293,256,38130,2648
34_0000,34_0000_294,256,37929,1904
34_0000,34_0000_295,256,38178,1764
34_0000,34_0000_296,256,38154,1684
34_0000,34_0000_297,256,37827,1408
34_0000,34_0000_298,256,37947,1708
34_0000,34_0000_299,256,37749,1896
34_0000,34_0000_300,256,37836,1596
34_0000,34_0000_301,256,37827,1296
34_0000,34_0000_302,256,37659,1748
34_0000,34_0000_303,256,37371,1596
34_0000,34_0000_304,256,37338,1672
34_0000,34_0000_305,256,37044,1456
34_0000,34_0000_306,256,36963,1572
34_0000,34_0000_307,256,37080,1664
34_0000,34_0000_308,256,36591,1736
34_0000,34_0000_309,256,36399,1908
34_0000,34_0000_310,256,36249,1992
34_0000,34_0000_311,256,36084,1872
34_0000,34_0000_312,256,35748,1880
34_0000,34_0000_313,256,35547,1512
34_0000,34_0000_314,256,35367,1056
34_0000,34_0000_315,256,35043,1140
34_0000,34_0000_316,256,34695,1304
34_0000,34_0000_317,256,34605,1476
34_0000,34_0000_318,256,34434,1420
34_0000,34_0000_319,256,34317,1616
34_0000,34_0000_320,256,34242,1928
34_0000,34_0000_321,256,33960,2100
34_0000,34_0000_322,256,33645,1444
34_0000,34_0000_323,256,33417,1216
34_0000,34_0000_324,256,33174,1228
34_0000,34_0000_325,256,32943,1360
34_0000,34_0000_326,256,32697,1396
34_0000,34_0000_327,256,32460,1028
34_0000,34_0000_328,256,32298,924
34_0000,34_0000_329,256,31980,1144
34_0000,34_0000_330,256,31779,1264
34_0000,34_0000_331,256,31962,1456
34_0000,34_0000_332,256,31683,1284
34_0000,34_0000_333,256,31122,1672
34_0000,34_0000_334,256,31122,1288
34_0000,34_0000_335,256,31113,1796
34_0000,34_0000_336,256,30834,1916
34_0000,34_0000_337,256,30813,2156
34_0000,34_0000_338,256,30738,1692
34_0000,34_0000_339,256,30585,1660
34_0000,34_0000_340,256,30318,1572
34_0000,34_0000_341,256,30117,1336
34_0000,34_0000_342,256,29832,1164
34_0000,34_0000_343,256,29712,928
34_0000,34_0000_344,256,29529,808
34_0000,34_0000_345,256,29343,1040
34_0000,34_0000_346,256,29223,764
34_0000,34_0000_347,256,29025,1152
34_0000,34_0000_348,256,28845,1220
34_0000,34_0000_349,256,28536,1668
34_0000,34_0000_350,256,28377,1884
34_0000,34_0000_351,256,28227,1504
34_0000,34_0000_352,256,27765,1544
34_0000,34_0000_353,256,27567,1656
34_0000,34_0000_354,256,27345,1664
34_0000,34_0000_355,256,26934,1240
34_0000,34_0000_356,256,26802,1504
34_0000,34_0000_357,256,26376,1344
34_0000,34_0000_358,256,26079,1420
34_0000,34_0000_359,256,25704,1576
34_0000,34_0000_360,256,25551,1516
34_0000,34_0000_361,256,25071,1776
34_0000,34_0000_362,256,25020,1640
34_0000,34_0000_363,256,24609,1360
34_0000,34_0000_364,256,24342,1292
34_0000,34_0000_365,256,23910,1224
34_0000,34_0000_366,256,23679,1316
34_0000,34_0000_367,256,23448,1260
34_0000,34_0000_368,256,23067,1488
34_0000,34_0000_369,256,22848,1836
34_0000,34_0000_370,256,22638,1920
34_0000,34_0000_371,256,22425,2160
34_0000,34_0000_372,256,22200,2064
34_0000,34_0000_373,256,21858,1888
34_0000,34_0000_374,256,21663,1848
34_0000,34_0000_375,256,21435,1608
34_0000,34_0000_376,256,21090,1308
34_0000,34_0000_377,256,20751,1344
34_0000,34_0000_378,256,20508,1660
34_0000,34_0000_379,256,20193,1580
34_0000,34_0000_380,256,19818,1548
34_0000,34_0000_381,256,19626,1468
34_0000,34_0000_382,256,19245,1608
34_0000,34_0000_383,256,18852,1716
34_0000,34_0000_384,256,18690,1596
34_0000,34_0000_385,256,18441,1704
34_0000,34_0000_386,256,18189,1804
34_0000,34_0000_387,256,17730,1860
34_0000,34_0000_388,256,17454,1836
34_0000,34_0000_389,256,17064,1764
34_0000,34_0000_390,256,16683,1760
34_0000,34_0000_391,256,16494,1532
34_0000,34_0000_392,256,15915,1440
34_0000,34_0000_393,256,15567,1536
34_0000,34_0000_394,256,15243,1592
34_0000,34_0000_395,256,14757,1876
34_0000,34_0000_396,256,14388,2120
34_0000,34_0000_397,256,14115,2056
34_0000,34_0000_398,256,13758,2060
34_0000,34_0000_399,256,13464,2336
34_0000,34_0000_400,256,13011,2056
34_0000,34_0000_401,256,12693,2332
34_0000,34_0000_402,256,12339,1748
34_0000,34_0000_403,256,12084,1668
34_0000,34_0000_404,256,11709,1504
34_0000,34_0000_405,256,11445,1648
34_0000,34_0000_406,256,11124,2020
34_0000,34_0000_407,256,10776,1880
34_0000,34_0000_408,256,10554,1888
34_0000,34_0000_409,256,10209,2076
34_0000,34_0000_410,256,9885,1956
34_0000,34_0000_411,256,9588,2128
34_0000,34_0000_412,256,9219,2220
34_0000,34_0000_413,256,9063,2552
34_0000,34_0000_414,256,8676,2520
34_0000,34_0000_415,256,8379,2004
34_0000,34_0000_416,256,7983,2292
34_0000,34_0000_417,256,7647,2148
34_0000,34_0000_418,256,7290,1888
34_0000,34_0000_419,256,6990,1668
34_0000,34_0000_420,256,6480,1440
34_0000,34_0000_421,256,6114,1432
34_0000,34_0000_422,256,5754,1332
34_0000,34_0000_423,256,5307,1244
34_0000,34_0000_424,256,4902,1280
34_0000,34_0000_425,256,4278,1572
34_0000,34_0000_426,256,3882,1668
34_0000,34_0000_427,256,3501,1580
34_0000,34_0000_428,256,3150,1436
34_0000,34_0000_429,256,2760,1268
34_0000,34_0000_430,256,2508,1132
34_0000,34_0000_431,256,2124,1020
34_0000,34_0000_432,256,1869,944
34_0000,34_0000_433,256,1629,736
34_0000,34_0000_434,256,1338,656
34_0000,34_0000_435,256,1200,564
34_0000,34_0000_436,256,1035,504
34_0000,34_0000_437,256,810,412
34_0000,34_0000_438,256,564,308
34_0000,34_0000_439,256,381,208
34_0000,34_0000_440,256,279,160
34_0000,34_0000_441,256,114,12
34_0000,34_0000_442,256,66,0
34_0000,34_0000_443,256,3,0
34_0000,34_0000_444,256,0,0
34_0000,34_0000_445,256,0,0
34_0000,34_0000_446,256,0,0
34_0000,34_0000_447,256,0,0
34_0000,34_0000_448,256,0,0
34_0000,34_0000_449,256,0,0
34_0000,34_0000_450,256,0,0
34_0000,34_0000_451,256,0,0
34_0000,34_0000_452,256,0,0
34_0000,34_0000_453,256,0,0
34_0000,34_0000_454,256,0,0
34_0000,34_0000_455,256,0,0
34_0000,34_0000_456,256,0,0
34_0000,34_0000_457,256,0,0
34_0000,34_0000_458,256,0,0
34_0000,34_0000_459,256,0,0
34_0000,34_0000_460,256,0,0
34_0000,34_0000_461,256,0,0
34_0000,34_0000_462,256,0,0
34_0000,34_0000_463,256,0,0
34_0000,34_0000_464,256,0,0
34_0000,34_0000_465,256,0,0
34_0000,34_0000_466,256,0,0
34_0000,34_0000_467,256,0,0
34_0000,34_0000_468,256,0,0
34_0000,34_0000_469,256,0,0
34_0000,34_0000_470,256,0,0
64_0000,64_0000_000,256,0,0
64_0000,64_0000_001,256,0,0
64_0000,64_0000_002,256,0,0
64_0000,64_0000_003,256,0,0
64_0000,64_0000_004,256,0,0
64_0000,64_0000_005,256,0,0
64_0000,64_0000_006,256,0,0
64_0000,64_0000_007,256,0,0
64_0000,64_0000_008,256,0,0
64_0000,64_0000_009,256,0,0
64_0000,64_0000_010,256,0,0
64_0000,64_0000_011,256,0,0
64_0000,64_0000_012,256,0,0
64_0000,64_0000_013,256,0,0
64_0000,64_0000_014,256,0,0
64_0000,64_0000_015,256,0,0
64_0000,64_0000_016,256,0,0
64_0000,64_0000_017,256,0,0
64_0000,64_0000_018,256,0,0
64_0000,64_0000_019,256,0,0
64_0000,64_0000_020,256,0,0
64_0000,64_0000_021,256,0,0
64_0000,64_0000_022,256,0,0
64_0000,64_0000_023,256,0,0
64_0000,64_0000_024,256,0,0
64_0000,64_0000_025,256,0,0
64_0000,64_0000_026,256,0,0
64_0000,64_0000_027,256,0,0
64_0000,64_0000_028,256,0,0
64_0000,64_0000_029,256,0,0
64_0000,64_0000_030,256,0,0
64_0000,64_0000_031,256,0,0
64_0000,64_0000_032,256,0,0
64_0000,64_0000_033,256,0,0
64_0000,64_0000_034,256,0,0
64_0000,64_0000_035,256,0,0
64_0000,64_0000_036,256,0,0
64_0000,64_0000_037,256,0,0
64_0000,64_0000_038,256,0,0
64_0000,64_0000_039,256,0,0
64_0000,64_0000_040,256,0,0
64_0000,64_0000_041,256,0,0
64_0000,64_0000_042,256,0,0
64_0000,64_0000_043,256,0,0
64_0000,64_0000_044,256,0,0
64_0000,64_0000_045,256,0,0
64_0000,64_0000_046,256,0,0
64_0000,64_0000_047,256,0,0
64_0000,64_0000_048,256,0,0
64_0000,64_0000_049,256,0,0
64_0000,64_0000_050,256,6,0
64_0000,64_0000_051,256,24,0
64_0000,64_0000_052,256,57,0
64_0000,64_0000_053,256,78,0
64_0000,64_0000_054,256,114,0
64_0000,64_0000_055,256,171,44
64_0000,64_0000_056,256,189,84
64_0000,64_0000_057,256,228,68
64_0000,64_0000_058,256,312,112
64_0000,64_0000_059,256,366,164
64_0000,64_0000_060,256,426,196
64_0000,64_0000_061,256,480,252
64_0000,64_0000_062,256,558,276
64_0000,64_0000_063,256,606,288
64_0000,64_0000_064,256,672,312
64_0000,64_0000_065,256,756,344
64_0000,64_0000_066,256,840,404
64_0000,64_0000_067,256,879,432
64_0000,64_0000_068,256,987,432
64_0000,64_0000_069,256,1089,472
64_0000,64_0000_070,256,1176,496
64_0000,64_0000_071,256,1251,536
64_0000,64_0000_072,256,1356,592
64_0000,64_0000_073,256,1476,672
64_0000,64_0000_074,256,1557,732
64_0000,64_0000_075,256,1704,780
64_0000,64_0000_076,256,1866,808
64_0000,64_0000_077,256,2070,852
64_0000,64_0000_078,256,2241,896
64_0000,64_0000_079,256,2379,944
64_0000,64_0000_080,256,2457,948
64_0000,64_0000_081,256,2655,964
64_0000,64_0000_082,256,2823,1068
64_0000,64_0000_083,256,2997,1188
64_0000,64_0000_084,256,3255,1268
64_0000,64_0000_085,256,3513,1404
64_0000,64_0000_086,256,3693,1424
64_0000,64_0000_087,256,3927,1500
64_0000,64_0000_088,256,4176,1652
64_0000,64_0000_089,256,4350,1632
64_0000,64_0000_090,256,4656,1732
64_0000,64_0000_091,256,4941,1944
64_0000,64_0000_092,256,5097,2004
64_0000,64_0000_093,256,5445,2096
64_0000,64_0000_094,256,5670,2212
64_0000,64_0000_095,256,6087,2420
64_0000,64_0000_096,256,6525,2552
64_0000,64_0000_097,256,6891,2652
64_0000,64_0000_098,256,7206,2696
64_0000,64_0000_099,256,7542,2816
64_0000,64_0000_100,256,7869,2940
64_0000,64_0000_101,256,8334,3148
64_0000,64_0000_102,256,8733,3212
64_0000,64_0000_103,256,9144,3376
64_0000,64_0000_104,256,9603,3504
64_0000,64_0000_105,256,9987,3644
64_0000,64_0000_106,256,10197,3600
64_0000,64_0000_107,256,10680,3752
64_0000,64_0000_108,256,11079,3900
64_0000,64_0000_109,256,11568,4088
64_0000,64_0000_110,256,12015,4132
64_0000,64_0000_111,256,12459,4208
64_0000,64_0000_112,256,13113,4416
64_0000,64_0000_113,256,13623,4476
64_0000,64_0000_114,256,14256,4688
64_0000,64_0000_115,256,14988,4896
64_0000,64_0000_116,256,15576,4944
64_0000,64_0000_117,256,16299,5132
64_0000,64_0000_118,256,16917,5192
64_0000,64_0000_119,256,17682,5460
64_0000,64_0000_120,256,18438,5708
64_0000,64_0000_121,256,19161,5912
64_0000,64_0000_122,256,19887,5936
64_0000,64_0000_123,256,20625,6048
64_0000,64_0000_124,256,21537,6236
64_0000,64_0000_125,256,22338,6152
64_0000,64_0000_126,256,23193,6116
64_0000,64_0000_127,256,23925,5852
64_0000,64_0000_128,256,24903,5480
64_0000,64_0000_129,256,25818,5168
64_0000,64_0000_130,256,26667,5696
64_0000,64_0000_131,256,27723,5876
64_0000,64_0000_132,256,28653,6144
64_0000,64_0000_133,256,29733,6092
64_0000,64_0000_134,256,30768,6252
64_0000,64_0000_135,256,31803,6464
64_0000,64_0000_136,256,32859,6692
64_0000,64_0000_137,256,33750,6772
64_0000,64_0000_138,256,34647,7088
64_0000,64_0000_139,256,35682,7256
64_0000,64_0000_140,256,36906,7552
64_0000,64_0000_141,256,37890,7328
64_0000,64_0000_142,256,39018,7620
64_0000,64_0000_143,256,40020,7636
64_0000,64_0000_144,256,40944,7264
64_0000,64_0000_145,256,41967,7040
64_0000,64_0000_146,256,42996,6248
64_0000,64_0000_147,256,44277,6004
64_0000,64_0000_148,256,45492,5640
64_0000,64_0000_149,256,46422,5376
64_0000,64_0000_150,256,46929,4948
64_0000,64_0000_151,256,47133,5292
64_0000,64_0000_152,256,47166,5744
64_0000,64_0000_153,256,47286,5408
64_0000,64_0000_154,256,47538,4964
64_0000,64_0000_155,256,47757,4564
64_0000,64_0000_156,256,48144,4040
64_0000,64_0000_157,256,48573,3636
64_0000,64_0000_158,256,49011,3652
64_0000,64_0000_159,256,49761,3132
64_0000,64_0000_160,256,50091,3448
64_0000,64_0000_161,256,50625,2436
64_0000,64_0000_162,256,50886,4592
64_0000,64_0000_163,256,51036,4632
64_0000,64_0000_164,256,51225,4188
64_0000,64_0000_165,256,51393,3916
64_0000,64_0000_166,256,51327,4128
64_0000,64_0000_167,256,51348,4212
64_0000,64_0000_168,256,51330,4448
64_0000,64_0000_169,256,51447,4892
64_0000,64_0000_170,256,51369,5000
64_0000,64_0000_171,256,51486,4488
64_0000,64_0000_172,256,51459,4428
64_0000,64_0000_173,256,51468,4436
64_0000,64_0000_174,256,51543,4328
64_0000,64_0000_175,256,51429,3828
64_0000,64_0000_176,256,51258,3136
64_0000,64_0000_177,256,51219,2832
64_0000,64_0000_178,256,51306,2756
64_0000,64_0000_179,256,51303,2260
64_0000,64_0000_180,256,51312,2260
64_0000,64_0000_181,256,51249,2276
64_0000,64_0000_182,256,51339,2400
64_0000,64_0000_183,256,51426,2372
64_0000,64_0000_184,256,51519,2212
64_0000,64_0000_185,256,51528,2176
64_0000,64_0000_186,256,51561,2068
64_0000,64_0000_187,256,51678,2148
64_0000,64_0000_188,256,51804,1896
64_0000,64_0000_189,256,51906,1576
64_0000,64_0000_190,256,52005,1252
64_0000,64_0000_191,256,52002,1152
64_0000,64_0000_192,256,52143,1064
64_0000,64_0000_193,256,52245,788
64_0000,64_0000_194,256,52353,660
64_0000,64_0000_195,256,52539,648
64_0000,64_0000_196,256,52422,672
64_0000,64_0000_197,256,52515,680
64_0000,64_0000_198,256,52494,976
64_0000,64_0000_199,256,52449,1544
64_0000,64_0000_200,256,52506,1872
64_0000,64_0000_201,256,52503,1612
64_0000,64_0000_202,256,52431,1600
64_0000,64_0000_203,256,52380,1636
64_0000,64_0000_204,256,52188,1176
64_0000,64_0000_205,256,52014,904
64_0000,64_0000_206,256,52104,908
64_0000,64_0000_207,256,52089,836
64_0000,64_0000_208,256,51939,872
64_0000,64_0000_209,256,51840,1064
64_0000,64_0000_210,256,51696,1088
64_0000,64_0000_211,256,51591,936
64_0000,64_0000_212,256,51603,860
64_0000,64_0000_213,256,51579,628
64_0000,64_0000_214,256,51573,552
64_0000,64_0000_215,256,51657,748
64_0000,64_0000_216,256,51660,756
64_0000,64_0000_217,256,51546,680
64_0000,64_0000_218,256,51579,700
64_0000,64_0000_219,256,51591,1096
64_0000,64_0000_220,256,51585,1240
64_0000,64_0000_221,256,51639,1204
64_0000,64_0000_222,256,51519,1256
64_0000,64_0000_223,256,51615,1324
64_0000,64_0000_224,256,51612,1204
64_0000,64_0000_225,256,51624,956
64_0000,64_0000_226,256,51564,1072
64_0000,64_0000_227,256,51552,1248
64_0000,64_0000_228,256,51357,1352
64_0000,64_0000_229,256,51276,1416
64_0000,64_0000_230,256,51189,1472
64_0000,64_0000_231,256,51252,1692
64_0000,64_0000_232,256,51144,1836
64_0000,64_0000_233,256,51027,1944
64_0000,64_0000_234,256,50841,1760
64_0000,64_0000_235,256,50799,1548
64_0000,64_0000_236,256,50769,1364
64_0000,64_0000_237,256,50316,1264
64_0000,64_0000_238,256,49650,1376
64_0000,64_0000_239,256,49635,1468
64_0000,64_0000_240,256,49662,1944
64_0000,64_0000_241,256,49701,1980
64_0000,64_0000_242,256,49689,2132
64_0000,64_0000_243,256,49854,2140
64_0000,64_0000_244,256,49740,2164
64_0000,64_0000_245,256,49557,2244
64_0000,64_0000_246,256,49497,2468
64_0000,64_0000_247,256,49590,2580
64_0000,64_0000_248,256,49635,2488
64_0000,64_0000_249,256,49719,2444
64_0000,64_0000_250,256,49770,2100
64_0000,64_0000_251,256,49710,2176
64_0000,64_0000_252,256,49572,2140
64_0000,64_0000_253,256,49539,2272
64_0000,64_0000_254,256,49509,2248
64_0000,64_0000_255,256,49296,2096
64_0000,64_0000_256,256,49155,2156
64_0000,64_0000_257,256,49023,1900
64_0000,64_0000_258,256,48828,1928
64_0000,64_0000_259,256,48801,2076
64_0000,64_0000_260,256,48885,2336
64_0000,64_0000_261,256,48780,2304
64_0000,64_0000_262,256,48528,2384
64_0000,64_0000_263,256,48303,2652
64_0000,64_0000_264,256,48342,2928
64_0000,64_0000_265,256,48177,2796
64_0000,64_0000_266,256,47976,2368
64_0000,64_0000_267,256,48051,2424
64_0000,64_0000_268,256,47997,2512
64_0000,64_0000_269,256,48006,2392
64_0000,64_0000_270,256,47865,2456
64_0000,64_0000_271,256,47727,2424
64_0000,64_0000_272,256,47694,2496
64_0000,64_0000_273,256,47505,2052
64_0000,64_0000_274,256,47517,1752
64_0000,64_0000_275,256,47478,1948
64_0000,64_0000_276,256,47424,2224
64_0000,64_0000_277,256,47433,2488
64_0000,64_0000_278,256,47325,2468
64_0000,64_0000_279,256,47298,2588
64_0000,64_0000_280,256,47307,2616
64_0000,64_0000_281,256,47430,1964
64_0000,64_0000_282,256,47421,1192
64_0000,64_0000_283,256,47349,968
64_0000,64_0000_284,256,47271,848
64_0000,64_0000_285,256,47181,728
64_0000,64_0000_286,256,47187,896
64_0000,64_0000_287,256,47088,720
64_0000,64_0000_288,256,47046,992
64_0000,64_0000_289,256,46998,1148
64_0000,64_0000_290,256,46866,1368
64_0000,64_0000_291,256,46749,1452
64_0000,64_0000_292,256,46539,1520
64_0000,64_0000_293,256,46467,1356
64_0000,64_0000_294,256,46398,1324
64_0000,64_0000_295,256,46191,1524
64_0000,64_0000_296,256,46071,1360
64_0000,64_0000_297,256,45873,1448
64_0000,64_0000_298,256,45798,1972
64_0000,64_0000_299,256,45708,2204
64_0000,64_0000_300,256,45657,2688
64_0000,64_0000_301,256,45606,2740
64_0000,64_0000_302,256,45387,2388
64_0000,64_0000_303,256,45204,2188
64_0000,64_0000_304,256,45066,2336
64_0000,64_0000_305,256,45144,2516
64_0000,64_0000_306,256,44931,2036
64_0000,64_0000_307,256,44808,1976
64_0000,64_0000_308,256,44589,1680
64_0000,64_0000_309,256,44502,1736
64_0000,64_0000_310,256,44421,1500
64_0000,64_0000_311,256,44268,1392
64_0000,64_0000_312,256,44217,1320
64_0000,64_0000_313,256,44268,1572
64_0000,64_0000_314,256,44523,2044
64_0000,64_0000_315,256,44493,2208
64_0000,64_0000_316,256,44526,2140
64_0000,64_0000_317,256,44676,1844
64_0000,64_0000_318,256,44646,1940
64_0000,64_0000_319,256,44580,2324
64_0000,64_0000_320,256,44517,1840
64_0000,64_0000_321,256,44295,1064
64_0000,64_0000_322,256,44268,1436
64_0000,64_0000_323,256,44211,1348
64_0000,64_0000_324,256,44061,1100
64_0000,64_0000_325,256,43794,1104
64_0000,64_0000_326,256,43704,1312
64_0000,64_0000_327,256,43641,1560
64_0000,64_0000_328,256,43446,1728
64_0000,64_0000_329,256,43287,2028
64_0000,64_0000_330,256,43101,2312
64_0000,64_0000_331,256,42729,2440
64_0000,64_0000_332,256,42525,1928
64_0000,64_0000_333,256,42186,1632
64_0000,64_0000_334,256,41934,1704
64_0000,64_0000_335,256,41709,1760
64_0000,64_0000_336,256,41646,1540
64_0000,64_0000_337,256,41439,1068
64_0000,64_0000_338,256,41235,884
64_0000,64_0000_339,256,40953,1072
64_0000,64_0000_340,256,40854,1668
64_0000,64_0000_341,256,40449,2208
64_0000,64_0000_342,256,40287,2416
64_0000,64_0000_343,256,40119,2504
64_0000,64_0000_344,256,39822,2512
64_0000,64_0000_345,256,39645,2276
64_0000,64_0000_346,256,39417,2136
64_0000,64_0000_347,256,39135,2076
64_0000,64_0000_348,256,39072,2108
64_0000,64_0000_349,256,38847,2128
64_0000,64_0000_350,256,38565,2088
64_0000,64_0000_351,256,38256,1952
64_0000,64_0000_352,256,37965,1740
64_0000,64_0000_353,256,37713,1540
64_0000,64_0000_354,256,37491,1656
64_0000,64_0000_355,256,37170,1588
64_0000,64_0000_356,256,36897,2120
64_0000,64_0000_357,256,36582,2628
64_0000,64_0000_358,256,36258,2752
64_0000,64_0000_359,256,35892,2848
64_0000,64_0000_360,256,35577,2848
64_0000,64_0000_361,256,35451,2816
64_0000,64_0000_362,256,35055,2612
64_0000,64_0000_363,256,34737,2468
64_0000,64_0000_364,256,34554,2292
64_0000,64_0000_365,256,34185,2004
64_0000,64_0000_366,256,33918,1756
64_0000,64_0000_367,256,33600,1712
64_0000,64_0000_368,256,33189,1728
64_0000,64_0000_369,256,32940,1736
64_0000,64_0000_370,256,32511,1724
64_0000,64_0000_371,256,32178,1936
64_0000,64_0000_372,256,31905,1900
64_0000,64_0000_373,256,31578,2004
64_0000,64_0000_374,256,31269,1884
64_0000,64_0000_375,256,30939,1928
64_0000,64_0000_376,256,30579,1872
64_0000,64_0000_377,256,30180,1848
64_0000,64_0000_378,256,29730,1976
64_0000,64_0000_379,256,29130,2224
64_0000,64_0000_380,256,28668,2452
64_0000,64_0000_381,256,28206,2612
64_0000,64_0000_382,256,27720,2336
64_0000,64_0000_383,256,27321,2056
64_0000,64_0000_384,256,26925,1932
64_0000,64_0000_385,256,26415,1824
64_0000,64_0000_386,256,25953,1772
64_0000,64_0000_387,256,25437,1748
64_0000,64_0000_388,256,24951,1916
64_0000,64_0000_389,256,24390,2024
64_0000,64_0000_390,256,23781,1784
64_0000,64_0000_391,256,23070,1724
64_0000,64_0000_392,256,22332,1740
64_0000,64_0000_393,256,21774,1800
64_0000,64_0000_394,256,21276,1444
64_0000,64_0000_395,256,20607,1420
64_0000,64_0000_396,256,20067,1496
64_0000,64_0000_397,256,19545,1656
64_0000,64_0000_398,256,18888,1624
64_0000,64_0000_399,256,18438,1532
64_0000,64_0000_400,256,17913,1360
64_0000,64_0000_401,256,17430,1472
64_0000,64_0000_402,256,16950,1572
64_0000,64_0000_403,256,16485,1560
64_0000,64_0000_404,256,16059,1308
64_0000,64_0000_405,256,15654,1352
64_0000,64_0000_406,256,15222,1648
64_0000,64_0000_407,256,14763,1568
64_0000,64_0000_408,256,14382,1452
64_0000,64_0000_409,256,13965,1144
64_0000,64_0000_410,256,13485,1120
64_0000,64_0000_411,256,12993,1340
64_0000,64_0000_412,256,12645,1288
64_0000,64_0000_413,256,12279,1032
64_0000,64_0000_414,256,11862,924
64_0000,64_0000_415,256,11463,1044
64_0000,64_0000_416,256,10887,1200
64_0000,64_0000_417,256,10353,1556
64_0000,64_0000_418,256,9885,1520
64_0000,64_0000_419,256,9513,1508
64_0000,64_0000_420,256,9045,1264
64_0000,64_0000_421,256,8544,1184
64_0000,64_0000_422,256,8109,1040
64_0000,64_0000_423,256,7542,1040
64_0000,64_0000_424,256,7035,1048
64_0000,64_0000_425,256,6573,1004
64_0000,64_0000_426,256,6171,864
64_0000,64_0000_427,256,5643,780
64_0000,64_0000_428,256,5298,664
64_0000,64_0000_429,256,4836,564
64_0000,64_0000_430,256,4365,488
64_0000,64_0000_431,256,3957,468
64_0000,64_0000_432,256,3318,384
64_0000,64_0000_433,256,2310,936
64_0000,64_0000_434,256,2052,816
64_0000,64_0000_435,256,1836,768
64_0000,64_0000_436,256,1671,668
64_0000,64_0000_437,256,1512,584
64_0000,64_0000_438,256,1284,512
64_0000,64_0000_439,256,1068,472
64_0000,64_0000_440,256,765,340
64_0000,64_0000_441,256,642,312
64_0000,64_0000_442,256,480,252
64_0000,64_0000_443,256,324,176
64_0000,64_0000_444,256,0,0
64_0000,64_0000_445,256,0,0
64_0000,64_0000_446,256,0,0
64_0000,64_0000_447,256,0,0
64_0000,64_0000_448,256,0,0
64_0000,64_0000_449,256,0,0
64_0000,64_0000_450,256,0,0
64_0000,64_0000_451,256,0,0
64_0000,64_0000_452,256,0,0
64_0000,64_0000_453,256,0,0
64_0000,64_0000_454,256,0,0
64_0000,64_0000_455,256,0,0
64_0000,64_0000_456,256,0,0
64_0000,64_0000_457,256,0,0
64_0000,64_0000_458,256,0,0
64_0000,64_0000_459,256,0,0
64_0000,64_0000_460,256,0,0
64_0000,64_0000_461,256,0,0
64_0000,64_0000_462,256,0,0
64_0000,64_0000_463,256,0,0
64_0000,64_0000_464,256,0,0
64_0000,64_0000_465,256,0,0
64_0000,64_0000_466,256,0,0
64_0000,64_0000_467,256,0,0
64_0000,64_0000_468,256,0,0
65_0000,65_0000_000,256,0,0
65_0000,65_0000_001,256,0,0
65_0000,65_0000_002,256,0,0
65_0000,65_0000_003,256,0,0
65_0000,65_0000_004,256,0,0
65_0000,65_0000_005,256,0,0
65_0000,65_0000_006,256,0,0
65_0000,65_0000_007,256,0,0
65_0000,65_0000_008,256,0,0
65_0000,65_0000_009,256,0,0
65_0000,65_0000_010,256,0,0
65_0000,65_0000_011,256,0,0
65_0000,65_0000_012,256,0,0
65_0000,65_0000_013,256,0,0
65_0000,65_0000_014,256,0,0
65_0000,65_0000_015,256,0,0
65_0000,65_0000_016,256,0,0
65_0000,65_0000_017,256,0,0
65_0000,65_0000_018,256,0,0
65_0000,65_0000_019,256,0,0
65_0000,65_0000_020,256,0,0
65_0000,65_0000_021,256,0,0
65_0000,65_0000_022,256,0,0
65_0000,65_0000_023,256,0,0
65_0000,65_0000_024,256,0,0
65_0000,65_0000_025,256,0,0
65_0000,65_0000_026,256,0,0
65_0000,65_0000_027,256,0,0
65_0000,65_0000_028,256,0,0
65_0000,65_0000_029,256,15,0
65_0000,65_0000_030,256,48,0
65_0000,65_0000_031,256,45,0
65_0000,65_0000_032,256,45,0
65_0000,65_0000_033,256,60,0
65_0000,65_0000_034,256,105,0
65_0000,65_0000_035,256,111,20
65_0000,65_0000_036,256,183,84
65_0000,65_0000_037,256,183,80
65_0000,65_0000_038,256,183,96
65_0000,65_0000_039,256,267,116
65_0000,65_0000_040,256,291,176
65_0000,65_0000_041,256,327,208
65_0000,65_0000_042,256,339,208
65_0000,65_0000_043,256,435,220
65_0000,65_0000_044,256,537,272
65_0000,65_0000_045,256,693,340
65_0000,65_0000_046,256,750,360
65_0000,65_0000_047,256,927,448
65_0000,65_0000_048,256,1116,516
65_0000,65_0000_049,256,1275,588
65_0000,65_0000_050,256,1452,672
65_0000,65_0000_051,256,1596,712
65_0000,65_0000_052,256,1842,832
65_0000,65_0000_053,256,2031,920
65_0000,65_0000_054,256,2235,1012
65_0000,65_0000_055,256,2649,1096
65_0000,65_0000_056,256,2892,1200
65_0000,65_0000_057,256,3174,1368
65_0000,65_0000_058,256,3402,1412
65_0000,65_0000_059,256,3675,1484
65_0000,65_0000_060,256,4002,1556
65_0000,65_0000_061,256,4311,1700
65_0000,65_0000_062,256,4611,1876
65_0000,65_0000_063,256,5034,1992
65_0000,65_0000_064,256,5343,2092
65_0000,65_0000_065,256,5715,2216
65_0000,65_0000_066,256,6114,2372
65_0000,65_0000_067,256,6564,2520
65_0000,65_0000_068,256,6921,2572
65_0000,65_0000_069,256,7377,2816
65_0000,65_0000_070,256,7929,2992
65_0000,65_0000_071,256,8472,3268
65_0000,65_0000_072,256,9132,3492
65_0000,65_0000_073,256,9759,3760
65_0000,65_0000_074,256,10401,3948
65_0000,65_0000_075,256,11007,4164
65_0000,65_0000_076,256,11580,4392
65_0000,65_0000_077,256,12102,4560
65_0000,65_0000_078,256,12831,4852
65_0000,65_0000_079,256,13548,5012
65_0000,65_0000_080,256,14169,5176
65_0000,65_0000_081,256,14961,5344
65_0000,65_0000_082,256,15840,5780
65_0000,65_0000_083,256,16578,6012
65_0000,65_0000_084,256,17529,6216
65_0000,65_0000_085,256,18663,6308
65_0000,65_0000_086,256,20121,6536
65_0000,65_0000_087,256,20961,6292
65_0000,65_0000_088,256,22002,6152
65_0000,65_0000_089,256,23010,6084
65_0000,65_0000_090,256,24057,6132
65_0000,65_0000_091,256,25038,6180
65_0000,65_0000_092,256,26295,6384
65_0000,65_0000_093,256,27429,6288
65_0000,65_0000_094,256,28539,6680
65_0000,65_0000_095,256,29622,6468
65_0000,65_0000_096,256,30912,6792
65_0000,65_0000_097,256,32406,6168
65_0000,65_0000_098,256,33939,6344
65_0000,65_0000_099,256,35187,6664
65_0000,65_0000_100,256,36603,6632
65_0000,65_0000_101,256,37854,6544
65_0000,65_0000_102,256,39429,6616
65_0000,65_0000_103,256,40986,7212
65_0000,65_0000_104,256,42372,6940
65_0000,65_0000_105,256,43806,6544
65_0000,65_0000_106,256,45153,6212
65_0000,65_0000_107,256,46485,5448
65_0000,65_0000_108,256,48180,5380
65_0000,65_0000_109,256,49242,5388
65_0000,65_0000_110,256,51075,5084
65_0000,65_0000_111,256,52590,4892
65_0000,65_0000_112,256,53835,4708
65_0000,65_0000_113,256,54402,5292
65_0000,65_0000_114,256,54828,5116
65_0000,65_0000_115,256,55410,4760
65_0000,65_0000_116,256,56055,4948
65_0000,65_0000_117,256,56646,4860
65_0000,65_0000_118,256,57216,4136
65_0000,65_0000_119,256,57981,3044
65_0000,65_0000_120,256,58617,3060
65_0000,65_0000_121,256,59130,3140
65_0000,65_0000_122,256,59769,3448
65_0000,65_0000_123,256,60513,3936
65_0000,65_0000_124,256,61185,3536
65_0000,65_0000_125,256,61890,3056
65_0000,65_0000_126,256,62709,3448
65_0000,65_0000_127,256,63801,3464
65_0000,65_0000_128,256,64488,3764
65_0000,65_0000_129,256,65109,2952
65_0000,65_0000_130,256,65643,2924
65_0000,65_0000_131,256,66258,2276
65_0000,65_0000_132,256,66537,2672
65_0000,65_0000_133,256,66693,2936
65_0000,65_0000_134,256,66849,2992
65_0000,65_0000_135,256,67053,2532
65_0000,65_0000_136,256,67137,2388
65_0000,65_0000_137,256,67212,2400
65_0000,65_0000_138,256,67275,2016
65_0000,65_0000_139,256,67242,2032
65_0000,65_0000_140,256,67281,2284
65_0000,65_0000_141,256,67296,2300
65_0000,65_0000_142,256,67395,2400
65_0000,65_0000_143,256,67497,2648
65_0000,65_0000_144,256,67656,2800
65_0000,65_0000_145,256,67581,2792
65_0000,65_0000_146,256,67617,2604
65_0000,65_0000_147,256,67704,3168
65_0000,65_0000_148,256,67887,3024
65_0000,65_0000_149,256,67860,2392
65_0000,65_0000_150,256,68226,2728
65_0000,65_0000_151,256,68454,3008
65_0000,65_0000_152,256,68430,3100
65_0000,65_0000_153,256,68439,3604
65_0000,65_0000_154,256,68298,3552
65_0000,65_0000_155,256,68448,2568
65_0000,65_0000_156,256,68577,2056
65_0000,65_0000_157,256,68592,1608
65_0000,65_0000_158,256,68568,1804
65_0000,65_0000_159,256,68742,2384
65_0000,65_0000_160,256,68832,2160
65_0000,65_0000_161,256,69066,1836
65_0000,65_0000_162,256,69183,2260
65_0000,65_0000_163,256,69378,2092
65_0000,65_0000_164,256,69507,1804
65_0000,65_0000_165,256,69663,1496
65_0000,65_0000_166,256,69846,1044
65_0000,65_0000_167,256,70014,936
65_0000,65_0000_168,256,70080,1576
65_0000,65_0000_169,256,70248,1172
65_0000,65_0000_170,256,70353,984
65_0000,65_0000_171,256,70455,960
65_0000,65_0000_172,256,70380,1016
65_0000,65_0000_173,256,70377,852
65_0000,65_0000_174,256,70272,924
65_0000,65_0000_175,256,70347,1008
65_0000,65_0000_176,256,70407,516
65_0000,65_0000_177,256,70479,228
65_0000,65_0000_178,256,70779,192
65_0000,65_0000_179,256,70467,256
65_0000,65_0000_180,256,70398,252
65_0000,65_0000_181,256,70305,392
65_0000,65_0000_182,256,69954,968
65_0000,65_0000_183,256,69879,1416
65_0000,65_0000_184,256,69954,900
65_0000,65_0000_185,256,69858,648
65_0000,65_0000_186,256,69888,508
65_0000,65_0000_187,256,70053,476
65_0000,65_0000_188,256,70191,340
65_0000,65_0000_189,256,70323,492
65_0000,65_0000_190,256,70380,428
65_0000,65_0000_191,256,70362,388
65_0000,65_0000_192,256,70437,352
65_0000,65_0000_193,256,70245,428
65_0000,65_0000_194,256,70263,576
65_0000,65_0000_195,256,69996,956
65_0000,65_0000_196,256,70134,1204
65_0000,65_0000_197,256,70056,844
65_0000,65_0000_198,256,70155,960
65_0000,65_0000_199,256,70194,1208
65_0000,65_0000_200,256,70257,1032
65_0000,65_0000_201,256,70098,860
65_0000,65_0000_202,256,70038,708
65_0000,65_0000_203,256,69786,592
65_0000,65_0000_204,256,69726,988
65_0000,65_0000_205,256,69537,1328
65_0000,65_0000_206,256,69585,1480
65_0000,65_0000_207,256,69105,1604
65_0000,65_0000_208,256,68976,1484
65_0000,65_0000_209,256,68802,1528
65_0000,65_0000_210,256,68610,1512
65_0000,65_0000_211,256,68391,1880
65_0000,65_0000_212,256,68223,1712
65_0000,65_0000_213,256,67968,1924
65_0000,65_0000_214,256,67893,1528
65_0000,65_0000_215,256,67563,2016
65_0000,65_0000_216,256,67416,2404
65_0000,65_0000_217,256,67320,2976
65_0000,65_0000_218,256,67272,2436
65_0000,65_0000_219,256,67206,2272
65_0000,65_0000_220,256,67164,2392
65_0000,65_0000_221,256,67203,2856
65_0000,65_0000_222,256,67062,2452
65_0000,65_0000_223,256,66939,2156
65_0000,65_0000_224,256,66774,2208
65_0000,65_0000_225,256,66717,2096
65_0000,65_0000_226,256,66594,2348
65_0000,65_0000_227,256,66486,2132
65_0000,65_0000_228,256,66441,2328
65_0000,65_0000_229,256,66462,2520
65_0000,65_0000_230,256,66348,2264
65_0000,65_0000_231,256,66381,2188
65_0000,65_0000_232,256,66264,2024
65_0000,65_0000_233,256,66135,2300
65_0000,65_0000_234,256,66117,2548
65_0000,65_0000_235,256,66108,2696
65_0000,65_0000_236,256,66186,2576
65_0000,65_0000_237,256,66204,1912
65_0000,65_0000_238,256,66183,2060
65_0000,65_0000_239,256,66255,2320
65_0000,65_0000_240,256,66132,2788
65_0000,65_0000_241,256,66099,2348
65_0000,65_0000_242,256,66141,1840
65_0000,65_0000_243,256,66030,1312
65_0000,65_0000_244,256,66030,1780
65_0000,65_0000_245,256,66030,2052
65_0000,65_0000_246,256,65907,2376
65_0000,65_0000_247,256,65823,1976
65_0000,65_0000_248,256,65676,1944
65_0000,65_0000_249,256,65625,1840
65_0000,65_0000_250,256,65418,1624
65_0000,65_0000_251,256,65217,1584
65_0000,65_0000_252,256,65205,1616
65_0000,65_0000_253,256,64968,1616
65_0000,65_0000_254,256,64785,1884
65_0000,65_0000_255,256,64713,1644
65_0000,65_0000_256,256,64557,1744
65_0000,65_0000_257,256,64323,1664
65_0000,65_0000_258,256,64119,1788
65_0000,65_0000_259,256,63840,1900
65_0000,65_0000_260,256,63570,1828
65_0000,65_0000_261,256,63489,1928
65_0000,65_0000_262,256,63537,1872
65_0000,65_0000_263,256,63363,2056
65_0000,65_0000_264,256,63138,1960
65_0000,65_0000_265,256,63057,1760
65_0000,65_0000_266,256,63216,1756
65_0000,65_0000_267,256,63300,1720
65_0000,65_0000_268,256,63276,2096
65_0000,65_0000_269,256,63177,2224
65_0000,65_0000_270,256,63147,2344
65_0000,65_0000_271,256,63048,2032
65_0000,65_0000_272,256,62928,1772
65_0000,65_0000_273,256,62949,1588
65_0000,65_0000_274,256,62871,1512
65_0000,65_0000_275,256,62700,1376
65_0000,65_0000_276,256,62601,1188
65_0000,65_0000_277,256,62571,1464
65_0000,65_0000_278,256,62322,1356
65_0000,65_0000_279,256,62136,1352
65_0000,65_0000_280,256,61971,1292
65_0000,65_0000_281,256,61728,1344
65_0000,65_0000_282,256,61554,1288
65_0000,65_0000_283,256,61392,1320
65_0000,65_0000_284,256,61305,1200
65_0000,65_0000_285,256,61170,960
65_0000,65_0000_286,256,60990,576
65_0000,65_0000_287,256,60756,628
65_0000,65_0000_288,256,60546,740
65_0000,65_0000_289,256,60270,432
65_0000,65_0000_290,256,60072,508
65_0000,65_0000_291,256,59871,1100
65_0000,65_0000_292,256,59775,1476
65_0000,65_0000_293,256,59520,1568
65_0000,65_0000_294,256,59295,1612
65_0000,65_0000_295,256,58968,1580
65_0000,65_0000_296,256,58683,1532
65_0000,65_0000_297,256,58452,1312
65_0000,65_0000_298,256,58101,1244
65_0000,65_0000_299,256,57888,1820
65_0000,65_0000_300,256,57537,1908
65_0000,65_0000_301,256,57186,1972
65_0000,65_0000_302,256,57003,1828
65_0000,65_0000_303,256,56841,1236
65_0000,65_0000_304,256,56670,1072
65_0000,65_0000_305,256,56445,848
65_0000,65_0000_306,256,56187,1096
65_0000,65_0000_307,256,55941,1248
65_0000,65_0000_308,256,55728,1220
65_0000,65_0000_309,256,55389,1504
65_0000,65_0000_310,256,55155,1500
65_0000,65_0000_311,256,54804,1360
65_0000,65_0000_312,256,54570,1236
65_0000,65_0000_313,256,54429,1368
65_0000,65_0000_314,256,54132,1300
65_0000,65_0000_315,256,53856,1284
65_0000,65_0000_316,256,53580,1312
65_0000,65_0000_317,256,53196,1272
65_0000,65_0000_318,256,52818,1172
65_0000,65_0000_319,256,52644,1496
65_0000,65_0000_320,256,52431,1476
65_0000,65_0000_321,256,52134,1392
65_0000,65_0000_322,256,51804,1752
65_0000,65_0000_323,256,51618,2028
65_0000,65_0000_324,256,51282,2004
65_0000,65_0000_325,256,50940,1876
65_0000,65_0000_326,256,50607,2060
65_0000,65_0000_327,256,50367,2052
65_0000,65_0000_328,256,50040,2368
65_0000,65_0000_329,256,49728,2588
65_0000,65_0000_330,256,49503,2472
65_0000,65_0000_331,256,49206,2448
65_0000,65_0000_332,256,48840,2284
65_0000,65_0000_333,256,48594,2196
65_0000,65_0000_334,256,48297,2352
65_0000,65_0000_335,256,48003,2136
65_0000,65_0000_336,256,47784,2472
65_0000,65_0000_337,256,47475,2296
65_0000,65_0000_338,256,47145,2260
65_0000,65_0000_339,256,47010,2416
65_0000,65_0000_340,256,46758,2272
65_0000,65_0000_341,256,46323,2236
65_0000,65_0000_342,256,46083,2344
65_0000,65_0000_343,256,45852,2428
65_0000,65_0000_344,256,45684,2476
65_0000,65_0000_345,256,45429,2440
65_0000,65_0000_346,256,44988,2416
65_0000,65_0000_347,256,44550,2340
65_0000,65_0000_348,256,44211,2116
65_0000,65_0000_349,256,43833,1924
65_0000,65_0000_350,256,43452,1844
65_0000,65_0000_351,256,43083,1856
65_0000,65_0000_352,256,42660,1780
65_0000,65_0000_353,256,42180,1760
65_0000,65_0000_354,256,41799,1556
65_0000,65_0000_355,256,41229,1700
65_0000,65_0000_356,256,40845,1892
65_0000,65_0000_357,256,40326,1788
65_0000,65_0000_358,256,39819,1704
65_0000,65_0000_359,256,39264,1568
65_0000,65_0000_360,256,38694,1428
65_0000,65_0000_361,256,38109,1160
65_0000,65_0000_362,256,37563,1248
65_0000,65_0000_363,256,36876,1540
65_0000,65_0000_364,256,36393,1564
65_0000,65_0000_365,256,35778,1248
65_0000,65_0000_366,256,35199,1120
65_0000,65_0000_367,256,34659,1144
65_0000,65_0000_368,256,34131,1448
65_0000,65_0000_369,256,33597,1468
65_0000,65_0000_370,256,32964,1256
65_0000,65_0000_371,256,32394,960
65_0000,65_0000_372,256,31851,1120
65_0000,65_0000_373,256,31272,980
65_0000,65_0000_374,256,30636,896
65_0000,65_0000_375,256,29985,1016
65_0000,65_0000_376,256,29442,1008
65_0000,65_0000_377,256,28839,928
65_0000,65_0000_378,256,28194,824
65_0000,65_0000_379,256,27573,1032
65_0000,65_0000_380,256,26904,1256
65_0000,65_0000_381,256,26247,1296
65_0000,65_0000_382,256,25626,1632
65_0000,65_0000_383,256,25098,1668
65_0000,65_0000_384,256,24408,1944
65_0000,65_0000_385,256,23859,1644
65_0000,65_0000_386,256,23181,1488
65_0000,65_0000_387,256,22476,1132
65_0000,65_0000_388,256,21612,1508
65_0000,65_0000_389,256,20955,1400
65_0000,65_0000_390,256,20202,1332
65_0000,65_0000_391,256,19428,1512
65_0000,65_0000_392,256,18735,1672
65_0000,65_0000_393,256,18000,1428
65_0000,65_0000_394,256,17322,1400
65_0000,65_0000_395,256,16617,1692
65_0000,65_0000_396,256,15912,1512
65_0000,65_0000_397,256,15150,1156
65_0000,65_0000_398,256,14379,1308
65_0000,65_0000_399,256,13641,1608
65_0000,65_0000_400,256,13029,1396
65_0000,65_0000_401,256,12360,1440
65_0000,65_0000_402,256,11634,1520
65_0000,65_0000_403,256,11004,1456
65_0000,65_0000_404,256,10365,1400
65_0000,65_0000_405,256,9669,1440
65_0000,65_0000_406,256,8952,1452
65_0000,65_0000_407,256,8400,1276
65_0000,65_0000_408,256,7857,1132
65_0000,65_0000_409,256,7251,992
65_0000,65_0000_410,256,6618,1300
65_0000,65_0000_411,256,6102,1272
65_0000,65_0000_412,256,5580,1016
65_0000,65_0000_413,256,4980,724
65_0000,65_0000_414,256,4359,496
65_0000,65_0000_415,256,3414,1092
65_0000,65_0000_416,256,2976,1036
65_0000,65_0000_417,256,2457,916
65_0000,65_0000_418,256,1947,864
65_0000,65_0000_419,256,1362,612
65_0000,65_0000_420,256,969,456
65_0000,65_0000_421,256,702,376
65_0000,65_0000_422,256,399,188
65_0000,65_0000_423,256,180,112
65_0000,65_0000_424,256,0,0
65_0000,65_0000_425,256,0,0
65_0000,65_0000_426,256,0,0
66_0000,66_0000_000,256,0,0
66_0000,66_0000_001,256,0,0
66_0000,66_0000_002,256,0,0
66_0000,66_0000_003,256,0,0
66_0000,66_0000_004,256,0,0
66_0000,66_0000_005,256,0,0
66_0000,66_0000_006,256,0,0
66_0000,66_0000_007,256,0,0
66_0000,66_0000_008,256,0,0
66_0000,66_0000_009,256,0,0
66_0000,66_0000_010,256,0,0
66_0000,66_0000_011,256,0,0
66_0000,66_0000_012,256,0,0
66_0000,66_0000_013,256,0,0
66_0000,66_0000_014,256,0,0
66_0000,66_0000_015,256,0,0
66_0000,66_0000_016,256,0,0
66_0000,66_0000_017,256,0,0
66_0000,66_0000_018,256,0,0
66_0000,66_0000_019,256,0,0
66_0000,66_0000_020,256,0,0
66_0000,66_0000_021,256,0,0
66_0000,66_0000_022,256,0,0
66_0000,66_0000_023,256,0,0
66_0000,66_0000_024,256,0,0
66_0000,66_0000_025,256,0,0
66_0000,66_0000_026,256,57,0
66_0000,66_0000_027,256,75,0
66_0000,66_0000_028,256,105,0
66_0000,66_0000_029,256,114,0
66_0000,66_0000_030,256,102,0
66_0000,66_0000_031,256,195,48
66_0000,66_0000_032,256,393,228
66_0000,66_0000_033,256,465,264
66_0000,66_0000_034,256,549,304
66_0000,66_0000_035,256,696,348
66_0000,66_0000_036,256,759,340
66_0000,66_0000_037,256,801,332
66_0000,66_0000_038,256,993,392
66_0000,66_0000_039,256,1101,404
66_0000,66_0000_040,256,1200,496
66_0000,66_0000_041,256,1398,464
66_0000,66_0000_042,256,1515,492
66_0000,66_0000_043,256,1656,592
66_0000,66_0000_044,256,1788,664
66_0000,66_0000_045,256,1800,680
66_0000,66_0000_046,256,2091,908
66_0000,66_0000_047,256,2190,932
66_0000,66_0000_048,256,2286,948
66_0000,66_0000_049,256,2421,1004
66_0000,66_0000_050,256,2538,1060
66_0000,66_0000_051,256,2694,1100
66_0000,66_0000_052,256,2949,1172
66_0000,66_0000_053,256,3165,1288
66_0000,66_0000_054,256,3369,1360
66_0000,66_0000_055,256,3570,1520
66_0000,66_0000_056,256,3744,1524
66_0000,66_0000_057,256,4041,1596
66_0000,66_0000_058,256,4224,1652
66_0000,66_0000_059,256,4332,1720
66_0000,66_0000_060,256,4668,1892
66_0000,66_0000_061,256,4794,1908
66_0000,66_0000_062,256,5022,1968
66_0000,66_0000_063,256,5256,2012
66_0000,66_0000_064,256,5502,2100
66_0000,66_0000_065,256,5766,2252
66_0000,66_0000_066,256,6036,2288
66_0000,66_0000_067,256,6261,2356
66_0000,66_0000_068,256,6621,2516
66_0000,66_0000_069,256,6942,2648
66_0000,66_0000_070,256,7161,2696
66_0000,66_0000_071,256,7428,2780
66_0000,66_0000_072,256,7680,2860
66_0000,66_0000_073,256,8061,2936
66_0000,66_0000_074,256,8367,2952
66_0000,66_0000_075,256,8805,3144
66_0000,66_0000_076,256,9099,3260
66_0000,66_0000_077,256,9459,3252
66_0000,66_0000_078,256,9864,3280
66_0000,66_0000_079,256,10221,3360
66_0000,66_0000_080,256,10596,3440
66_0000,66_0000_081,256,10896,3316
66_0000,66_0000_082,256,11262,3324
66_0000,66_0000_083,256,11721,3324
66_0000,66_0000_084,256,12264,3320
66_0000,66_0000_085,256,12750,3320
66_0000,66_0000_086,256,13116,3328
66_0000,66_0000_087,256,13704,3500
66_0000,66_0000_088,256,14145,3616
66_0000,66_0000_089,256,14622,3716
66_0000,66_0000_090,256,15153,3936
66_0000,66_0000_091,256,15702,4088
66_0000,66_0000_092,256,16239,4048
66_0000,66_0000_093,256,16692,4220
66_0000,66_0000_094,256,17286,4496
66_0000,66_0000_095,256,17898,4560
66_0000,66_0000_096,256,18483,4516
66_0000,66_0000_097,256,19107,4576
66_0000,66_0000_098,256,19854,4844
66_0000,66_0000_099,256,20439,5112
66_0000,66_0000_100,256,21111,5196
66_0000,66_0000_101,256,21732,5176
66_0000,66_0000_102,256,22209,4960
66_0000,66_0000_103,256,22710,4988
66_0000,66_0000_104,256,23265,5008
66_0000,66_0000_105,256,23706,4824
66_0000,66_0000_106,256,24237,4896
66_0000,66_0000_107,256,24882,5012
66_0000,66_0000_108,256,25422,5412
66_0000,66_0000_109,256,25857,5532
66_0000,66_0000_110,256,26448,5372
66_0000,66_0000_111,256,27156,5348
66_0000,66_0000_112,256,27918,5476
66_0000,66_0000_113,256,28554,5508
66_0000,66_0000_114,256,29064,5476
66_0000,66_0000_115,256,29688,5684
66_0000,66_0000_116,256,30402,6028
66_0000,66_0000_117,256,31218,6564
66_0000,66_0000_118,256,31878,6316
66_0000,66_0000_119,256,32775,6584
66_0000,66_0000_120,256,33735,6752
66_0000,66_0000_121,256,34608,6772
66_0000,66_0000_122,256,35352,6768
66_0000,66_0000_123,256,36036,6756
66_0000,66_0000_124,256,36819,6404
66_0000,66_0000_125,256,37773,6288
66_0000,66_0000_126,256,38643,6208
66_0000,66_0000_127,256,39369,6704
66_0000,66_0000_128,256,40155,6736
66_0000,66_0000_129,256,40869,6512
66_0000,66_0000_130,256,41559,6148
66_0000,66_0000_131,256,42213,5656
66_0000,66_0000_132,256,43014,5620
66_0000,66_0000_133,256,43803,5752
66_0000,66_0000_134,256,44490,6608
66_0000,66_0000_135,256,45369,6880
66_0000,66_0000_136,256,46263,6544
66_0000,66_0000_137,256,46719,6396
66_0000,66_0000_138,256,46884,6492
66_0000,66_0000_139,256,46980,6940
66_0000,66_0000_140,256,46938,6748
66_0000,66_0000_141,256,47343,6624
66_0000,66_0000_142,256,47424,6660
66_0000,66_0000_143,256,47604,6448
66_0000,66_0000_144,256,47586,6188
66_0000,66_0000_145,256,47838,6248
66_0000,66_0000_146,256,47976,6404
66_0000,66_0000_147,256,48150,6316
66_0000,66_0000_148,256,48267,6276
66_0000,66_0000_149,256,48675,6604
66_0000,66_0000_150,256,48879,6588
66_0000,66_0000_151,256,49164,6608
66_0000,66_0000_152,256,49476,6040
66_0000,66_0000_153,256,49890,6020
66_0000,66_0000_154,256,50085,5788
66_0000,66_0000_155,256,50454,5636
66_0000,66_0000_156,256,50736,5104
66_0000,66_0000_157,256,50961,5348
66_0000,66_0000_158,256,51165,5400
66_0000,66_0000_159,256,51318,5436
66_0000,66_0000_160,256,51864,5532
66_0000,66_0000_161,256,52311,5832
66_0000,66_0000_162,256,52500,5248
66_0000,66_0000_163,256,52776,5068
66_0000,66_0000_164,256,53142,4660
66_0000,66_0000_165,256,53493,4340
66_0000,66_0000_166,256,53787,4352
66_0000,66_0000_167,256,54207,4184
66_0000,66_0000_168,256,54597,4460
66_0000,66_0000_169,256,54783,3864
66_0000,66_0000_170,256,55371,4280
66_0000,66_0000_171,256,55845,4748
66_0000,66_0000_172,256,56304,4580
66_0000,66_0000_173,256,56709,3796
66_0000,66_0000_174,256,57174,3296
66_0000,66_0000_175,256,57480,2764
66_0000,66_0000_176,256,57627,3084
66_0000,66_0000_177,256,57519,2804
66_0000,66_0000_178,256,57561,2696
66_0000,66_0000_179,256,57699,2996
66_0000,66_0000_180,256,57552,3216
66_0000,66_0000_181,256,57630,3232
66_0000,66_0000_182,256,57507,3308
66_0000,66_0000_183,256,57438,3272
66_0000,66_0000_184,256,57228,3248
66_0000,66_0000_185,256,56964,3340
66_0000,66_0000_186,256,56685,3956
66_0000,66_0000_187,256,56409,3980
66_0000,66_0000_188,256,56415,3864
66_0000,66_0000_189,256,56385,3612
66_0000,66_0000_190,256,56094,3468
66_0000,66_0000_191,256,56103,3452
66_0000,66_0000_192,256,56019,4012
66_0000,66_0000_193,256,56031,4524
66_0000,66_0000_194,256,56025,4056
66_0000,66_0000_195,256,56181,3712
66_0000,66_0000_196,256,56238,4248
66_0000,66_0000_197,256,56430,3924
66_0000,66_0000_198,256,56604,4640
66_0000,66_0000_199,256,56529,4500
66_0000,66_0000_200,256,56607,3812
66_0000,66_0000_201,256,56604,3464
66_0000,66_0000_202,256,56667,3256
66_0000,66_0000_203,256,56673,3180
66_0000,66_0000_204,256,56511,3052
66_0000,66_0000_205,256,56136,3192
66_0000,66_0000_206,256,56151,3264
66_0000,66_0000_207,256,56085,3240
66_0000,66_0000_208,256,55830,3356
66_0000,66_0000_209,256,55581,3524
66_0000,66_0000_210,256,55350,3352
66_0000,66_0000_211,256,54801,3076
66_0000,66_0000_212,256,54660,2908
66_0000,66_0000_213,256,54441,2672
66_0000,66_0000_214,256,54297,2292
66_0000,66_0000_215,256,54321,2612
66_0000,66_0000_216,256,54363,2776
66_0000,66_0000_217,256,54672,3236
66_0000,66_0000_218,256,54888,3448
66_0000,66_0000_219,256,55035,3592
66_0000,66_0000_220,256,55128,3516
66_0000,66_0000_221,256,55176,3912
66_0000,66_0000_222,256,55176,3808
66_0000,66_0000_223,256,55197,4064
66_0000,66_0000_224,256,55227,4040
66_0000,66_0000_225,256,55443,3832
66_0000,66_0000_226,256,55365,3876
66_0000,66_0000_227,256,55281,3644
66_0000,66_0000_228,256,55446,3776
66_0000,66_0000_229,256,55542,3944
66_0000,66_0000_230,256,55620,3880
66_0000,66_0000_231,256,55983,4284
66_0000,66_0000_232,256,56082,4136
66_0000,66_0000_233,256,56178,4248
66_0000,66_0000_234,256,56307,4104
66_0000,66_0000_235,256,56340,3888
66_0000,66_0000_236,256,56538,3568
66_0000,66_0000_237,256,56679,3684
66_0000,66_0000_238,256,56658,3900
66_0000,66_0000_239,256,56463,3728
66_0000,66_0000_240,256,55860,3812
66_0000,66_0000_241,256,55752,3928
66_0000,66_0000_242,256,55497,3920
66_0000,66_0000_243,256,55236,3932
66_0000,66_0000_244,256,55077,3732
66_0000,66_0000_245,256,54984,3892
66_0000,66_0000_246,256,54885,3868
66_0000,66_0000_247,256,54660,3668
66_0000,66_0000_248,256,54663,3804
66_0000,66_0000_249,256,54603,3568
66_0000,66_0000_250,256,54522,3564
66_0000,66_0000_251,256,54387,3008
66_0000,66_0000_252,256,54429,3100
66_0000,66_0000_253,256,54504,3156
66_0000,66_0000_254,256,54540,2824
66_0000,66_0000_255,256,54657,3028
66_0000,66_0000_256,256,54591,3156
66_0000,66_0000_257,256,54534,3084
66_0000,66_0000_258,256,54522,2948
66_0000,66_0000_259,256,54345,2836
66_0000,66_0000_260,256,54297,2648
66_0000,66_0000_261,256,54450,2732
66_0000,66_0000_262,256,54138,2612
66_0000,66_0000_263,256,54036,2928
66_0000,66_0000_264,256,54102,3056
66_0000,66_0000_265,256,53802,2800
66_0000,66_0000_266,256,53604,2808
66_0000,66_0000_267,256,53430,2452
66_0000,66_0000_268,256,53571,2508
66_0000,66_0000_269,256,53619,2276
66_0000,66_0000_270,256,53547,2128
66_0000,66_0000_271,256,53772,2256
66_0000,66_0000_272,256,53763,1912
66_0000,66_0000_273,256,53559,1840
66_0000,66_0000_274,256,53502,1892
66_0000,66_0000_275,256,53490,2080
66_0000,66_0000_276,256,53298,2256
66_0000,66_0000_277,256,53367,2464
66_0000,66_0000_278,256,53217,2276
66_0000,66_0000_279,256,53298,2384
66_0000,66_0000_280,256,53172,2440
66_0000,66_0000_281,256,53130,2536
66_0000,66_0000_282,256,53085,2520
66_0000,66_0000_283,256,53382,2388
66_0000,66_0000_284,256,53631,2868
66_0000,66_0000_285,256,53478,2904
66_0000,66_0000_286,256,53184,2820
66_0000,66_0000_287,256,53010,2724
66_0000,66_0000_288,256,52857,2704
66_0000,66_0000_289,256,52650,2612
66_0000,66_0000_290,256,52527,2512
66_0000,66_0000_291,256,52224,2640
66_0000,66_0000_292,256,52023,2728
66_0000,66_0000_293,256,51759,2848
66_0000,66_0000_294,256,51702,2712
66_0000,66_0000_295,256,51480,2704
66_0000,66_0000_296,256,51243,3436
66_0000,66_0000_297,256,50838,3288
66_0000,66_0000_298,256,50646,3476
66_0000,66_0000_299,256,50481,3512
66_0000,66_0000_300,256,50187,2900
66_0000,66_0000_301,256,49956,2944
66_0000,66_0000_302,256,49650,2736
66_0000,66_0000_303,256,49515,2580
66_0000,66_0000_304,256,49110,2412
66_0000,66_0000_305,256,48855,2448
66_0000,66_0000_306,256,48579,2448
66_0000,66_0000_307,256,48282,2208
66_0000,66_0000_308,256,48069,2320
66_0000,66_0000_309,256,47781,2472
66_0000,66_0000_310,256,47595,2840
66_0000,66_0000_311,256,47241,2928
66_0000,66_0000_312,256,46920,2956
66_0000,66_0000_313,256,46566,3012
66_0000,66_0000_314,256,46206,3088
66_0000,66_0000_315,256,46008,2800
66_0000,66_0000_316,256,45576,2668
66_0000,66_0000_317,256,45219,2320
66_0000,66_0000_318,256,44913,2312
66_0000,66_0000_319,256,44562,2360
66_0000,66_0000_320,256,44280,2216
66_0000,66_0000_321,256,44103,2072
66_0000,66_0000_322,256,43758,2060
66_0000,66_0000_323,256,43281,2268
66_0000,66_0000_324,256,42999,2100
66_0000,66_0000_325,256,42669,2080
66_0000,66_0000_326,256,42540,2144
66_0000,66_0000_327,256,42093,2192
66_0000,66_0000_328,256,41691,2124
66_0000,66_0000_329,256,41382,2032
66_0000,66_0000_330,256,41022,2224
66_0000,66_0000_331,256,40701,2420
66_0000,66_0000_332,256,40344,2348
66_0000,66_0000_333,256,39951,2324
66_0000,66_0000_334,256,39642,2392
66_0000,66_0000_335,256,39345,2524
66_0000,66_0000_336,256,38994,2556
66_0000,66_0000_337,256,38721,2600
66_0000,66_0000_338,256,38373,2408
66_0000,66_0000_339,256,38040,2240
66_0000,66_0000_340,256,37686,1872
66_0000,66_0000_341,256,37326,1760
66_0000,66_0000_342,256,36975,1956
66_0000,66_0000_343,256,36651,1904
66_0000,66_0000_344,256,36348,2052
66_0000,66_0000_345,256,35943,2320
66_0000,66_0000_346,256,35616,2368
66_0000,66_0000_347,256,35304,2316
66_0000,66_0000_348,256,34860,2412
66_0000,66_0000_349,256,34506,2540
66_0000,66_0000_350,256,34104,2476
66_0000,66_0000_351,256,33639,2500
66_0000,66_0000_352,256,33126,2472
66_0000,66_0000_353,256,32604,2680
66_0000,66_0000_354,256,32268,2596
66_0000,66_0000_355,256,31851,2204
66_0000,66_0000_356,256,31305,2216
66_0000,66_0000_357,256,30741,2284
66_0000,66_0000_358,256,30258,2064
66_0000,66_0000_359,256,29796,2064
66_0000,66_0000_360,256,29340,2008
66_0000,66_0000_361,256,28803,1976
66_0000,66_0000_362,256,28242,2044
66_0000,66_0000_363,256,27585,2068
66_0000,66_0000_364,256,27009,1972
66_0000,66_0000_365,256,26451,1912
66_0000,66_0000_366,256,25869,1708
66_0000,66_0000_367,256,25029,1648
66_0000,66_0000_368,256,24474,1720
66_0000,66_0000_369,256,23862,1576
66_0000,66_0000_370,256,23121,1672
66_0000,66_0000_371,256,22461,1576
66_0000,66_0000_372,256,21825,1576
66_0000,66_0000_373,256,21312,1572
66_0000,66_0000_374,256,20730,1596
66_0000,66_0000_375,256,20262,1764
66_0000,66_0000_376,256,19815,1756
66_0000,66_0000_377,256,19356,1844
66_0000,66_0000_378,256,18870,1756
66_0000,66_0000_379,256,18375,1884
66_0000,66_0000_380,256,17967,2412
66_0000,66_0000_381,256,17595,2320
66_0000,66_0000_382,256,17136,2348
66_0000,66_0000_383,256,16746,2344
66_0000,66_0000_384,256,16350,2320
66_0000,66_0000_385,256,15951,2304
66_0000,66_0000_386,256,15510,2288
66_0000,66_0000_387,256,15096,2096
66_0000,66_0000_388,256,14547,2372
66_0000,66_0000_389,256,14043,2488
66_0000,66_0000_390,256,13554,2620
66_0000,66_0000_391,256,13080,2224
66_0000,66_0000_392,256,12549,2928
66_0000,66_0000_393,256,12087,2876
66_0000,66_0000_394,256,11691,2844
66_0000,66_0000_395,256,11292,2680
66_0000,66_0000_396,256,10896,2296
66_0000,66_0000_397,256,10452,2308
66_0000,66_0000_398,256,10044,2340
66_0000,66_0000_399,256,9597,1744
66_0000,66_0000_400,256,9156,1372
66_0000,66_0000_401,256,8703,1176
66_0000,66_0000_402,256,8232,1292
66_0000,66_0000_403,256,7752,1404
66_0000,66_0000_404,256,7251,1396
66_0000,66_0000_405,256,6765,1144
66_0000,66_0000_406,256,6279,1028
66_0000,66_0000_407,256,5775,1120
66_0000,66_0000_408,256,5319,996
66_0000,66_0000_409,256,4857,1128
66_0000,66_0000_410,256,4389,1088
66_0000,66_0000_411,256,3888,1268
66_0000,66_0000_412,256,3492,1132
66_0000,66_0000_413,256,3051,1060
66_0000,66_0000_414,256,2607,956
66_0000,66_0000_415,256,2142,800
66_0000,66_0000_416,256,1671,664
66_0000,66_0000_417,256,1011,452
66_0000,66_0000_418,256,558,292
66_0000,66_0000_419,256,459,260
66_0000,66_0000_420,256,264,156
66_0000,66_0000_421,256,36,0
66_0000,66_0000_422,256,0,0
66_0000,66_0000_423,256,0,0
66_0000,66_0000_424,256,0,0
66_0000,66_0000_425,256,0,0
66_0000,66_0000_426,256,0,0
66_0000,66_0000_427,256,0,0
66_0000,66_0000_428,256,0,0
66_0000,66_0000_429,256,0,0
66_0000,66_0000_430,256,0,0
67_0000,67_0000_000,256,0,0
67_0000,67_0000_001,256,0,0
67_0000,67_0000_002,256,0,0
67_0000,67_0000_003,256,0,0
67_0000,67_0000_004,256,0,0
67_0000,67_0000_005,256,0,0
67_0000,67_0000_006,256,0,0
67_0000,67_0000_007,256,0,0
67_0000,67_0000_008,256,0,0
67_0000,67_0000_009,256,0,0
67_0000,67_0000_010,256,0,0
67_0000,67_0000_011,256,0,0
67_0000,67_0000_012,256,0,0
67_0000,67_0000_013,256,0,0
67_0000,67_0000_014,256,0,0
67_0000,67_0000_015,256,0,0
67_0000,67_0000_016,256,0,0
67_0000,67_0000_017,256,0,0
67_0000,67_0000_018,256,0,0
67_0000,67_0000_019,256,0,0
67_0000,67_0000_020,256,0,0
67_0000,67_0000_021,256,0,0
67_0000,67_0000_022,256,0,0
67_0000,67_0000_023,256,0,0
67_0000,67_0000_024,256,0,0
67_0000,67_0000_025,256,0,0
67_0000,67_0000_026,256,0,0
67_0000,67_0000_027,256,0,0
67_0000,67_0000_028,256,0,0
67_0000,67_0000_029,256,0,0
67_0000,67_0000_030,256,0,0
67_0000,67_0000_031,256,0,0
67_0000,67_0000_032,256,0,0
67_0000,67_0000_033,256,9,0
67_0000,67_0000_034,256,21,0
67_0000,67_0000_035,256,30,0
67_0000,67_0000_036,256,33,0
67_0000,67_0000_037,256,84,12
67_0000,67_0000_038,256,159,8
67_0000,67_0000_039,256,246,16
67_0000,67_0000_040,256,312,120
67_0000,67_0000_041,256,378,212
67_0000,67_0000_042,256,486,312
67_0000,67_0000_043,256,561,368
67_0000,67_0000_044,256,663,404
67_0000,67_0000_045,256,819,460
67_0000,67_0000_046,256,804,436
67_0000,67_0000_047,256,975,488
67_0000,67_0000_048,256,1125,540
67_0000,67_0000_049,256,1215,592
67_0000,67_0000_050,256,1386,644
67_0000,67_0000_051,256,1500,692
67_0000,67_0000_052,256,1710,764
67_0000,67_0000_053,256,1947,836
67_0000,67_0000_054,256,2217,936
67_0000,67_0000_055,256,2508,1028
67_0000,67_0000_056,256,2751,1092
67_0000,67_0000_057,256,3075,1156
67_0000,67_0000_058,256,3390,1244
67_0000,67_0000_059,256,3711,1300
67_0000,67_0000_060,256,4059,1364
67_0000,67_0000_061,256,4320,1428
67_0000,67_0000_062,256,4515,1552
67_0000,67_0000_063,256,4812,1756
67_0000,67_0000_064,256,5160,1888
67_0000,67_0000_065,256,5685,2032
67_0000,67_0000_066,256,6006,2288
67_0000,67_0000_067,256,6276,2336
67_0000,67_0000_068,256,6759,2544
67_0000,67_0000_069,256,7458,2716
67_0000,67_0000_070,256,7800,2512
67_0000,67_0000_071,256,8196,2400
67_0000,67_0000_072,256,8670,2092
67_0000,67_0000_073,256,9351,1748
67_0000,67_0000_074,256,9876,1948
67_0000,67_0000_075,256,10491,1864
67_0000,67_0000_076,256,11538,1772
67_0000,67_0000_077,256,12264,2192
67_0000,67_0000_078,256,12801,2296
67_0000,67_0000_079,256,13419,2156
67_0000,67_0000_080,256,14094,2208
67_0000,67_0000_081,256,15012,2324
67_0000,67_0000_082,256,15816,2252
67_0000,67_0000_083,256,16599,2504
67_0000,67_0000_084,256,17217,2828
67_0000,67_0000_085,256,18132,3036
67_0000,67_0000_086,256,18885,3196
67_0000,67_0000_087,256,19509,3240
67_0000,67_0000_088,256,20196,3156
67_0000,67_0000_089,256,21201,3752
67_0000,67_0000_090,256,21987,3752
67_0000,67_0000_091,256,22821,3728
67_0000,67_0000_092,256,23451,3968
67_0000,67_0000_093,256,23859,3788
67_0000,67_0000_094,256,24942,2824
67_0000,67_0000_095,256,26184,2916
67_0000,67_0000_096,256,28155,2864
67_0000,67_0000_097,256,29166,3940
67_0000,67_0000_098,256,29763,3996
67_0000,67_0000_099,256,30447,4216
67_0000,67_0000_100,256,30921,4140
67_0000,67_0000_101,256,31182,3496
67_0000,67_0000_102,256,31224,2732
67_0000,67_0000_103,256,31653,2956
67_0000,67_0000_104,256,32073,2952
67_0000,67_0000_105,256,32253,2904
67_0000,67_0000_106,256,32589,2992
67_0000,67_0000_107,256,33024,3224
67_0000,67_0000_108,256,33339,3228
67_0000,67_0000_109,256,33624,3424
67_0000,67_0000_110,256,33864,3312
67_0000,67_0000_111,256,34182,2952
67_0000,67_0000_112,256,34524,3096
67_0000,67_0000_113,256,35052,2980
67_0000,67_0000_114,256,35418,3204
67_0000,67_0000_115,256,35730,2796
67_0000,67_0000_116,256,36240,2748
67_0000,67_0000_117,256,36849,2856
67_0000,67_0000_118,256,37230,2980
67_0000,67_0000_119,256,37509,2900
67_0000,67_0000_120,256,37821,2788
67_0000,67_0000_121,256,38304,2956
67_0000,67_0000_122,256,38763,3168
67_0000,67_0000_123,256,39264,3348
67_0000,67_0000_124,256,40014,3116
67_0000,67_0000_125,256,40317,2640
67_0000,67_0000_126,256,40941,2640
67_0000,67_0000_127,256,41562,2404
67_0000,67_0000_128,256,42249,2444
67_0000,67_0000_129,256,42756,2648
67_0000,67_0000_130,256,43314,2084
67_0000,67_0000_131,256,44295,1796
67_0000,67_0000_132,256,45159,2284
67_0000,67_0000_133,256,45945,2724
67_0000,67_0000_134,256,46434,1868
67_0000,67_0000_135,256,47043,2032
67_0000,67_0000_136,256,47682,2412
67_0000,67_0000_137,256,48594,2616
67_0000,67_0000_138,256,49653,2772
67_0000,67_0000_139,256,50286,1512
67_0000,67_0000_140,256,51312,1472
67_0000,67_0000_141,256,52629,852
67_0000,67_0000_142,256,53484,988
67_0000,67_0000_143,256,53547,764
67_0000,67_0000_144,256,53691,680
67_0000,67_0000_145,256,53703,904
67_0000,67_0000_146,256,53772,1032
67_0000,67_0000_147,256,53862,1208
67_0000,67_0000_148,256,54054,1216
67_0000,67_0000_149,256,53994,1360
67_0000,67_0000_150,256,54111,1516
67_0000,67_0000_151,256,54273,1524
67_0000,67_0000_152,256,54498,1560
67_0000,67_0000_153,256,54702,1396
67_0000,67_0000_154,256,54666,1104
67_0000,67_0000_155,256,54753,1236
67_0000,67_0000_156,256,54720,1508
67_0000,67_0000_157,256,54765,1580
67_0000,67_0000_158,256,54951,1568
67_0000,67_0000_159,256,55236,1352
67_0000,67_0000_160,256,55719,1504
67_0000,67_0000_161,256,55908,1728
67_0000,67_0000_162,256,56283,2140
67_0000,67_0000_163,256,56397,1340
67_0000,67_0000_164,256,56475,864
67_0000,67_0000_165,256,56718,820
67_0000,67_0000_166,256,56784,616
67_0000,67_0000_167,256,56781,596
67_0000,67_0000_168,256,56979,792
67_0000,67_0000_169,256,57078,508
67_0000,67_0000_170,256,57303,380
67_0000,67_0000_171,256,57483,564
67_0000,67_0000_172,256,57612,780
67_0000,67_0000_173,256,57678,892
67_0000,67_0000_174,256,57873,1000
67_0000,67_0000_175,256,57945,1268
67_0000,67_0000_176,256,58146,920
67_0000,67_0000_177,256,58182,824
67_0000,67_0000_178,256,58182,804
67_0000,67_0000_179,256,58092,1152
67_0000,67_0000_180,256,57915,1516
67_0000,67_0000_181,256,57963,2180
67_0000,67_0000_182,256,57894,1756
67_0000,67_0000_183,256,57852,1380
67_0000,67_0000_184,256,58251,1184
67_0000,67_0000_185,256,58353,1124
67_0000,67_0000_186,256,58305,776
67_0000,67_0000_187,256,58410,624
67_0000,67_0000_188,256,58494,580
67_0000,67_0000_189,256,58410,568
67_0000,67_0000_190,256,58446,540
67_0000,67_0000_191,256,58530,804
67_0000,67_0000_192,256,58647,800
67_0000,67_0000_193,256,58725,580
67_0000,67_0000_194,256,58803,208
67_0000,67_0000_195,256,58794,40
67_0000,67_0000_196,256,58992,44
67_0000,67_0000_197,256,59196,192
67_0000,67_0000_198,256,58983,224
67_0000,67_0000_199,256,58818,652
67_0000,67_0000_200,256,58716,656
67_0000,67_0000_201,256,58398,676
67_0000,67_0000_202,256,58320,732
67_0000,67_0000_203,256,58230,520
67_0000,67_0000_204,256,58308,628
67_0000,67_0000_205,256,58452,540
67_0000,67_0000_206,256,58398,420
67_0000,67_0000_207,256,58500,248
67_0000,67_0000_208,256,58602,392
67_0000,67_0000_209,256,58791,472
67_0000,67_0000_210,256,58776,640
67_0000,67_0000_211,256,58869,820
67_0000,67_0000_212,256,58905,724
67_0000,67_0000_213,256,58731,1096
67_0000,67_0000_214,256,58782,1196
67_0000,67_0000_215,256,58707,1080
67_0000,67_0000_216,256,58566,840
67_0000,67_0000_217,256,58602,848
67_0000,67_0000_218,256,58581,952
67_0000,67_0000_219,256,58308,1020
67_0000,67_0000_220,256,58338,932
67_0000,67_0000_221,256,58401,964
67_0000,67_0000_222,256,58482,1072
67_0000,67_0000_223,256,58575,748
67_0000,67_0000_224,256,58521,732
67_0000,67_0000_225,256,58332,860
67_0000,67_0000_226,256,58221,732
67_0000,67_0000_227,256,58059,776
67_0000,67_0000_228,256,57873,876
67_0000,67_0000_229,256,57705,1092
67_0000,67_0000_230,256,57567,1016
67_0000,67_0000_231,256,57426,1020
67_0000,67_0000_232,256,57369,964
67_0000,67_0000_233,256,57339,976
67_0000,67_0000_234,256,57084,916
67_0000,67_0000_235,256,57015,848
67_0000,67_0000_236,256,57294,652
67_0000,67_0000_237,256,57423,476
67_0000,67_0000_238,256,57597,712
67_0000,67_0000_239,256,57504,664
67_0000,67_0000_240,256,57447,864
67_0000,67_0000_241,256,57324,1084
67_0000,67_0000_242,256,57213,1404
67_0000,67_0000_243,256,57117,1700
67_0000,67_0000_244,256,56955,1956
67_0000,67_0000_245,256,56796,1760
67_0000,67_0000_246,256,56712,1424
67_0000,67_0000_247,256,56601,1144
67_0000,67_0000_248,256,56415,728
67_0000,67_0000_249,256,56112,668
67_0000,67_0000_250,256,56049,1012
67_0000,67_0000_251,256,56013,1152
67_0000,67_0000_252,256,55857,1304
67_0000,67_0000_253,256,55554,1332
67_0000,67_0000_254,256,55266,1364
67_0000,67_0000_255,256,54930,1488
67_0000,67_0000_256,256,54519,1584
67_0000,67_0000_257,256,54147,1740
67_0000,67_0000_258,256,53700,1660
67_0000,67_0000_259,256,53376,1684
67_0000,67_0000_260,256,53031,1644
67_0000,67_0000_261,256,52656,1728
67_0000,67_0000_262,256,52128,1748
67_0000,67_0000_263,256,51699,1868
67_0000,67_0000_264,256,51273,2060
67_0000,67_0000_265,256,50874,2048
67_0000,67_0000_266,256,50505,1844
67_0000,67_0000_267,256,50070,1648
67_0000,67_0000_268,256,49752,1748
67_0000,67_0000_269,256,49431,1780
67_0000,67_0000_270,256,48987,1736
67_0000,67_0000_271,256,48549,2040
67_0000,67_0000_272,256,48126,1740
67_0000,67_0000_273,256,47667,2144
67_0000,67_0000_274,256,47136,1904
67_0000,67_0000_275,256,46773,1808
67_0000,67_0000_276,256,46365,1736
67_0000,67_0000_277,256,45960,1824
67_0000,67_0000_278,256,45504,1688
67_0000,67_0000_279,256,45084,1508
67_0000,67_0000_280,256,44757,1556
67_0000,67_0000_281,256,44274,1560
67_0000,67_0000_282,256,43824,1372
67_0000,67_0000_283,256,43362,1140
67_0000,67_0000_284,256,42900,1240
67_0000,67_0000_285,256,42282,992
67_0000,67_0000_286,256,41646,1092
67_0000,67_0000_287,256,40989,988
67_0000,67_0000_288,256,40488,1028
67_0000,67_0000_289,256,39954,992
67_0000,67_0000_290,256,39384,1028
67_0000,67_0000_291,256,38904,1392
67_0000,67_0000_292,256,38436,1388
67_0000,67_0000_293,256,37923,1664
67_0000,67_0000_294,256,37461,1776
67_0000,67_0000_295,256,37074,1700
67_0000,67_0000_296,256,36510,1688
67_0000,67_0000_297,256,36015,1600
67_0000,67_0000_298,256,35634,1408
67_0000,67_0000_299,256,35178,1236
67_0000,67_0000_300,256,34629,1304
67_0000,67_0000_301,256,34146,1500
67_0000,67_0000_302,256,33717,1600
67_0000,67_0000_303,256,33309,1688
67_0000,67_0000_304,256,32925,1636
67_0000,67_0000_305,256,32475,1472
67_0000,67_0000_306,256,32091,1328
67_0000,67_0000_307,256,31647,1164
67_0000,67_0000_308,256,31263,1576
67_0000,67_0000_309,256,30753,1588
67_0000,67_0000_310,256,30285,1732
67_0000,67_0000_311,256,29814,1940
67_0000,67_0000_312,256,29214,1720
67_0000,67_0000_313,256,28650,1548
67_0000,67_0000_314,256,28110,1432
67_0000,67_0000_315,256,27615,1452
67_0000,67_0000_316,256,27009,1448
67_0000,67_0000_317,256,26493,1516
67_0000,67_0000_318,256,25974,1644
67_0000,67_0000_319,256,25386,1664
67_0000,67_0000_320,256,24783,1812
67_0000,67_0000_321,256,24129,1652
67_0000,67_0000_322,256,23643,1744
67_0000,67_0000_323,256,23112,1756
67_0000,67_0000_324,256,22503,1504
67_0000,67_0000_325,256,21966,1240
67_0000,67_0000_326,256,21384,1280
67_0000,67_0000_327,256,20877,1348
67_0000,67_0000_328,256,20373,1264
67_0000,67_0000_329,256,19920,1200
67_0000,67_0000_330,256,19404,1224
67_0000,67_0000_331,256,18963,1284
67_0000,67_0000_332,256,18612,1036
67_0000,67_0000_333,256,18177,972
67_0000,67_0000_334,256,17718,964
67_0000,67_0000_335,256,17280,1064
67_0000,67_0000_336,256,16734,900
67_0000,67_0000_337,256,16371,1124
67_0000,67_0000_338,256,15855,1108
67_0000,67_0000_339,256,15408,1008
67_0000,67_0000_340,256,14985,1256
67_0000,67_0000_341,256,14619,1308
67_0000,67_0000_342,256,14226,1508
67_0000,67_0000_343,256,13830,1412
67_0000,67_0000_344,256,13470,1248
67_0000,67_0000_345,256,13053,1236
67_0000,67_0000_346,256,12588,1360
67_0000,67_0000_347,256,12069,1592
67_0000,67_0000_348,256,11478,1508
67_0000,67_0000_349,256,11001,1564
67_0000,67_0000_350,256,10509,1708
67_0000,67_0000_351,256,9975,2156
67_0000,67_0000_352,256,9510,2208
67_0000,67_0000_353,256,9093,1936
67_0000,67_0000_354,256,8601,1660
67_0000,67_0000_355,256,8025,1336
67_0000,67_0000_356,256,7542,1200
67_0000,67_0000_357,256,7131,1116
67_0000,67_0000_358,256,6744,960
67_0000,67_0000_359,256,6300,840
67_0000,67_0000_360,256,5904,672
67_0000,67_0000_361,256,5358,592
67_0000,67_0000_362,256,4908,576
67_0000,67_0000_363,256,4431,704
67_0000,67_0000_364,256,3990,828
67_0000,67_0000_365,256,3579,1056
67_0000,67_0000_366,256,3294,900
67_0000,67_0000_367,256,2931,860
67_0000,67_0000_368,256,2577,808
67_0000,67_0000_369,256,2187,792
67_0000,67_0000_370,256,1731,684
67_0000,67_0000_371,256,1269,532
67_0000,67_0000_372,256,891,404
67_0000,67_0000_373,256,39,0
67_0000,67_0000_374,256,0,0
67_0000,67_0000_375,256,0,0
80_0000,80_0000_000,256,0,0
80_0000,80_0000_001,256,0,0
80_0000,80_0000_002,256,0,0
80_0000,80_0000_003,256,0,0
80_0000,80_0000_004,256,0,0
80_0000,80_0000_005,256,0,0
80_0000,80_0000_006,256,0,0
80_0000,80_0000_007,256,0,0
80_0000,80_0000_008,256,0,0
80_0000,80_0000_009,256,0,0
80_0000,80_0000_010,256,0,0
80_0000,80_0000_011,256,0,0
80_0000,80_0000_012,256,0,0
80_0000,80_0000_013,256,0,0
80_0000,80_0000_014,256,0,0
80_0000,80_0000_015,256,0,0
80_0000,80_0000_016,256,0,0
80_0000,80_0000_017,256,0,0
80_0000,80_0000_018,256,0,0
80_0000,80_0000_019,256,0,0
80_0000,80_0000_020,256,0,0
80_0000,80_0000_021,256,0,0
80_0000,80_0000_022,256,0,0
80_0000,80_0000_023,256,0,0
80_0000,80_0000_024,256,0,0
80_0000,80_0000_025,256,0,0
80_0000,80_0000_026,256,0,0
80_0000,80_0000_027,256,0,0
80_0000,80_0000_028,256,0,0
80_0000,80_0000_029,256,0,0
80_0000,80_0000_030,256,0,0
80_0000,80_0000_031,256,0,0
80_0000,80_0000_032,256,0,0
80_0000,80_0000_033,256,0,0
80_0000,80_0000_034,256,0,0
80_0000,80_0000_035,256,0,0
80_0000,80_0000_036,256,0,0
80_0000,80_0000_037,256,0,0
80_0000,80_0000_038,256,0,0
80_0000,80_0000_039,256,0,0
80_0000,80_0000_040,256,0,0
80_0000,80_0000_041,256,0,0
80_0000,80_0000_042,256,0,0
80_0000,80_0000_043,256,3,0
80_0000,80_0000_044,256,48,0
80_0000,80_0000_045,256,96,0
80_0000,80_0000_046,256,174,56
80_0000,80_0000_047,256,234,108
80_0000,80_0000_048,256,231,104
80_0000,80_0000_049,256,258,104
80_0000,80_0000_050,256,315,152
80_0000,80_0000_051,256,375,200
80_0000,80_0000_052,256,360,144
80_0000,80_0000_053,256,429,212
80_0000,80_0000_054,256,486,200
80_0000,80_0000_055,256,591,228
80_0000,80_0000_056,256,645,240
80_0000,80_0000_057,256,636,252
80_0000,80_0000_058,256,669,220
80_0000,80_0000_059,256,750,264
80_0000,80_0000_060,256,864,252
80_0000,80_0000_061,256,996,360
80_0000,80_0000_062,256,1008,364
80_0000,80_0000_063,256,1152,492
80_0000,80_0000_064,256,1131,424
80_0000,80_0000_065,256,1227,476
80_0000,80_0000_066,256,1419,560
80_0000,80_0000_067,256,1488,640
80_0000,80_0000_068,256,1575,592
80_0000,80_0000_069,256,1881,824
80_0000,80_0000_070,256,1932,688
80_0000,80_0000_071,256,2178,888
80_0000,80_0000_072,256,2310,816
80_0000,80_0000_073,256,2526,964
80_0000,80_0000_074,256,2634,928
80_0000,80_0000_075,256,2664,920
80_0000,80_0000_076,256,2847,1016
80_0000,80_0000_077,256,3147,1152
80_0000,80_0000_078,256,3333,1348
80_0000,80_0000_079,256,3372,1296
80_0000,80_0000_080,256,3600,1200
80_0000,80_0000_081,256,3666,1320
80_0000,80_0000_082,256,3867,1388
80_0000,80_0000_083,256,4083,1400
80_0000,80_0000_084,256,4257,1472
80_0000,80_0000_085,256,4479,1488
80_0000,80_0000_086,256,4806,1652
80_0000,80_0000_087,256,4845,1560
80_0000,80_0000_088,256,5199,1680
80_0000,80_0000_089,256,5286,1748
80_0000,80_0000_090,256,5559,1740
80_0000,80_0000_091,256,5724,1848
80_0000,80_0000_092,256,6060,1904
80_0000,80_0000_093,256,6297,2012
80_0000,80_0000_094,256,6429,1956
80_0000,80_0000_095,256,6627,1936
80_0000,80_0000_096,256,7023,2032
80_0000,80_0000_097,256,7236,1988
80_0000,80_0000_098,256,7422,2120
80_0000,80_0000_099,256,7746,2176
80_0000,80_0000_100,256,7935,2188
80_0000,80_0000_101,256,8130,2232
80_0000,80_0000_102,256,8379,2212
80_0000,80_0000_103,256,8619,2472
80_0000,80_0000_104,256,8916,2552
80_0000,80_0000_105,256,9006,2596
80_0000,80_0000_106,256,9348,2516
80_0000,80_0000_107,256,9672,2544
80_0000,80_0000_108,256,9993,2704
80_0000,80_0000_109,256,10311,2776
80_0000,80_0000_110,256,10677,2696
80_0000,80_0000_111,256,10995,2592
80_0000,80_0000_112,256,11046,2508
80_0000,80_0000_113,256,11319,2524
80_0000,80_0000_114,256,11784,2484
80_0000,80_0000_115,256,12144,2456
80_0000,80_0000_116,256,12471,2376
80_0000,80_0000_117,256,12765,2528
80_0000,80_0000_118,256,13029,2588
80_0000,80_0000_119,256,13362,2720
80_0000,80_0000_120,256,13905,3084
80_0000,80_0000_121,256,14310,3272
80_0000,80_0000_122,256,14667,3192
80_0000,80_0000_123,256,14985,2968
80_0000,80_0000_124,256,15402,2632
80_0000,80_0000_125,256,15828,2564
80_0000,80_0000_126,256,16068,2504
80_0000,80_0000_127,256,16230,2592
80_0000,80_0000_128,256,16752,2340
80_0000,80_0000_129,256,17319,2572
80_0000,80_0000_130,256,17538,2688
80_0000,80_0000_131,256,18006,2900
80_0000,80_0000_132,256,18675,3012
80_0000,80_0000_133,256,19164,2996
80_0000,80_0000_134,256,19593,3052
80_0000,80_0000_135,256,20040,3092
80_0000,80_0000_136,256,20373,3168
80_0000,80_0000_137,256,20985,3060
80_0000,80_0000_138,256,21357,3092
80_0000,80_0000_139,256,21795,2856
80_0000,80_0000_140,256,22377,2820
80_0000,80_0000_141,256,22776,2648
80_0000,80_0000_142,256,23274,2808
80_0000,80_0000_143,256,23745,3464
80_0000,80_0000_144,256,24183,3420
80_0000,80_0000_145,256,24723,3024
80_0000,80_0000_146,256,25047,2740
80_0000,80_0000_147,256,25569,2628
80_0000,80_0000_148,256,25980,2636
80_0000,80_0000_149,256,26433,2456
80_0000,80_0000_150,256,26925,2720
80_0000,80_0000_151,256,27399,2736
80_0000,80_0000_152,256,27930,2916
80_0000,80_0000_153,256,28518,3176
80_0000,80_0000_154,256,28920,3304
80_0000,80_0000_155,256,29499,3196
80_0000,80_0000_156,256,29961,2676
80_0000,80_0000_157,256,30537,2364
80_0000,80_0000_158,256,30993,2380
80_0000,80_0000_159,256,31356,2664
80_0000,80_0000_160,256,32067,2772
80_0000,80_0000_161,256,32583,3392
80_0000,80_0000_162,256,33498,3996
80_0000,80_0000_163,256,34170,4352
80_0000,80_0000_164,256,34638,4372
80_0000,80_0000_165,256,35193,4196
80_0000,80_0000_166,256,35685,4052
80_0000,80_0000_167,256,36102,3744
80_0000,80_0000_168,256,36396,3028
80_0000,80_0000_169,256,36792,2224
80_0000,80_0000_170,256,37257,2768
80_0000,80_0000_171,256,37425,3252
80_0000,80_0000_172,256,37878,3456
80_0000,80_0000_173,256,38148,3268
80_0000,80_0000_174,256,38367,3228
80_0000,80_0000_175,256,38565,3228
80_0000,80_0000_176,256,38502,3340
80_0000,80_0000_177,256,38868,2796
80_0000,80_0000_178,256,38922,2652
80_0000,80_0000_179,256,39048,2676
80_0000,80_0000_180,256,39102,2636
80_0000,80_0000_181,256,39117,2860
80_0000,80_0000_182,256,39111,3160
80_0000,80_0000_183,256,39219,3004
80_0000,80_0000_184,256,39336,3164
80_0000,80_0000_185,256,39456,3024
80_0000,80_0000_186,256,39471,3016
80_0000,80_0000_187,256,39564,2348
80_0000,80_0000_188,256,39435,2472
80_0000,80_0000_189,256,39429,2764
80_0000,80_0000_190,256,39357,3136
80_0000,80_0000_191,256,39351,3044
80_0000,80_0000_192,256,39339,2620
80_0000,80_0000_193,256,39417,2376
80_0000,80_0000_194,256,39582,1936
80_0000,80_0000_195,256,39507,2220
80_0000,80_0000_196,256,39717,1908
80_0000,80_0000_197,256,39831,1668
80_0000,80_0000_198,256,39744,1600
80_0000,80_0000_199,256,39981,1500
80_0000,80_0000_200,256,40080,1600
80_0000,80_0000_201,256,39906,1704
80_0000,80_0000_202,256,40281,2032
80_0000,80_0000_203,256,40410,2148
80_0000,80_0000_204,256,40557,2180
80_0000,80_0000_205,256,40650,2480
80_0000,80_0000_206,256,40629,2636
80_0000,80_0000_207,256,40608,2568
80_0000,80_0000_208,256,40701,1852
80_0000,80_0000_209,256,40818,1872
80_0000,80_0000_210,256,40827,3204
80_0000,80_0000_211,256,40782,3000
80_0000,80_0000_212,256,41127,2872
80_0000,80_0000_213,256,41076,2472
80_0000,80_0000_214,256,40962,2332
80_0000,80_0000_215,256,41280,2844
80_0000,80_0000_216,256,41508,3128
80_0000,80_0000_217,256,41745,3128
80_0000,80_0000_218,256,41961,3004
80_0000,80_0000_219,256,41991,3412
80_0000,80_0000_220,256,42216,3836
80_0000,80_0000_221,256,42471,3968
80_0000,80_0000_222,256,42669,4228
80_0000,80_0000_223,256,43050,4268
80_0000,80_0000_224,256,43149,4292
80_0000,80_0000_225,256,43314,3684
80_0000,80_0000_226,256,43215,3284
80_0000,80_0000_227,256,43425,3420
80_0000,80_0000_228,256,43326,2580
80_0000,80_0000_229,256,43320,2032
80_0000,80_0000_230,256,43350,1536
80_0000,80_0000_231,256,43371,1688
80_0000,80_0000_232,256,43176,1728
80_0000,80_0000_233,256,43209,1392
80_0000,80_0000_234,256,43134,1680
80_0000,80_0000_235,256,43101,1592
80_0000,80_0000_236,256,43083,1684
80_0000,80_0000_237,256,43110,1840
80_0000,80_0000_238,256,43329,1808
80_0000,80_0000_239,256,43011,2040
80_0000,80_0000_240,256,43155,2316
80_0000,80_0000_241,256,43197,2480
80_0000,80_0000_242,256,42936,2720
80_0000,80_0000_243,256,42738,2308
80_0000,80_0000_244,256,42750,2636
80_0000,80_0000_245,256,42765,2464
80_0000,80_0000_246,256,42507,2108
80_0000,80_0000_247,256,42783,1756
80_0000,80_0000_248,256,42768,2044
80_0000,80_0000_249,256,42819,1988
80_0000,80_0000_250,256,42825,2116
80_0000,80_0000_251,256,42606,2656
80_0000,80_0000_252,256,42666,2648
80_0000,80_0000_253,256,42645,1908
80_0000,80_0000_254,256,42990,1456
80_0000,80_0000_255,256,43017,1696
80_0000,80_0000_256,256,43041,1620
80_0000,80_0000_257,256,42948,1616
80_0000,80_0000_258,256,42960,1664
80_0000,80_0000_259,256,42849,1552
80_0000,80_0000_260,256,42711,1400
80_0000,80_0000_261,256,42378,1176
80_0000,80_0000_262,256,41976,1264
80_0000,80_0000_263,256,41949,1272
80_0000,80_0000_264,256,41760,1224
80_0000,80_0000_265,256,41982,1452
80_0000,80_0000_266,256,41856,1444
80_0000,80_0000_267,256,41934,1580
80_0000,80_0000_268,256,42150,1712
80_0000,80_0000_269,256,42246,1844
80_0000,80_0000_270,256,42504,1540
80_0000,80_0000_271,256,42699,1744
80_0000,80_0000_272,256,42591,1812
80_0000,80_0000_273,256,42975,2060
80_0000,80_0000_274,256,42489,2264
80_0000,80_0000_275,256,42381,2148
80_0000,80_0000_276,256,42708,1784
80_0000,80_0000_277,256,42522,1616
80_0000,80_0000_278,256,42414,1924
80_0000,80_0000_279,256,42378,1980
80_0000,80_0000_280,256,42288,1628
80_0000,80_0000_281,256,42351,1776
80_0000,80_0000_282,256,42516,1796
80_0000,80_0000_283,256,42759,1884
80_0000,80_0000_284,256,42549,1928
80_0000,80_0000_285,256,42549,2116
80_0000,80_0000_286,256,42684,2740
80_0000,80_0000_287,256,42876,2144
80_0000,80_0000_288,256,42942,2200
80_0000,80_0000_289,256,43080,1724
80_0000,80_0000_290,256,43062,1656
80_0000,80_0000_291,256,42732,2044
80_0000,80_0000_292,256,42825,2000
80_0000,80_0000_293,256,43350,2316
80_0000,80_0000_294,256,43302,2060
80_0000,80_0000_295,256,43359,2372
80_0000,80_0000_296,256,43143,2368
80_0000,80_0000_297,256,42975,2472
80_0000,80_0000_298,256,42963,2824
80_0000,80_0000_299,256,42711,3020
80_0000,80_0000_300,256,42282,3156
80_0000,80_0000_301,256,42252,3440
80_0000,80_0000_302,256,42234,3636
80_0000,80_0000_303,256,42492,3592
80_0000,80_0000_304,256,42648,3804
80_0000,80_0000_305,256,42897,3912
80_0000,80_0000_306,256,42657,4024
80_0000,80_0000_307,256,42756,3956
80_0000,80_0000_308,256,42696,4124
80_0000,80_0000_309,256,42477,4564
80_0000,80_0000_310,256,42486,4776
80_0000,80_0000_311,256,42384,4848
80_0000,80_0000_312,256,42243,4984
80_0000,80_0000_313,256,42138,4864
80_0000,80_0000_314,256,42063,4988
80_0000,80_0000_315,256,41664,5736
80_0000,80_0000_316,256,41538,6244
80_0000,80_0000_317,256,41463,6020
80_0000,80_0000_318,256,41511,5908
80_0000,80_0000_319,256,41340,5896
80_0000,80_0000_320,256,41448,5988
80_0000,80_0000_321,256,41517,6380
80_0000,80_0000_322,256,41418,5892
80_0000,80_0000_323,256,41442,5532
80_0000,80_0000_324,256,41592,4812
80_0000,80_0000_325,256,41673,4808
80_0000,80_0000_326,256,41487,4720
80_0000,80_0000_327,256,41475,4556
80_0000,80_0000_328,256,41544,4248
80_0000,80_0000_329,256,41595,3620
80_0000,80_0000_330,256,41274,3676
80_0000,80_0000_331,256,41358,3468
80_0000,80_0000_332,256,41481,3344
80_0000,80_0000_333,256,41256,3128
80_0000,80_0000_334,256,41352,2800
80_0000,80_0000_335,256,41202,2892
80_0000,80_0000_336,256,41100,3012
80_0000,80_0000_337,256,41073,3248
80_0000,80_0000_338,256,41073,3168
80_0000,80_0000_339,256,40995,3584
80_0000,80_0000_340,256,40935,3804
80_0000,80_0000_341,256,40821,3636
80_0000,80_0000_342,256,40995,3924
80_0000,80_0000_343,256,41133,3648
80_0000,80_0000_344,256,40956,3068
80_0000,80_0000_345,256,40983,2752
80_0000,80_0000_346,256,40965,2868
80_0000,80_0000_347,256,41109,2868
80_0000,80_0000_348,256,41259,3260
80_0000,80_0000_349,256,41016,3632
80_0000,80_0000_350,256,40740,3368
80_0000,80_0000_351,256,40920,2644
80_0000,80_0000_352,256,41067,2516
80_0000,80_0000_353,256,41106,2256
80_0000,80_0000_354,256,41133,2492
80_0000,80_0000_355,256,41121,2704
80_0000,80_0000_356,256,41076,2816
80_0000,80_0000_357,256,41142,3112
80_0000,80_0000_358,256,40953,2740
80_0000,80_0000_359,256,40761,2580
80_0000,80_0000_360,256,40722,2940
80_0000,80_0000_361,256,40638,2768
80_0000,80_0000_362,256,40302,3008
80_0000,80_0000_363,256,40272,3076
80_0000,80_0000_364,256,40299,3208
80_0000,80_0000_365,256,40074,3040
80_0000,80_0000_366,256,40323,3072
80_0000,80_0000_367,256,40389,3108
80_0000,80_0000_368,256,40350,3052
80_0000,80_0000_369,256,40320,3336
80_0000,80_0000_370,256,40305,3396
80_0000,80_0000_371,256,40476,3288
80_0000,80_0000_372,256,40428,3160
80_0000,80_0000_373,256,40431,3044
80_0000,80_0000_374,256,40500,2980
80_0000,80_0000_375,256,40410,2588
80_0000,80_0000_376,256,40299,2612
80_0000,80_0000_377,256,40344,2444
80_0000,80_0000_378,256,40104,2348
80_0000,80_0000_379,256,40029,2492
80_0000,80_0000_380,256,40011,2652
80_0000,80_0000_381,256,39933,2692
80_0000,80_0000_382,256,39861,2652
80_0000,80_0000_383,256,39873,2556
80_0000,80_0000_384,256,39633,2632
80_0000,80_0000_385,256,39687,2472
80_0000,80_0000_386,256,39645,2448
80_0000,80_0000_387,256,39504,2380
80_0000,80_0000_388,256,39462,2360
80_0000,80_0000_389,256,39432,2580
80_0000,80_0000_390,256,39453,2724
80_0000,80_0000_391,256,39306,2872
80_0000,80_0000_392,256,38931,2744
80_0000,80_0000_393,256,38712,2572
80_0000,80_0000_394,256,38538,2636
80_0000,80_0000_395,256,38151,2748
80_0000,80_0000_396,256,37827,3268
80_0000,80_0000_397,256,37821,3156
80_0000,80_0000_398,256,37476,3032
80_0000,80_0000_399,256,37236,2584
80_0000,80_0000_400,256,37008,2456
80_0000,80_0000_401,256,36573,2360
80_0000,80_0000_402,256,36318,2608
80_0000,80_0000_403,256,35952,2928
80_0000,80_0000_404,256,35757,3076
80_0000,80_0000_405,256,35613,3268
80_0000,80_0000_406,256,35523,2964
80_0000,80_0000_407,256,35361,2852
80_0000,80_0000_408,256,35091,2792
80_0000,80_0000_409,256,34869,2676
80_0000,80_0000_410,256,34455,2464
80_0000,80_0000_411,256,34347,2520
80_0000,80_0000_412,256,34326,2720
80_0000,80_0000_413,256,34215,2744
80_0000,80_0000_414,256,33951,2624
80_0000,80_0000_415,256,33723,2564
80_0000,80_0000_416,256,33549,2592
80_0000,80_0000_417,256,33333,2668
80_0000,80_0000_418,256,33135,2896
80_0000,80_0000_419,256,32916,2612
80_0000,80_0000_420,256,32562,2436
80_0000,80_0000_421,256,32529,2668
80_0000,80_0000_422,256,32286,2928
80_0000,80_0000_423,256,31986,3240
80_0000,80_0000_424,256,31944,3280
80_0000,80_0000_425,256,31866,3172
80_0000,80_0000_426,256,31608,3048
80_0000,80_0000_427,256,31425,3196
80_0000,80_0000_428,256,31209,3040
80_0000,80_0000_429,256,30921,3080
80_0000,80_0000_430,256,30735,3316
80_0000,80_0000_431,256,30789,3336
80_0000,80_0000_432,256,30453,3148
80_0000,80_0000_433,256,30303,2868
80_0000,80_0000_434,256,30159,2504
80_0000,80_0000_435,256,30033,2460
80_0000,80_0000_436,256,29646,2228
80_0000,80_0000_437,256,29571,2076
80_0000,80_0000_438,256,29412,2228
80_0000,80_0000_439,256,29187,2476
80_0000,80_0000_440,256,28905,2568
80_0000,80_0000_441,256,28830,2980
80_0000,80_0000_442,256,28590,3120
80_0000,80_0000_443,256,28395,2664
80_0000,80_0000_444,256,28272,2484
80_0000,80_0000_445,256,27936,2536
80_0000,80_0000_446,256,27792,3144
80_0000,80_0000_447,256,27591,2956
80_0000,80_0000_448,256,27312,2760
80_0000,80_0000_449,256,27087,2868
80_0000,80_0000_450,256,26910,2512
80_0000,80_0000_451,256,26610,2536
80_0000,80_0000_452,256,26451,2544
80_0000,80_0000_453,256,26268,2312
80_0000,80_0000_454,256,25974,2132
80_0000,80_0000_455,256,25683,2180
80_0000,80_0000_456,256,25536,2308
80_0000,80_0000_457,256,25275,2644
80_0000,80_0000_458,256,25188,2672
80_0000,80_0000_459,256,24990,2304
80_0000,80_0000_460,256,24636,2112
80_0000,80_0000_461,256,24321,2048
80_0000,80_0000_462,256,24108,2020
80_0000,80_0000_463,256,23952,2132
80_0000,80_0000_464,256,23652,2080
80_0000,80_0000_465,256,23316,2040
80_0000,80_0000_466,256,23091,2572
80_0000,80_0000_467,256,22737,2484
80_0000,80_0000_468,256,22578,2432
80_0000,80_0000_469,256,22278,2296
80_0000,80_0000_470,256,21957,2372
80_0000,80_0000_471,256,21633,2488
80_0000,80_0000_472,256,21567,2364
80_0000,80_0000_473,256,21186,2252
80_0000,80_0000_474,256,20847,2332
80_0000,80_0000_475,256,20607,2228
80_0000,80_0000_476,256,20427,2124
80_0000,80_0000_477,256,20004,2160
80_0000,80_0000_478,256,19794,2044
80_0000,80_0000_479,256,19449,2120
80_0000,80_0000_480,256,19152,2024
80_0000,80_0000_481,256,18870,1992
80_0000,80_0000_482,256,18543,2196
80_0000,80_0000_483,256,18165,1928
80_0000,80_0000_484,256,17958,1860
80_0000,80_0000_485,256,17583,1552
80_0000,80_0000_486,256,17289,1500
80_0000,80_0000_487,256,16908,1592
80_0000,80_0000_488,256,16764,1464
80_0000,80_0000_489,256,16464,1336
80_0000,80_0000_490,256,16086,1448
80_0000,80_0000_491,256,15747,1644
80_0000,80_0000_492,256,15387,1472
80_0000,80_0000_493,256,15123,1524
80_0000,80_0000_494,256,14790,1468
80_0000,80_0000_495,256,14421,1628
80_0000,80_0000_496,256,14067,1612
80_0000,80_0000_497,256,13839,1608
80_0000,80_0000_498,256,13587,1684
80_0000,80_0000_499,256,13320,1744
80_0000,80_0000_500,256,12960,1620
80_0000,80_0000_501,256,12699,1920
80_0000,80_0000_502,256,12570,1600
80_0000,80_0000_503,256,12195,1544
80_0000,80_0000_504,256,11760,1440
80_0000,80_0000_505,256,11502,1248
80_0000,80_0000_506,256,11148,1364
80_0000,80_0000_507,256,10893,1448
80_0000,80_0000_508,256,10644,1256
80_0000,80_0000_509,256,10392,1160
80_0000,80_0000_510,256,9984,1216
80_0000,80_0000_511,256,9720,1108
80_0000,80_0000_512,256,9366,1196
80_0000,80_0000_513,256,9027,1400
80_0000,80_0000_514,256,8706,1312
80_0000,80_0000_515,256,8430,1312
80_0000,80_0000_516,256,8085,1060
80_0000,80_0000_517,256,7812,932
80_0000,80_0000_518,256,7479,1020
80_0000,80_0000_519,256,7122,992
80_0000,80_0000_520,256,6804,880
80_0000,80_0000_521,256,6435,1280
80_0000,80_0000_522,256,6147,1084
80_0000,80_0000_523,256,5964,876
80_0000,80_0000_524,256,5667,1072
80_0000,80_0000_525,256,5406,1072
80_0000,80_0000_526,256,5073,1028
80_0000,80_0000_527,256,4743,1244
80_0000,80_0000_528,256,4440,1144
80_0000,80_0000_529,256,4176,960
80_0000,80_0000_530,256,3900,888
80_0000,80_0000_531,256,3564,936
80_0000,80_0000_532,256,3285,912
80_0000,80_0000_533,256,3060,764
80_0000,80_0000_534,256,2727,832
80_0000,80_0000_535,256,2493,832
80_0000,80_0000_536,256,2244,876
80_0000,80_0000_537,256,1929,788
80_0000,80_0000_538,256,1755,740
80_0000,80_0000_539,256,1677,696
80_0000,80_0000_540,256,1545,648
80_0000,80_0000_541,256,1449,628
80_0000,80_0000_542,256,1332,584
80_0000,80_0000_543,256,1227,540
80_0000,80_0000_544,256,1029,456
80_0000,80_0000_545,256,924,420
80_0000,80_0000_546,256,789,364
80_0000,80_0000_547,256,654,312
80_0000,80_0000_548,256,546,256
80_0000,80_0000_549,256,465,212
80_0000,80_0000_550,256,369,184
80_0000,80_0000_551,256,279,148
80_0000,80_0000_552,256,168,84
80_0000,80_0000_553,256,0,0
80_0000,80_0000_554,256,0,0
80_0000,80_0000_555,256,0,0
80_0000,80_0000_556,256,0,0
80_0000,80_0000_557,256,0,0
80_0000,80_0000_558,256,0,0
80_0000,80_0000_559,256,0,0
80_0000,80_0000_560,256,0,0
80_0000,80_0000_561,256,0,0
80_0000,80_0000_562,256,0,0
80_0000,80_0000_563,256,0,0
80_0000,80_0000_564,256,0,0
80_0000,80_0000_565,256,0,0
80_0000,80_0000_566,256,0,0
80_0000,80_0000_567,256,0,0
80_0000,80_0000_568,256,0,0
80_0000,80_0000_569,256,0,0
80_0000,80_0000_570,256,0,0
80_0000,80_0000_571,256,0,0
80_0000,80_0000_572,256,0,0
80_0000,80_0000_573,256,0,0
80_0000,80_0000_574,256,0,0
80_0000,80_0000_575,256,0,0
80_0000,80_0000_576,256,0,0
80_0000,80_0000_577,256,0,0
80_0000,80_0000_578,256,0,0
80_0000,80_0000_579,256,0,0
80_0000,80_0000_580,256,0,0
80_0000,80_0000_581,256,0,0
80_0000,80_0000_582,256,0,0
80_0000,80_0000_583,256,0,0
80_0000,80_0000_584,256,0,0
80_0000,80_0000_585,256,0,0
80_0000,80_0000_586,256,0,0
80_0000,80_0000_587,256,0,0
80_0000,80_0000_588,256,0,0
80_0000,80_0000_589,256,0,0
80_0000,80_0000_590,256,0,0
80_0000,80_0000_591,256,0,0
80_0000,80_0000_592,256,0,0
80_0000,80_0000_593,256,0,0
80_0000,80_0000_594,256,0,0
80_0000,80_0000_595,256,0,0
80_0000,80_0000_596,256,0,0
80_0000,80_0000_597,256,0,0
80_0000,80_0000_598,256,0,0
80_0000,80_0000_599,256,0,0
80_0000,80_0000_600,256,0,0
81_0000,81_0000_000,256,0,0
81_0000,81_0000_001,256,0,0
81_0000,81_0000_002,256,0,0
81_0000,81_0000_003,256,0,0
81_0000,81_0000_004,256,0,0
81_0000,81_0000_005,256,0,0
81_0000,81_0000_006,256,0,0
81_0000,81_0000_007,256,0,0
81_0000,81_0000_008,256,0,0
81_0000,81_0000_009,256,0,0
81_0000,81_0000_010,256,0,0
81_0000,81_0000_011,256,0,0
81_0000,81_0000_012,256,0,0
81_0000,81_0000_013,256,0,0
81_0000,81_0000_014,256,0,0
81_0000,81_0000_015,256,0,0
81_0000,81_0000_016,256,0,0
81_0000,81_0000_017,256,0,0
81_0000,81_0000_018,256,0,0
81_0000,81_0000_019,256,0,0
81_0000,81_0000_020,256,0,0
81_0000,81_0000_021,256,0,0
81_0000,81_0000_022,256,0,0
81_0000,81_0000_023,256,0,0
81_0000,81_0000_024,256,0,0
81_0000,81_0000_025,256,0,0
81_0000,81_0000_026,256,0,0
81_0000,81_0000_027,256,0,0
81_0000,81_0000_028,256,0,0
81_0000,81_0000_029,256,0,0
81_0000,81_0000_030,256,0,0
81_0000,81_0000_031,256,0,0
81_0000,81_0000_032,256,0,0
81_0000,81_0000_033,256,0,0
81_0000,81_0000_034,256,0,0
81_0000,81_0000_035,256,0,0
81_0000,81_0000_036,256,0,0
81_0000,81_0000_037,256,0,0
81_0000,81_0000_038,256,0,0
81_0000,81_0000_039,256,0,0
81_0000,81_0000_040,256,0,0
81_0000,81_0000_041,256,0,0
81_0000,81_0000_042,256,0,0
81_0000,81_0000_043,256,0,0
81_0000,81_0000_044,256,0,0
81_0000,81_0000_045,256,0,0
81_0000,81_0000_046,256,0,0
81_0000,81_0000_047,256,0,0
81_0000,81_0000_048,256,0,0
81_0000,81_0000_049,256,0,0
81_0000,81_0000_050,256,0,0
81_0000,81_0000_051,256,0,0
81_0000,81_0000_052,256,0,0
81_0000,81_0000_053,256,0,0
81_0000,81_0000_054,256,0,0
81_0000,81_0000_055,256,0,0
81_0000,81_0000_056,256,9,0
81_0000,81_0000_057,256,21,0
81_0000,81_0000_058,256,54,0
81_0000,81_0000_059,256,78,4
81_0000,81_0000_060,256,108,48
81_0000,81_0000_061,256,114,64
81_0000,81_0000_062,256,141,92
81_0000,81_0000_063,256,174,108
81_0000,81_0000_064,256,231,164
81_0000,81_0000_065,256,273,196
81_0000,81_0000_066,256,330,232
81_0000,81_0000_067,256,372,240
81_0000,81_0000_068,256,408,284
81_0000,81_0000_069,256,477,312
81_0000,81_0000_070,256,510,340
81_0000,81_0000_071,256,552,364
81_0000,81_0000_072,256,636,392
81_0000,81_0000_073,256,720,424
81_0000,81_0000_074,256,762,440
81_0000,81_0000_075,256,843,472
81_0000,81_0000_076,256,927,492
81_0000,81_0000_077,256,1023,532
81_0000,81_0000_078,256,1149,580
81_0000,81_0000_079,256,1299,616
81_0000,81_0000_080,256,1431,648
81_0000,81_0000_081,256,1539,712
81_0000,81_0000_082,256,1677,708
81_0000,81_0000_083,256,1827,800
81_0000,81_0000_084,256,1953,844
81_0000,81_0000_085,256,2082,872
81_0000,81_0000_086,256,2190,928
81_0000,81_0000_087,256,2346,992
81_0000,81_0000_088,256,2460,1012
81_0000,81_0000_089,256,2616,1092
81_0000,81_0000_090,256,2775,1160
81_0000,81_0000_091,256,2931,1160
81_0000,81_0000_092,256,3093,1200
81_0000,81_0000_093,256,3243,1276
81_0000,81_0000_094,256,3474,1388
81_0000,81_0000_095,256,3687,1440
81_0000,81_0000_096,256,3930,1488
81_0000,81_0000_097,256,4107,1580
81_0000,81_0000_098,256,4350,1704
81_0000,81_0000_099,256,4560,1704
81_0000,81_0000_100,256,4812,1736
81_0000,81_0000_101,256,5103,1740
81_0000,81_0000_102,256,5337,1708
81_0000,81_0000_103,256,5604,1844
81_0000,81_0000_104,256,5856,1988
81_0000,81_0000_105,256,6138,2052
81_0000,81_0000_106,256,6438,2012
81_0000,81_0000_107,256,6699,2080
81_0000,81_0000_108,256,7008,2196
81_0000,81_0000_109,256,7350,2256
81_0000,81_0000_110,256,7686,2340
81_0000,81_0000_111,256,8028,2484
81_0000,81_0000_112,256,8340,2632
81_0000,81_0000_113,256,8727,2444
81_0000,81_0000_114,256,9153,2732
81_0000,81_0000_115,256,9549,2636
81_0000,81_0000_116,256,9981,2912
81_0000,81_0000_117,256,10482,3180
81_0000,81_0000_118,256,10935,3024
81_0000,81_0000_119,256,11382,3052
81_0000,81_0000_120,256,11835,3180
81_0000,81_0000_121,256,12351,3244
81_0000,81_0000_122,256,12894,3196
81_0000,81_0000_123,256,13353,3404
81_0000,81_0000_124,256,13839,3524
81_0000,81_0000_125,256,14364,3616
81_0000,81_0000_126,256,14853,3916
81_0000,81_0000_127,256,15474,3868
81_0000,81_0000_128,256,15984,3844
81_0000,81_0000_129,256,16491,3920
81_0000,81_0000_130,256,17067,3984
81_0000,81_0000_131,256,17691,4068
81_0000,81_0000_132,256,18150,4284
81_0000,81_0000_133,256,18723,4336
81_0000,81_0000_134,256,19299,4240
81_0000,81_0000_135,256,19947,4136
81_0000,81_0000_136,256,20613,4176
81_0000,81_0000_137,256,21297,4284
81_0000,81_0000_138,256,21960,4316
81_0000,81_0000_139,256,22593,4752
81_0000,81_0000_140,256,23142,4892
81_0000,81_0000_141,256,23727,5104
81_0000,81_0000_142,256,24315,5184
81_0000,81_0000_143,256,24930,4988
81_0000,81_0000_144,256,25551,5124
81_0000,81_0000_145,256,26178,5088
81_0000,81_0000_146,256,26676,5172
81_0000,81_0000_147,256,27273,5156
81_0000,81_0000_148,256,27918,5596
81_0000,81_0000_149,256,28314,5204
81_0000,81_0000_150,256,28902,5596
81_0000,81_0000_151,256,29604,5328
81_0000,81_0000_152,256,30369,5528
81_0000,81_0000_153,256,30876,6052
81_0000,81_0000_154,256,31731,6416
81_0000,81_0000_155,256,32334,6452
81_0000,81_0000_156,256,32940,6524
81_0000,81_0000_157,256,33630,6836
81_0000,81_0000_158,256,34137,7140
81_0000,81_0000_159,256,34650,6924
81_0000,81_0000_160,256,35205,6840
81_0000,81_0000_161,256,35682,7312
81_0000,81_0000_162,256,36066,7340
81_0000,81_0000_163,256,36684,7716
81_0000,81_0000_164,256,37170,7500
81_0000,81_0000_165,256,37788,6972
81_0000,81_0000_166,256,38169,6992
81_0000,81_0000_167,256,38511,7100
81_0000,81_0000_168,256,38781,6848
81_0000,81_0000_169,256,39000,6924
81_0000,81_0000_170,256,39303,6668
81_0000,81_0000_171,256,39573,6432
81_0000,81_0000_172,256,39825,6284
81_0000,81_0000_173,256,40188,6088
81_0000,81_0000_174,256,40446,5884
81_0000,81_0000_175,256,40653,5620
81_0000,81_0000_176,256,40953,5932
81_0000,81_0000_177,256,41268,5968
81_0000,81_0000_178,256,41829,5536
81_0000,81_0000_179,256,42348,5848
81_0000,81_0000_180,256,42789,6100
81_0000,81_0000_181,256,43236,5992
81_0000,81_0000_182,256,43584,6000
81_0000,81_0000_183,256,44106,6056
81_0000,81_0000_184,256,44496,6156
81_0000,81_0000_185,256,44805,6184
81_0000,81_0000_186,256,45105,5960
81_0000,81_0000_187,256,45414,5556
81_0000,81_0000_188,256,45630,5504
81_0000,81_0000_189,256,45846,5692
81_0000,81_0000_190,256,46161,5292
81_0000,81_0000_191,256,46386,5228
81_0000,81_0000_192,256,46563,4876
81_0000,81_0000_193,256,46740,4568
81_0000,81_0000_194,256,47001,4440
81_0000,81_0000_195,256,47424,4448
81_0000,81_0000_196,256,47634,4608
81_0000,81_0000_197,256,47931,3976
81_0000,81_0000_198,256,47841,4072
81_0000,81_0000_199,256,47751,4368
81_0000,81_0000_200,256,47697,4528
81_0000,81_0000_201,256,47523,5096
81_0000,81_0000_202,256,47427,5592
81_0000,81_0000_203,256,47382,5740
81_0000,81_0000_204,256,47232,5480
81_0000,81_0000_205,256,47181,5132
81_0000,81_0000_206,256,47031,5200
81_0000,81_0000_207,256,46950,4820
81_0000,81_0000_208,256,46923,5148
81_0000,81_0000_209,256,46752,5440
81_0000,81_0000_210,256,46632,5344
81_0000,81_0000_211,256,46572,5348
81_0000,81_0000_212,256,46464,5760
81_0000,81_0000_213,256,46284,5884
81_0000,81_0000_214,256,46242,5676
81_0000,81_0000_215,256,46317,5640
81_0000,81_0000_216,256,46290,5904
81_0000,81_0000_217,256,46212,5796
81_0000,81_0000_218,256,46131,5084
81_0000,81_0000_219,256,46200,4716
81_0000,81_0000_220,256,46083,4692
81_0000,81_0000_221,256,45921,4904
81_0000,81_0000_222,256,45885,4900
81_0000,81_0000_223,256,45843,5300
81_0000,81_0000_224,256,45882,5264
81_0000,81_0000_225,256,45870,6132
81_0000,81_0000_226,256,45828,5780
81_0000,81_0000_227,256,45864,5732
81_0000,81_0000_228,256,45852,6212
81_0000,81_0000_229,256,45726,6940
81_0000,81_0000_230,256,45699,7100
81_0000,81_0000_231,256,45681,7264
81_0000,81_0000_232,256,45828,7148
81_0000,81_0000_233,256,45960,6492
81_0000,81_0000_234,256,45978,5872
81_0000,81_0000_235,256,46227,5932
81_0000,81_0000_236,256,46305,5704
81_0000,81_0000_237,256,46404,5484
81_0000,81_0000_238,256,46308,5956
81_0000,81_0000_239,256,46521,5940
81_0000,81_0000_240,256,46536,6088
81_0000,81_0000_241,256,46476,6540
81_0000,81_0000_242,256,46464,6604
81_0000,81_0000_243,256,46338,6776
81_0000,81_0000_244,256,46278,7056
81_0000,81_0000_245,256,46290,7088
81_0000,81_0000_246,256,46233,7624
81_0000,81_0000_247,256,46260,7892
81_0000,81_0000_248,256,46266,8384
81_0000,81_0000_249,256,46176,8472
81_0000,81_0000_250,256,46098,8000
81_0000,81_0000_251,256,45960,7572
81_0000,81_0000_252,256,45879,7468
81_0000,81_0000_253,256,45720,7788
81_0000,81_0000_254,256,45582,7888
81_0000,81_0000_255,256,45423,7840
81_0000,81_0000_256,256,45372,7928
81_0000,81_0000_257,256,45288,7856
81_0000,81_0000_258,256,45243,8064
81_0000,81_0000_259,256,45294,8232
81_0000,81_0000_260,256,45261,8552
81_0000,81_0000_261,256,45213,8876
81_0000,81_0000_262,256,45255,8856
81_0000,81_0000_263,256,45234,8104
81_0000,81_0000_264,256,45228,7292
81_0000,81_0000_265,256,45327,6316
81_0000,81_0000_266,256,45429,6196
81_0000,81_0000_267,256,45468,6044
81_0000,81_0000_268,256,45363,6544
81_0000,81_0000_269,256,45207,6484
81_0000,81_0000_270,256,45222,6648
81_0000,81_0000_271,256,45099,6784
81_0000,81_0000_272,256,45183,6564
81_0000,81_0000_273,256,45147,5992
81_0000,81_0000_274,256,45114,6000
81_0000,81_0000_275,256,44961,5660
81_0000,81_0000_276,256,44763,5504
81_0000,81_0000_277,256,44583,5804
81_0000,81_0000_278,256,44520,6240
81_0000,81_0000_279,256,44556,6488
81_0000,81_0000_280,256,44442,6640
81_0000,81_0000_281,256,44352,7312
81_0000,81_0000_282,256,44316,7580
81_0000,81_0000_283,256,44241,7592
81_0000,81_0000_284,256,44268,7044
81_0000,81_0000_285,256,44238,7132
81_0000,81_0000_286,256,44175,7476
81_0000,81_0000_287,256,44130,7596
81_0000,81_0000_288,256,44208,6800
81_0000,81_0000_289,256,44052,7736
81_0000,81_0000_290,256,44058,7388
81_0000,81_0000_291,256,43848,7288
81_0000,81_0000_292,256,43758,7260
81_0000,81_0000_293,256,43674,7096
81_0000,81_0000_294,256,43482,6896
81_0000,81_0000_295,256,43470,6420
81_0000,81_0000_296,256,43404,5984
81_0000,81_0000_297,256,43278,5736
81_0000,81_0000_298,256,42960,5540
81_0000,81_0000_299,256,42891,5236
81_0000,81_0000_300,256,42849,5424
81_0000,81_0000_301,256,42801,5148
81_0000,81_0000_302,256,42651,5104
81_0000,81_0000_303,256,42606,5248
81_0000,81_0000_304,256,42501,5608
81_0000,81_0000_305,256,42444,6360
81_0000,81_0000_306,256,42345,6588
81_0000,81_0000_307,256,42201,6308
81_0000,81_0000_308,256,42090,6288
81_0000,81_0000_309,256,41991,5976
81_0000,81_0000_310,256,41907,6216
81_0000,81_0000_311,256,41724,6132
81_0000,81_0000_312,256,41571,6040
81_0000,81_0000_313,256,41424,6496
81_0000,81_0000_314,256,41304,6904
81_0000,81_0000_315,256,41133,6804
81_0000,81_0000_316,256,40989,6688
81_0000,81_0000_317,256,40749,6844
81_0000,81_0000_318,256,40557,6524
81_0000,81_0000_319,256,40437,6524
81_0000,81_0000_320,256,40341,6292
81_0000,81_0000_321,256,40239,5772
81_0000,81_0000_322,256,40086,5252
81_0000,81_0000_323,256,39945,4868
81_0000,81_0000_324,256,39885,4676
81_0000,81_0000_325,256,39789,4380
81_0000,81_0000_326,256,39657,4536
81_0000,81_0000_327,256,39633,4664
81_0000,81_0000_328,256,39615,4328
81_0000,81_0000_329,256,39333,4124
81_0000,81_0000_330,256,39372,4576
81_0000,81_0000_331,256,39474,4328
81_0000,81_0000_332,256,39399,4032
81_0000,81_0000_333,256,39417,4156
81_0000,81_0000_334,256,39444,3980
81_0000,81_0000_335,256,39465,3708
81_0000,81_0000_336,256,39483,3480
81_0000,81_0000_337,256,39444,3716
81_0000,81_0000_338,256,39471,3868
81_0000,81_0000_339,256,39522,3712
81_0000,81_0000_340,256,39507,3676
81_0000,81_0000_341,256,39591,3512
81_0000,81_0000_342,256,39633,3784
81_0000,81_0000_343,256,39642,3724
81_0000,81_0000_344,256,39570,3712
81_0000,81_0000_345,256,39474,3516
81_0000,81_0000_346,256,39483,3256
81_0000,81_0000_347,256,39435,3292
81_0000,81_0000_348,256,39303,3496
81_0000,81_0000_349,256,39126,3792
81_0000,81_0000_350,256,39015,4108
81_0000,81_0000_351,256,38901,4360
81_0000,81_0000_352,256,38697,4204
81_0000,81_0000_353,256,38589,4072
81_0000,81_0000_354,256,38478,3568
81_0000,81_0000_355,256,38412,3568
81_0000,81_0000_356,256,38241,3492
81_0000,81_0000_357,256,38076,3272
81_0000,81_0000_358,256,37899,3276
81_0000,81_0000_359,256,37734,3260
81_0000,81_0000_360,256,37629,3180
81_0000,81_0000_361,256,37467,3224
81_0000,81_0000_362,256,37341,3272
81_0000,81_0000_363,256,37212,3360
81_0000,81_0000_364,256,37044,3372
81_0000,81_0000_365,256,36894,3500
81_0000,81_0000_366,256,36792,3784
81_0000,81_0000_367,256,36675,3704
81_0000,81_0000_368,256,36540,3812
81_0000,81_0000_369,256,36303,3844
81_0000,81_0000_370,256,36135,3732
81_0000,81_0000_371,256,36000,3452
81_0000,81_0000_372,256,35811,3700
81_0000,81_0000_373,256,35661,3836
81_0000,81_0000_374,256,35439,3704
81_0000,81_0000_375,256,35283,3476
81_0000,81_0000_376,256,35016,3192
81_0000,81_0000_377,256,34809,3144
81_0000,81_0000_378,256,34653,3116
81_0000,81_0000_379,256,34470,3484
81_0000,81_0000_380,256,34257,3280
81_0000,81_0000_381,256,34044,3108
81_0000,81_0000_382,256,33870,2824
81_0000,81_0000_383,256,33729,2584
81_0000,81_0000_384,256,33585,2440
81_0000,81_0000_385,256,33384,2728
81_0000,81_0000_386,256,33180,2836
81_0000,81_0000_387,256,32940,2712
81_0000,81_0000_388,256,32814,2508
81_0000,81_0000_389,256,32619,2476
81_0000,81_0000_390,256,32403,2348
81_0000,81_0000_391,256,32214,2368
81_0000,81_0000_392,256,32004,2264
81_0000,81_0000_393,256,31791,2192
81_0000,81_0000_394,256,31647,1940
81_0000,81_0000_395,256,31470,2180
81_0000,81_0000_396,256,31266,2256
81_0000,81_0000_397,256,31044,2260
81_0000,81_0000_398,256,30897,2400
81_0000,81_0000_399,256,30711,2808
81_0000,81_0000_400,256,30522,2972
81_0000,81_0000_401,256,30312,2980
81_0000,81_0000_402,256,30150,3196
81_0000,81_0000_403,256,29943,3176
81_0000,81_0000_404,256,29655,3424
81_0000,81_0000_405,256,29415,3268
81_0000,81_0000_406,256,29169,3028
81_0000,81_0000_407,256,28959,3028
81_0000,81_0000_408,256,28758,3080
81_0000,81_0000_409,256,28491,2784
81_0000,81_0000_410,256,28275,2596
81_0000,81_0000_411,256,28020,2440
81_0000,81_0000_412,256,27768,2164
81_0000,81_0000_413,256,27525,2404
81_0000,81_0000_414,256,27300,2592
81_0000,81_0000_415,256,27054,2788
81_0000,81_0000_416,256,26859,2672
81_0000,81_0000_417,256,26586,2260
81_0000,81_0000_418,256,26394,2228
81_0000,81_0000_419,256,26157,2244
81_0000,81_0000_420,256,25944,2208
81_0000,81_0000_421,256,25668,2248
81_0000,81_0000_422,256,25452,2260
81_0000,81_0000_423,256,25209,2080
81_0000,81_0000_424,256,25044,2096
81_0000,81_0000_425,256,24810,2096
81_0000,81_0000_426,256,24564,2124
81_0000,81_0000_427,256,24384,2248
81_0000,81_0000_428,256,24240,2372
81_0000,81_0000_429,256,24027,2428
81_0000,81_0000_430,256,23817,2272
81_0000,81_0000_431,256,23628,2352
81_0000,81_0000_432,256,23415,2056
81_0000,81_0000_433,256,23265,1840
81_0000,81_0000_434,256,23142,1760
81_0000,81_0000_435,256,23034,1792
81_0000,81_0000_436,256,22815,1976
81_0000,81_0000_437,256,22476,2128
81_0000,81_0000_438,256,22140,2316
81_0000,81_0000_439,256,21849,2528
81_0000,81_0000_440,256,21531,2320
81_0000,81_0000_441,256,21183,2324
81_0000,81_0000_442,256,20850,2140
81_0000,81_0000_443,256,20556,1900
81_0000,81_0000_444,256,20217,1516
81_0000,81_0000_445,256,19905,1324
81_0000,81_0000_446,256,19530,1032
81_0000,81_0000_447,256,19194,984
81_0000,81_0000_448,256,18741,1268
81_0000,81_0000_449,256,18384,1616
81_0000,81_0000_450,256,18006,2072
81_0000,81_0000_451,256,17583,1988
81_0000,81_0000_452,256,17232,1864
81_0000,81_0000_453,256,16917,1772
81_0000,81_0000_454,256,16548,1860
81_0000,81_0000_455,256,16158,1900
81_0000,81_0000_456,256,15831,1764
81_0000,81_0000_457,256,15486,1656
81_0000,81_0000_458,256,15060,1748
81_0000,81_0000_459,256,14691,1788
81_0000,81_0000_460,256,14283,1680
81_0000,81_0000_461,256,13917,1524
81_0000,81_0000_462,256,13509,1740
81_0000,81_0000_463,256,13128,1700
81_0000,81_0000_464,256,12780,1632
81_0000,81_0000_465,256,12321,1552
81_0000,81_0000_466,256,11997,1364
81_0000,81_0000_467,256,11607,1200
81_0000,81_0000_468,256,11235,1272
81_0000,81_0000_469,256,10857,1524
81_0000,81_0000_470,256,10563,1488
81_0000,81_0000_471,256,10200,1876
81_0000,81_0000_472,256,9861,1828
81_0000,81_0000_473,256,9582,1604
81_0000,81_0000_474,256,9240,1616
81_0000,81_0000_475,256,8934,1456
81_0000,81_0000_476,256,8595,1688
81_0000,81_0000_477,256,8277,1400
81_0000,81_0000_478,256,7989,1460
81_0000,81_0000_479,256,7692,1368
81_0000,81_0000_480,256,7392,1692
81_0000,81_0000_481,256,7116,1552
81_0000,81_0000_482,256,6825,1560
81_0000,81_0000_483,256,6513,1472
81_0000,81_0000_484,256,6225,1636
81_0000,81_0000_485,256,5976,1772
81_0000,81_0000_486,256,5742,1476
81_0000,81_0000_487,256,5490,1632
81_0000,81_0000_488,256,5184,1600
81_0000,81_0000_489,256,4968,1544
81_0000,81_0000_490,256,4710,1704
81_0000,81_0000_491,256,4467,1676
81_0000,81_0000_492,256,4254,1604
81_0000,81_0000_493,256,4041,1532
81_0000,81_0000_494,256,3786,1448
81_0000,81_0000_495,256,3615,1436
81_0000,81_0000_496,256,3378,1332
81_0000,81_0000_497,256,3162,1252
81_0000,81_0000_498,256,2967,1216
81_0000,81_0000_499,256,2757,1160
81_0000,81_0000_500,256,2568,1052
81_0000,81_0000_501,256,2340,968
81_0000,81_0000_502,256,2109,908
81_0000,81_0000_503,256,1899,804
81_0000,81_0000_504,256,1680,732
81_0000,81_0000_505,256,1404,584
81_0000,81_0000_506,256,1215,488
81_0000,81_0000_507,256,1014,424
81_0000,81_0000_508,256,879,376
81_0000,81_0000_509,256,747,348
81_0000,81_0000_510,256,624,296
81_0000,81_0000_511,256,546,260
81_0000,81_0000_512,256,426,204
81_0000,81_0000_513,256,276,136
81_0000,81_0000_514,256,144,84
81_0000,81_0000_515,256,78,0
81_0000,81_0000_516,256,54,0
81_0000,81_0000_517,256,0,0
81_0000,81_0000_518,256,0,0
81_0000,81_0000_519,256,0,0
81_0000,81_0000_520,256,0,0
81_0000,81_0000_521,256,0,0
81_0000,81_0000_522,256,0,0
81_0000,81_0000_523,256,0,0
81_0000,81_0000_524,256,0,0
81_0000,81_0000_525,256,0,0
81_0000,81_0000_526,256,0,0
81_0000,81_0000_527,256,0,0
81_0000,81_0000_528,256,0,0
81_0000,81_0000_529,256,0,0
81_0000,81_0000_530,256,0,0
81_0000,81_0000_531,256,0,0
81_0000,81_0000_532,256,0,0
81_0000,81_0000_533,256,0,0
81_0000,81_0000_534,256,0,0
81_0000,81_0000_535,256,0,0
81_0000,81_0000_536,256,0,0
81_0000,81_0000_537,256,0,0
81_0000,81_0000_538,256,0,0
81_0000,81_0000_539,256,0,0
81_0000,81_0000_540,256,0,0
82_0000,82_0000_000,256,0,0
82_0000,82_0000_001,256,0,0
82_0000,82_0000_002,256,0,0
82_0000,82_0000_003,256,0,0
82_0000,82_0000_004,256,0,0
82_0000,82_0000_005,256,0,0
82_0000,82_0000_006,256,0,0
82_0000,82_0000_007,256,0,0
82_0000,82_0000_008,256,0,0
82_0000,82_0000_009,256,0,0
82_0000,82_0000_010,256,0,0
82_0000,82_0000_011,256,0,0
82_0000,82_0000_012,256,0,0
82_0000,82_0000_013,256,0,0
82_0000,82_0000_014,256,0,0
82_0000,82_0000_015,256,0,0
82_0000,82_0000_016,256,0,0
82_0000,82_0000_017,256,0,0
82_0000,82_0000_018,256,0,0
82_0000,82_0000_019,256,0,0
82_0000,82_0000_020,256,0,0
82_0000,82_0000_021,256,21,0
82_0000,82_0000_022,256,93,0
82_0000,82_0000_023,256,153,0
82_0000,82_0000_024,256,198,16
82_0000,82_0000_025,256,249,92
82_0000,82_0000_026,256,288,80
82_0000,82_0000_027,256,315,80
82_0000,82_0000_028,256,393,144
82_0000,82_0000_029,256,444,192
82_0000,82_0000_030,256,492,204
82_0000,82_0000_031,256,543,208
82_0000,82_0000_032,256,636,256
82_0000,82_0000_033,256,705,296
82_0000,82_0000_034,256,807,344
82_0000,82_0000_035,256,891,392
82_0000,82_0000_036,256,978,396
82_0000,82_0000_037,256,1035,364
82_0000,82_0000_038,256,1176,440
82_0000,82_0000_039,256,1293,520
82_0000,82_0000_040,256,1431,644
82_0000,82_0000_041,256,1563,668
82_0000,82_0000_042,256,1725,700
82_0000,82_0000_043,256,1881,752
82_0000,82_0000_044,256,2121,832
82_0000,82_0000_045,256,2331,868
82_0000,82_0000_046,256,2526,892
82_0000,82_0000_047,256,2739,968
82_0000,82_0000_048,256,2994,992
82_0000,82_0000_049,256,3273,1044
82_0000,82_0000_050,256,3477,1084
82_0000,82_0000_051,256,3723,1212
82_0000,82_0000_052,256,4002,1432
82_0000,82_0000_053,256,4311,1584
82_0000,82_0000_054,256,4503,1704
82_0000,82_0000_055,256,4764,1796
82_0000,82_0000_056,256,5004,1908
82_0000,82_0000_057,256,5367,1936
82_0000,82_0000_058,256,5658,1964
82_0000,82_0000_059,256,5865,1916
82_0000,82_0000_060,256,6168,1864
82_0000,82_0000_061,256,6447,1828
82_0000,82_0000_062,256,6834,1912
82_0000,82_0000_063,256,7212,2000
82_0000,82_0000_064,256,7554,2076
82_0000,82_0000_065,256,7890,2112
82_0000,82_0000_066,256,8235,2092
82_0000,82_0000_067,256,8628,2212
82_0000,82_0000_068,256,9048,2192
82_0000,82_0000_069,256,9393,2144
82_0000,82_0000_070,256,9813,2144
82_0000,82_0000_071,256,10176,2292
82_0000,82_0000_072,256,10626,2320
82_0000,82_0000_073,256,11040,2568
82_0000,82_0000_074,256,11451,2556
82_0000,82_0000_075,256,11910,2568
82_0000,82_0000_076,256,12351,2528
82_0000,82_0000_077,256,12834,2752
82_0000,82_0000_078,256,13272,2708
82_0000,82_0000_079,256,13773,2656
82_0000,82_0000_080,256,14031,2456
82_0000,82_0000_081,256,14493,2468
82_0000,82_0000_082,256,15231,2708
82_0000,82_0000_083,256,15762,2628
82_0000,82_0000_084,256,16299,2768
82_0000,82_0000_085,256,16923,2560
82_0000,82_0000_086,256,17454,2248
82_0000,82_0000_087,256,18090,2148
82_0000,82_0000_088,256,18840,2136
82_0000,82_0000_089,256,19596,2008
82_0000,82_0000_090,256,20538,2108
82_0000,82_0000_091,256,21285,2144
82_0000,82_0000_092,256,21948,2548
82_0000,82_0000_093,256,22734,3340
82_0000,82_0000_094,256,23586,3364
82_0000,82_0000_095,256,24357,3244
82_0000,82_0000_096,256,25167,3172
82_0000,82_0000_097,256,25905,2932
82_0000,82_0000_098,256,26748,2700
82_0000,82_0000_099,256,27684,2936
82_0000,82_0000_100,256,28638,3120
82_0000,82_0000_101,256,29277,3912
82_0000,82_0000_102,256,30108,4160
82_0000,82_0000_103,256,31137,3920
82_0000,82_0000_104,256,32169,3668
82_0000,82_0000_105,256,33471,3828
82_0000,82_0000_106,256,34905,3752
82_0000,82_0000_107,256,36231,3468
82_0000,82_0000_108,256,37482,3308
82_0000,82_0000_109,256,38799,2960
82_0000,82_0000_110,256,40311,2756
82_0000,82_0000_111,256,41811,2848
82_0000,82_0000_112,256,43272,3136
82_0000,82_0000_113,256,44700,2728
82_0000,82_0000_114,256,46155,3304
82_0000,82_0000_115,256,47613,2740
82_0000,82_0000_116,256,48870,2108
82_0000,82_0000_117,256,50364,2048
82_0000,82_0000_118,256,52062,1812
82_0000,82_0000_119,256,53691,1588
82_0000,82_0000_120,256,55590,1472
82_0000,82_0000_121,256,57504,1600
82_0000,82_0000_122,256,59178,1284
82_0000,82_0000_123,256,60897,1400
82_0000,82_0000_124,256,62661,1664
82_0000,82_0000_125,256,64467,1208
82_0000,82_0000_126,256,66501,1456
82_0000,82_0000_127,256,68406,1112
82_0000,82_0000_128,256,69831,408
82_0000,82_0000_129,256,71148,440
82_0000,82_0000_130,256,72780,256
82_0000,82_0000_131,256,73641,272
82_0000,82_0000_132,256,73905,52
82_0000,82_0000_133,256,74139,464
82_0000,82_0000_134,256,74340,516
82_0000,82_0000_135,256,74703,420
82_0000,82_0000_136,256,75204,404
82_0000,82_0000_137,256,75195,756
82_0000,82_0000_138,256,75021,968
82_0000,82_0000_139,256,74892,540
82_0000,82_0000_140,256,74766,520
82_0000,82_0000_141,256,74625,400
82_0000,82_0000_142,256,74460,136
82_0000,82_0000_143,256,74400,536
82_0000,82_0000_144,256,74301,1232
82_0000,82_0000_145,256,74235,608
82_0000,82_0000_146,256,73959,300
82_0000,82_0000_147,256,73860,320
82_0000,82_0000_148,256,73866,608
82_0000,82_0000_149,256,73620,784
82_0000,82_0000_150,256,73545,728
82_0000,82_0000_151,256,73461,792
82_0000,82_0000_152,256,73320,544
82_0000,82_0000_153,256,72894,560
82_0000,82_0000_154,256,72693,568
82_0000,82_0000_155,256,72549,480
82_0000,82_0000_156,256,72618,460
82_0000,82_0000_157,256,72528,552
82_0000,82_0000_158,256,72459,408
82_0000,82_0000_159,256,72579,336
82_0000,82_0000_160,256,72546,308
82_0000,82_0000_161,256,72468,568
82_0000,82_0000_162,256,72408,824
82_0000,82_0000_163,256,72348,808
82_0000,82_0000_164,256,72195,712
82_0000,82_0000_165,256,72240,636
82_0000,82_0000_166,256,72321,596
82_0000,82_0000_167,256,72258,552
82_0000,82_0000_168,256,72342,436
82_0000,82_0000_169,256,72387,496
82_0000,82_0000_170,256,72480,196
82_0000,82_0000_171,256,72483,56
82_0000,82_0000_172,256,72453,244
82_0000,82_0000_173,256,72462,596
82_0000,82_0000_174,256,72495,532
82_0000,82_0000_175,256,72627,620
82_0000,82_0000_176,256,72738,676
82_0000,82_0000_177,256,72612,628
82_0000,82_0000_178,256,72552,848
82_0000,82_0000_179,256,72438,888
82_0000,82_0000_180,256,72405,848
82_0000,82_0000_181,256,72345,744
82_0000,82_0000_182,256,72297,580
82_0000,82_0000_183,256,72321,648
82_0000,82_0000_184,256,72210,532
82_0000,82_0000_185,256,71964,708
82_0000,82_0000_186,256,71697,824
82_0000,82_0000_187,256,71730,980
82_0000,82_0000_188,256,71769,1132
82_0000,82_0000_189,256,70554,1444
82_0000,82_0000_190,256,70716,1972
82_0000,82_0000_191,256,70677,2232
82_0000,82_0000_192,256,70605,2492
82_0000,82_0000_193,256,70554,2296
82_0000,82_0000_194,256,70395,1652
82_0000,82_0000_195,256,70167,1548
82_0000,82_0000_196,256,70113,1648
82_0000,82_0000_197,256,69924,1344
82_0000,82_0000_198,256,69693,960
82_0000,82_0000_199,256,69450,1064
82_0000,82_0000_200,256,69129,1216
82_0000,82_0000_201,256,69015,1828
82_0000,82_0000_202,256,68748,2588
82_0000,82_0000_203,256,68652,2884
82_0000,82_0000_204,256,68589,2804
82_0000,82_0000_205,256,68271,2648
82_0000,82_0000_206,256,68361,2436
82_0000,82_0000_207,256,68616,2572
82_0000,82_0000_208,256,68532,2612
82_0000,82_0000_209,256,68604,2220
82_0000,82_0000_210,256,68925,1808
82_0000,82_0000_211,256,69303,1964
82_0000,82_0000_212,256,69201,1804
82_0000,82_0000_213,256,69156,1812
82_0000,82_0000_214,256,69198,1836
82_0000,82_0000_215,256,69324,1792
82_0000,82_0000_216,256,69444,1912
82_0000,82_0000_217,256,69432,2196
82_0000,82_0000_218,256,69162,2296
82_0000,82_0000_219,256,69060,2076
82_0000,82_0000_220,256,68808,2112
82_0000,82_0000_221,256,68715,1952
82_0000,82_0000_222,256,68646,2036
82_0000,82_0000_223,256,68502,2120
82_0000,82_0000_224,256,68265,2348
82_0000,82_0000_225,256,68130,2636
82_0000,82_0000_226,256,67899,2632
82_0000,82_0000_227,256,67794,2548
82_0000,82_0000_228,256,67593,2236
82_0000,82_0000_229,256,67260,1844
82_0000,82_0000_230,256,66729,2016
82_0000,82_0000_231,256,66441,2216
82_0000,82_0000_232,256,66273,2388
82_0000,82_0000_233,256,66192,2276
82_0000,82_0000_234,256,66390,2280
82_0000,82_0000_235,256,66438,2240
82_0000,82_0000_236,256,66291,1812
82_0000,82_0000_237,256,66366,1660
82_0000,82_0000_238,256,66300,2104
82_0000,82_0000_239,256,66105,2136
82_0000,82_0000_240,256,66000,1784
82_0000,82_0000_241,256,65889,1892
82_0000,82_0000_242,256,65667,1972
82_0000,82_0000_243,256,65358,1912
82_0000,82_0000_244,256,65310,2084
82_0000,82_0000_245,256,65190,2404
82_0000,82_0000_246,256,65100,2232
82_0000,82_0000_247,256,65031,2440
82_0000,82_0000_248,256,64920,2012
82_0000,82_0000_249,256,64830,1984
82_0000,82_0000_250,256,64821,2360
82_0000,82_0000_251,256,64572,2120
82_0000,82_0000_252,256,64422,1288
82_0000,82_0000_253,256,64185,732
82_0000,82_0000_254,256,63981,568
82_0000,82_0000_255,256,63780,500
82_0000,82_0000_256,256,63516,664
82_0000,82_0000_257,256,63165,784
82_0000,82_0000_258,256,62766,468
82_0000,82_0000_259,256,62511,704
82_0000,82_0000_260,256,62079,752
82_0000,82_0000_261,256,61947,980
82_0000,82_0000_262,256,61599,1032
82_0000,82_0000_263,256,61203,836
82_0000,82_0000_264,256,60954,888
82_0000,82_0000_265,256,60612,984
82_0000,82_0000_266,256,60000,812
82_0000,82_0000_267,256,59634,716
82_0000,82_0000_268,256,59316,760
82_0000,82_0000_269,256,58860,1104
82_0000,82_0000_270,256,58440,1124
82_0000,82_0000_271,256,58035,1112
82_0000,82_0000_272,256,57459,1008
82_0000,82_0000_273,256,57003,972
82_0000,82_0000_274,256,56568,952
82_0000,82_0000_275,256,56112,1120
82_0000,82_0000_276,256,55635,1112
82_0000,82_0000_277,256,55230,912
82_0000,82_0000_278,256,54789,1256
82_0000,82_0000_279,256,54273,1532
82_0000,82_0000_280,256,53688,1496
82_0000,82_0000_281,256,53325,1356
82_0000,82_0000_282,256,52890,1388
82_0000,82_0000_283,256,52347,1188
82_0000,82_0000_284,256,51783,1320
82_0000,82_0000_285,256,51255,1524
82_0000,82_0000_286,256,50778,1676
82_0000,82_0000_287,256,50253,1672
82_0000,82_0000_288,256,49812,1588
82_0000,82_0000_289,256,49260,1660
82_0000,82_0000_290,256,48720,1940
82_0000,82_0000_291,256,48132,1852
82_0000,82_0000_292,256,47484,1932
82_0000,82_0000_293,256,46896,2088
82_0000,82_0000_294,256,46215,2328
82_0000,82_0000_295,256,45567,2208
82_0000,82_0000_296,256,44676,1872
82_0000,82_0000_297,256,44034,1632
82_0000,82_0000_298,256,43377,1604
82_0000,82_0000_299,256,42633,1360
82_0000,82_0000_300,256,41961,992
82_0000,82_0000_301,256,41166,948
82_0000,82_0000_302,256,40470,1428
82_0000,82_0000_303,256,39864,1372
82_0000,82_0000_304,256,39150,1532
82_0000,82_0000_305,256,38406,1320
82_0000,82_0000_306,256,37794,1040
82_0000,82_0000_307,256,36966,1184
82_0000,82_0000_308,256,36240,1504
82_0000,82_0000_309,256,35547,1724
82_0000,82_0000_310,256,34824,1488
82_0000,82_0000_311,256,34074,1408
82_0000,82_0000_312,256,33360,1948
82_0000,82_0000_313,256,32739,1944
82_0000,82_0000_314,256,31974,1848
82_0000,82_0000_315,256,31410,1584
82_0000,82_0000_316,256,30633,1516
82_0000,82_0000_317,256,29955,1664
82_0000,82_0000_318,256,29193,1536
82_0000,82_0000_319,256,28488,1568
82_0000,82_0000_320,256,27756,1728
82_0000,82_0000_321,256,27015,1800
82_0000,82_0000_322,256,26199,1796
82_0000,82_0000_323,256,25359,1680
82_0000,82_0000_324,256,24525,1600
82_0000,82_0000_325,256,23664,1680
82_0000,82_0000_326,256,22809,1616
82_0000,82_0000_327,256,21870,1532
82_0000,82_0000_328,256,20967,1452
82_0000,82_0000_329,256,20064,1248
82_0000,82_0000_330,256,19068,1296
82_0000,82_0000_331,256,18150,1460
82_0000,82_0000_332,256,17286,1684
82_0000,82_0000_333,256,16491,1520
82_0000,82_0000_334,256,15573,1476
82_0000,82_0000_335,256,14562,1732
82_0000,82_0000_336,256,13626,1904
82_0000,82_0000_337,256,12771,1808
82_0000,82_0000_338,256,11943,1424
82_0000,82_0000_339,256,11118,1324
82_0000,82_0000_340,256,10257,1208
82_0000,82_0000_341,256,9414,1276
82_0000,82_0000_342,256,8535,1144
82_0000,82_0000_343,256,7650,1108
82_0000,82_0000_344,256,6495,1076
82_0000,82_0000_345,256,5445,944
82_0000,82_0000_346,256,4233,836
82_0000,82_0000_347,256,3618,932
82_0000,82_0000_348,256,2982,1076
82_0000,82_0000_349,256,2271,884
82_0000,82_0000_350,256,1725,744
82_0000,82_0000_351,256,1371,612
82_0000,82_0000_352,256,1002,460
82_0000,82_0000_353,256,597,316
82_0000,82_0000_354,256,423,236
82_0000,82_0000_355,256,0,0
82_0000,82_0000_356,256,0,0
82_0000,82_0000_357,256,0,0
82_0000,82_0000_358,256,0,0
82_0000,82_0000_359,256,0,0
82_0000,82_0000_360,256,0,0
82_0000,82_0000_361,256,0,0
82_0000,82_0000_362,256,0,0
82_0000,82_0000_363,256,0,0
82_0000,82_0000_364,256,0,0
82_0000,82_0000_365,256,0,0
134_0000,134_0000_000,256,0,0
134_0000,134_0000_001,256,0,0
134_0000,134_0000_002,256,0,0
134_0000,134_0000_003,256,0,0
134_0000,134_0000_004,256,0,0
134_0000,134_0000_005,256,0,0
134_0000,134_0000_006,256,0,0
134_0000,134_0000_007,256,0,0
134_0000,134_0000_008,256,0,0
134_0000,134_0000_009,256,0,0
134_0000,134_0000_010,256,0,0
134_0000,134_0000_011,256,0,0
134_0000,134_0000_012,256,0,0
134_0000,134_0000_013,256,0,0
134_0000,134_0000_014,256,0,0
134_0000,134_0000_015,256,0,0
134_0000,134_0000_016,256,0,0
134_0000,134_0000_017,256,9,0
134_0000,134_0000_018,256,15,0
134_0000,134_0000_019,256,27,0
134_0000,134_0000_020,256,51,0
134_0000,134_0000_021,256,81,0
134_0000,134_0000_022,256,120,0
134_0000,134_0000_023,256,144,8
134_0000,134_0000_024,256,171,4
134_0000,134_0000_025,256,162,36
134_0000,134_0000_026,256,117,0
134_0000,134_0000_027,256,165,64
134_0000,134_0000_028,256,207,100
134_0000,134_0000_029,256,249,112
134_0000,134_0000_030,256,300,152
134_0000,134_0000_031,256,351,176
134_0000,134_0000_032,256,360,156
134_0000,134_0000_033,256,384,168
134_0000,134_0000_034,256,492,216
134_0000,134_0000_035,256,609,252
134_0000,134_0000_036,256,720,228
134_0000,134_0000_037,256,723,264
134_0000,134_0000_038,256,789,280
134_0000,134_0000_039,256,927,332
134_0000,134_0000_040,256,1032,364
134_0000,134_0000_041,256,1104,360
134_0000,134_0000_042,256,1203,344
134_0000,134_0000_043,256,1275,256
134_0000,134_0000_044,256,1632,300
134_0000,134_0000_045,256,1869,460
134_0000,134_0000_046,256,2151,412
134_0000,134_0000_047,256,2277,524
134_0000,134_0000_048,256,2433,572
134_0000,134_0000_049,256,2610,792
134_0000,134_0000_050,256,2754,808
134_0000,134_0000_051,256,3078,856
134_0000,134_0000_052,256,3255,928
134_0000,134_0000_053,256,3492,944
134_0000,134_0000_054,256,3765,1024
134_0000,134_0000_055,256,4110,1180
134_0000,134_0000_056,256,4395,1080
134_0000,134_0000_057,256,4707,1220
134_0000,134_0000_058,256,5058,1156
134_0000,134_0000_059,256,5349,1372
134_0000,134_0000_060,256,5736,1240
134_0000,134_0000_061,256,6108,1696
134_0000,134_0000_062,256,6447,1888
134_0000,134_0000_063,256,6813,2252
134_0000,134_0000_064,256,7173,2308
134_0000,134_0000_065,256,7545,2776
134_0000,134_0000_066,256,7962,3036
134_0000,134_0000_067,256,8289,3168
134_0000,134_0000_068,256,8826,3120
134_0000,134_0000_069,256,9393,3164
134_0000,134_0000_070,256,9708,3300
134_0000,134_0000_071,256,9882,3416
134_0000,134_0000_072,256,10113,3412
134_0000,134_0000_073,256,10512,3708
134_0000,134_0000_074,256,10923,3916
134_0000,134_0000_075,256,11559,4100
134_0000,134_0000_076,256,12105,4188
134_0000,134_0000_077,256,12744,4340
134_0000,134_0000_078,256,13482,4296
134_0000,134_0000_079,256,13947,4240
134_0000,134_0000_080,256,14565,4544
134_0000,134_0000_081,256,15165,4584
134_0000,134_0000_082,256,15768,4716
134_0000,134_0000_083,256,16452,4764
134_0000,134_0000_084,256,17133,4760
134_0000,134_0000_085,256,17745,4916
134_0000,134_0000_086,256,18405,4832
134_0000,134_0000_087,256,19068,5080
134_0000,134_0000_088,256,19791,5152
134_0000,134_0000_089,256,20460,4964
134_0000,134_0000_090,256,21285,4728
134_0000,134_0000_091,256,22077,4324
134_0000,134_0000_092,256,22848,4588
134_0000,134_0000_093,256,23586,4296
134_0000,134_0000_094,256,24279,4608
134_0000,134_0000_095,256,25248,5104
134_0000,134_0000_096,256,26085,5116
134_0000,134_0000_097,256,26799,5068
134_0000,134_0000_098,256,27579,5140
134_0000,134_0000_099,256,28254,5288
134_0000,134_0000_100,256,28908,4988
134_0000,134_0000_101,256,29508,4688
134_0000,134_0000_102,256,30243,4624
134_0000,134_0000_103,256,30678,4376
134_0000,134_0000_104,256,31362,4680
134_0000,134_0000_105,256,31947,4448
134_0000,134_0000_106,256,32547,3972
134_0000,134_0000_107,256,33570,3192
134_0000,134_0000_108,256,34434,3328
134_0000,134_0000_109,256,35211,3140
134_0000,134_0000_110,256,35940,2792
134_0000,134_0000_111,256,36693,2828
134_0000,134_0000_112,256,37356,4152
134_0000,134_0000_113,256,38304,4960
134_0000,134_0000_114,256,39033,4708
134_0000,134_0000_115,256,39687,4292
134_0000,134_0000_116,256,40500,3956
134_0000,134_0000_117,256,41109,4660
134_0000,134_0000_118,256,41718,4660
134_0000,134_0000_119,256,42165,3920
134_0000,134_0000_120,256,42873,2848
134_0000,134_0000_121,256,43599,2444
134_0000,134_0000_122,256,44625,2124
134_0000,134_0000_123,256,46101,2312
134_0000,134_0000_124,256,46989,2332
134_0000,134_0000_125,256,46935,2368
134_0000,134_0000_126,256,46962,2568
134_0000,134_0000_127,256,46986,2860
134_0000,134_0000_128,256,47043,3368
134_0000,134_0000_129,256,47046,3096
134_0000,134_0000_130,256,46986,3524
134_0000,134_0000_131,256,46977,4252
134_0000,134_0000_132,256,46935,4664
134_0000,134_0000_133,256,46902,4484
134_0000,134_0000_134,256,46713,4024
134_0000,134_0000_135,256,46146,3748
134_0000,134_0000_136,256,45876,3460
134_0000,134_0000_137,256,45432,3024
134_0000,134_0000_138,256,44913,3196
134_0000,134_0000_139,256,44931,3132
134_0000,134_0000_140,256,45234,3196
134_0000,134_0000_141,256,45372,3356
134_0000,134_0000_142,256,45513,4016
134_0000,134_0000_143,256,45870,3720
134_0000,134_0000_144,256,46119,3796
134_0000,134_0000_145,256,46473,3940
134_0000,134_0000_146,256,46704,4444
134_0000,134_0000_147,256,46746,4508
134_0000,134_0000_148,256,46875,4328
134_0000,134_0000_149,256,47022,4536
134_0000,134_0000_150,256,47139,4168
134_0000,134_0000_151,256,47238,4100
134_0000,134_0000_152,256,47307,4256
134_0000,134_0000_153,256,47652,3532
134_0000,134_0000_154,256,47835,3640
134_0000,134_0000_155,256,48042,3644
134_0000,134_0000_156,256,48066,4088
134_0000,134_0000_157,256,47958,4280
134_0000,134_0000_158,256,48012,4808
134_0000,134_0000_159,256,48018,4720
134_0000,134_0000_160,256,47922,4616
134_0000,134_0000_161,256,47928,4984
134_0000,134_0000_162,256,47844,4744
134_0000,134_0000_163,256,47946,4268
134_0000,134_0000_164,256,48186,3280
134_0000,134_0000_165,256,48312,3404
134_0000,134_0000_166,256,48285,3692
134_0000,134_0000_167,256,48246,3824
134_0000,134_0000_168,256,48105,4160
134_0000,134_0000_169,256,48108,4124
134_0000,134_0000_170,256,48417,3636
134_0000,134_0000_171,256,48660,3144
134_0000,134_0000_172,256,48690,3084
134_0000,134_0000_173,256,48897,2444
134_0000,134_0000_174,256,48930,2392
134_0000,134_0000_175,256,48882,3032
134_0000,134_0000_176,256,48849,3272
134_0000,134_0000_177,256,48675,3188
134_0000,134_0000_178,256,48441,3420
134_0000,134_0000_179,256,48504,3664
134_0000,134_0000_180,256,48726,3512
134_0000,134_0000_181,256,48894,3232
134_0000,134_0000_182,256,49098,2964
134_0000,134_0000_183,256,49206,3292
134_0000,134_0000_184,256,49188,3084
134_0000,134_0000_185,256,49227,3024
134_0000,134_0000_186,256,49215,2916
134_0000,134_0000_187,256,49080,2860
134_0000,134_0000_188,256,49086,2864
134_0000,134_0000_189,256,49068,2840
134_0000,134_0000_190,256,49017,2960
134_0000,134_0000_191,256,48969,3340
134_0000,134_0000_192,256,48816,3664
134_0000,134_0000_193,256,48591,3260
134_0000,134_0000_194,256,48537,2632
134_0000,134_0000_195,256,48579,1876
134_0000,134_0000_196,256,48453,1088
134_0000,134_0000_197,256,48489,920
134_0000,134_0000_198,256,48528,1144
134_0000,134_0000_199,256,48528,1596
134_0000,134_0000_200,256,48450,2224
134_0000,134_0000_201,256,48327,2532
134_0000,134_0000_202,256,48222,2032
134_0000,134_0000_203,256,48093,1760
134_0000,134_0000_204,256,48003,2020
134_0000,134_0000_205,256,47934,1848
134_0000,134_0000_206,256,47925,1936
134_0000,134_0000_207,256,47940,2076
134_0000,134_0000_208,256,47856,1936
134_0000,134_0000_209,256,47901,2264
134_0000,134_0000_210,256,47934,2200
134_0000,134_0000_211,256,47940,1956
134_0000,134_0000_212,256,48072,1936
134_0000,134_0000_213,256,47997,1980
134_0000,134_0000_214,256,47997,2056
134_0000,134_0000_215,256,47931,2084
134_0000,134_0000_216,256,47925,1776
134_0000,134_0000_217,256,47967,1612
134_0000,134_0000_218,256,48066,2148
134_0000,134_0000_219,256,47991,2216
134_0000,134_0000_220,256,47946,2288
134_0000,134_0000_221,256,47898,2100
134_0000,134_0000_222,256,47904,2124
134_0000,134_0000_223,256,47868,2264
134_0000,134_0000_224,256,47793,2336
134_0000,134_0000_225,256,47709,2192
134_0000,134_0000_226,256,47577,2204
134_0000,134_0000_227,256,47490,2120
134_0000,134_0000_228,256,47349,1972
134_0000,134_0000_229,256,47130,2128
134_0000,134_0000_230,256,46980,2524
134_0000,134_0000_231,256,46779,3004
134_0000,134_0000_232,256,46701,2900
134_0000,134_0000_233,256,46647,2772
134_0000,134_0000_234,256,46407,2664
134_0000,134_0000_235,256,46206,2528
134_0000,134_0000_236,256,45906,2212
134_0000,134_0000_237,256,45678,2400
134_0000,134_0000_238,256,45456,2256
134_0000,134_0000_239,256,45279,2136
134_0000,134_0000_240,256,45051,2032
134_0000,134_0000_241,256,44712,2188
134_0000,134_0000_242,256,44355,2392
134_0000,134_0000_243,256,44100,3060
134_0000,134_0000_244,256,43782,3032
134_0000,134_0000_245,256,43401,2712
134_0000,134_0000_246,256,43065,2600
134_0000,134_0000_247,256,42810,2680
134_0000,134_0000_248,256,42555,2592
134_0000,134_0000_249,256,42324,2812
134_0000,134_0000_250,256,41862,3072
134_0000,134_0000_251,256,41511,3412
134_0000,134_0000_252,256,41226,3172
134_0000,134_0000_253,256,40902,2540
134_0000,134_0000_254,256,40629,2556
134_0000,134_0000_255,256,40344,2352
134_0000,134_0000_256,256,39939,2000
134_0000,134_0000_257,256,39711,1964
134_0000,134_0000_258,256,39348,1968
134_0000,134_0000_259,256,39042,2392
134_0000,134_0000_260,256,38673,2516
134_0000,134_0000_261,256,38316,2524
134_0000,134_0000_262,256,38052,2320
134_0000,134_0000_263,256,37737,2440
134_0000,134_0000_264,256,37374,2528
134_0000,134_0000_265,256,36972,2440
134_0000,134_0000_266,256,36591,2532
134_0000,134_0000_267,256,36117,2320
134_0000,134_0000_268,256,35703,2088
134_0000,134_0000_269,256,35352,2000
134_0000,134_0000_270,256,34929,1800
134_0000,134_0000_271,256,34569,1888
134_0000,134_0000_272,256,34095,2072
134_0000,134_0000_273,256,33723,2184
134_0000,134_0000_274,256,33255,2428
134_0000,134_0000_275,256,32904,2480
134_0000,134_0000_276,256,32694,2484
134_0000,134_0000_277,256,32247,2452
134_0000,134_0000_278,256,31803,2144
134_0000,134_0000_279,256,31206,2100
134_0000,134_0000_280,256,30762,2396
134_0000,134_0000_281,256,30288,2344
134_0000,134_0000_282,256,29781,2216
134_0000,134_0000_283,256,29262,2016
134_0000,134_0000_284,256,28704,2192
134_0000,134_0000_285,256,28191,2088
134_0000,134_0000_286,256,27615,1960
134_0000,134_0000_287,256,26985,2156
134_0000,134_0000_288,256,26322,2200
134_0000,134_0000_289,256,25734,2072
134_0000,134_0000_290,256,25200,2076
134_0000,134_0000_291,256,24498,2436
134_0000,134_0000_292,256,23862,2580
134_0000,134_0000_293,256,23418,2456
134_0000,134_0000_294,256,22845,2388
134_0000,134_0000_295,256,22299,2536
134_0000,134_0000_296,256,21768,2388
134_0000,134_0000_297,256,21258,2244
134_0000,134_0000_298,256,20652,2180
134_0000,134_0000_299,256,20103,2240
134_0000,134_0000_300,256,19476,2160
134_0000,134_0000_301,256,18948,2068
134_0000,134_0000_302,256,18399,2148
134_0000,134_0000_303,256,17889,2144
134_0000,134_0000_304,256,17394,2096
134_0000,134_0000_305,256,16881,2080
134_0000,134_0000_306,256,16353,2052
134_0000,134_0000_307,256,15837,2000
134_0000,134_0000_308,256,15324,1948
134_0000,134_0000_309,256,14715,1952
134_0000,134_0000_310,256,14172,1860
134_0000,134_0000_311,256,13629,1812
134_0000,134_0000_312,256,13155,1824
134_0000,134_0000_313,256,12609,1704
134_0000,134_0000_314,256,12123,1656
134_0000,134_0000_315,256,11586,1816
134_0000,134_0000_316,256,11064,1736
134_0000,134_0000_317,256,10536,1512
134_0000,134_0000_318,256,10026,1524
134_0000,134_0000_319,256,9489,1408
134_0000,134_0000_320,256,8907,1384
134_0000,134_0000_321,256,8376,1428
134_0000,134_0000_322,256,7767,1516
134_0000,134_0000_323,256,7176,1756
134_0000,134_0000_324,256,6735,1652
134_0000,134_0000_325,256,6243,1588
134_0000,134_0000_326,256,5811,1568
134_0000,134_0000_327,256,5301,1820
134_0000,134_0000_328,256,4839,1700
134_0000,134_0000_329,256,4407,1476
134_0000,134_0000_330,256,3975,1304
134_0000,134_0000_331,256,3564,1148
134_0000,134_0000_332,256,3132,1036
134_0000,134_0000_333,256,2655,1080
134_0000,134_0000_334,256,2205,932
134_0000,134_0000_335,256,1824,736
134_0000,134_0000_336,256,1488,644
134_0000,134_0000_337,256,1179,508
134_0000,134_0000_338,256,984,440
134_0000,134_0000_339,256,777,376
134_0000,134_0000_340,256,525,268
134_0000,134_0000_341,256,201,152
134_0000,134_0000_342,256,0,0
134_0000,134_0000_343,256,0,0
134_0000,134_0000_344,256,0,0
134_0000,134_0000_345,256,0,0
134_0000,134_0000_346,256,0,0
134_0000,134_0000_347,256,0,0
134_0000,134_0000_348,256,0,0
134_0000,134_0000_349,256,0,0
134_0000,134_0000_350,256,0,0
134_0000,134_0000_351,256,0,0
134_0000,134_0000_352,256,0,0
135_0000,135_0000_000,256,0,0
135_0000,135_0000_001,256,0,0
135_0000,135_0000_002,256,0,0
135_0000,135_0000_003,256,0,0
135_0000,135_0000_004,256,0,0
135_0000,135_0000_005,256,0,0
135_0000,135_0000_006,256,0,0
135_0000,135_0000_007,256,0,0
135_0000,135_0000_008,256,0,0
135_0000,135_0000_009,256,0,0
135_0000,135_0000_010,256,0,0
135_0000,135_0000_011,256,0,0
135_0000,135_0000_012,256,0,0
135_0000,135_0000_013,256,0,0
135_0000,135_0000_014,256,3,0
135_0000,135_0000_015,256,9,0
135_0000,135_0000_016,256,27,0
135_0000,135_0000_017,256,45,0
135_0000,135_0000_018,256,72,0
135_0000,135_0000_019,256,87,0
135_0000,135_0000_020,256,111,12
135_0000,135_0000_021,256,135,36
135_0000,135_0000_022,256,156,28
135_0000,135_0000_023,256,171,64
135_0000,135_0000_024,256,207,100
135_0000,135_0000_025,256,291,168
135_0000,135_0000_026,256,390,216
135_0000,135_0000_027,256,489,224
135_0000,135_0000_028,256,579,244
135_0000,135_0000_029,256,648,260
135_0000,135_0000_030,256,714,288
135_0000,135_0000_031,256,744,284
135_0000,135_0000_032,256,774,288
135_0000,135_0000_033,256,810,312
135_0000,135_0000_034,256,861,364
135_0000,135_0000_035,256,906,380
135_0000,135_0000_036,256,939,384
135_0000,135_0000_037,256,1017,388
135_0000,135_0000_038,256,1101,404
135_0000,135_0000_039,256,1212,400
135_0000,135_0000_040,256,1311,456
135_0000,135_0000_041,256,1401,500
135_0000,135_0000_042,256,1470,580
135_0000,135_0000_043,256,1575,632
135_0000,135_0000_044,256,1698,680
135_0000,135_0000_045,256,1743,688
135_0000,135_0000_046,256,1818,712
135_0000,135_0000_047,256,1854,720
135_0000,135_0000_048,256,1953,776
135_0000,135_0000_049,256,2004,820
135_0000,135_0000_050,256,2106,848
135_0000,135_0000_051,256,2199,876
135_0000,135_0000_052,256,2340,928
135_0000,135_0000_053,256,2448,960
135_0000,135_0000_054,256,2595,1000
135_0000,135_0000_055,256,2697,1012
135_0000,135_0000_056,256,2859,1072
135_0000,135_0000_057,256,3033,1128
135_0000,135_0000_058,256,3192,1176
135_0000,135_0000_059,256,3324,1196
135_0000,135_0000_060,256,3420,1244
135_0000,135_0000_061,256,3666,1272
135_0000,135_0000_062,256,3879,1328
135_0000,135_0000_063,256,4065,1404
135_0000,135_0000_064,256,4296,1480
135_0000,135_0000_065,256,4500,1512
135_0000,135_0000_066,256,4782,1744
135_0000,135_0000_067,256,5151,1980
135_0000,135_0000_068,256,5304,2036
135_0000,135_0000_069,256,5484,2024
135_0000,135_0000_070,256,5799,2176
135_0000,135_0000_071,256,6123,2272
135_0000,135_0000_072,256,6366,2364
135_0000,135_0000_073,256,6687,2476
135_0000,135_0000_074,256,7071,2624
135_0000,135_0000_075,256,7236,2688
135_0000,135_0000_076,256,7521,2816
135_0000,135_0000_077,256,7836,2944
135_0000,135_0000_078,256,8199,3008
135_0000,135_0000_079,256,8520,3040
135_0000,135_0000_080,256,8793,3068
135_0000,135_0000_081,256,9111,3136
135_0000,135_0000_082,256,9522,3404
135_0000,135_0000_083,256,10056,3448
135_0000,135_0000_084,256,10368,3556
135_0000,135_0000_085,256,10503,3460
135_0000,135_0000_086,256,11094,3524
135_0000,135_0000_087,256,11478,3448
135_0000,135_0000_088,256,11961,3948
135_0000,135_0000_089,256,12189,4184
135_0000,135_0000_090,256,12531,4260
135_0000,135_0000_091,256,12942,4396
135_0000,135_0000_092,256,13440,4648
135_0000,135_0000_093,256,13749,4760
135_0000,135_0000_094,256,14076,4776
135_0000,135_0000_095,256,14472,4880
135_0000,135_0000_096,256,14907,5048
135_0000,135_0000_097,256,15270,5148
135_0000,135_0000_098,256,15783,5160
135_0000,135_0000_099,256,16284,5364
135_0000,135_0000_100,256,16689,5576
135_0000,135_0000_101,256,17100,5708
135_0000,135_0000_102,256,17637,5940
135_0000,135_0000_103,256,18153,6048
135_0000,135_0000_104,256,18753,5988
135_0000,135_0000_105,256,19329,5964
135_0000,135_0000_106,256,19872,6032
135_0000,135_0000_107,256,20298,6180
135_0000,135_0000_108,256,20652,5980
135_0000,135_0000_109,256,21300,6076
135_0000,135_0000_110,256,21819,5832
135_0000,135_0000_111,256,22206,5360
135_0000,135_0000_112,256,22686,4912
135_0000,135_0000_113,256,23247,4748
135_0000,135_0000_114,256,23868,5168
135_0000,135_0000_115,256,24603,5552
135_0000,135_0000_116,256,25353,5796
135_0000,135_0000_117,256,26301,5956
135_0000,135_0000_118,256,27336,6072
135_0000,135_0000_119,256,28383,5900
135_0000,135_0000_120,256,29316,5584
135_0000,135_0000_121,256,30261,6028
135_0000,135_0000_122,256,30999,6460
135_0000,135_0000_123,256,31533,6604
135_0000,135_0000_124,256,32058,6680
135_0000,135_0000_125,256,32526,6672
135_0000,135_0000_126,256,33600,6892
135_0000,135_0000_127,256,34212,7268
135_0000,135_0000_128,256,34845,7252
135_0000,135_0000_129,256,35433,7352
135_0000,135_0000_130,256,35988,7732
135_0000,135_0000_131,256,35958,8236
135_0000,135_0000_132,256,35976,8552
135_0000,135_0000_133,256,36066,7764
135_0000,135_0000_134,256,36147,7524
135_0000,135_0000_135,256,36156,6544
135_0000,135_0000_136,256,36207,5856
135_0000,135_0000_137,256,36246,6128
135_0000,135_0000_138,256,36309,5932
135_0000,135_0000_139,256,36240,5408
135_0000,135_0000_140,256,36267,5860
135_0000,135_0000_141,256,36189,6240
135_0000,135_0000_142,256,36189,6016
135_0000,135_0000_143,256,36324,5708
135_0000,135_0000_144,256,36510,5876
135_0000,135_0000_145,256,36648,5044
135_0000,135_0000_146,256,36585,4480
135_0000,135_0000_147,256,36525,4540
135_0000,135_0000_148,256,36423,4120
135_0000,135_0000_149,256,36414,4064
135_0000,135_0000_150,256,36264,4700
135_0000,135_0000_151,256,36144,4576
135_0000,135_0000_152,256,36201,4252
135_0000,135_0000_153,256,36153,4288
135_0000,135_0000_154,256,36141,4316
135_0000,135_0000_155,256,36066,3784
135_0000,135_0000_156,256,35922,3836
135_0000,135_0000_157,256,35931,4084
135_0000,135_0000_158,256,36006,4096
135_0000,135_0000_159,256,36033,4556
135_0000,135_0000_160,256,36027,4596
135_0000,135_0000_161,256,35961,4076
135_0000,135_0000_162,256,36027,4224
135_0000,135_0000_163,256,35946,3980
135_0000,135_0000_164,256,35784,3528
135_0000,135_0000_165,256,35664,3428
135_0000,135_0000_166,256,35742,2920
135_0000,135_0000_167,256,35808,2896
135_0000,135_0000_168,256,35568,3304
135_0000,135_0000_169,256,35367,2960
135_0000,135_0000_170,256,35142,2684
135_0000,135_0000_171,256,35115,2312
135_0000,135_0000_172,256,34872,2068
135_0000,135_0000_173,256,34701,1736
135_0000,135_0000_174,256,34701,1880
135_0000,135_0000_175,256,34668,1992
135_0000,135_0000_176,256,34782,1676
135_0000,135_0000_177,256,34755,1404
135_0000,135_0000_178,256,34785,1376
135_0000,135_0000_179,256,34779,1580
135_0000,135_0000_180,256,34782,1992
135_0000,135_0000_181,256,34809,2700
135_0000,135_0000_182,256,34773,3072
135_0000,135_0000_183,256,34935,3508
135_0000,135_0000_184,256,35091,3420
135_0000,135_0000_185,256,35229,4032
135_0000,135_0000_186,256,35454,3892
135_0000,135_0000_187,256,35604,3884
135_0000,135_0000_188,256,35664,4000
135_0000,135_0000_189,256,35868,3592
135_0000,135_0000_190,256,36243,3212
135_0000,135_0000_191,256,36873,3604
135_0000,135_0000_192,256,36885,3876
135_0000,135_0000_193,256,36672,3968
135_0000,135_0000_194,256,36711,3616
135_0000,135_0000_195,256,36669,3900
135_0000,135_0000_196,256,36714,3888
135_0000,135_0000_197,256,36765,4132
135_0000,135_0000_198,256,36957,4336
135_0000,135_0000_199,256,37089,4732
135_0000,135_0000_200,256,37161,5088
135_0000,135_0000_201,256,37176,4524
135_0000,135_0000_202,256,37047,4828
135_0000,135_0000_203,256,36987,4716
135_0000,135_0000_204,256,36930,4824
135_0000,135_0000_205,256,36837,4884
135_0000,135_0000_206,256,36873,4824
135_0000,135_0000_207,256,36660,4864
135_0000,135_0000_208,256,36396,4756
135_0000,135_0000_209,256,36240,4868
135_0000,135_0000_210,256,36114,4224
135_0000,135_0000_211,256,35874,3976
135_0000,135_0000_212,256,35766,3604
135_0000,135_0000_213,256,35706,3520
135_0000,135_0000_214,256,35664,3900
135_0000,135_0000_215,256,35535,3616
135_0000,135_0000_216,256,35406,3496
135_0000,135_0000_217,256,35403,3724
135_0000,135_0000_218,256,35352,3688
135_0000,135_0000_219,256,35268,3464
135_0000,135_0000_220,256,35247,4096
135_0000,135_0000_221,256,35016,4048
135_0000,135_0000_222,256,34896,3500
135_0000,135_0000_223,256,34857,3268
135_0000,135_0000_224,256,34944,3148
135_0000,135_0000_225,256,34854,3508
135_0000,135_0000_226,256,34668,3584
135_0000,135_0000_227,256,34569,3860
135_0000,135_0000_228,256,34443,3416
135_0000,135_0000_229,256,34347,2992
135_0000,135_0000_230,256,34185,3204
135_0000,135_0000_231,256,34035,2812
135_0000,135_0000_232,256,34047,2764
135_0000,135_0000_233,256,33897,3216
135_0000,135_0000_234,256,33909,3352
135_0000,135_0000_235,256,33942,3136
135_0000,135_0000_236,256,33816,2652
135_0000,135_0000_237,256,33657,2756
135_0000,135_0000_238,256,33528,1924
135_0000,135_0000_239,256,33513,1824
135_0000,135_0000_240,256,33264,2376
135_0000,135_0000_241,256,33303,2700
135_0000,135_0000_242,256,33075,2740
135_0000,135_0000_243,256,32841,2876
135_0000,135_0000_244,256,32535,2932
135_0000,135_0000_245,256,32286,2956
135_0000,135_0000_246,256,32037,2852
135_0000,135_0000_247,256,31821,2920
135_0000,135_0000_248,256,31545,3044
135_0000,135_0000_249,256,31173,2544
135_0000,135_0000_250,256,30936,2536
135_0000,135_0000_251,256,30807,2520
135_0000,135_0000_252,256,30573,2844
135_0000,135_0000_253,256,30246,3352
135_0000,135_0000_254,256,29994,3144
135_0000,135_0000_255,256,29781,3184
135_0000,135_0000_256,256,29595,2728
135_0000,135_0000_257,256,29301,2356
135_0000,135_0000_258,256,29022,2772
135_0000,135_0000_259,256,28779,2532
135_0000,135_0000_260,256,28473,2448
135_0000,135_0000_261,256,28197,2440
135_0000,135_0000_262,256,27921,2684
135_0000,135_0000_263,256,27600,2980
135_0000,135_0000_264,256,27198,3056
135_0000,135_0000_265,256,26826,3100
135_0000,135_0000_266,256,26538,3204
135_0000,135_0000_267,256,26160,3208
135_0000,135_0000_268,256,25794,2924
135_0000,135_0000_269,256,25419,2812
135_0000,135_0000_270,256,25095,2604
135_0000,135_0000_271,256,24804,2472
135_0000,135_0000_272,256,24471,2732
135_0000,135_0000_273,256,24114,2600
135_0000,135_0000_274,256,23751,2408
135_0000,135_0000_275,256,23397,2464
135_0000,135_0000_276,256,23121,2544
135_0000,135_0000_277,256,22824,2404
135_0000,135_0000_278,256,22536,2576
135_0000,135_0000_279,256,22269,2824
135_0000,135_0000_280,256,21990,2704
135_0000,135_0000_281,256,21660,2800
135_0000,135_0000_282,256,21333,2832
135_0000,135_0000_283,256,21168,2672
135_0000,135_0000_284,256,20940,2536
135_0000,135_0000_285,256,20652,2268
135_0000,135_0000_286,256,20436,1968
135_0000,135_0000_287,256,20199,2120
135_0000,135_0000_288,256,19947,2304
135_0000,135_0000_289,256,19674,2228
135_0000,135_0000_290,256,19419,2240
135_0000,135_0000_291,256,19125,2084
135_0000,135_0000_292,256,18846,1968
135_0000,135_0000_293,256,18636,1768
135_0000,135_0000_294,256,18441,1712
135_0000,135_0000_295,256,18309,2032
135_0000,135_0000_296,256,18186,1916
135_0000,135_0000_297,256,17922,1960
135_0000,135_0000_298,256,17652,1992
135_0000,135_0000_299,256,17325,2104
135_0000,135_0000_300,256,16938,2184
135_0000,135_0000_301,256,16626,2224
135_0000,135_0000_302,256,16278,1984
135_0000,135_0000_303,256,15900,1916
135_0000,135_0000_304,256,15555,1792
135_0000,135_0000_305,256,15168,1880
135_0000,135_0000_306,256,14799,1944
135_0000,135_0000_307,256,14358,1964
135_0000,135_0000_308,256,13974,1944
135_0000,135_0000_309,256,13593,1916
135_0000,135_0000_310,256,13227,2024
135_0000,135_0000_311,256,12891,2132
135_0000,135_0000_312,256,12531,1912
135_0000,135_0000_313,256,12126,2164
135_0000,135_0000_314,256,11820,2120
135_0000,135_0000_315,256,11427,2244
135_0000,135_0000_316,256,11109,2184
135_0000,135_0000_317,256,10758,2148
135_0000,135_0000_318,256,10434,1924
135_0000,135_0000_319,256,9999,2176
135_0000,135_0000_320,256,9588,2268
135_0000,135_0000_321,256,9240,2484
135_0000,135_0000_322,256,8826,2184
135_0000,135_0000_323,256,8427,2084
135_0000,135_0000_324,256,7974,2088
135_0000,135_0000_325,256,7473,2060
135_0000,135_0000_326,256,7011,1888
135_0000,135_0000_327,256,6516,2108
135_0000,135_0000_328,256,6024,1980
135_0000,135_0000_329,256,5541,1768
135_0000,135_0000_330,256,5079,1548
135_0000,135_0000_331,256,4602,1488
135_0000,135_0000_332,256,4122,1176
135_0000,135_0000_333,256,3624,1100
135_0000,135_0000_334,256,3051,912
135_0000,135_0000_335,256,2613,700
135_0000,135_0000_336,256,2136,568
135_0000,135_0000_337,256,1695,592
135_0000,135_0000_338,256,1152,496
135_0000,135_0000_339,256,633,300
135_0000,135_0000_340,256,429,216
135_0000,135_0000_341,256,210,108
135_0000,135_0000_342,256,0,0
135_0000,135_0000_343,256,0,0
135_0000,135_0000_344,256,0,0
135_0000,135_0000_345,256,0,0
135_0000,135_0000_346,256,0,0
135_0000,135_0000_347,256,0,0
135_0000,135_0000_348,256,0,0
135_0000,135_0000_349,256,0,0
135_0000,135_0000_350,256,0,0
135_0000,135_0000_351,256,0,0
135_0000,135_0000_352,256,0,0
135_0000,135_0000_353,256,0,0
135_0000,135_0000_354,256,0,0
135_0000,135_0000_355,256,0,0
135_0000,135_0000_356,256,0,0
135_0000,135_0000_357,256,0,0
135_0000,135_0000_358,256,0,0
135_0000,135_0000_359,256,0,0
135_0000,135_0000_360,256,0,0
135_0000,135_0000_361,256,0,0
135_0000,135_0000_362,256,0,0
135_0000,135_0000_363,256,0,0
135_0000,135_0000_364,256,0,0
135_0000,135_0000_365,256,0,0
135_0000,135_0000_366,256,0,0
136_0000,136_0000_000,256,0,0
136_0000,136_0000_001,256,0,0
136_0000,136_0000_002,256,0,0
136_0000,136_0000_003,256,0,0
136_0000,136_0000_004,256,0,0
136_0000,136_0000_005,256,0,0
136_0000,136_0000_006,256,0,0
136_0000,136_0000_007,256,0,0
136_0000,136_0000_008,256,0,0
136_0000,136_0000_009,256,0,0
136_0000,136_0000_010,256,0,0
136_0000,136_0000_011,256,0,0
136_0000,136_0000_012,256,0,0
136_0000,136_0000_013,256,0,0
136_0000,136_0000_014,256,0,0
136_0000,136_0000_015,256,0,0
136_0000,136_0000_016,256,0,0
136_0000,136_0000_017,256,0,0
136_0000,136_0000_018,256,0,0
136_0000,136_0000_019,256,0,0
136_0000,136_0000_020,256,0,0
136_0000,136_0000_021,256,0,0
136_0000,136_0000_022,256,0,0
136_0000,136_0000_023,256,0,0
136_0000,136_0000_024,256,0,0
136_0000,136_0000_025,256,0,0
136_0000,136_0000_026,256,0,0
136_0000,136_0000_027,256,0,0
136_0000,136_0000_028,256,0,0
136_0000,136_0000_029,256,0,0
136_0000,136_0000_030,256,0,0
136_0000,136_0000_031,256,0,0
136_0000,136_0000_032,256,0,0
136_0000,136_0000_033,256,0,0
136_0000,136_0000_034,256,0,0
136_0000,136_0000_035,256,0,0
136_0000,136_0000_036,256,0,0
136_0000,136_0000_037,256,0,0
136_0000,136_0000_038,256,0,0
136_0000,136_0000_039,256,0,0
136_0000,136_0000_040,256,0,0
136_0000,136_0000_041,256,0,0
136_0000,136_0000_042,256,0,0
136_0000,136_0000_043,256,0,0
136_0000,136_0000_044,256,0,0
136_0000,136_0000_045,256,0,0
136_0000,136_0000_046,256,0,0
136_0000,136_0000_047,256,0,0
136_0000,136_0000_048,256,0,0
136_0000,136_0000_049,256,0,0
136_0000,136_0000_050,256,0,0
136_0000,136_0000_051,256,24,0
136_0000,136_0000_052,256,51,0
136_0000,136_0000_053,256,81,0
136_0000,136_0000_054,256,111,0
136_0000,136_0000_055,256,132,0
136_0000,136_0000_056,256,135,0
136_0000,136_0000_057,256,156,36
136_0000,136_0000_058,256,213,132
136_0000,136_0000_059,256,261,120
136_0000,136_0000_060,256,282,152
136_0000,136_0000_061,256,324,188
136_0000,136_0000_062,256,411,264
136_0000,136_0000_063,256,480,296
136_0000,136_0000_064,256,546,316
136_0000,136_0000_065,256,672,348
136_0000,136_0000_066,256,777,392
136_0000,136_0000_067,256,963,388
136_0000,136_0000_068,256,1011,404
136_0000,136_0000_069,256,1227,468
136_0000,136_0000_070,256,1323,500
136_0000,136_0000_071,256,1398,524
136_0000,136_0000_072,256,1530,556
136_0000,136_0000_073,256,1728,612
136_0000,136_0000_074,256,1956,692
136_0000,136_0000_075,256,2271,816
136_0000,136_0000_076,256,2472,916
136_0000,136_0000_077,256,2598,960
136_0000,136_0000_078,256,2883,1072
136_0000,136_0000_079,256,3117,1224
136_0000,136_0000_080,256,3369,1272
136_0000,136_0000_081,256,3747,1456
136_0000,136_0000_082,256,4125,1620
136_0000,136_0000_083,256,4482,1852
136_0000,136_0000_084,256,4764,1920
136_0000,136_0000_085,256,5061,2056
136_0000,136_0000_086,256,5475,2200
136_0000,136_0000_087,256,5886,2304
136_0000,136_0000_088,256,6360,2500
136_0000,136_0000_089,256,6846,2676
136_0000,136_0000_090,256,7326,2948
136_0000,136_0000_091,256,7761,3084
136_0000,136_0000_092,256,8256,3236
136_0000,136_0000_093,256,8646,3408
136_0000,136_0000_094,256,9156,3580
136_0000,136_0000_095,256,9633,3664
136_0000,136_0000_096,256,10053,3832
136_0000,136_0000_097,256,10548,3984
136_0000,136_0000_098,256,11244,4020
136_0000,136_0000_099,256,11973,4184
136_0000,136_0000_100,256,12615,4536
136_0000,136_0000_101,256,13272,4708
136_0000,136_0000_102,256,13806,4724
136_0000,136_0000_103,256,14532,4540
136_0000,136_0000_104,256,15123,4548
136_0000,136_0000_105,256,15963,5156
136_0000,136_0000_106,256,16740,5964
136_0000,136_0000_107,256,17370,6048
136_0000,136_0000_108,256,18171,6044
136_0000,136_0000_109,256,18831,6140
136_0000,136_0000_110,256,19584,6096
136_0000,136_0000_111,256,20316,5760
136_0000,136_0000_112,256,21132,5772
136_0000,136_0000_113,256,22125,5928
136_0000,136_0000_114,256,23163,6304
136_0000,136_0000_115,256,24081,7304
136_0000,136_0000_116,256,25479,6996
136_0000,136_0000_117,256,26247,7140
136_0000,136_0000_118,256,26826,6792
136_0000,136_0000_119,256,27315,7224
136_0000,136_0000_120,256,27840,6896
136_0000,136_0000_121,256,28263,6788
136_0000,136_0000_122,256,28695,7276
136_0000,136_0000_123,256,29046,7184
136_0000,136_0000_124,256,29622,6608
136_0000,136_0000_125,256,30459,7160
136_0000,136_0000_126,256,31155,7104
136_0000,136_0000_127,256,31662,7268
136_0000,136_0000_128,256,31671,7432
136_0000,136_0000_129,256,31755,7476
136_0000,136_0000_130,256,31821,7612
136_0000,136_0000_131,256,31983,7924
136_0000,136_0000_132,256,32247,8012
136_0000,136_0000_133,256,32493,8292
136_0000,136_0000_134,256,32544,8396
136_0000,136_0000_135,256,32778,8408
136_0000,136_0000_136,256,32898,8040
136_0000,136_0000_137,256,33072,7588
136_0000,136_0000_138,256,33363,6836
136_0000,136_0000_139,256,33618,6804
136_0000,136_0000_140,256,33870,6856
136_0000,136_0000_141,256,34200,7096
136_0000,136_0000_142,256,34593,6168
136_0000,136_0000_143,256,34938,5684
136_0000,136_0000_144,256,34986,5232
136_0000,136_0000_145,256,35220,4952
136_0000,136_0000_146,256,35538,5040
136_0000,136_0000_147,256,35958,4764
136_0000,136_0000_148,256,36342,4604
136_0000,136_0000_149,256,36861,4236
136_0000,136_0000_150,256,37524,4172
136_0000,136_0000_151,256,38004,4332
136_0000,136_0000_152,256,38388,4444
136_0000,136_0000_153,256,38778,4512
136_0000,136_0000_154,256,39171,4632
136_0000,136_0000_155,256,39594,4776
136_0000,136_0000_156,256,39861,4924
136_0000,136_0000_157,256,40314,5068
136_0000,136_0000_158,256,40701,5104
136_0000,136_0000_159,256,40977,5328
136_0000,136_0000_160,256,41406,5224
136_0000,136_0000_161,256,41967,5392
136_0000,136_0000_162,256,42510,5768
136_0000,136_0000_163,256,43263,6036
136_0000,136_0000_164,256,43173,6160
136_0000,136_0000_165,256,43356,5896
136_0000,136_0000_166,256,43449,5736
136_0000,136_0000_167,256,43629,5384
136_0000,136_0000_168,256,43467,5332
136_0000,136_0000_169,256,43200,4760
136_0000,136_0000_170,256,42993,4276
136_0000,136_0000_171,256,42891,4180
136_0000,136_0000_172,256,42813,3820
136_0000,136_0000_173,256,42942,3720
136_0000,136_0000_174,256,43098,3756
136_0000,136_0000_175,256,43272,3624
136_0000,136_0000_176,256,43626,4088
136_0000,136_0000_177,256,43959,3988
136_0000,136_0000_178,256,43791,3972
136_0000,136_0000_179,256,43926,4020
136_0000,136_0000_180,256,43890,3900
136_0000,136_0000_181,256,44001,4132
136_0000,136_0000_182,256,44376,4516
136_0000,136_0000_183,256,44673,4740
136_0000,136_0000_184,256,44733,4920
136_0000,136_0000_185,256,44757,5152
136_0000,136_0000_186,256,44709,5048
136_0000,136_0000_187,256,45006,4928
136_0000,136_0000_188,256,44994,4628
136_0000,136_0000_189,256,45063,4240
136_0000,136_0000_190,256,45333,4236
136_0000,136_0000_191,256,45642,4136
136_0000,136_0000_192,256,45663,3804
136_0000,136_0000_193,256,45687,3376
136_0000,136_0000_194,256,45939,3648
136_0000,136_0000_195,256,46212,3784
136_0000,136_0000_196,256,46221,3912
136_0000,136_0000_197,256,46305,3584
136_0000,136_0000_198,256,46359,3496
136_0000,136_0000_199,256,46353,3368
136_0000,136_0000_200,256,46308,3468
136_0000,136_0000_201,256,46284,3920
136_0000,136_0000_202,256,46161,4208
136_0000,136_0000_203,256,46101,4264
136_0000,136_0000_204,256,45954,4192
136_0000,136_0000_205,256,45831,4128
136_0000,136_0000_206,256,45552,3932
136_0000,136_0000_207,256,45291,3908
136_0000,136_0000_208,256,45111,3772
136_0000,136_0000_209,256,45012,3588
136_0000,136_0000_210,256,45078,3472
136_0000,136_0000_211,256,45150,3472
136_0000,136_0000_212,256,45057,3520
136_0000,136_0000_213,256,44961,3660
136_0000,136_0000_214,256,44709,3824
136_0000,136_0000_215,256,44493,3596
136_0000,136_0000_216,256,44229,3512
136_0000,136_0000_217,256,44049,3436
136_0000,136_0000_218,256,43989,3660
136_0000,136_0000_219,256,43749,3820
136_0000,136_0000_220,256,43575,4008
136_0000,136_0000_221,256,43446,3976
136_0000,136_0000_222,256,43176,3876
136_0000,136_0000_223,256,43059,4012
136_0000,136_0000_224,256,43113,3968
136_0000,136_0000_225,256,43146,4412
136_0000,136_0000_226,256,42978,4620
136_0000,136_0000_227,256,42840,4368
136_0000,136_0000_228,256,42852,4160
136_0000,136_0000_229,256,42966,3984
136_0000,136_0000_230,256,42903,3892
136_0000,136_0000_231,256,42777,3688
136_0000,136_0000_232,256,42594,3780
136_0000,136_0000_233,256,42498,4192
136_0000,136_0000_234,256,42342,4196
136_0000,136_0000_235,256,42237,4212
136_0000,136_0000_236,256,42012,4164
136_0000,136_0000_237,256,42060,4444
136_0000,136_0000_238,256,42114,4256
136_0000,136_0000_239,256,42219,3948
136_0000,136_0000_240,256,42615,3964
136_0000,136_0000_241,256,42567,3960
136_0000,136_0000_242,256,42447,3704
136_0000,136_0000_243,256,42546,3652
136_0000,136_0000_244,256,42471,3320
136_0000,136_0000_245,256,42243,3196
136_0000,136_0000_246,256,42006,3200
136_0000,136_0000_247,256,41757,3176
136_0000,136_0000_248,256,41547,3184
136_0000,136_0000_249,256,41292,3256
136_0000,136_0000_250,256,40971,3044
136_0000,136_0000_251,256,40635,2948
136_0000,136_0000_252,256,40347,2824
136_0000,136_0000_253,256,40014,2844
136_0000,136_0000_254,256,39825,2948
136_0000,136_0000_255,256,39540,3080
136_0000,136_0000_256,256,39159,3332
136_0000,136_0000_257,256,38934,3424
136_0000,136_0000_258,256,38745,3172
136_0000,136_0000_259,256,38475,2936
136_0000,136_0000_260,256,38208,2924
136_0000,136_0000_261,256,38013,3136
136_0000,136_0000_262,256,37860,3268
136_0000,136_0000_263,256,37839,3488
136_0000,136_0000_264,256,37728,3664
136_0000,136_0000_265,256,37578,4164
136_0000,136_0000_266,256,37407,3932
136_0000,136_0000_267,256,37233,3448
136_0000,136_0000_268,256,37005,2936
136_0000,136_0000_269,256,36726,2588
136_0000,136_0000_270,256,36549,2728
136_0000,136_0000_271,256,36402,2848
136_0000,136_0000_272,256,36198,3076
136_0000,136_0000_273,256,36009,3248
136_0000,136_0000_274,256,35733,2976
136_0000,136_0000_275,256,35508,2920
136_0000,136_0000_276,256,35244,2828
136_0000,136_0000_277,256,34983,2936
136_0000,136_0000_278,256,34782,2696
136_0000,136_0000_279,256,34515,2592
136_0000,136_0000_280,256,34230,2528
136_0000,136_0000_281,256,33957,2928
136_0000,136_0000_282,256,33603,3256
136_0000,136_0000_283,256,33366,3056
136_0000,136_0000_284,256,33078,2876
136_0000,136_0000_285,256,32898,2544
136_0000,136_0000_286,256,32637,2728
136_0000,136_0000_287,256,32355,3000
136_0000,136_0000_288,256,32091,3076
136_0000,136_0000_289,256,31755,3168
136_0000,136_0000_290,256,31461,3280
136_0000,136_0000_291,256,31137,3080
136_0000,136_0000_292,256,30852,2928
136_0000,136_0000_293,256,30570,3044
136_0000,136_0000_294,256,30285,3156
136_0000,136_0000_295,256,30009,3104
136_0000,136_0000_296,256,29763,2888
136_0000,136_0000_297,256,29430,2864
136_0000,136_0000_298,256,29031,2844
136_0000,136_0000_299,256,28695,2700
136_0000,136_0000_300,256,28302,2776
136_0000,136_0000_301,256,27939,2888
136_0000,136_0000_302,256,27549,2792
136_0000,136_0000_303,256,27189,2816
136_0000,136_0000_304,256,26814,2856
136_0000,136_0000_305,256,26391,2712
136_0000,136_0000_306,256,25947,2892
136_0000,136_0000_307,256,25434,2560
136_0000,136_0000_308,256,24939,2384
136_0000,136_0000_309,256,24453,2360
136_0000,136_0000_310,256,24015,2384
136_0000,136_0000_311,256,23571,2400
136_0000,136_0000_312,256,22983,2592
136_0000,136_0000_313,256,22407,2704
136_0000,136_0000_314,256,21933,2660
136_0000,136_0000_315,256,21450,2700
136_0000,136_0000_316,256,20967,2688
136_0000,136_0000_317,256,20412,2432
136_0000,136_0000_318,256,19956,2360
136_0000,136_0000_319,256,19446,2672
136_0000,136_0000_320,256,18909,2728
136_0000,136_0000_321,256,18495,2536
136_0000,136_0000_322,256,17964,2352
136_0000,136_0000_323,256,17538,2076
136_0000,136_0000_324,256,17121,2136
136_0000,136_0000_325,256,16674,2324
136_0000,136_0000_326,256,16221,2428
136_0000,136_0000_327,256,15762,2340
136_0000,136_0000_328,256,15318,2300
136_0000,136_0000_329,256,14847,2124
136_0000,136_0000_330,256,14424,2196
136_0000,136_0000_331,256,13938,2192
136_0000,136_0000_332,256,13470,1952
136_0000,136_0000_333,256,12921,2072
136_0000,136_0000_334,256,12447,2204
136_0000,136_0000_335,256,12015,2244
136_0000,136_0000_336,256,11628,2052
136_0000,136_0000_337,256,11277,1936
136_0000,136_0000_338,256,10842,1896
136_0000,136_0000_339,256,10395,1940
136_0000,136_0000_340,256,9990,1980
136_0000,136_0000_341,256,9555,2060
136_0000,136_0000_342,256,9186,2116
136_0000,136_0000_343,256,8742,1800
136_0000,136_0000_344,256,8373,1824
136_0000,136_0000_345,256,7914,1640
136_0000,136_0000_346,256,7515,1488
136_0000,136_0000_347,256,7158,1432
136_0000,136_0000_348,256,6648,1300
136_0000,136_0000_349,256,6129,1252
136_0000,136_0000_350,256,5733,1188
136_0000,136_0000_351,256,5346,1068
136_0000,136_0000_352,256,5001,1096
136_0000,136_0000_353,256,4563,1008
136_0000,136_0000_354,256,4104,996
136_0000,136_0000_355,256,3720,1036
136_0000,136_0000_356,256,3387,972
136_0000,136_0000_357,256,2943,1020
136_0000,136_0000_358,256,2580,960
136_0000,136_0000_359,256,2247,852
136_0000,136_0000_360,256,1845,752
136_0000,136_0000_361,256,1647,696
136_0000,136_0000_362,256,1323,560
136_0000,136_0000_363,256,1053,456
136_0000,136_0000_364,256,861,400
136_0000,136_0000_365,256,663,320
136_0000,136_0000_366,256,489,260
136_0000,136_0000_367,256,327,188
136_0000,136_0000_368,256,213,124
136_0000,136_0000_369,256,150,84
136_0000,136_0000_370,256,78,0
136_0000,136_0000_371,256,15,0
136_0000,136_0000_372,256,0,0
136_0000,136_0000_373,256,0,0
136_0000,136_0000_374,256,0,0
136_0000,136_0000_375,256,0,0
136_0000,136_0000_376,256,0,0
136_0000,136_0000_377,256,0,0
137_0000,137_0000_000,256,0,0
137_0000,137_0000_001,256,0,0
137_0000,137_0000_002,256,0,0
137_0000,137_0000_003,256,0,0
137_0000,137_0000_004,256,0,0
137_0000,137_0000_005,256,0,0
137_0000,137_0000_006,256,0,0
137_0000,137_0000_007,256,0,0
137_0000,137_0000_008,256,0,0
137_0000,137_0000_009,256,0,0
137_0000,137_0000_010,256,0,0
137_0000,137_0000_011,256,0,0
137_0000,137_0000_012,256,0,0
137_0000,137_0000_013,256,0,0
137_0000,137_0000_014,256,0,0
137_0000,137_0000_015,256,0,0
137_0000,137_0000_016,256,0,0
137_0000,137_0000_017,256,0,0
137_0000,137_0000_018,256,0,0
137_0000,137_0000_019,256,0,0
137_0000,137_0000_020,256,0,0
137_0000,137_0000_021,256,0,0
137_0000,137_0000_022,256,0,0
137_0000,137_0000_023,256,0,0
137_0000,137_0000_024,256,0,0
137_0000,137_0000_025,256,18,0
137_0000,137_0000_026,256,93,0
137_0000,137_0000_027,256,168,24
137_0000,137_0000_028,256,216,64
137_0000,137_0000_029,256,243,100
137_0000,137_0000_030,256,291,108
137_0000,137_0000_031,256,384,212
137_0000,137_0000_032,256,471,224
137_0000,137_0000_033,256,531,260
137_0000,137_0000_034,256,636,280
137_0000,137_0000_035,256,747,316
137_0000,137_0000_036,256,870,328
137_0000,137_0000_037,256,954,396
137_0000,137_0000_038,256,1077,488
137_0000,137_0000_039,256,1209,544
137_0000,137_0000_040,256,1314,584
137_0000,137_0000_041,256,1455,656
137_0000,137_0000_042,256,1614,688
137_0000,137_0000_043,256,1791,760
137_0000,137_0000_044,256,1941,780
137_0000,137_0000_045,256,2196,784
137_0000,137_0000_046,256,2526,848
137_0000,137_0000_047,256,2826,924
137_0000,137_0000_048,256,3078,960
137_0000,137_0000_049,256,3405,1156
137_0000,137_0000_050,256,3687,1172
137_0000,137_0000_051,256,4035,1384
137_0000,137_0000_052,256,4317,1536
137_0000,137_0000_053,256,4740,1536
137_0000,137_0000_054,256,5178,1732
137_0000,137_0000_055,256,5640,1976
137_0000,137_0000_056,256,6057,2028
137_0000,137_0000_057,256,6480,2016
137_0000,137_0000_058,256,6912,2076
137_0000,137_0000_059,256,7380,2308
137_0000,137_0000_060,256,7923,2536
137_0000,137_0000_061,256,8490,2724
137_0000,137_0000_062,256,8946,2860
137_0000,137_0000_063,256,9441,2920
137_0000,137_0000_064,256,9981,3036
137_0000,137_0000_065,256,10566,3132
137_0000,137_0000_066,256,11226,3316
137_0000,137_0000_067,256,11841,3448
137_0000,137_0000_068,256,12711,3612
137_0000,137_0000_069,256,13413,3668
137_0000,137_0000_070,256,14508,3008
137_0000,137_0000_071,256,15534,3124
137_0000,137_0000_072,256,16572,2960
137_0000,137_0000_073,256,17571,2992
137_0000,137_0000_074,256,18561,2856
137_0000,137_0000_075,256,19542,2952
137_0000,137_0000_076,256,20610,3348
137_0000,137_0000_077,256,21525,4136
137_0000,137_0000_078,256,22536,4020
137_0000,137_0000_079,256,23433,4040
137_0000,137_0000_080,256,24510,3892
137_0000,137_0000_081,256,25371,3596
137_0000,137_0000_082,256,26385,3672
137_0000,137_0000_083,256,27468,3480
137_0000,137_0000_084,256,28635,3260
137_0000,137_0000_085,256,29697,3196
137_0000,137_0000_086,256,30675,3192
137_0000,137_0000_087,256,31779,3336
137_0000,137_0000_088,256,33096,2944
137_0000,137_0000_089,256,34617,3544
137_0000,137_0000_090,256,36303,2956
137_0000,137_0000_091,256,37239,3424
137_0000,137_0000_092,256,37962,3124
137_0000,137_0000_093,256,38706,3144
137_0000,137_0000_094,256,39282,2968
137_0000,137_0000_095,256,39993,2832
137_0000,137_0000_096,256,40734,2896
137_0000,137_0000_097,256,41451,2300
137_0000,137_0000_098,256,42054,2456
137_0000,137_0000_099,256,42879,2796
137_0000,137_0000_100,256,43584,3264
137_0000,137_0000_101,256,44643,2992
137_0000,137_0000_102,256,45171,3304
137_0000,137_0000_103,256,45030,3276
137_0000,137_0000_104,256,44895,3312
137_0000,137_0000_105,256,44841,3648
137_0000,137_0000_106,256,44736,3608
137_0000,137_0000_107,256,44673,3228
137_0000,137_0000_108,256,44679,2372
137_0000,137_0000_109,256,44778,1184
137_0000,137_0000_110,256,44766,1124
137_0000,137_0000_111,256,44838,1588
137_0000,137_0000_112,256,44808,1596
137_0000,137_0000_113,256,44862,1736
137_0000,137_0000_114,256,44898,2256
137_0000,137_0000_115,256,44829,2400
137_0000,137_0000_116,256,44766,2476
137_0000,137_0000_117,256,44781,2320
137_0000,137_0000_118,256,44850,2228
137_0000,137_0000_119,256,44766,2420
137_0000,137_0000_120,256,44934,2384
137_0000,137_0000_121,256,44868,2364
137_0000,137_0000_122,256,44811,2216
137_0000,137_0000_123,256,44931,2096
137_0000,137_0000_124,256,44988,1840
137_0000,137_0000_125,256,44976,1696
137_0000,137_0000_126,256,45093,1432
137_0000,137_0000_127,256,45081,1296
137_0000,137_0000_128,256,45084,1196
137_0000,137_0000_129,256,45255,1024
137_0000,137_0000_130,256,45252,984
137_0000,137_0000_131,256,45186,1080
137_0000,137_0000_132,256,45069,1548
137_0000,137_0000_133,256,45039,1880
137_0000,137_0000_134,256,45105,2152
137_0000,137_0000_135,256,45162,1796
137_0000,137_0000_136,256,45183,1772
137_0000,137_0000_137,256,45111,1780
137_0000,137_0000_138,256,45072,1872
137_0000,137_0000_139,256,45024,1828
137_0000,137_0000_140,256,45141,1708
137_0000,137_0000_141,256,45087,1904
137_0000,137_0000_142,256,45060,1656
137_0000,137_0000_143,256,45138,1700
137_0000,137_0000_144,256,45186,1356
137_0000,137_0000_145,256,45267,1268
137_0000,137_0000_146,256,45351,1132
137_0000,137_0000_147,256,45471,1320
137_0000,137_0000_148,256,45606,1484
137_0000,137_0000_149,256,45696,1760
137_0000,137_0000_150,256,45747,1972
137_0000,137_0000_151,256,45765,2128
137_0000,137_0000_152,256,45777,2144
137_0000,137_0000_153,256,45891,2424
137_0000,137_0000_154,256,45957,2180
137_0000,137_0000_155,256,45885,2084
137_0000,137_0000_156,256,45939,1856
137_0000,137_0000_157,256,46020,1936
137_0000,137_0000_158,256,46143,1896
137_0000,137_0000_159,256,46263,1608
137_0000,137_0000_160,256,46374,1636
137_0000,137_0000_161,256,46434,1568
137_0000,137_0000_162,256,46506,1588
137_0000,137_0000_163,256,46542,1896
137_0000,137_0000_164,256,46572,2148
137_0000,137_0000_165,256,46611,2412
137_0000,137_0000_166,256,46701,2224
137_0000,137_0000_167,256,46800,2380
137_0000,137_0000_168,256,47037,2260
137_0000,137_0000_169,256,47199,2556
137_0000,137_0000_170,256,47307,2748
137_0000,137_0000_171,256,47406,2932
137_0000,137_0000_172,256,47466,2812
137_0000,137_0000_173,256,47697,2728
137_0000,137_0000_174,256,47796,2640
137_0000,137_0000_175,256,48051,2712
137_0000,137_0000_176,256,48147,2620
137_0000,137_0000_177,256,48330,2232
137_0000,137_0000_178,256,48414,2188
137_0000,137_0000_179,256,48426,2096
137_0000,137_0000_180,256,48504,2284
137_0000,137_0000_181,256,48498,2640
137_0000,137_0000_182,256,48405,2596
137_0000,137_0000_183,256,48300,2356
137_0000,137_0000_184,256,47973,2676
137_0000,137_0000_185,256,47997,2924
137_0000,137_0000_186,256,47988,3092
137_0000,137_0000_187,256,47787,2632
137_0000,137_0000_188,256,47589,2344
137_0000,137_0000_189,256,47535,1972
137_0000,137_0000_190,256,47619,1872
137_0000,137_0000_191,256,47496,2388
137_0000,137_0000_192,256,47421,2520
137_0000,137_0000_193,256,47472,1988
137_0000,137_0000_194,256,47244,1928
137_0000,137_0000_195,256,47307,2100
137_0000,137_0000_196,256,47262,1688
137_0000,137_0000_197,256,47205,1200
137_0000,137_0000_198,256,47142,1572
137_0000,137_0000_199,256,47169,1868
137_0000,137_0000_200,256,47157,2360
137_0000,137_0000_201,256,47280,1776
137_0000,137_0000_202,256,47289,1968
137_0000,137_0000_203,256,47388,2184
137_0000,137_0000_204,256,47358,2252
137_0000,137_0000_205,256,47382,2308
137_0000,137_0000_206,256,47337,2460
137_0000,137_0000_207,256,47388,2400
137_0000,137_0000_208,256,47211,2752
137_0000,137_0000_209,256,46929,3100
137_0000,137_0000_210,256,46818,3332
137_0000,137_0000_211,256,46686,3408
137_0000,137_0000_212,256,46590,3412
137_0000,137_0000_213,256,46560,3384
137_0000,137_0000_214,256,46449,3816
137_0000,137_0000_215,256,46422,4020
137_0000,137_0000_216,256,46449,3160
137_0000,137_0000_217,256,46464,2960
137_0000,137_0000_218,256,46515,3644
137_0000,137_0000_219,256,46623,3364
137_0000,137_0000_220,256,46620,3084
137_0000,137_0000_221,256,46521,2840
137_0000,137_0000_222,256,46473,2332
137_0000,137_0000_223,256,46347,2176
137_0000,137_0000_224,256,46239,2072
137_0000,137_0000_225,256,46215,1988
137_0000,137_0000_226,256,46224,1764
137_0000,137_0000_227,256,46176,1880
137_0000,137_0000_228,256,46071,1924
137_0000,137_0000_229,256,45756,2256
137_0000,137_0000_230,256,45570,2092
137_0000,137_0000_231,256,45588,1544
137_0000,137_0000_232,256,45456,1500
137_0000,137_0000_233,256,45228,1828
137_0000,137_0000_234,256,45156,2200
137_0000,137_0000_235,256,45024,2088
137_0000,137_0000_236,256,44814,1332
137_0000,137_0000_237,256,44667,1244
137_0000,137_0000_238,256,44421,1124
137_0000,137_0000_239,256,44085,1124
137_0000,137_0000_240,256,43914,1092
137_0000,137_0000_241,256,43782,784
137_0000,137_0000_242,256,43764,1120
137_0000,137_0000_243,256,43788,1348
137_0000,137_0000_244,256,43581,1044
137_0000,137_0000_245,256,43350,1192
137_0000,137_0000_246,256,43107,1380
137_0000,137_0000_247,256,42978,1276
137_0000,137_0000_248,256,42663,1160
137_0000,137_0000_249,256,42450,1260
137_0000,137_0000_250,256,42150,1448
137_0000,137_0000_251,256,41790,996
137_0000,137_0000_252,256,41436,972
137_0000,137_0000_253,256,41172,1260
137_0000,137_0000_254,256,40854,1084
137_0000,137_0000_255,256,40512,704
137_0000,137_0000_256,256,40029,580
137_0000,137_0000_257,256,39732,532
137_0000,137_0000_258,256,39510,368
137_0000,137_0000_259,256,39312,340
137_0000,137_0000_260,256,39111,228
137_0000,137_0000_261,256,38943,264
137_0000,137_0000_262,256,38784,472
137_0000,137_0000_263,256,38574,740
137_0000,137_0000_264,256,38313,776
137_0000,137_0000_265,256,37950,768
137_0000,137_0000_266,256,37593,1160
137_0000,137_0000_267,256,37392,1016
137_0000,137_0000_268,256,37020,796
137_0000,137_0000_269,256,36639,836
137_0000,137_0000_270,256,36228,1020
137_0000,137_0000_271,256,35913,1060
137_0000,137_0000_272,256,35523,868
137_0000,137_0000_273,256,35058,656
137_0000,137_0000_274,256,34473,704
137_0000,137_0000_275,256,34008,976
137_0000,137_0000_276,256,33669,1304
137_0000,137_0000_277,256,33270,924
137_0000,137_0000_278,256,32940,1204
137_0000,137_0000_279,256,32499,1100
137_0000,137_0000_280,256,31965,1304
137_0000,137_0000_281,256,31413,964
137_0000,137_0000_282,256,31083,1056
137_0000,137_0000_283,256,30801,1436
137_0000,137_0000_284,256,30516,1204
137_0000,137_0000_285,256,30204,1388
137_0000,137_0000_286,256,29889,1564
137_0000,137_0000_287,256,29655,1780
137_0000,137_0000_288,256,29373,1740
137_0000,137_0000_289,256,29043,1612
137_0000,137_0000_290,256,28656,1816
137_0000,137_0000_291,256,28428,1620
137_0000,137_0000_292,256,28143,1516
137_0000,137_0000_293,256,27795,1588
137_0000,137_0000_294,256,27522,1260
137_0000,137_0000_295,256,27228,1088
137_0000,137_0000_296,256,26763,788
137_0000,137_0000_297,256,26475,1096
137_0000,137_0000_298,256,26109,892
137_0000,137_0000_299,256,25611,1008
137_0000,137_0000_300,256,25215,1216
137_0000,137_0000_301,256,24831,1172
137_0000,137_0000_302,256,24462,1172
137_0000,137_0000_303,256,24027,1324
137_0000,137_0000_304,256,23541,1544
137_0000,137_0000_305,256,23154,1568
137_0000,137_0000_306,256,22767,1592
137_0000,137_0000_307,256,22236,1360
137_0000,137_0000_308,256,21735,1508
137_0000,137_0000_309,256,21462,1468
137_0000,137_0000_310,256,21099,1188
137_0000,137_0000_311,256,20655,1220
137_0000,137_0000_312,256,20352,1264
137_0000,137_0000_313,256,19917,1080
137_0000,137_0000_314,256,19530,1080
137_0000,137_0000_315,256,19104,920
137_0000,137_0000_316,256,18615,924
137_0000,137_0000_317,256,18174,944
137_0000,137_0000_318,256,17676,1084
137_0000,137_0000_319,256,17232,1428
137_0000,137_0000_320,256,16806,1252
137_0000,137_0000_321,256,16404,904
137_0000,137_0000_322,256,15945,1088
137_0000,137_0000_323,256,15528,1456
137_0000,137_0000_324,256,15096,1908
137_0000,137_0000_325,256,14553,2068
137_0000,137_0000_326,256,14046,2144
137_0000,137_0000_327,256,13497,2140
137_0000,137_0000_328,256,13038,2556
137_0000,137_0000_329,256,12483,2580
137_0000,137_0000_330,256,11925,2248
137_0000,137_0000_331,256,11430,1580
137_0000,137_0000_332,256,10959,1416
137_0000,137_0000_333,256,10536,1360
137_0000,137_0000_334,256,10062,1496
137_0000,137_0000_335,256,9672,1664
137_0000,137_0000_336,256,9285,1924
137_0000,137_0000_337,256,8769,2132
137_0000,137_0000_338,256,8187,1728
137_0000,137_0000_339,256,7728,1680
137_0000,137_0000_340,256,7089,1864
137_0000,137_0000_341,256,6429,1736
137_0000,137_0000_342,256,5967,1680
137_0000,137_0000_343,256,5496,1728
137_0000,137_0000_344,256,4722,1556
137_0000,137_0000_345,256,4107,1280
137_0000,137_0000_346,256,3627,1096
137_0000,137_0000_347,256,3186,936
137_0000,137_0000_348,256,2754,784
137_0000,137_0000_349,256,2274,728
137_0000,137_0000_350,256,1767,564
137_0000,137_0000_351,256,1080,448
137_0000,137_0000_352,256,777,376
137_0000,137_0000_353,256,534,276
137_0000,137_0000_354,256,216,108
137_0000,137_0000_355,256,165,92
137_0000,137_0000_356,256,45,0
137_0000,137_0000_357,256,12,0
137_0000,137_0000_358,256,0,0
137_0000,137_0000_359,256,0,0
137_0000,137_0000_360,256,0,0
137_0000,137_0000_361,256,0,0
137_0000,137_0000_362,256,0,0
137_0000,137_0000_363,256,0,0
137_0000,137_0000_364,256,0,0
137_0000,137_0000_365,256,0,0
137_0000,137_0000_366,256,0,0
137_0000,137_0000_367,256,0,0
137_0000,137_0000_368,256,0,0
145_0000,145_0000_000,256,0,0
145_0000,145_0000_001,256,0,0
145_0000,145_0000_002,256,0,0
145_0000,145_0000_003,256,0,0
145_0000,145_0000_004,256,0,0
145_0000,145_0000_005,256,0,0
145_0000,145_0000_006,256,0,0
145_0000,145_0000_007,256,0,0
145_0000,145_0000_008,256,0,0
145_0000,145_0000_009,256,0,0
145_0000,145_0000_010,256,0,0
145_0000,145_0000_011,256,0,0
145_0000,145_0000_012,256,0,0
145_0000,145_0000_013,256,0,0
145_0000,145_0000_014,256,0,0
145_0000,145_0000_015,256,0,0
145_0000,145_0000_016,256,0,0
145_0000,145_0000_017,256,0,0
145_0000,145_0000_018,256,0,0
145_0000,145_0000_019,256,0,0
145_0000,145_0000_020,256,0,0
145_0000,145_0000_021,256,3,0
145_0000,145_0000_022,256,24,0
145_0000,145_0000_023,256,45,0
145_0000,145_0000_024,256,51,0
145_0000,145_0000_025,256,99,0
145_0000,145_0000_026,256,186,88
145_0000,145_0000_027,256,297,132
145_0000,145_0000_028,256,516,224
145_0000,145_0000_029,256,723,292
145_0000,145_0000_030,256,876,320
145_0000,145_0000_031,256,996,340
145_0000,145_0000_032,256,1128,404
145_0000,145_0000_033,256,1293,504
145_0000,145_0000_034,256,1455,544
145_0000,145_0000_035,256,1647,592
145_0000,145_0000_036,256,1851,728
145_0000,145_0000_037,256,2097,748
145_0000,145_0000_038,256,2388,836
145_0000,145_0000_039,256,2742,1016
145_0000,145_0000_040,256,3024,1164
145_0000,145_0000_041,256,3405,1272
145_0000,145_0000_042,256,3795,1296
145_0000,145_0000_043,256,4236,1452
145_0000,145_0000_044,256,4632,1568
145_0000,145_0000_045,256,5070,1760
145_0000,145_0000_046,256,5601,1968
145_0000,145_0000_047,256,6120,2048
145_0000,145_0000_048,256,6711,2180
145_0000,145_0000_049,256,7347,2272
145_0000,145_0000_050,256,8241,2568
145_0000,145_0000_051,256,9327,2908
145_0000,145_0000_052,256,10311,3264
145_0000,145_0000_053,256,11142,3364
145_0000,145_0000_054,256,12066,3480
145_0000,145_0000_055,256,12987,3696
145_0000,145_0000_056,256,13968,3672
145_0000,145_0000_057,256,14754,3904
145_0000,145_0000_058,256,15879,3968
145_0000,145_0000_059,256,17202,3832
145_0000,145_0000_060,256,18891,3816
145_0000,145_0000_061,256,20592,3128
145_0000,145_0000_062,256,22056,3948
145_0000,145_0000_063,256,24039,3464
145_0000,145_0000_064,256,25011,3432
145_0000,145_0000_065,256,25443,4076
145_0000,145_0000_066,256,26010,4184
145_0000,145_0000_067,256,26664,3548
145_0000,145_0000_068,256,27834,2860
145_0000,145_0000_069,256,28611,2792
145_0000,145_0000_070,256,28566,3552
145_0000,145_0000_071,256,28338,3768
145_0000,145_0000_072,256,28056,3540
145_0000,145_0000_073,256,27885,3356
145_0000,145_0000_074,256,27942,3536
145_0000,145_0000_075,256,27855,3580
145_0000,145_0000_076,256,27759,3240
145_0000,145_0000_077,256,27531,3232
145_0000,145_0000_078,256,27576,3356
145_0000,145_0000_079,256,27693,3132
145_0000,145_0000_080,256,27594,3352
145_0000,145_0000_081,256,27630,3520
145_0000,145_0000_082,256,27627,3608
145_0000,145_0000_083,256,27606,3184
145_0000,145_0000_084,256,27612,3112
145_0000,145_0000_085,256,27501,3024
145_0000,145_0000_086,256,27420,3144
145_0000,145_0000_087,256,27261,2956
145_0000,145_0000_088,256,27162,2812
145_0000,145_0000_089,256,27114,2496
145_0000,145_0000_090,256,27138,2580
145_0000,145_0000_091,256,27156,2872
145_0000,145_0000_092,256,27222,3052
145_0000,145_0000_093,256,27321,2896
145_0000,145_0000_094,256,27363,2888
145_0000,145_0000_095,256,27231,3048
145_0000,145_0000_096,256,27231,3008
145_0000,145_0000_097,256,27141,2652
145_0000,145_0000_098,256,27093,2152
145_0000,145_0000_099,256,26889,2192
145_0000,145_0000_100,256,26868,2176
145_0000,145_0000_101,256,26778,2312
145_0000,145_0000_102,256,26589,2292
145_0000,145_0000_103,256,26700,2180
145_0000,145_0000_104,256,26856,2008
145_0000,145_0000_105,256,26868,2412
145_0000,145_0000_106,256,27003,2484
145_0000,145_0000_107,256,27090,2216
145_0000,145_0000_108,256,27180,2168
145_0000,145_0000_109,256,27189,1868
145_0000,145_0000_110,256,27054,2280
145_0000,145_0000_111,256,26850,2572
145_0000,145_0000_112,256,26886,2752
145_0000,145_0000_113,256,27159,2916
145_0000,145_0000_114,256,27270,2792
145_0000,145_0000_115,256,27507,1848
145_0000,145_0000_116,256,27699,1852
145_0000,145_0000_117,256,27675,1812
145_0000,145_0000_118,256,27681,1776
145_0000,145_0000_119,256,27744,1520
145_0000,145_0000_120,256,27714,1384
145_0000,145_0000_121,256,27528,992
145_0000,145_0000_122,256,27390,660
145_0000,145_0000_123,256,27321,576
145_0000,145_0000_124,256,27105,540
145_0000,145_0000_125,256,27006,1164
145_0000,145_0000_126,256,26757,1824
145_0000,145_0000_127,256,26484,2596
145_0000,145_0000_128,256,26640,2568
145_0000,145_0000_129,256,26778,2592
145_0000,145_0000_130,256,26940,2680
145_0000,145_0000_131,256,26958,3092
145_0000,145_0000_132,256,27165,2688
145_0000,145_0000_133,256,27234,2816
145_0000,145_0000_134,256,27243,2852
145_0000,145_0000_135,256,27174,2980
145_0000,145_0000_136,256,27192,2708
145_0000,145_0000_137,256,27204,2624
145_0000,145_0000_138,256,27186,2524
145_0000,145_0000_139,256,27246,2456
145_0000,145_0000_140,256,27213,2276
145_0000,145_0000_141,256,27225,2488
145_0000,145_0000_142,256,27225,2620
145_0000,145_0000_143,256,27267,2148
145_0000,145_0000_144,256,27231,2020
145_0000,145_0000_145,256,27456,1596
145_0000,145_0000_146,256,27459,1652
145_0000,145_0000_147,256,27591,1540
145_0000,145_0000_148,256,27645,1504
145_0000,145_0000_149,256,27597,1600
145_0000,145_0000_150,256,27495,1900
145_0000,145_0000_151,256,27540,2112
145_0000,145_0000_152,256,27534,2408
145_0000,145_0000_153,256,27474,2752
145_0000,145_0000_154,256,27375,2668
145_0000,145_0000_155,256,27387,2800
145_0000,145_0000_156,256,27846,2552
145_0000,145_0000_157,256,27432,2548
145_0000,145_0000_158,256,27228,2524
145_0000,145_0000_159,256,27009,2872
145_0000,145_0000_160,256,26991,3124
145_0000,145_0000_161,256,26742,3160
145_0000,145_0000_162,256,26484,3016
145_0000,145_0000_163,256,25890,2888
145_0000,145_0000_164,256,25731,2736
145_0000,145_0000_165,256,25743,2488
145_0000,145_0000_166,256,25662,2108
145_0000,145_0000_167,256,25188,1912
145_0000,145_0000_168,256,24999,2060
145_0000,145_0000_169,256,24771,2168
145_0000,145_0000_170,256,24717,1960
145_0000,145_0000_171,256,24750,1824
145_0000,145_0000_172,256,24588,1612
145_0000,145_0000_173,256,24297,1564
145_0000,145_0000_174,256,24186,1128
145_0000,145_0000_175,256,24024,1080
145_0000,145_0000_176,256,23802,1148
145_0000,145_0000_177,256,23607,1148
145_0000,145_0000_178,256,23445,1184
145_0000,145_0000_179,256,23352,1124
145_0000,145_0000_180,256,23097,1256
145_0000,145_0000_181,256,22869,1616
145_0000,145_0000_182,256,22512,1944
145_0000,145_0000_183,256,22101,2172
145_0000,145_0000_184,256,21780,2084
145_0000,145_0000_185,256,21414,2124
145_0000,145_0000_186,256,21171,1720
145_0000,145_0000_187,256,20982,1724
145_0000,145_0000_188,256,20739,1732
145_0000,145_0000_189,256,20463,1708
145_0000,145_0000_190,256,20070,1608
145_0000,145_0000_191,256,19743,1728
145_0000,145_0000_192,256,19353,1656
145_0000,145_0000_193,256,19035,1660
145_0000,145_0000_194,256,18777,1980
145_0000,145_0000_195,256,18498,2056
145_0000,145_0000_196,256,18156,1784
145_0000,145_0000_197,256,17742,1596
145_0000,145_0000_198,256,17454,1684
145_0000,145_0000_199,256,17232,1684
145_0000,145_0000_200,256,17007,1732
145_0000,145_0000_201,256,16788,1672
145_0000,145_0000_202,256,16641,1620
145_0000,145_0000_203,256,16455,1496
145_0000,145_0000_204,256,16209,1448
145_0000,145_0000_205,256,16026,1420
145_0000,145_0000_206,256,15723,1320
145_0000,145_0000_207,256,15372,1468
145_0000,145_0000_208,256,14877,1620
145_0000,145_0000_209,256,14592,1576
145_0000,145_0000_210,256,14238,1300
145_0000,145_0000_211,256,14145,1080
145_0000,145_0000_212,256,14007,912
145_0000,145_0000_213,256,13950,892
145_0000,145_0000_214,256,13860,888
145_0000,145_0000_215,256,13533,1056
145_0000,145_0000_216,256,13272,1208
145_0000,145_0000_217,256,13083,1352
145_0000,145_0000_218,256,12906,1376
145_0000,145_0000_219,256,12525,1484
145_0000,145_0000_220,256,12246,1412
145_0000,145_0000_221,256,11955,1164
145_0000,145_0000_222,256,11556,976
145_0000,145_0000_223,256,11268,1080
145_0000,145_0000_224,256,11070,980
145_0000,145_0000_225,256,10800,928
145_0000,145_0000_226,256,10587,1092
145_0000,145_0000_227,256,10326,1144
145_0000,145_0000_228,256,10101,1156
145_0000,145_0000_229,256,9768,1168
145_0000,145_0000_230,256,9573,1100
145_0000,145_0000_231,256,9261,1052
145_0000,145_0000_232,256,8937,1200
145_0000,145_0000_233,256,8712,1368
145_0000,145_0000_234,256,8376,1588
145_0000,145_0000_235,256,8169,1540
145_0000,145_0000_236,256,7776,1540
145_0000,145_0000_237,256,7425,1440
145_0000,145_0000_238,256,7134,1460
145_0000,145_0000_239,256,7023,1444
145_0000,145_0000_240,256,6735,1496
145_0000,145_0000_241,256,6279,1248
145_0000,145_0000_242,256,5970,1276
145_0000,145_0000_243,256,5754,1400
145_0000,145_0000_244,256,5448,1332
145_0000,145_0000_245,256,5274,1336
145_0000,145_0000_246,256,5160,1332
145_0000,145_0000_247,256,4752,1280
145_0000,145_0000_248,256,4293,1288
145_0000,145_0000_249,256,3960,1240
145_0000,145_0000_250,256,3651,1364
145_0000,145_0000_251,256,3069,1068
145_0000,145_0000_252,256,2622,952
145_0000,145_0000_253,256,1995,720
145_0000,145_0000_254,256,1722,620
145_0000,145_0000_255,256,1344,584
145_0000,145_0000_256,256,978,480
145_0000,145_0000_257,256,612,388
145_0000,145_0000_258,256,384,216
145_0000,145_0000_259,256,183,104
145_0000,145_0000_260,256,6,0
145_0000,145_0000_261,256,0,0
145_0000,145_0000_262,256,0,0
145_0000,145_0000_263,256,0,0
145_0000,145_0000_264,256,0,0
145_0000,145_0000_265,256,0,0
145_0000,145_0000_266,256,0,0
145_0000,145_0000_267,256,0,0
145_0000,145_0000_268,256,0,0
145_0000,145_0000_269,256,0,0
145_0000,145_0000_270,256,0,0
145_0000,145_0000_271,256,0,0
145_0000,145_0000_272,256,0,0
145_0000,145_0000_273,256,0,0
145_0000,145_0000_274,256,0,0
145_0000,145_0000_275,256,0,0
146_0000,146_0000_000,256,0,0
146_0000,146_0000_001,256,0,0
146_0000,146_0000_002,256,0,0
146_0000,146_0000_003,256,0,0
146_0000,146_0000_004,256,0,0
146_0000,146_0000_005,256,0,0
146_0000,146_0000_006,256,0,0
146_0000,146_0000_007,256,0,0
146_0000,146_0000_008,256,0,0
146_0000,146_0000_009,256,0,0
146_0000,146_0000_010,256,0,0
146_0000,146_0000_011,256,0,0
146_0000,146_0000_012,256,0,0
146_0000,146_0000_013,256,21,0
146_0000,146_0000_014,256,120,8
146_0000,146_0000_015,256,213,96
146_0000,146_0000_016,256,303,160
146_0000,146_0000_017,256,330,160
146_0000,146_0000_018,256,396,188
146_0000,146_0000_019,256,465,204
146_0000,146_0000_020,256,561,264
146_0000,146_0000_021,256,687,308
146_0000,146_0000_022,256,705,300
146_0000,146_0000_023,256,771,340
146_0000,146_0000_024,256,822,352
146_0000,146_0000_025,256,999,460
146_0000,146_0000_026,256,1056,476
146_0000,146_0000_027,256,1140,528
146_0000,146_0000_028,256,1206,552
146_0000,146_0000_029,256,1248,568
146_0000,146_0000_030,256,1341,600
146_0000,146_0000_031,256,1416,624
146_0000,146_0000_032,256,1518,660
146_0000,146_0000_033,256,1632,652
146_0000,146_0000_034,256,1632,600
146_0000,146_0000_035,256,1788,712
146_0000,146_0000_036,256,2031,836
146_0000,146_0000_037,256,2127,848
146_0000,146_0000_038,256,2121,840
146_0000,146_0000_039,256,2310,968
146_0000,146_0000_040,256,2349,924
146_0000,146_0000_041,256,2481,984
146_0000,146_0000_042,256,2553,1012
146_0000,146_0000_043,256,2697,1092
146_0000,146_0000_044,256,2799,1112
146_0000,146_0000_045,256,2967,1164
146_0000,146_0000_046,256,3210,1240
146_0000,146_0000_047,256,3402,1316
146_0000,146_0000_048,256,3594,1384
146_0000,146_0000_049,256,3735,1400
146_0000,146_0000_050,256,3906,1468
146_0000,146_0000_051,256,4158,1512
146_0000,146_0000_052,256,4431,1600
146_0000,146_0000_053,256,4677,1684
146_0000,146_0000_054,256,4881,1736
146_0000,146_0000_055,256,5118,1816
146_0000,146_0000_056,256,5364,1904
146_0000,146_0000_057,256,5643,2108
146_0000,146_0000_058,256,5886,2096
146_0000,146_0000_059,256,6069,2184
146_0000,146_0000_060,256,6441,2224
146_0000,146_0000_061,256,6711,2232
146_0000,146_0000_062,256,7029,2256
146_0000,146_0000_063,256,7515,2372
146_0000,146_0000_064,256,7962,2448
146_0000,146_0000_065,256,8400,2224
146_0000,146_0000_066,256,8673,2336
146_0000,146_0000_067,256,8940,2456
146_0000,146_0000_068,256,9252,2928
146_0000,146_0000_069,256,9561,2964
146_0000,146_0000_070,256,9756,2860
146_0000,146_0000_071,256,10086,2456
146_0000,146_0000_072,256,10404,2796
146_0000,146_0000_073,256,10617,3112
146_0000,146_0000_074,256,10899,3208
146_0000,146_0000_075,256,11187,3364
146_0000,146_0000_076,256,11472,3564
146_0000,146_0000_077,256,11811,4028
146_0000,146_0000_078,256,12177,4084
146_0000,146_0000_079,256,12432,4328
146_0000,146_0000_080,256,12813,4588
146_0000,146_0000_081,256,13227,4768
146_0000,146_0000_082,256,13602,4716
146_0000,146_0000_083,256,13872,4740
146_0000,146_0000_084,256,14247,4816
146_0000,146_0000_085,256,14574,4648
146_0000,146_0000_086,256,15015,4048
146_0000,146_0000_087,256,15381,3864
146_0000,146_0000_088,256,15744,3972
146_0000,146_0000_089,256,16008,4232
146_0000,146_0000_090,256,16359,4340
146_0000,146_0000_091,256,16788,4260
146_0000,146_0000_092,256,17277,4820
146_0000,146_0000_093,256,17703,5028
146_0000,146_0000_094,256,18096,4452
146_0000,146_0000_095,256,18381,4044
146_0000,146_0000_096,256,18861,4448
146_0000,146_0000_097,256,19293,4336
146_0000,146_0000_098,256,19878,4280
146_0000,146_0000_099,256,20418,4592
146_0000,146_0000_100,256,20913,4652
146_0000,146_0000_101,256,21354,5216
146_0000,146_0000_102,256,21888,5516
146_0000,146_0000_103,256,22446,5888
146_0000,146_0000_104,256,22950,5960
146_0000,146_0000_105,256,23457,5772
146_0000,146_0000_106,256,23958,5960
146_0000,146_0000_107,256,24414,5768
146_0000,146_0000_108,256,24825,5756
146_0000,146_0000_109,256,25305,5984
146_0000,146_0000_110,256,25701,5968
146_0000,146_0000_111,256,26094,5740
146_0000,146_0000_112,256,26673,5708
146_0000,146_0000_113,256,27216,5352
146_0000,146_0000_114,256,27798,5424
146_0000,146_0000_115,256,28383,5564
146_0000,146_0000_116,256,29001,5468
146_0000,146_0000_117,256,29667,5696
146_0000,146_0000_118,256,30321,6148
146_0000,146_0000_119,256,31077,5932
146_0000,146_0000_120,256,32106,4444
146_0000,146_0000_121,256,33114,3684
146_0000,146_0000_122,256,33957,3676
146_0000,146_0000_123,256,35091,3284
146_0000,146_0000_124,256,36015,2280
146_0000,146_0000_125,256,37323,3184
146_0000,146_0000_126,256,39168,4700
146_0000,146_0000_127,256,40395,5296
146_0000,146_0000_128,256,41493,5064
146_0000,146_0000_129,256,42525,6508
146_0000,146_0000_130,256,43794,7008
146_0000,146_0000_131,256,44958,7632
146_0000,146_0000_132,256,46452,8600
146_0000,146_0000_133,256,48102,9064
146_0000,146_0000_134,256,49458,10204
146_0000,146_0000_135,256,49485,9240
146_0000,146_0000_136,256,49578,7904
146_0000,146_0000_137,256,49209,7196
146_0000,146_0000_138,256,49542,6400
146_0000,146_0000_139,256,49818,6736
146_0000,146_0000_140,256,49815,7256
146_0000,146_0000_141,256,49974,8164
146_0000,146_0000_142,256,50196,7264
146_0000,146_0000_143,256,50328,6652
146_0000,146_0000_144,256,50475,5996
146_0000,146_0000_145,256,50469,5748
146_0000,146_0000_146,256,50199,5204
146_0000,146_0000_147,256,50055,4464
146_0000,146_0000_148,256,49803,4556
146_0000,146_0000_149,256,49503,4092
146_0000,146_0000_150,256,49269,3932
146_0000,146_0000_151,256,49191,3452
146_0000,146_0000_152,256,48972,3220
146_0000,146_0000_153,256,48765,3208
146_0000,146_0000_154,256,48519,4108
146_0000,146_0000_155,256,48204,4880
146_0000,146_0000_156,256,47856,6320
146_0000,146_0000_157,256,47646,4988
146_0000,146_0000_158,256,46839,3680
146_0000,146_0000_159,256,46584,2948
146_0000,146_0000_160,256,46704,2684
146_0000,146_0000_161,256,46875,2820
146_0000,146_0000_162,256,46755,3236
146_0000,146_0000_163,256,46236,4104
146_0000,146_0000_164,256,45987,4696
146_0000,146_0000_165,256,45867,5808
146_0000,146_0000_166,256,45936,6020
146_0000,146_0000_167,256,45741,5364
146_0000,146_0000_168,256,45531,4540
146_0000,146_0000_169,256,45342,5368
146_0000,146_0000_170,256,44979,5236
146_0000,146_0000_171,256,44232,5768
146_0000,146_0000_172,256,43812,4952
146_0000,146_0000_173,256,43500,5092
146_0000,146_0000_174,256,43557,4892
146_0000,146_0000_175,256,43392,5288
146_0000,146_0000_176,256,42999,4596
146_0000,146_0000_177,256,42516,3452
146_0000,146_0000_178,256,42285,3660
146_0000,146_0000_179,256,42108,3148
146_0000,146_0000_180,256,41898,3288
146_0000,146_0000_181,256,41643,3628
146_0000,146_0000_182,256,41460,3596
146_0000,146_0000_183,256,41235,3656
146_0000,146_0000_184,256,41124,4184
146_0000,146_0000_185,256,40965,4740
146_0000,146_0000_186,256,40968,5532
146_0000,146_0000_187,256,41079,5600
146_0000,146_0000_188,256,40872,5748
146_0000,146_0000_189,256,40599,5760
146_0000,146_0000_190,256,40350,5332
146_0000,146_0000_191,256,40086,5148
146_0000,146_0000_192,256,39729,4876
146_0000,146_0000_193,256,39423,4660
146_0000,146_0000_194,256,39258,4472
146_0000,146_0000_195,256,39198,4204
146_0000,146_0000_196,256,39306,4640
146_0000,146_0000_197,256,39147,4620
146_0000,146_0000_198,256,38904,4428
146_0000,146_0000_199,256,38745,4932
146_0000,146_0000_200,256,38682,4932
146_0000,146_0000_201,256,38655,5256
146_0000,146_0000_202,256,38595,5540
146_0000,146_0000_203,256,38265,5184
146_0000,146_0000_204,256,38079,5284
146_0000,146_0000_205,256,37881,5580
146_0000,146_0000_206,256,37857,5560
146_0000,146_0000_207,256,37953,5588
146_0000,146_0000_208,256,37653,5540
146_0000,146_0000_209,256,37446,5848
146_0000,146_0000_210,256,37191,5892
146_0000,146_0000_211,256,37083,6160
146_0000,146_0000_212,256,37005,5256
146_0000,146_0000_213,256,36831,5052
146_0000,146_0000_214,256,36645,4992
146_0000,146_0000_215,256,36552,5912
146_0000,146_0000_216,256,36459,5716
146_0000,146_0000_217,256,36384,5052
146_0000,146_0000_218,256,36315,4932
146_0000,146_0000_219,256,36249,5088
146_0000,146_0000_220,256,36180,5212
146_0000,146_0000_221,256,36180,5244
146_0000,146_0000_222,256,36063,5304
146_0000,146_0000_223,256,36105,5144
146_0000,146_0000_224,256,36075,4540
146_0000,146_0000_225,256,35859,4736
146_0000,146_0000_226,256,35661,4548
146_0000,146_0000_227,256,36006,3900
146_0000,146_0000_228,256,35979,3368
146_0000,146_0000_229,256,35805,2848
146_0000,146_0000_230,256,35592,2536
146_0000,146_0000_231,256,35322,2416
146_0000,146_0000_232,256,34935,2748
146_0000,146_0000_233,256,34713,3124
146_0000,146_0000_234,256,34425,2980
146_0000,146_0000_235,256,34101,3188
146_0000,146_0000_236,256,33765,3736
146_0000,146_0000_237,256,33483,3656
146_0000,146_0000_238,256,32976,4104
146_0000,146_0000_239,256,32580,3904
146_0000,146_0000_240,256,32304,3964
146_0000,146_0000_241,256,31890,3720
146_0000,146_0000_242,256,31557,3188
146_0000,146_0000_243,256,31317,3160
146_0000,146_0000_244,256,30963,3128
146_0000,146_0000_245,256,30615,3452
146_0000,146_0000_246,256,30303,3732
146_0000,146_0000_247,256,29922,3512
146_0000,146_0000_248,256,29622,3384
146_0000,146_0000_249,256,29304,3332
146_0000,146_0000_250,256,28974,3308
146_0000,146_0000_251,256,28662,3536
146_0000,146_0000_252,256,28347,3244
146_0000,146_0000_253,256,28092,3164
146_0000,146_0000_254,256,27927,3372
146_0000,146_0000_255,256,27675,3188
146_0000,146_0000_256,256,27366,2696
146_0000,146_0000_257,256,27027,2364
146_0000,146_0000_258,256,26718,2164
146_0000,146_0000_259,256,26388,2216
146_0000,146_0000_260,256,26130,1988
146_0000,146_0000_261,256,25764,1704
146_0000,146_0000_262,256,25305,1628
146_0000,146_0000_263,256,24876,1792
146_0000,146_0000_264,256,24453,1772
146_0000,146_0000_265,256,23997,1944
146_0000,146_0000_266,256,23424,1984
146_0000,146_0000_267,256,22920,2020
146_0000,146_0000_268,256,22416,2312
146_0000,146_0000_269,256,21816,2280
146_0000,146_0000_270,256,21303,1908
146_0000,146_0000_271,256,20745,1832
146_0000,146_0000_272,256,20184,1920
146_0000,146_0000_273,256,19653,2160
146_0000,146_0000_274,256,19101,2552
146_0000,146_0000_275,256,18567,2424
146_0000,146_0000_276,256,18039,2472
146_0000,146_0000_277,256,17439,2136
146_0000,146_0000_278,256,16911,2272
146_0000,146_0000_279,256,16314,2412
146_0000,146_0000_280,256,15855,2748
146_0000,146_0000_281,256,15333,2768
146_0000,146_0000_282,256,14817,2720
146_0000,146_0000_283,256,14274,2496
146_0000,146_0000_284,256,13776,2500
146_0000,146_0000_285,256,13278,2332
146_0000,146_0000_286,256,12744,2460
146_0000,146_0000_287,256,12201,2576
146_0000,146_0000_288,256,11685,2456
146_0000,146_0000_289,256,11130,2344
146_0000,146_0000_290,256,10569,2036
146_0000,146_0000_291,256,10122,1964
146_0000,146_0000_292,256,9597,1840
146_0000,146_0000_293,256,9213,1956
146_0000,146_0000_294,256,8784,1988
146_0000,146_0000_295,256,8286,2092
146_0000,146_0000_296,256,7758,1940
146_0000,146_0000_297,256,7272,1656
146_0000,146_0000_298,256,6792,1480
146_0000,146_0000_299,256,6234,1564
146_0000,146_0000_300,256,5697,1464
146_0000,146_0000_301,256,5262,1256
146_0000,146_0000_302,256,4827,1352
146_0000,146_0000_303,256,4446,1396
146_0000,146_0000_304,256,3921,1204
146_0000,146_0000_305,256,3396,1184
146_0000,146_0000_306,256,2994,1132
146_0000,146_0000_307,256,2691,948
146_0000,146_0000_308,256,2229,896
146_0000,146_0000_309,256,2019,812
146_0000,146_0000_310,256,1761,724
146_0000,146_0000_311,256,1509,628
146_0000,146_0000_312,256,1341,568
146_0000,146_0000_313,256,1113,464
146_0000,146_0000_314,256,771,352
146_0000,146_0000_315,256,450,236
146_0000,146_0000_316,256,195,104
146_0000,146_0000_317,256,0,0
146_0000,146_0000_318,256,0,0
146_0000,146_0000_319,256,0,0
146_0000,146_0000_320,256,0,0
146_0000,146_0000_321,256,0,0
146_0000,146_0000_322,256,0,0
146_0000,146_0000_323,256,0,0
146_0000,146_0000_324,256,0,0
146_0000,146_0000_325,256,0,0
146_0000,146_0000_326,256,0,0
146_0000,146_0000_327,256,0,0
146_0000,146_0000_328,256,0,0
146_0000,146_0000_329,256,0,0
146_0000,146_0000_330,256,0,0
146_0000,146_0000_331,256,0,0
146_0000,146_0000_332,256,0,0
146_0000,146_0000_333,256,0,0
146_0000,146_0000_334,256,0,0
146_0000,146_0000_335,256,0,0
146_0000,146_0000_336,256,0,0
146_0000,146_0000_337,256,0,0
146_0000,146_0000_338,256,0,0
161_0000,161_0000_000,256,0,0
161_0000,161_0000_001,256,0,0
161_0000,161_0000_002,256,0,0
161_0000,161_0000_003,256,0,0
161_0000,161_0000_004,256,0,0
161_0000,161_0000_005,256,0,0
161_0000,161_0000_006,256,0,0
161_0000,161_0000_007,256,0,0
161_0000,161_0000_008,256,0,0
161_0000,161_0000_009,256,0,0
161_0000,161_0000_010,256,0,0
161_0000,161_0000_011,256,0,0
161_0000,161_0000_012,256,0,0
161_0000,161_0000_013,256,0,0
161_0000,161_0000_014,256,0,0
161_0000,161_0000_015,256,0,0
161_0000,161_0000_016,256,0,0
161_0000,161_0000_017,256,0,0
161_0000,161_0000_018,256,0,0
161_0000,161_0000_019,256,0,0
161_0000,161_0000_020,256,0,0
161_0000,161_0000_021,256,0,0
161_0000,161_0000_022,256,0,0
161_0000,161_0000_023,256,0,0
161_0000,161_0000_024,256,0,0
161_0000,161_0000_025,256,0,0
161_0000,161_0000_026,256,0,0
161_0000,161_0000_027,256,0,0
161_0000,161_0000_028,256,0,0
161_0000,161_0000_029,256,0,0
161_0000,161_0000_030,256,0,0
161_0000,161_0000_031,256,0,0
161_0000,161_0000_032,256,0,0
161_0000,161_0000_033,256,0,0
161_0000,161_0000_034,256,0,0
161_0000,161_0000_035,256,0,0
161_0000,161_0000_036,256,0,0
161_0000,161_0000_037,256,0,0
161_0000,161_0000_038,256,0,0
161_0000,161_0000_039,256,0,0
161_0000,161_0000_040,256,0,0
161_0000,161_0000_041,256,0,0
161_0000,161_0000_042,256,0,0
161_0000,161_0000_043,256,0,0
161_0000,161_0000_044,256,0,0
161_0000,161_0000_045,256,0,0
161_0000,161_0000_046,256,0,0
161_0000,161_0000_047,256,0,0
161_0000,161_0000_048,256,9,0
161_0000,161_0000_049,256,69,0
161_0000,161_0000_050,256,96,0
161_0000,161_0000_051,256,114,0
161_0000,161_0000_052,256,162,0
161_0000,161_0000_053,256,270,52
161_0000,161_0000_054,256,420,224
161_0000,161_0000_055,256,543,268
161_0000,161_0000_056,256,732,368
161_0000,161_0000_057,256,900,428
161_0000,161_0000_058,256,1074,480
161_0000,161_0000_059,256,1251,516
161_0000,161_0000_060,256,1476,644
161_0000,161_0000_061,256,1650,700
161_0000,161_0000_062,256,1767,732
161_0000,161_0000_063,256,1908,736
161_0000,161_0000_064,256,2127,784
161_0000,161_0000_065,256,2388,780
161_0000,161_0000_066,256,2679,932
161_0000,161_0000_067,256,2901,1092
161_0000,161_0000_068,256,3120,1108
161_0000,161_0000_069,256,3414,1228
161_0000,161_0000_070,256,3759,1292
161_0000,161_0000_071,256,4035,1388
161_0000,161_0000_072,256,4320,1376
161_0000,161_0000_073,256,4557,1488
161_0000,161_0000_074,256,4857,1704
161_0000,161_0000_075,256,5310,1752
161_0000,161_0000_076,256,5598,1888
161_0000,161_0000_077,256,5907,1896
161_0000,161_0000_078,256,6309,2000
161_0000,161_0000_079,256,6714,2252
161_0000,161_0000_080,256,7215,2400
161_0000,161_0000_081,256,7626,2448
161_0000,161_0000_082,256,7986,2600
161_0000,161_0000_083,256,8391,2636
161_0000,161_0000_084,256,8823,2536
161_0000,161_0000_085,256,9333,2828
161_0000,161_0000_086,256,9897,2996
161_0000,161_0000_087,256,10395,3036
161_0000,161_0000_088,256,10812,3056
161_0000,161_0000_089,256,11334,3276
161_0000,161_0000_090,256,11877,3244
161_0000,161_0000_091,256,12330,3560
161_0000,161_0000_092,256,12858,3148
161_0000,161_0000_093,256,13512,3128
161_0000,161_0000_094,256,14310,3636
161_0000,161_0000_095,256,15072,4356
161_0000,161_0000_096,256,15786,4876
161_0000,161_0000_097,256,16362,5052
161_0000,161_0000_098,256,16917,5000
161_0000,161_0000_099,256,17643,4532
161_0000,161_0000_100,256,18360,4776
161_0000,161_0000_101,256,19206,5244
161_0000,161_0000_102,256,20172,5552
161_0000,161_0000_103,256,20925,5740
161_0000,161_0000_104,256,21420,5440
161_0000,161_0000_105,256,21978,5624
161_0000,161_0000_106,256,22542,5800
161_0000,161_0000_107,256,23019,5736
161_0000,161_0000_108,256,23616,5396
161_0000,161_0000_109,256,23943,4952
161_0000,161_0000_110,256,24264,5136
161_0000,161_0000_111,256,24519,5584
161_0000,161_0000_112,256,24714,5452
161_0000,161_0000_113,256,24861,4900
161_0000,161_0000_114,256,25191,4832
161_0000,161_0000_115,256,25539,5412
161_0000,161_0000_116,256,25881,5380
161_0000,161_0000_117,256,26271,5312
161_0000,161_0000_118,256,26541,5752
161_0000,161_0000_119,256,27018,5652
161_0000,161_0000_120,256,27570,5356
161_0000,161_0000_121,256,28143,4864
161_0000,161_0000_122,256,28860,3872
161_0000,161_0000_123,256,29523,3772
161_0000,161_0000_124,256,30141,4540
161_0000,161_0000_125,256,30699,4600
161_0000,161_0000_126,256,31212,3824
161_0000,161_0000_127,256,31605,3116
161_0000,161_0000_128,256,32151,3216
161_0000,161_0000_129,256,32640,2872
161_0000,161_0000_130,256,33045,2968
161_0000,161_0000_131,256,33708,3020
161_0000,161_0000_132,256,34431,3136
161_0000,161_0000_133,256,35070,3608
161_0000,161_0000_134,256,35874,4444
161_0000,161_0000_135,256,36906,4212
161_0000,161_0000_136,256,37437,4404
161_0000,161_0000_137,256,37593,4436
161_0000,161_0000_138,256,37815,3420
161_0000,161_0000_139,256,37905,3528
161_0000,161_0000_140,256,38070,3124
161_0000,161_0000_141,256,38181,2840
161_0000,161_0000_142,256,38175,2736
161_0000,161_0000_143,256,38403,3072
161_0000,161_0000_144,256,38556,2536
161_0000,161_0000_145,256,38577,2264
161_0000,161_0000_146,256,38577,2292
161_0000,161_0000_147,256,38694,2692
161_0000,161_0000_148,256,38769,2488
161_0000,161_0000_149,256,38886,2220
161_0000,161_0000_150,256,39066,2360
161_0000,161_0000_151,256,39174,2136
161_0000,161_0000_152,256,39234,1968
161_0000,161_0000_153,256,39396,1936
161_0000,161_0000_154,256,39468,1452
161_0000,161_0000_155,256,39543,1724
161_0000,161_0000_156,256,39588,2420
161_0000,161_0000_157,256,39654,1868
161_0000,161_0000_158,256,39876,1632
161_0000,161_0000_159,256,40026,1904
161_0000,161_0000_160,256,40203,1936
161_0000,161_0000_161,256,40470,1908
161_0000,161_0000_162,256,40578,2428
161_0000,161_0000_163,256,40647,2380
161_0000,161_0000_164,256,40710,2304
161_0000,161_0000_165,256,40659,2284
161_0000,161_0000_166,256,40440,2276
161_0000,161_0000_167,256,40575,1976
161_0000,161_0000_168,256,40809,1228
161_0000,161_0000_169,256,40797,848
161_0000,161_0000_170,256,40986,1036
161_0000,161_0000_171,256,41163,1068
161_0000,161_0000_172,256,41295,1300
161_0000,161_0000_173,256,41424,1200
161_0000,161_0000_174,256,41568,1180
161_0000,161_0000_175,256,41703,1296
161_0000,161_0000_176,256,41805,1560
161_0000,161_0000_177,256,41946,1536
161_0000,161_0000_178,256,42246,1416
161_0000,161_0000_179,256,42501,1688
161_0000,161_0000_180,256,42711,2160
161_0000,161_0000_181,256,42966,2132
161_0000,161_0000_182,256,43296,2212
161_0000,161_0000_183,256,43530,2072
161_0000,161_0000_184,256,43797,1980
161_0000,161_0000_185,256,44034,1736
161_0000,161_0000_186,256,44043,1932
161_0000,161_0000_187,256,44181,2256
161_0000,161_0000_188,256,44250,2688
161_0000,161_0000_189,256,44016,2968
161_0000,161_0000_190,256,43923,2684
161_0000,161_0000_191,256,44088,2272
161_0000,161_0000_192,256,44355,2536
161_0000,161_0000_193,256,44688,2864
161_0000,161_0000_194,256,45252,3044
161_0000,161_0000_195,256,45462,2964
161_0000,161_0000_196,256,45678,2840
161_0000,161_0000_197,256,45882,2708
161_0000,161_0000_198,256,45762,2492
161_0000,161_0000_199,256,45378,2404
161_0000,161_0000_200,256,45378,2280
161_0000,161_0000_201,256,45354,2132
161_0000,161_0000_202,256,45432,2320
161_0000,161_0000_203,256,45408,2140
161_0000,161_0000_204,256,45204,2148
161_0000,161_0000_205,256,45099,2132
161_0000,161_0000_206,256,45030,2340
161_0000,161_0000_207,256,44829,2912
161_0000,161_0000_208,256,44808,2724
161_0000,161_0000_209,256,44832,2856
161_0000,161_0000_210,256,44844,3160
161_0000,161_0000_211,256,44925,2824
161_0000,161_0000_212,256,44907,2592
161_0000,161_0000_213,256,44823,2272
161_0000,161_0000_214,256,44814,1776
161_0000,161_0000_215,256,44751,1944
161_0000,161_0000_216,256,44811,1632
161_0000,161_0000_217,256,44817,1696
161_0000,161_0000_218,256,44865,1832
161_0000,161_0000_219,256,44721,1680
161_0000,161_0000_220,256,44628,1808
161_0000,161_0000_221,256,44679,1688
161_0000,161_0000_222,256,44757,1532
161_0000,161_0000_223,256,44835,2072
161_0000,161_0000_224,256,44862,2012
161_0000,161_0000_225,256,44823,1688
161_0000,161_0000_226,256,44865,1596
161_0000,161_0000_227,256,44883,1912
161_0000,161_0000_228,256,44925,1884
161_0000,161_0000_229,256,44898,1668
161_0000,161_0000_230,256,44955,1612
161_0000,161_0000_231,256,44952,1500
161_0000,161_0000_232,256,45102,1472
161_0000,161_0000_233,256,45228,1380
161_0000,161_0000_234,256,45378,1368
161_0000,161_0000_235,256,45495,1188
161_0000,161_0000_236,256,45615,1028
161_0000,161_0000_237,256,45762,1320
161_0000,161_0000_238,256,45720,1364
161_0000,161_0000_239,256,45678,1368
161_0000,161_0000_240,256,45651,1336
161_0000,161_0000_241,256,45642,1536
161_0000,161_0000_242,256,45750,1344
161_0000,161_0000_243,256,45660,1728
161_0000,161_0000_244,256,45591,1672
161_0000,161_0000_245,256,45579,1688
161_0000,161_0000_246,256,45477,1956
161_0000,161_0000_247,256,45441,2000
161_0000,161_0000_248,256,45486,1820
161_0000,161_0000_249,256,45504,1756
161_0000,161_0000_250,256,45357,1620
161_0000,161_0000_251,256,45222,1856
161_0000,161_0000_252,256,44970,2376
161_0000,161_0000_253,256,44820,2564
161_0000,161_0000_254,256,44637,2652
161_0000,161_0000_255,256,44652,2588
161_0000,161_0000_256,256,44571,2644
161_0000,161_0000_257,256,44628,2440
161_0000,161_0000_258,256,44601,2088
161_0000,161_0000_259,256,44541,1792
161_0000,161_0000_260,256,44589,1628
161_0000,161_0000_261,256,44379,1632
161_0000,161_0000_262,256,44115,2096
161_0000,161_0000_263,256,43866,1928
161_0000,161_0000_264,256,43689,1660
161_0000,161_0000_265,256,43512,1476
161_0000,161_0000_266,256,43245,1568
161_0000,161_0000_267,256,42900,1156
161_0000,161_0000_268,256,42645,1216
161_0000,161_0000_269,256,42402,1532
161_0000,161_0000_270,256,42126,1352
161_0000,161_0000_271,256,41967,1300
161_0000,161_0000_272,256,41685,1484
161_0000,161_0000_273,256,41391,1444
161_0000,161_0000_274,256,41073,1760
161_0000,161_0000_275,256,40815,2056
161_0000,161_0000_276,256,40383,2604
161_0000,161_0000_277,256,40092,2540
161_0000,161_0000_278,256,39828,2220
161_0000,161_0000_279,256,39603,1932
161_0000,161_0000_280,256,39141,1888
161_0000,161_0000_281,256,38856,1992
161_0000,161_0000_282,256,38571,1612
161_0000,161_0000_283,256,38190,1880
161_0000,161_0000_284,256,37998,1852
161_0000,161_0000_285,256,37806,1976
161_0000,161_0000_286,256,37497,1968
161_0000,161_0000_287,256,37149,1960
161_0000,161_0000_288,256,36876,2140
161_0000,161_0000_289,256,36591,2116
161_0000,161_0000_290,256,36339,2412
161_0000,161_0000_291,256,36018,2280
161_0000,161_0000_292,256,35793,2240
161_0000,161_0000_293,256,35484,2004
161_0000,161_0000_294,256,35211,2024
161_0000,161_0000_295,256,34788,2212
161_0000,161_0000_296,256,34515,2160
161_0000,161_0000_297,256,34296,2352
161_0000,161_0000_298,256,34077,2256
161_0000,161_0000_299,256,33813,2416
161_0000,161_0000_300,256,33573,2220
161_0000,161_0000_301,256,33333,2420
161_0000,161_0000_302,256,33168,2372
161_0000,161_0000_303,256,32889,1840
161_0000,161_0000_304,256,32697,2160
161_0000,161_0000_305,256,32538,2308
161_0000,161_0000_306,256,32280,2212
161_0000,161_0000_307,256,31947,2196
161_0000,161_0000_308,256,31617,2432
161_0000,161_0000_309,256,31404,2704
161_0000,161_0000_310,256,31206,2580
161_0000,161_0000_311,256,31056,2620
161_0000,161_0000_312,256,30720,2660
161_0000,161_0000_313,256,30381,2732
161_0000,161_0000_314,256,30045,2700
161_0000,161_0000_315,256,29601,2568
161_0000,161_0000_316,256,29214,2376
161_0000,161_0000_317,256,28929,1824
161_0000,161_0000_318,256,28539,1900
161_0000,161_0000_319,256,28098,2248
161_0000,161_0000_320,256,27693,2408
161_0000,161_0000_321,256,27162,2228
161_0000,161_0000_322,256,26712,2056
161_0000,161_0000_323,256,26271,1872
161_0000,161_0000_324,256,25821,1680
161_0000,161_0000_325,256,25452,1620
161_0000,161_0000_326,256,25005,1720
161_0000,161_0000_327,256,24612,1648
161_0000,161_0000_328,256,24147,1784
161_0000,161_0000_329,256,23721,1616
161_0000,161_0000_330,256,23340,1484
161_0000,161_0000_331,256,23004,1468
161_0000,161_0000_332,256,22623,1448
161_0000,161_0000_333,256,22269,1680
161_0000,161_0000_334,256,21879,1708
161_0000,161_0000_335,256,21498,1920
161_0000,161_0000_336,256,21183,1832
161_0000,161_0000_337,256,20784,1504
161_0000,161_0000_338,256,20415,1764
161_0000,161_0000_339,256,20028,1884
161_0000,161_0000_340,256,19650,1788
161_0000,161_0000_341,256,19275,1928
161_0000,161_0000_342,256,18885,1712
161_0000,161_0000_343,256,18420,1672
161_0000,161_0000_344,256,18054,1596
161_0000,161_0000_345,256,17676,1660
161_0000,161_0000_346,256,17259,1820
161_0000,161_0000_347,256,16899,1728
161_0000,161_0000_348,256,16530,1608
161_0000,161_0000_349,256,16122,1696
161_0000,161_0000_350,256,15720,1556
161_0000,161_0000_351,256,15261,1584
161_0000,161_0000_352,256,14787,1668
161_0000,161_0000_353,256,14292,1560
161_0000,161_0000_354,256,13767,1668
161_0000,161_0000_355,256,13260,1832
161_0000,161_0000_356,256,12744,1864
161_0000,161_0000_357,256,12285,1768
161_0000,161_0000_358,256,11772,1952
161_0000,161_0000_359,256,11346,2180
161_0000,161_0000_360,256,10917,2092
161_0000,161_0000_361,256,10440,1744
161_0000,161_0000_362,256,9900,1836
161_0000,161_0000_363,256,9351,1892
161_0000,161_0000_364,256,8832,1572
161_0000,161_0000_365,256,8322,1424
161_0000,161_0000_366,256,7782,1304
161_0000,161_0000_367,256,7239,1252
161_0000,161_0000_368,256,6702,1152
161_0000,161_0000_369,256,6027,1084
161_0000,161_0000_370,256,5346,856
161_0000,161_0000_371,256,4797,796
161_0000,161_0000_372,256,4224,604
161_0000,161_0000_373,256,3507,712
161_0000,161_0000_374,256,2691,640
161_0000,161_0000_375,256,2223,552
161_0000,161_0000_376,256,1860,432
161_0000,161_0000_377,256,1653,348
161_0000,161_0000_378,256,1416,296
161_0000,161_0000_379,256,801,144
161_0000,161_0000_380,256,369,44
161_0000,161_0000_381,256,0,0
161_0000,161_0000_382,256,0,0
161_0000,161_0000_383,256,0,0
161_0000,161_0000_384,256,0,0
161_0000,161_0000_385,256,0,0
161_0000,161_0000_386,256,0,0
161_0000,161_0000_387,256,0,0
161_0000,161_0000_388,256,0,0
161_0000,161_0000_389,256,0,0
161_0000,161_0000_390,256,0,0
161_0000,161_0000_391,256,0,0
161_0000,161_0000_392,256,0,0
161_0000,161_0000_393,256,0,0
161_0000,161_0000_394,256,0,0
