Image_ID,orig_covid_ms1.50 - fib score,orig_covid_ms1.50 - fib score manip,manip - fib
0,0.005037923,0.582942665,0.577904742
1,0.181031048,0.972968996,0.791937947
2,0.003888918,0.026735518,0.0228466
3,0.050081115,0.97959578,0.929514665
4,0.026984651,0.63855356,0.611568909
5,0.011539555,0.846189141,0.834649586
6,0.042944834,0.958118021,0.915173188
7,0.009554912,0.929728985,0.920174072
8,0.002215625,0.694906175,0.69269055
9,0.017725436,0.11368636,0.095960924
10,0.191330969,0.954421043,0.763090074
11,0.020909395,0.911333382,0.890423987
12,0.000837394,0.366506845,0.365669451
13,0.001159275,0.718730748,0.717571473
14,0.008371162,0.87526232,0.866891158
15,0.003586166,0.426464796,0.42287863
16,0.002342312,0.874543488,0.872201176
17,0.03778857,0.86904794,0.83125937
18,0.320936024,0.993851423,0.672915399
19,0.089058414,0.98378849,0.894730076
20,0.009600534,0.974146366,0.964545832
21,0.003547081,0.806405783,0.802858701
22,0.030715793,0.925326049,0.894610256
23,0.056912892,0.897436082,0.840523191
24,0.012449906,0.347523898,0.335073992
25,0.009201741,0.859398544,0.850196803
26,0.000763571,0.280242413,0.279478842
27,0.000712304,0.145367563,0.144655258
28,0.026371278,0.916411102,0.890039824
29,0.000901048,0.238577396,0.237676348
30,0.000576347,0.206786051,0.206209704
31,0.084238663,0.97986573,0.895627066
32,0.011994155,0.907296419,0.895302264
33,0.067934066,0.939619362,0.871685296
34,0.00621226,0.839682102,0.833469842
35,0.001608087,0.339017659,0.337409573
36,0.03747566,0.972979188,0.935503528
37,0.186258227,0.839917243,0.653659016
38,0.030021088,0.835868537,0.805847449
39,0.003008013,0.102191493,0.09918348
40,0.005703008,0.660803914,0.655100906
41,0.000739457,0.558862209,0.558122752
42,0.002664105,0.168940037,0.166275933
43,0.109059401,0.978134453,0.869075052
44,0.021449668,0.874855161,0.853405492
45,0.00096469,0.396654636,0.395689946
46,0.002293544,0.674489915,0.672196371
47,0.00581467,0.944257498,0.938442828
48,0.121663086,0.977161169,0.855498083
49,0.012951292,0.913223505,0.900272213
50,0.002243142,0.46133545,0.459092308
51,0.019399092,0.777205646,0.757806554
52,0.006818928,0.685888767,0.679069839
53,0.004498141,0.095136791,0.090638651
54,0.01745788,0.854295015,0.836837135
55,0.001000539,0.052370232,0.051369693
56,0.030923348,0.978305101,0.947381753
57,0.046327177,0.925062358,0.878735181
58,0.014478847,0.90770793,0.893229082
59,0.065054737,0.92991358,0.864858843
60,0.009974799,0.900493264,0.890518465
61,0.019117912,0.969200313,0.950082401
62,0.010517611,0.838429749,0.827912138
63,0.000507317,0.000628444,0.000121127
64,0.008675797,0.915821314,0.907145517
65,0.001685657,0.579580367,0.577894709
66,0.013926843,0.297330052,0.283403208
67,0.000745573,0.162111744,0.161366171
68,0.001797897,0.262445211,0.260647315
69,0.007241462,0.666609764,0.659368302
70,0.08067964,0.850773752,0.770094112
71,0.016988287,0.941115737,0.92412745
72,0.000661663,0.293809205,0.293147542
73,0.013634206,0.829426408,0.815792202
74,0.003610295,0.526270092,0.522659796
75,0.021630252,0.966423392,0.944793141
76,0.022983558,0.871903241,0.848919682
77,0.006436273,0.072273657,0.065837384
78,0.002300692,0.275716335,0.273415642
79,0.013992952,0.6821661,0.668173147
80,0.010924753,0.671031713,0.660106961
81,0.00074016,0.369894296,0.369154136
82,0.0015018,0.259438932,0.257937132
83,0.002106597,0.760396242,0.758289645
84,0.00380147,0.792648971,0.788847501
85,0.008012304,0.786870241,0.778857937
86,0.024017803,0.951392472,0.927374668
87,0.002578079,0.829611957,0.827033878
88,0.034417447,0.971797466,0.93738002
89,0.006440689,0.907929242,0.901488552
90,0.083039328,0.898479223,0.815439895
91,0.050954722,0.723316848,0.672362126
92,0.024487559,0.780496895,0.756009337
93,0.081410743,0.938572466,0.857161723
94,0.027469659,0.948235691,0.920766031
95,0.001262482,0.802783489,0.801521007
96,0.00241675,0.020292101,0.017875351
97,0.01004112,0.313304186,0.303263066
98,0.039268367,0.797382236,0.758113869
99,0.000437049,0.135897875,0.135460826
100,0.004283841,0.758170187,0.753886347
101,0.014733335,0.938077807,0.923344472
102,0.071018219,0.879111528,0.808093309
103,0.001547151,0.371655285,0.370108134
104,0.085869208,0.809146106,0.723276898
105,0.009187059,0.717837751,0.708650691
106,0.012217054,0.660336018,0.648118963
107,0.015591849,0.911814451,0.896222603
108,0.05723739,0.967800021,0.910562631
109,0.039944153,0.92144686,0.881502707
110,0.090756081,0.925904751,0.83514867
111,0.00252755,0.865778387,0.863250836
112,0.014669622,0.84202528,0.827355658
113,0.027714945,0.905950487,0.878235541
114,0.004851479,0.856559873,0.851708394
115,0.01231359,0.871654093,0.859340503
116,0.006407059,0.740715563,0.734308504
117,0.04240191,0.963477433,0.921075523
118,0.015053182,0.890047073,0.874993891
119,0.050098382,0.839090705,0.788992323
120,0.001123282,0.531306684,0.530183402
121,0.003280017,0.429917902,0.426637885
122,0.018351909,0.96765703,0.949305121
123,0.075236239,0.502143085,0.426906846
124,0.041213982,0.942872465,0.901658483
125,0.007636,0.503073573,0.495437573
126,0.364059269,0.990051806,0.625992537
127,0.025770321,0.862843633,0.837073311
128,0.206006885,0.996400595,0.79039371
129,0.010310885,0.903767765,0.89345688
130,0.147017047,0.944749534,0.797732487
131,0.005090005,0.734718382,0.729628377
132,0.097103789,0.975250125,0.878146335
133,0.021062149,0.838623106,0.817560958
134,0.008430503,0.644220233,0.63578973
135,0.000508891,0.245137528,0.244628637
136,0.005271491,0.809133351,0.80386186
137,0.00305129,0.44345516,0.44040387
138,0.233780906,0.829536378,0.595755473
139,0.004492192,0.795669496,0.791177304
140,0.051224958,0.958544493,0.907319535
141,0.000971593,0.398308307,0.397336714
142,0.00784644,0.746819615,0.738973175
143,0.008782865,0.631014526,0.62223166
144,0.135659635,0.988180637,0.852521002
145,0.169726878,0.574750304,0.405023426
146,0.001103606,0.011097644,0.009994038
147,0.226517767,0.987442553,0.760924786
148,0.020698754,0.806603074,0.78590432
149,0.195297733,0.995619237,0.800321504
150,0.003183205,0.708230913,0.705047707
151,0.037395634,0.232889026,0.195493393
152,0.01796547,0.89847827,0.8805128
153,0.00553721,0.200203747,0.194666537
154,0.199185833,0.959369838,0.760184005
155,0.215917349,0.948012829,0.73209548
156,0.001706193,0.736898065,0.735191872
157,0.008535399,0.929690123,0.921154724
158,0.002770661,0.031254277,0.028483616
159,0.048393503,0.981799543,0.93340604
160,0.001468524,0.474939376,0.473470852
161,0.018540012,0.971391559,0.952851547
162,0.000495966,0.232568219,0.232072253
163,0.009638202,0.803974807,0.794336605
164,0.001901827,0.723608375,0.721706548
165,0.068146706,0.937277675,0.869130969
166,0.147713944,0.965450704,0.81773676
167,0.038455684,0.910646319,0.872190636
168,0.43166402,0.456331789,0.02466777
169,0.00195332,0.831562519,0.829609199
170,0.002780342,0.602948368,0.600168026
171,0.001890096,0.487603039,0.485712942
172,0.012084066,0.698915064,0.686830998
173,0.016920481,0.087034471,0.07011399
174,0.14931637,0.907908499,0.758592129
175,0.002580133,0.692690253,0.69011012
176,0.005502468,0.738434017,0.732931549
177,0.001149428,0.274968743,0.273819315
178,0.03107797,0.956512153,0.925434183
179,0.018384442,0.874413311,0.85602887
180,0.002361262,0.658975899,0.656614637
181,0.000394012,0.629427195,0.629033183
182,0.082865737,0.964167118,0.881301381
183,0.02247995,0.959869862,0.937389912
184,0.009508451,0.69526726,0.685758809
185,0.017354142,0.508224368,0.490870226
186,0.032057162,0.935230374,0.903173212
187,0.001308418,0.750328541,0.749020123
188,0.004260743,0.233971789,0.229711047
189,0.08513581,0.94448787,0.85935206
190,0.003096291,0.686034203,0.682937911
191,0.001868573,0.260802418,0.258933845
192,0.032432131,0.899341881,0.86690975
193,0.614438951,0.993312776,0.378873825
194,0.019061096,0.391445428,0.372384332
195,0.003441005,0.550898194,0.54745719
196,0.107420124,0.83697176,0.729551636
197,0.282491773,0.980508804,0.698017031
198,0.012882338,0.747988284,0.735105946
199,0.12893264,0.97425735,0.84532471
200,0.002299814,0.435645849,0.433346035
201,0.011223538,0.85301733,0.841793792
202,0.026699133,0.911825836,0.885126702
203,0.006401413,0.858176529,0.851775117
204,0.034514401,0.913556039,0.879041638
205,0.01636729,0.6158306,0.59946331
206,0.018915426,0.936703801,0.917788375
207,0.034221265,0.970786631,0.936565366
208,0.165634915,0.988358855,0.82272394
209,0.01237869,0.017697213,0.005318523
210,0.012006858,0.446516156,0.434509298
211,0.01149941,0.779408574,0.767909165
212,0.009801835,0.311917394,0.30211556
213,0.001741393,0.658438087,0.656696693
214,0.000626806,0.318956852,0.318330046
215,0.00178474,0.797116458,0.795331718
216,0.117314681,0.961964667,0.844649985
217,0.006368369,0.164006457,0.157638087
218,0.002392489,0.324962318,0.322569829
219,0.002935553,0.820487559,0.817552006
220,0.006653531,0.796591103,0.789937573
221,0.003404215,0.618031085,0.614626869
222,0.032483697,0.959607005,0.927123308
223,0.00912807,0.586190879,0.57706281
224,0.002879762,0.807861626,0.804981864
225,0.075386748,0.977459371,0.902072623
226,0.027742626,0.919646084,0.891903458
227,0.000561817,0.589915276,0.589353458
228,0.023498466,0.837694883,0.814196417
229,0.023280276,0.972357869,0.949077593
230,0.00303184,0.366316766,0.363284926
231,0.009026159,0.882258832,0.873232674
232,0.009633247,0.865637362,0.856004115
233,0.239502028,0.990347505,0.750845477
234,0.02415525,0.79244411,0.76828886
235,0.002958316,0.667608082,0.664649766
236,0.03218874,0.740245521,0.708056781
237,0.000943234,0.468621463,0.467678229
238,0.000371355,0.006463444,0.006092089
239,0.002758236,0.721297324,0.718539088
240,0.126056477,0.985985041,0.859928563
241,0.213037685,0.996372223,0.783334538
242,0.01650296,0.93926239,0.92275943
243,0.04328759,0.506718218,0.463430628
244,0.017663069,0.791029096,0.773366027
245,0.006697366,0.097762033,0.091064667
246,0.000642076,0.111417584,0.110775508
247,0.00076619,0.218439192,0.217673002
248,0.004608877,0.602443337,0.597834461
249,0.016085265,0.573436618,0.557351353
250,0.002098291,0.839284658,0.837186368
251,0.049805574,0.922941804,0.87313623
252,0.000867323,0.333854228,0.332986905
253,0.019177834,0.857936502,0.838758668
254,0.001161248,0.473888606,0.472727358
255,0.094452254,0.754143953,0.659691699
256,0.025875164,0.947450697,0.921575533
257,0.02071777,0.932571471,0.911853701
258,0.003701533,0.841850638,0.838149105
259,0.020177601,0.9864434,0.966265799
260,0.205600217,0.969589174,0.763988957
261,0.01374819,0.754350543,0.740602353
262,0.010694798,0.911521077,0.900826279
263,0.010703549,0.90787822,0.897174671
264,0.001252927,0.836747527,0.8354946
265,0.018999852,0.81060195,0.791602097
266,0.003650667,0.675595284,0.671944617
267,0.008519202,0.019485561,0.01096636
268,0.139071584,0.51081264,0.371741056
269,0.004524111,0.879795015,0.875270904
270,0.003685583,0.223341018,0.219655435
271,0.000888911,0.022431776,0.021542865
272,0.000566282,0.169183671,0.168617389
273,0.074314907,0.964974463,0.890659556
274,0.008314269,0.092118889,0.08380462
275,0.001769065,0.493871212,0.492102147
276,0.171082228,0.361672401,0.190590173
277,0.366843373,0.990705431,0.623862058
278,0.00344744,0.562971056,0.559523615
279,0.032569457,0.680114806,0.647545349
280,0.005932022,0.947838545,0.941906522
281,0.002327699,0.052435733,0.050108034
282,0.00102956,0.199527726,0.198498166
283,0.00656466,0.917723119,0.911158459
284,0.021941418,0.909767032,0.887825614
285,0.000833908,0.879469812,0.878635904
286,0.00054315,0.305509061,0.30496591
287,0.007313492,0.918098807,0.910785316
288,0.009802983,0.962399304,0.952596321
289,0.002233897,0.49527669,0.493042793
290,0.034312341,0.969140768,0.934828427
291,0.037756994,0.941400588,0.903643593
292,0.000416474,0.407320946,0.406904472
293,0.001674298,0.328138798,0.3264645
294,0.05686602,0.614831805,0.557965785
295,0.15911445,0.99203217,0.83291772
296,0.025432827,0.96387291,0.938440083
297,0.001115943,0.201536849,0.200420906
298,0.068942048,0.957900345,0.888958298
299,0.044439651,0.904801965,0.860362314
300,0.565878153,0.996288061,0.430409908
301,0.645342886,0.991504848,0.346161962
302,0.028548012,0.943207562,0.91465955
303,0.001595071,0.001399721,-0.00019535
304,0.004491561,0.803436875,0.798945315
305,0.003026891,0.060259696,0.057232805
306,0.035398662,0.941875935,0.906477273
307,0.037469413,0.901802778,0.864333365
308,0.034960534,0.419326901,0.384366367
309,0.002197896,0.764119983,0.761922087
310,0.017358534,0.596296787,0.578938253
311,0.037868325,0.661700189,0.623831864
312,0.405318141,0.993748546,0.588430405
313,0.0764305,0.915808976,0.839378476
314,0.003052967,0.546071947,0.54301898
315,0.002336354,0.669383109,0.667046755
316,0.157488212,0.950033128,0.792544916
317,0.002456747,0.70322597,0.700769223
318,0.090924539,0.953489184,0.862564646
319,0.079263709,0.776770413,0.697506703
320,0.022023974,0.867598593,0.845574619
321,0.028935444,0.981637657,0.952702213
322,0.011943889,0.968723714,0.956779826
323,0.003563816,0.105092965,0.101529149
324,0.013238392,0.812351942,0.79911355
325,0.005855668,0.904998183,0.899142515
326,0.011200263,0.046477836,0.035277572
327,0.018575141,0.961296737,0.942721596
328,0.15142487,0.970452607,0.819027737
329,0.008095495,0.851819456,0.84372396
330,0.225479394,0.983802199,0.758322805
331,0.024186263,0.781729937,0.757543674
332,0.007176695,0.173128873,0.165952178
333,0.077302188,0.954462647,0.87716046
334,0.023302494,0.710068345,0.686765851
335,0.209203154,0.965720475,0.756517321
336,0.005831465,0.69061023,0.684778765
337,0.041815355,0.97126925,0.929453894
338,0.001582844,0.406619966,0.405037122
339,0.01224582,0.970113695,0.957867875
340,0.002427218,0.608698249,0.606271031
341,0.006123814,0.527710736,0.521586922
342,0.025310047,0.915091395,0.889781348
343,0.131216601,0.914399624,0.783183023
344,0.001812511,0.387755722,0.385943211
345,0.178819433,0.957364202,0.778544769
346,0.080132596,0.536568105,0.456435509
347,0.000562503,0.228556752,0.227994249
348,0.007244119,0.620344043,0.613099923
349,0.002204284,0.051838625,0.049634341
350,0.013131524,0.928988993,0.915857469
351,0.000890352,0.372038573,0.371148221
352,0.000452026,0.279594928,0.279142902
353,0.018678585,0.783397138,0.764718553
354,0.000630969,0.016698148,0.016067179
355,0.021875594,0.936758757,0.914883163
356,0.006015223,0.626604795,0.620589573
357,0.05310357,0.932488501,0.879384931
358,0.002410957,0.811449945,0.809038988
359,0.007754531,0.769152641,0.76139811
360,0.280611485,0.98599273,0.705381244
361,0.06505885,0.89153254,0.826473691
362,0.015570588,0.792426825,0.776856236
363,0.011817993,0.864534616,0.852716624
364,0.003837067,0.869633913,0.865796846
365,0.013502456,0.840388358,0.826885901
366,0.004569579,0.723131537,0.718561959
367,0.01986919,0.83865869,0.818789501
368,0.000889148,0.663686574,0.662797426
369,0.008626785,0.136124685,0.1274979
370,0.001911016,0.459964365,0.458053349
371,0.003896636,0.74918133,0.745284694
372,0.071383886,0.940688014,0.869304128
373,0.005402066,0.751912713,0.746510647
374,0.004606869,0.632562995,0.627956126
375,0.002069302,0.509126365,0.507057063
376,0.017076934,0.935217917,0.918140983
377,0.014623159,0.895743072,0.881119913
378,0.071798757,0.979418516,0.907619759
379,0.214136615,0.991453648,0.777317032
380,0.00980879,0.804331005,0.794522215
381,0.146667853,0.705821693,0.55915384
382,0.060160816,0.95685041,0.896689594
383,0.009390079,0.631516933,0.622126854
384,0.007347739,0.726973355,0.719625616
385,0.039868765,0.780328572,0.740459807
386,0.009096811,0.947390735,0.938293925
387,0.014994931,0.985849798,0.970854866
388,0.561086953,0.992634475,0.431547523
389,0.00270032,0.47325936,0.47055904
390,0.254996836,0.964813769,0.709816933
391,0.001259404,0.435377508,0.434118105
392,0.059045978,0.931266963,0.872220986
393,0.101346143,0.984899998,0.883553855
394,0.000600081,0.119092621,0.11849254
395,0.009574875,0.889373362,0.879798487
396,0.007208109,0.162552238,0.155344129
397,0.008899604,0.698520839,0.689621235
398,0.009618351,0.851528287,0.841909936
399,0.01275681,0.702221215,0.689464405
400,0.010060082,0.051224172,0.04116409
401,0.006394099,0.587651372,0.581257273
402,0.002505584,0.27163139,0.269125806
403,0.010859881,0.466421962,0.455562081
404,0.008976228,0.959761262,0.950785034
405,0.007613871,0.447814554,0.440200683
406,0.004450323,0.673458755,0.669008432
407,0.015596805,0.907719016,0.892122211
408,0.001856022,0.789067507,0.787211485
409,0.184423178,0.970258534,0.785835356
410,0.019626763,0.952166438,0.932539675
411,0.00308258,0.92695117,0.92386859
412,0.017820925,0.909906268,0.892085344
413,0.037962038,0.97504276,0.937080722
414,0.038641848,0.961724579,0.923082732
415,0.000568601,0.204415023,0.203846422
416,0.002123486,0.9590168,0.956893314
417,0.153798789,0.97491914,0.821120352
418,0.011929403,0.502926826,0.490997423
419,0.002737616,0.683934331,0.681196715
420,0.000261023,0.227834642,0.227573619
421,0.001276563,0.613679171,0.612402608
422,0.21083717,0.989765167,0.778927997
423,0.000505155,0.118687592,0.118182438
424,0.001513655,0.210638478,0.209124824
425,0.036570974,0.976759076,0.940188102
426,0.003099249,0.863478601,0.860379352
427,0.282262444,0.985436261,0.703173816
428,0.002466893,0.364472955,0.362006063
429,0.006853634,0.826575756,0.819722122
430,0.07217323,0.992570817,0.920397587
431,0.012843807,0.398287177,0.38544337
432,0.001937978,0.107638896,0.105700917
433,0.05430425,0.972002804,0.917698555
434,0.001723236,0.43616572,0.434442484
435,0.001100242,0.389109552,0.388009309
436,0.235472262,0.880085409,0.644613147
437,0.0005391,0.22558175,0.225042651
438,0.038132239,0.974094987,0.935962748
439,0.012384603,0.667524576,0.655139973
440,0.006589569,0.898980856,0.892391287
441,0.026202602,0.816918075,0.790715473
442,0.092855178,0.828478992,0.735623814
443,0.012591297,0.847692668,0.835101372
444,0.010594334,0.925320327,0.914725994
445,0.015159948,0.539996386,0.524836438
446,0.007073836,0.477288932,0.470215096
447,0.00378544,0.745383143,0.741597704
448,0.00986249,0.733584285,0.723721795
449,0.012514586,0.873653412,0.861138826
450,0.00198204,0.451453894,0.449471854
451,0.120516144,0.919085264,0.79856912
452,0.01139778,0.714887977,0.703490197
453,0.00488656,0.750849187,0.745962627
454,0.028015234,0.909431875,0.881416641
455,0.0064079,0.713352144,0.706944244
456,0.004070385,0.717410862,0.713340477
457,0.000897568,0.306306094,0.305408526
458,0.011491108,0.931944251,0.920453143
459,0.004646837,0.435785383,0.431138546
460,0.03721296,0.975437999,0.938225038
461,0.000504238,0.828691185,0.828186947
462,0.005178092,0.451137185,0.445959094
463,0.020036628,0.950320363,0.930283735
464,0.005699435,0.586161911,0.580462477
465,0.126887694,0.987152517,0.860264823
466,0.02995519,0.956025243,0.926070053
467,0.021649731,0.888202667,0.866552936
468,0.011211153,0.814638317,0.803427164
469,0.028117854,0.307589293,0.279471438
470,0.017829724,0.80565089,0.787821166
471,0.002366646,0.752857625,0.750490979
472,0.215914235,0.941437483,0.725523248
473,0.009175303,0.809603691,0.800428388
474,0.009347361,0.602927744,0.593580384
475,0.000381954,0.64927882,0.648896866
476,0.119591728,0.947039425,0.827447698
477,0.003554876,0.535640001,0.532085125
478,0.334368408,0.985152483,0.650784075
479,0.067281589,0.392858863,0.325577274
480,0.004909875,0.643224537,0.638314663
481,0.029523799,0.948059201,0.918535402
482,0.008045832,0.696954787,0.688908955
483,0.000192248,0.004595464,0.004403216
484,0.038142413,0.85068047,0.812538058
485,0.024516286,0.227727666,0.20321138
486,0.000723589,0.769371688,0.7686481
487,0.067241475,0.676159322,0.608917847
488,0.017810861,0.048519753,0.030708892
489,0.072734542,0.890788436,0.818053894
490,0.00496152,0.27663669,0.27167517
491,0.004344943,0.813556671,0.809211728
492,0.003903635,0.845684111,0.841780476
493,0.000794373,0.178114861,0.177320489
494,0.010397034,0.887511134,0.8771141
495,0.044892769,0.966384947,0.921492178
496,0.039964311,0.960839152,0.920874842
497,0.001535902,0.267492443,0.265956541
498,0.006738144,0.894401312,0.887663168
499,0.006304255,0.878515661,0.872211406
500,0.017292395,0.949092805,0.93180041
501,0.014326482,0.796820104,0.782493622
502,0.002637902,0.084935352,0.082297451
503,0.008516056,0.696441591,0.687925534
504,0.65666002,0.996561587,0.339901567
505,0.036898643,0.354836762,0.317938119
506,0.204823539,0.984661818,0.779838279
507,0.003524423,0.367583036,0.364058614
508,0.005100428,0.452988982,0.447888554
509,0.000533524,0.636635065,0.636101541
510,0.002058913,0.245717093,0.24365818
511,0.027421484,0.888534665,0.861113181
512,0.314527243,0.979772925,0.665245682
513,0.002340312,0.549013019,0.546672707
514,0.004625014,0.852401912,0.847776898
515,0.001394305,0.65912497,0.657730665
516,0.002090664,0.536587894,0.53449723
517,0.027576663,0.929014504,0.901437841
518,0.013336111,0.848653853,0.835317742
519,0.007650177,0.86679858,0.859148403
520,0.003964324,0.407349318,0.403384994
521,0.021061461,0.920681298,0.899619836
522,0.032479916,0.895729482,0.863249566
523,0.002357406,0.286191493,0.283834088
524,0.094741017,0.980456889,0.885715872
525,0.003756748,0.026215477,0.022458729
526,0.012387687,0.831047952,0.818660265
527,0.053253815,0.942598462,0.889344648
528,0.016590096,0.23974447,0.223154373
529,0.00189127,0.514260411,0.512369141
530,0.28127417,0.97953105,0.69825688
531,0.003054243,0.580230594,0.57717635
532,0.01250884,0.63413775,0.621628909
533,0.014182603,0.648998976,0.634816373
534,0.011942437,0.17459479,0.162652353
535,0.002392008,0.546835899,0.544443891
536,0.003235952,0.520812333,0.51757638
537,0.003451285,0.751874208,0.748422923
538,0.005181554,0.492060125,0.486878571
539,0.027317373,0.931401908,0.904084535
540,0.000309236,0.295432508,0.295123272
541,0.003428585,0.618972361,0.615543776
542,0.018008415,0.613483787,0.595475372
543,0.078258686,0.979371309,0.901112624
544,0.082389541,0.932546556,0.850157015
545,0.006521464,0.97145319,0.964931726
546,0.003354367,0.776909351,0.773554985
547,0.186018631,0.928226233,0.742207602
548,0.396362364,0.972451985,0.576089621
549,0.002564344,0.88531059,0.882746246
550,0.011919188,0.633320153,0.621400964
551,0.040478341,0.852914333,0.812435992
552,0.13655439,0.872834325,0.736279935
553,0.013073651,0.83959043,0.826516779
554,0.206005171,0.102650613,-0.103354558
555,0.015719859,0.771833658,0.756113799
556,0.003776958,0.777518988,0.77374203
557,0.000325202,0.041698866,0.041373663
558,0.013745443,0.892652094,0.878906651
559,0.125698879,0.970168889,0.844470009
560,0.006947953,0.947549701,0.940601748
561,0.001078422,0.552973092,0.55189467
562,0.00575792,0.732260764,0.726502844
563,0.033221096,0.886330187,0.853109092
564,0.002270587,0.747532368,0.745261781
565,0.019558212,0.590390146,0.570831934
566,0.015222424,0.887992918,0.872770495
567,0.014121092,0.704770625,0.690649533
568,0.004222045,0.856032193,0.851810148
569,0.000700663,0.167435274,0.166734611
570,0.012095604,0.92316556,0.911069956
571,0.046034213,0.845111668,0.799077455
572,0.001594845,0.481259972,0.479665127
573,0.001911109,0.752123892,0.750212783
574,0.004176112,0.74996537,0.745789258
575,0.015785241,0.898987114,0.883201873
576,0.012954585,0.906362534,0.893407948
577,0.216286018,0.969654262,0.753368244
578,0.093085341,0.990794837,0.897709496
579,0.019396679,0.968811333,0.949414654
580,0.020659404,0.982811868,0.962152464
581,0.009154377,0.87144655,0.862292173
582,0.014697232,0.870952606,0.856255374
583,0.223324746,0.988785267,0.765460521
584,0.010450194,0.928864717,0.918414524
585,0.001093752,0.770883322,0.76978957
586,0.413687617,0.952299893,0.538612276
587,0.047669802,0.847149551,0.799479749
588,0.009167245,0.352935255,0.34376801
589,0.004673932,0.705238998,0.700565066
590,0.091228575,0.91201371,0.820785135
591,0.002522212,0.015909124,0.013386912
592,0.007285525,0.68758148,0.680295955
593,0.002534463,0.514736176,0.512201713
594,0.021251835,0.971066117,0.949814282
595,0.021372486,0.93663615,0.915263664
596,0.003001793,0.463427246,0.460425453
597,0.006062103,0.447523415,0.441461313
598,0.034440361,0.693717778,0.659277417
599,0.026180759,0.950530887,0.924350128
600,0.001345737,0.618206203,0.616860465
601,0.02141,0.873643398,0.852233399
602,0.001507813,0.01687202,0.015364208
603,0.294738859,0.988778949,0.69404009
604,0.001829874,0.467653573,0.465823699
605,0.489841759,0.997513771,0.507672012
606,0.159162119,0.285604805,0.126442686
607,0.010135151,0.730625033,0.720489882
608,0.029696936,0.958803773,0.929106837
609,0.005391183,0.812065065,0.806673882
610,0.011110628,0.846865535,0.835754907
611,0.050515931,0.948011756,0.897495825
612,0.081136569,0.985791445,0.904654875
613,0.074550383,0.973212361,0.898661979
614,0.008837234,0.813788176,0.804950941
615,0.000781794,0.049679354,0.04889756
616,0.005000823,0.646371424,0.641370601
617,0.003292568,0.505462348,0.502169781
618,0.003433841,0.699203908,0.695770068
619,0.006378839,0.805211663,0.798832824
620,0.030000608,0.865133882,0.835133273
621,0.068989769,0.992852867,0.923863098
622,0.04226077,0.931110501,0.888849732
623,0.292933255,0.994382977,0.701449722
624,0.005982581,0.851860702,0.845878121
625,0.001690697,0.009014799,0.007324102
626,0.00383642,0.874811232,0.870974812
627,0.019337434,0.961064041,0.941726606
628,0.008138424,0.80137527,0.793236846
629,0.010097325,0.901915014,0.891817689
630,0.040977631,0.940575242,0.899597611
631,0.019738881,0.630324602,0.610585721
632,0.016247107,0.890826464,0.874579357
633,0.001378389,0.406029433,0.404651044
634,0.094308428,0.951733887,0.857425459
635,0.001418905,0.525510132,0.524091227
636,0.014616356,0.56513238,0.550516023
637,0.000683331,0.584264994,0.583581663
638,0.004358604,0.734917998,0.730559395
639,0.000567514,0.003298259,0.002730745
640,0.053076573,0.666243374,0.613166802
641,0.002136113,0.216752142,0.214616029
642,0.000644712,0.08519379,0.084549078
643,0.09112107,0.946461737,0.855340667
644,0.006976043,0.860867321,0.853891278
645,0.299036801,0.440072209,0.141035408
646,0.002467114,0.178636089,0.176168975
647,0.002294213,0.216984376,0.214690163
648,0.003921855,0.019030442,0.015108587
649,0.012639104,0.213415787,0.200776682
650,0.197781131,0.826195955,0.628414825
651,0.00306434,0.251419008,0.248354668
652,0.001098501,0.070458911,0.06936041
653,0.000553978,0.106723838,0.10616986
654,0.009595634,0.424761355,0.415165721
655,0.010945595,0.6575647,0.646619105
656,0.052184988,0.870586991,0.818402003
657,0.228291944,0.99390465,0.765612707
658,0.010175218,0.709426939,0.699251722
659,0.001333865,0.609352112,0.608018246
660,0.003044937,0.795766234,0.792721297
661,0.000512492,0.002037685,0.001525194
662,0.003296197,0.895258486,0.891962289
663,0.100420445,0.574476421,0.474055976
664,0.03918054,0.870709598,0.831529059
665,0.7919783,0.974157631,0.182179332
666,0.000771797,0.298789889,0.298018092
667,0.314058155,0.987947285,0.67388913
668,0.00288181,0.745855868,0.742974058
669,0.012509706,0.969892144,0.957382438
670,0.014107171,0.904810071,0.8907029
671,0.00599507,0.73012656,0.72413149
672,0.116837606,0.979541481,0.862703875
673,0.000218865,0.223173603,0.222954738
674,0.000929552,0.021529894,0.020600342
675,0.004461469,0.055036675,0.050575207
676,0.000504711,0.312960774,0.312456063
677,0.012548868,0.667545497,0.65499663
678,0.004975339,0.556378722,0.551403383
679,0.064047426,0.839146197,0.775098771
680,0.11076539,0.17817612,0.06741073
681,0.009144878,0.199591011,0.190446133
682,0.00211614,0.51973021,0.51761407
683,0.029672803,0.844322741,0.814649938
684,0.000759106,0.047699321,0.046940215
685,0.004213719,0.905448496,0.901234778
686,0.00077242,0.437874913,0.437102493
687,0.116959684,0.038290784,-0.0786689
688,0.01674084,0.528492212,0.511751372
689,0.004220115,0.81273067,0.808510555
690,0.002262261,0.526641369,0.524379108
691,0.226547569,0.993563175,0.767015606
692,0.003076838,0.661502481,0.658425642
693,0.488611251,0.998112321,0.50950107
694,0.002227245,0.653373361,0.651146116
695,0.007909331,0.656358182,0.648448852
696,0.024262255,0.922605097,0.898342842
697,0.003054703,0.730697989,0.727643286
698,0.009115678,0.027343547,0.018227869
699,0.025288571,0.991503477,0.966214906
700,0.180885717,0.995146573,0.814260855
701,0.024927733,0.946404874,0.921477141
702,0.042702418,0.931805611,0.889103193
703,0.004167914,0.187189281,0.183021367
704,0.00408536,0.722315192,0.718229832
705,0.007948538,0.880776048,0.872827509
706,0.016214253,0.306505799,0.290291546
707,0.005742453,0.185269535,0.179527082
708,0.096447639,0.99234724,0.895899601
709,0.011706712,0.961135149,0.949428437
710,0.004036078,0.344261974,0.340225896
711,0.044673588,0.846787095,0.802113507
712,0.064418212,0.922511697,0.858093485
713,0.066017456,0.965443254,0.899425797
714,0.030691385,0.538537085,0.5078457
715,0.030751832,0.912664294,0.881912462
716,0.693099022,0.996054769,0.302955747
717,0.516592026,0.984620035,0.468028009
718,0.002259187,0.330546916,0.328287728
719,0.012185331,0.164733499,0.152548169
720,0.046281513,0.957310975,0.911029462
721,0.018592892,0.153999984,0.135407092
722,0.003374617,0.781216919,0.777842303
723,0.201582819,0.991929531,0.790346712
724,0.013702039,0.976796567,0.963094529
725,0.163009018,0.981700838,0.81869182
726,0.005125552,0.6842103,0.679084748
727,0.012038969,0.770233631,0.758194663
728,0.09452264,0.972626388,0.878103748
729,0.012494624,0.926696122,0.914201498
730,0.022677807,0.916853905,0.894176098
731,0.131747469,0.956365407,0.824617937
732,0.016403494,0.724305272,0.707901778
733,0.019897394,0.955269337,0.935371943
734,0.002515968,0.803999364,0.801483396
735,0.027756259,0.949302554,0.921546295
736,0.134081513,0.883558631,0.749477118
737,0.015154913,0.973465264,0.958310351
738,0.00374017,0.812822223,0.809082053
739,0.00477987,0.736724913,0.731945043
740,0.158706397,0.459910154,0.301203758
741,0.033607587,0.522381604,0.488774016
742,0.014692013,0.872733355,0.858041341
743,0.000870665,0.320869207,0.319998543
744,0.022943472,0.907884121,0.884940648
745,0.068204634,0.859680474,0.79147584
746,0.003223642,0.392356575,0.389132932
747,0.00058879,0.190968901,0.190380111
748,0.046286914,0.886424303,0.840137389
749,0.045745455,0.960683525,0.91493807
750,0.001607134,0.484508574,0.48290144
751,0.022196297,0.922898054,0.900701758
752,0.002863167,0.772744894,0.769881727
753,0.009333616,0.886087477,0.876753861
754,0.001047883,0.714903831,0.713855949
755,0.011739123,0.566699684,0.554960561
756,0.000234475,0.065194562,0.064960087
757,0.434863776,0.986514747,0.551650971
758,0.021279937,0.875508428,0.854228491
759,0.037583586,0.987311959,0.949728373
760,0.012930365,0.852110088,0.839179723
761,0.013252345,0.897570729,0.884318384
762,0.004526693,0.928867579,0.924340885
763,0.028104035,0.542083859,0.513979824
764,0.001894488,0.692943811,0.691049324
765,0.001596333,0.012360178,0.010763845
766,0.175678208,0.961225688,0.78554748
767,0.099549495,0.927802324,0.82825283
768,0.01274646,0.927031636,0.914285176
769,0.000877352,0.400826544,0.399949191
770,0.001506303,0.49825567,0.496749367
771,0.00041107,0.116332076,0.115921007
772,0.005499115,0.831494808,0.825995693
773,0.00477221,0.190314367,0.185542158
774,0.000739385,0.175369188,0.174629803
775,0.002389287,0.697023392,0.694634105
776,0.007665773,0.710689366,0.703023593
777,0.021485992,0.905066311,0.88358032
778,0.075584956,0.975206256,0.8996213
779,0.053551529,0.801265955,0.747714426
780,0.005427069,0.709421039,0.703993969
781,0.0161836,0.878798962,0.862615362
782,0.121349312,0.966299891,0.844950579
783,0.013546631,0.815646708,0.802100077
784,0.134809271,0.967206359,0.832397088
785,0.001884173,0.240847528,0.238963355
786,0.098480307,0.946422279,0.847941972
787,0.046756528,0.912412763,0.865656234
788,0.000215858,0.609380007,0.609164149
789,0.002426419,0.320876598,0.318450179
790,0.019868597,0.973858654,0.953990057
791,0.00032109,0.307927638,0.307606548
792,0.00316006,0.596007347,0.592847287
793,0.013301609,0.918207109,0.9049055
794,0.01506708,0.92139858,0.9063315
795,0.024339419,0.957892001,0.933552582
796,0.775342405,0.997696936,0.222354531
797,0.02835661,0.958236158,0.929879548
798,0.067635521,0.982264757,0.914629236
799,0.000308581,0.110397317,0.110088735
800,0.512549877,0.985656142,0.473106265
801,0.163901865,0.905831575,0.74192971
802,0.114966512,0.942876041,0.827909529
803,0.03749644,0.945904374,0.908407934
804,0.015705071,0.896797895,0.881092824
805,0.052554909,0.832401931,0.779847022
806,0.012754186,0.609563649,0.596809463
807,0.001078671,0.822492719,0.821414047
808,0.030075457,0.925759852,0.895684395
809,0.00679152,0.733860254,0.727068734
810,0.01921509,0.84458971,0.82537462
811,0.007121799,0.35778442,0.350662622
812,0.012830921,0.851808488,0.838977567
813,0.008628558,0.868905008,0.860276449
814,0.014796331,0.939146101,0.924349771
815,0.013347165,0.923301935,0.90995477
816,0.001505943,0.297534406,0.296028463
817,0.22055079,0.919855952,0.699305162
818,0.009217807,0.764287651,0.755069843
819,0.015318117,0.939079046,0.923760929
820,0.019234646,0.38440159,0.365166944
821,0.032927163,0.960247755,0.927320592
822,0.880460739,0.986137927,0.105677187
823,0.171684474,0.985466003,0.81378153
824,0.100997798,0.98426187,0.883264072
825,0.001997847,0.700073719,0.698075872
826,0.006327213,0.74542284,0.739095627
827,0.001272529,0.255588084,0.254315555
828,0.001340927,0.453052133,0.451711207
829,0.340868384,0.993662834,0.652794451
830,0.010327928,0.099324539,0.088996612
831,0.019294953,0.798300266,0.779005313
832,0.061839726,0.965918064,0.904078338
833,0.011247244,0.036015868,0.024768624
834,0.007926347,0.507862628,0.499936281
835,0.267732024,0.992105246,0.724373221
836,0.009800326,0.7704404,0.760640074
837,0.026530163,0.906913102,0.880382938
838,0.001573953,0.670415998,0.668842045
839,0.13642773,0.982657015,0.846229285
840,0.074748203,0.977546155,0.902797952
841,0.021610884,0.968235791,0.946624907
842,0.000259114,0.333244622,0.332985508
843,0.007559069,0.712497056,0.704937987
844,0.005868645,0.858302057,0.852433412
845,0.04334151,0.935482919,0.892141409
846,0.012851504,0.921520114,0.90866861
847,0.018631302,0.86086458,0.842233278
848,0.002241087,0.860553741,0.858312655
849,0.060687758,0.911343277,0.850655518
850,0.172508314,0.985069454,0.812561139
851,0.000529025,0.391629368,0.391100343
852,0.057677284,0.972451746,0.914774463
853,0.034139838,0.937777996,0.903638158
854,0.004958755,0.695969999,0.691011244
855,0.018724691,0.938615561,0.919890869
856,0.002247829,0.040632576,0.038384747
857,0.069305129,0.971559703,0.902254574
858,0.000617073,0.024983307,0.024366234
859,0.003735582,0.70595938,0.702223798
860,0.000539176,0.613451064,0.612911888
861,0.040600751,0.329525143,0.288924392
862,0.002464817,0.172584295,0.170119479
863,0.007618026,0.724517822,0.716899796
864,0.013594267,0.567661047,0.55406678
865,0.01847567,0.964255273,0.945779603
866,0.025299568,0.63662374,0.611324172
867,0.000869814,0.108592547,0.107722734
868,0.00120923,0.019640861,0.018431631
869,0.006775707,0.794772685,0.787996978
870,0.01379006,0.726952076,0.713162016
871,0.038839776,0.057044063,0.018204287
872,0.002835431,0.542604923,0.539769492
873,0.052038703,0.795416594,0.74337789
874,0.441717148,0.992902458,0.55118531
875,0.012038055,0.816588581,0.804550526
876,0.001980936,0.084241204,0.082260268
877,0.481922925,0.993048429,0.511125505
878,0.001442043,0.542087734,0.540645691
879,0.01848348,0.274757385,0.256273905
880,0.00332006,0.494994551,0.491674491
881,0.016545417,0.847273648,0.830728231
882,0.02957689,0.254841834,0.225264944
883,0.001168291,0.824702978,0.823534688
884,0.134246722,0.978490949,0.844244227
885,0.004551125,0.435843289,0.431292164
886,0.188457772,0.959903359,0.771445587
887,0.001882582,0.819499612,0.81761703
888,0.363027513,0.991749287,0.628721774
889,0.083698414,0.972646594,0.88894818
890,0.001894942,0.583762825,0.581867882
891,0.023986571,0.898905039,0.874918468
892,0.079063594,0.007874291,-0.071189303
893,0.00793352,0.919943631,0.912010111
894,0.17711924,0.991524398,0.814405158
895,0.016606122,0.955655932,0.93904981
896,0.008004206,0.829602838,0.821598631
897,0.070706047,0.93922919,0.868523143
898,0.004426097,0.544135988,0.53970989
899,0.000611263,0.080934152,0.080322889
900,0.008216242,0.448729843,0.440513601
901,0.0005978,0.260141671,0.259543871
902,0.059536114,0.967108369,0.907572255
903,0.012291202,0.80510515,0.792813947
904,0.001725204,0.126714095,0.124988891
905,0.014203872,0.884558439,0.870354568
906,0.02991016,0.575223804,0.545313643
907,0.001330437,0.414437771,0.413107333
908,0.004952169,0.492217124,0.487264955
909,0.271949708,0.983318686,0.711368978
910,0.007165112,0.280884832,0.27371972
911,0.02548326,0.884737372,0.859254112
912,0.009742165,0.146481872,0.136739707
913,0.000460331,0.13450855,0.13404822
914,0.010495968,0.665767193,0.655271225
915,0.01267342,0.617860615,0.605187195
916,0.076090768,0.963435173,0.887344405
917,0.102459021,0.973408222,0.870949201
918,0.001156504,0.462446153,0.461289649
919,0.001354322,0.514464915,0.513110592
920,0.001129585,0.52207154,0.520941956
921,0.001129507,0.9146716,0.913542092
922,0.00575747,0.772402525,0.766645055
923,0.005006378,0.824871659,0.819865281
924,0.006005961,0.903582633,0.897576672
925,0.000874733,0.495233446,0.494358713
926,0.014060481,0.774202764,0.760142283
927,0.009143661,0.797675133,0.788531472
928,0.020556903,0.662491798,0.641934896
929,0.053985197,0.690805554,0.636820357
930,0.012728591,0.958464086,0.945735496
931,0.013440845,0.95788455,0.944443705
932,0.015430353,0.859800637,0.844370284
933,0.004357826,0.373452097,0.369094271
934,0.005250194,0.879165173,0.873914979
935,0.015294006,0.597151935,0.581857929
936,0.018477436,0.893514991,0.875037555
937,0.004672169,0.283673078,0.279000909
938,0.030984346,0.923654675,0.89267033
939,0.004783342,0.818527818,0.813744476
940,0.012658983,0.947820306,0.935161323
941,0.055630974,0.929376364,0.873745389
942,0.032903511,0.47941637,0.446512859
943,0.202724397,0.970312417,0.767588019
944,0.009366825,0.775493562,0.766126737
945,0.018578172,0.938453853,0.919875681
946,0.016713964,0.805282235,0.788568271
947,0.001094396,0.102025829,0.100931433
948,0.04606412,0.96701616,0.920952041
949,0.042602442,0.962384701,0.919782259
950,0.001974531,0.626956642,0.62498211
951,0.002483594,0.46526131,0.462777716
952,0.001328284,0.117016673,0.115688389
953,0.001830688,0.83861506,0.836784372
954,0.030972395,0.887047172,0.856074777
955,0.010390311,0.676809728,0.666419418
956,0.028370097,0.848714828,0.820344731
957,0.013109632,0.781088769,0.767979138
958,0.006080498,0.885425687,0.879345189
959,0.005178698,0.897460222,0.892281524
960,0.428025693,0.988713622,0.560687929
961,0.008191941,0.314492702,0.306300761
962,0.113654196,0.904665172,0.791010976
963,0.003008966,0.863997579,0.860988613
964,0.004009065,0.528951526,0.524942461
965,0.026144341,0.918962955,0.892818615
966,0.122024789,0.912304997,0.790280208
967,0.015397998,0.927102387,0.911704389
968,0.000708339,0.103376552,0.102668213
969,0.005848747,0.790035129,0.784186382
970,0.018524157,0.887296617,0.86877246
971,0.00528605,0.873930931,0.868644881
972,0.005407767,0.542162478,0.536754711
973,0.004756796,0.661416173,0.656659377
974,0.036399525,0.942177951,0.905778427
975,0.071851745,0.908318281,0.836466536
976,0.022577919,0.870766819,0.848188899
977,0.001462857,0.856597424,0.855134566
978,0.039737601,0.962311268,0.922573667
979,0.071572654,0.938731074,0.86715842
980,0.001598231,0.00873227,0.007134038
981,0.003078759,0.779641569,0.776562809
982,0.001058285,0.288894147,0.287835862
983,0.023616454,0.910208702,0.886592248
984,0.001966408,0.267679751,0.265713343
985,0.578417957,0.988963723,0.410545766
986,0.002343892,0.309240341,0.30689645
987,0.006952418,0.90057534,0.893622921
988,0.267860591,0.994672596,0.726812005
989,0.001199803,0.441340655,0.440140852
990,0.007206843,0.356908143,0.349701299
991,0.001661966,0.563871086,0.56220912
992,0.026874442,0.863682985,0.836808544
993,0.004652093,0.861032307,0.856380214
994,0.083234161,0.124103285,0.040869124
995,0.002388292,0.308551013,0.306162721
996,0.229665339,0.995378137,0.765712798
997,0.014274424,0.204608142,0.190333718
998,0.013095135,0.926246285,0.913151151
999,0.006905865,0.615240991,0.608335126
1000,0.004374303,0.645769417,0.641395114
1001,0.000185845,0.059498262,0.059312416
1002,0.002204084,0.732420862,0.730216778
1003,0.012640776,0.769044816,0.75640404
1004,0.014794525,0.961800575,0.94700605
1005,0.002951719,0.665446162,0.662494443
1006,0.255459428,0.991421282,0.735961854
1007,0.023112627,0.884778678,0.861666052
1008,0.019627202,0.850264132,0.83063693
1009,0.01224383,0.840396225,0.828152396
1010,0.006998945,0.056398228,0.049399282
1011,0.002314477,0.6879462,0.685631724
1012,0.023914404,0.952136934,0.92822253
1013,0.021896418,0.697275162,0.675378744
1014,0.004453907,0.682502151,0.678048243
1015,0.018172938,0.899032712,0.880859774
1016,0.002990653,0.045198634,0.042207982
1017,0.466744602,0.994270325,0.527525723
1018,0.006718851,0.551173687,0.544454836
1019,0.018629486,0.882793248,0.864163762
1020,0.003027087,0.331632495,0.328605408
1021,0.293067694,0.9877913,0.694723606
1022,0.400773019,0.982043505,0.581270486
1023,0.013919392,0.941925764,0.928006372
1024,0.001797229,0.388745368,0.386948139
1025,0.001280255,0.876876473,0.875596218
1026,0.004164735,0.3520796,0.347914865
1027,0.020034872,0.948604047,0.928569175
1028,0.00775016,0.723107874,0.715357715
1029,0.000675947,0.768738985,0.768063039
1030,0.250072807,0.995716393,0.745643586
1031,0.065871276,0.945092738,0.879221462
1032,0.036594637,0.942522883,0.905928247
1033,0.030331697,0.94523859,0.914906893
1034,0.006661793,0.81663996,0.809978167
1035,0.008456198,0.865991294,0.857535096
1036,0.085071281,0.977544129,0.892472848
1037,0.00319668,0.90935272,0.90615604
1038,0.041182101,0.778705299,0.737523198
1039,0.003061414,0.704352975,0.701291561
1040,0.000568939,0.387930959,0.387362021
1041,0.029712012,0.916848302,0.88713629
1042,0.02974996,0.837795317,0.808045357
1043,0.001418365,0.346870333,0.345451968
1044,0.001136646,0.490829885,0.489693239
1045,0.101894744,0.964715779,0.862821035
1046,0.001139235,0.674991786,0.673852551
1047,0.039020069,0.941545904,0.902525835
1048,0.436105013,0.993139088,0.557034075
1049,0.001902526,0.084604956,0.08270243
1050,0.007229785,0.076931603,0.069701818
1051,0.025121076,0.929819882,0.904698806
1052,0.002225415,0.026217915,0.023992501
1053,0.001700596,0.721916676,0.720216079
1054,0.01077634,0.75401628,0.74323994
1055,0.007056962,0.792988777,0.785931815
1056,0.005128836,0.211057588,0.205928753
1057,0.092126146,0.972854912,0.880728766
1058,0.008701047,0.132500812,0.123799765
1059,0.004760826,0.502898097,0.498137271
1060,0.001999571,0.902848482,0.900848911
1061,0.006765937,0.81461525,0.807849312
1062,0.038843386,0.063256785,0.024413399
1063,0.007070069,0.568382502,0.561312432
1064,0.007847345,0.950275898,0.942428553
1065,0.001301791,0.523558736,0.522256945
1066,0.053889498,0.940330982,0.886441484
1067,0.004474636,0.49634549,0.491870855
1068,0.002512646,0.662231565,0.659718918
1069,0.002139201,0.77873522,0.77659602
1070,0.007360612,0.682939768,0.675579156
1071,0.002693499,0.010544035,0.007850535
1072,0.002200116,0.231886312,0.229686196
1073,0.104204871,0.991437018,0.887232147
1074,0.03900272,0.71511513,0.67611241
1075,0.000776583,0.160697624,0.159921041
1076,0.038602088,0.83689642,0.798294332
1077,0.001720693,0.742521584,0.740800891
1078,0.030709768,0.964587986,0.933878219
1079,0.001125814,0.139334202,0.138208387
1080,0.00564064,0.472411454,0.466770813
1081,0.056177702,0.923376858,0.867199156
1082,0.002269167,0.802758992,0.800489825
1083,0.009311011,0.908604383,0.899293372
1084,0.001569494,0.790130913,0.788561419
1085,0.017115813,0.928800881,0.911685068
1086,0.139962286,0.013059097,-0.126903188
1087,0.002266933,0.389025658,0.386758726
1088,0.079480283,0.932026148,0.852545865
1089,0.040194206,0.960573733,0.920379527
1090,0.00175711,0.613514543,0.611757433
1091,0.011350146,0.578524828,0.567174682
1092,0.002093781,0.354417115,0.352323334
1093,0.027513336,0.758315802,0.730802465
1094,0.040126074,0.87154901,0.831422936
1095,0.007744837,0.675677836,0.667932999
1096,0.0029108,0.451587409,0.448676609
1097,0.002387712,0.734933019,0.732545306
1098,0.002844718,0.520592809,0.517748091
1099,0.828156233,0.99580425,0.167648017
1100,0.101481408,0.972095311,0.870613903
1101,0.001717313,0.660086274,0.658368961
1102,0.003656188,0.503294826,0.499638637
1103,0.019242456,0.764812469,0.745570013
1104,0.041590683,0.932547212,0.890956528
1105,0.002130707,0.603369474,0.601238768
1106,0.006194662,0.530383348,0.524188686
1107,0.002629975,0.420050323,0.417420348
1108,0.028105987,0.983911633,0.955805646
1109,0.234901384,0.762719631,0.527818248
1110,0.052551731,0.942087471,0.88953574
1111,0.006154208,0.512565136,0.506410928
1112,0.021291502,0.894333422,0.87304192
1113,0.00508178,0.466582656,0.461500876
1114,0.013226693,0.770248532,0.75702184
1115,0.00101004,0.579000592,0.577990553
1116,0.013887071,0.527487874,0.513600803
1117,0.01050957,0.843053222,0.832543652
1118,0.001265465,0.398256093,0.396990628
1119,0.044977263,0.931161761,0.886184499
1120,0.224559814,0.988791108,0.764231294
1121,0.008403301,0.847562134,0.839158833
1122,0.004878278,0.750937581,0.746059303
1123,0.004710435,0.116347402,0.111636967
1124,0.014027058,0.959978819,0.945951761
1125,0.00353578,0.011584142,0.008048362
1126,0.072927736,0.979884148,0.906956412
1127,0.482310176,0.989749014,0.507438838
1128,0.087755531,0.965433359,0.877677828
1129,0.024657022,0.603678226,0.579021204
1130,0.021401569,0.882670403,0.861268833
1131,6.35055E-05,0.010816837,0.010753331
1132,0.000707795,0.272947013,0.272239219
1133,0.001418506,0.037313871,0.035895365
1134,0.058900688,0.807727575,0.748826887
1135,0.004586523,0.764635086,0.760048563
1136,0.13389653,0.98067987,0.84678334
1137,0.081926003,0.97725153,0.895325527
1138,0.019963264,0.923611164,0.9036479
1139,0.0823851,0.959759951,0.87737485
1140,0.015248291,0.9670192,0.951770909
1141,0.063193068,0.988650084,0.925457016
1142,0.183874458,0.556561351,0.372686893
1143,0.028002616,0.901971579,0.873968963
1144,0.142997891,0.924626589,0.781628698
1145,0.003020735,0.756097615,0.753076879
1146,0.005375226,0.810005963,0.804630736
1147,0.001764257,0.096758142,0.094993885
1148,0.059372738,0.963829577,0.904456839
1149,0.002517601,0.855897725,0.853380123
1150,0.014641266,0.305257857,0.290616591
1151,0.000864914,0.358143896,0.357278982
1152,0.005162772,0.08332739,0.078164618
1153,0.077531368,0.956076682,0.878545314
1154,0.115105391,0.927460432,0.812355042
1155,0.013235777,0.667633593,0.654397816
1156,0.010101934,0.811232269,0.801130335
1157,0.001680745,0.758364975,0.756684231
1158,0.007168753,0.020307953,0.0131392
1159,0.000602998,0.541253209,0.540650211
1160,0.002013413,0.555209398,0.553195986
1161,0.006394462,0.160148144,0.153753682
1162,0.08507219,0.949207902,0.864135712
1163,0.001287832,0.520798385,0.519510553
1164,0.177414432,0.958889306,0.781474873
1165,0.017455671,0.565927923,0.548472252
1166,0.001480183,0.814608097,0.813127914
1167,0.092960909,0.980005264,0.887044355
1168,0.005240852,0.56703347,0.561792617
1169,0.024677332,0.889515817,0.864838485
1170,0.00153737,0.474690884,0.473153515
1171,0.384602696,0.988166332,0.603563637
1172,0.028215731,0.962081492,0.933865761
1173,0.034236684,0.926288664,0.89205198
1174,0.01845862,0.91936326,0.900904641
1175,0.005834335,0.009561202,0.003726866
1176,0.142583624,0.980018318,0.837434694
1177,0.003234976,0.760173619,0.756938643
1178,0.00553696,0.010074329,0.004537369
1179,0.130448952,0.964174926,0.833725974
1180,0.714665651,0.937695205,0.223029554
1181,0.050530549,0.969122469,0.91859192
1182,0.419368327,0.988993824,0.569625497
1183,0.014425442,0.881576836,0.867151394
1184,0.084950618,0.957729936,0.872779317
1185,0.005589739,0.081037231,0.075447491
1186,0.00164659,0.08261057,0.08096398
1187,0.002635276,0.689757228,0.687121952
1188,0.047772367,0.964469194,0.916696828
1189,0.011575627,0.832198739,0.820623112
1190,0.002073088,0.668183625,0.666110537
1191,0.011814713,0.793512464,0.781697751
1192,0.019314438,0.913394332,0.894079894
1193,0.000989371,0.329505175,0.328515804
1194,0.087597519,0.954868317,0.867270797
1195,0.018704943,0.179162487,0.160457544
1196,0.004233902,0.81624192,0.812008018
1197,0.000602912,0.328134894,0.327531982
1198,0.000650382,0.493897378,0.493246996
1199,0.086898498,0.976603389,0.889704891
1200,0.000600098,0.087038681,0.086438583
1201,0.046250511,0.176683873,0.130433362
1202,0.002234476,0.75840807,0.756173593
1203,0.022622462,0.781544805,0.758922342
1204,0.006546422,0.842020571,0.835474149
1205,0.000831629,0.372823954,0.371992324
1206,0.009154165,0.811564922,0.802410757
1207,0.007613453,0.554384887,0.546771434
1208,0.052448228,0.8395648,0.787116572
1209,0.004748295,0.267324895,0.2625766
1210,0.001772047,0.31922859,0.317456543
1211,0.000726535,0.372198284,0.371471749
1212,0.034147937,0.717815459,0.683667522
1213,0.007696794,0.805322349,0.797625555
1214,0.000812834,0.144047201,0.143234367
1215,0.035454944,0.929130495,0.893675551
1216,0.091327563,0.96133709,0.870009527
1217,0.027734809,0.811837196,0.784102388
1218,0.000652105,0.083294362,0.082642256
1219,0.002785111,0.822929561,0.82014445
1220,0.092792302,0.470732957,0.377940655
1221,0.033982549,0.632595479,0.598612931
1222,0.005284065,0.62794286,0.622658795
1223,0.00492925,0.643072724,0.638143475
1224,0.001416277,0.415389836,0.413973559
1225,0.01043131,0.657654762,0.647223452
1226,0.007931283,0.929058135,0.921126852
1227,0.78624028,0.994315088,0.208074808
1228,0.011169358,0.913655162,0.902485804
1229,0.028613469,0.927369118,0.898755649
1230,0.033354007,0.957510948,0.924156941
1231,0.060078058,0.921040237,0.860962179
1232,0.052585565,0.899728298,0.847142734
1233,0.005998308,0.844823539,0.838825231
1234,0.001420514,0.385561556,0.384141042
1235,0.012626543,0.898278773,0.88565223
1236,0.013452446,0.833733082,0.820280636
1237,0.048387624,0.156017184,0.10762956
1238,0.02857372,0.928088248,0.899514528
1239,0.003557276,0.750409722,0.746852446
1240,0.016274009,0.816638887,0.800364878
1241,0.037547495,0.966966331,0.929418836
1242,0.059368066,0.929749489,0.870381422
1243,0.01266228,0.622749269,0.610086989
1244,0.015332947,0.78352505,0.768192102
1245,0.096930273,0.973246396,0.876316123
1246,0.00369783,0.789755762,0.786057932
1247,0.120660558,0.965824068,0.845163509
1248,0.042634919,0.103424668,0.060789749
1249,0.018658314,0.874224305,0.855565991
1250,0.000557706,0.192585364,0.192027658
1251,0.004541319,0.658690989,0.65414967
1252,0.06200292,0.913585126,0.851582207
1253,0.047548439,0.727731586,0.680183146
1254,0.235117704,0.991835117,0.756717414
1255,0.003302771,0.638539195,0.635236424
1256,0.003415675,0.733516216,0.730100541
1257,0.053503755,0.004458987,-0.049044768
1258,0.000461828,0.212113634,0.211651806
1259,0.000223485,0.063333243,0.063109759
1260,0.001949347,0.759964287,0.758014941
1261,0.000553795,0.248025149,0.247471354
1262,0.043525111,0.939652741,0.89612763
1263,0.000301252,0.130265415,0.129964163
1264,0.034649994,0.882843435,0.848193441
1265,0.049257379,0.923687875,0.874430496
1266,0.010114291,0.244454607,0.234340317
1267,0.001643201,0.642611384,0.640968184
1268,0.112860821,0.990188539,0.877327718
1269,0.005977071,0.828913152,0.822936081
1270,0.071609199,0.953313768,0.881704569
1271,0.005879703,0.899078846,0.893199143
1272,0.045382224,0.90751189,0.862129666
1273,0.005963626,0.954629779,0.948666153
1274,0.007184789,0.062268756,0.055083968
1275,0.055915829,0.984607279,0.928691451
1276,0.006008355,0.89292109,0.886912735
1277,0.005648327,0.536657989,0.531009662
1278,0.002954811,0.672791719,0.669836909
1279,0.001874125,0.515920222,0.514046097
1280,0.009692518,0.923976481,0.914283963
1281,0.035538726,0.971071184,0.935532458
1282,0.0167234,0.820296764,0.803573364
1283,0.040425632,0.966649771,0.926224139
1284,0.143754214,0.987947285,0.844193071
1285,0.030844571,0.294294834,0.263450263
1286,0.000711074,0.019576775,0.0188657
1287,0.018282365,0.289017707,0.270735342
1288,0.110029988,0.971342742,0.861312754
1289,0.02403661,0.955541372,0.931504762
1290,0.038122389,0.917666793,0.879544403
1291,0.000503665,0.345800906,0.345297241
1292,0.00445727,0.723152995,0.718695725
1293,0.01935008,0.945737779,0.926387699
1294,0.001668487,0.102635324,0.100966837
1295,0.034847524,0.943112969,0.908265445
1296,0.001533264,0.289428502,0.287895238
1297,0.000626946,0.40434435,0.403717404
1298,0.074994788,0.786295831,0.711301044
1299,0.00358435,0.770201564,0.766617214
1300,0.00326381,0.853558481,0.850294671
1301,0.029825419,0.844930351,0.815104932
1302,0.004284774,0.643960416,0.639675642
1303,0.001882913,0.535722852,0.533839938
1304,0.002321004,0.762169957,0.759848953
1305,0.110446244,0.978264213,0.867817968
1306,0.003277735,0.742124677,0.738846942
1307,0.001421542,0.514634371,0.513212828
1308,0.009498651,0.944295764,0.934797113
1309,0.001339909,0.429682642,0.428342733
1310,0.039304279,0.898973227,0.859668948
1311,0.009444798,0.893960238,0.884515439
1312,0.020706026,0.902630925,0.881924899
1313,0.001006278,0.328932971,0.327926692
1314,0.001973233,0.591870785,0.589897552
1315,0.423581988,0.992277026,0.568695039
1316,0.058979716,0.906633198,0.847653482
1317,0.001800467,0.254409134,0.252608668
1318,0.009548074,0.71544677,0.705898697
1319,0.115139857,0.991145909,0.876006052
1320,0.017149923,0.775516748,0.758366825
1321,0.022508204,0.973733187,0.951224983
1322,0.002284016,0.782239795,0.779955779
1323,0.011095162,0.489190251,0.478095088
1324,0.005318851,0.822156131,0.81683728
1325,0.025713595,0.626949251,0.601235656
1326,0.010175276,0.651105046,0.640929771
1327,0.004409336,0.739964664,0.735555327
1328,0.083087608,0.937263846,0.854176238
1329,0.064492784,0.944313645,0.879820861
1330,0.001380456,0.32031706,0.318936603
1331,0.000117037,0.01017552,0.010058482
1332,0.001109689,0.462960631,0.461850942
1333,0.008564313,0.755337656,0.746773343
1334,0.268219948,0.991497219,0.723277271
1335,0.002661306,0.672231853,0.669570547
1336,0.020377262,0.786230385,0.765853124
1337,0.001801739,0.493002057,0.491200318
1338,0.001543458,0.748533487,0.746990029
1339,0.120484039,0.984034538,0.863550499
1340,0.033454876,0.898143113,0.864688236
1341,0.019538015,0.942657173,0.923119158
1342,0.00301664,0.93299371,0.92997707
1343,0.10069444,0.985926509,0.885232069
1344,0.000626936,0.035514351,0.034887415
1345,0.032927711,0.988693893,0.955766182
1346,0.02841815,0.400192022,0.371773873
1347,0.044748858,0.970555127,0.925806269
1348,0.118217729,0.927094102,0.808876373
1349,0.032073371,0.721077025,0.689003654
1350,0.030042009,0.056817047,0.026775038
1351,0.525443435,0.989801586,0.464358151
1352,0.016184269,0.83566308,0.819478812
1353,0.014927377,0.83035171,0.815424333
1354,0.000395202,0.644255698,0.643860495
1355,0.018482089,0.931937575,0.913455486
1356,0.060802791,0.871823013,0.811020222
1357,0.001341531,0.149925753,0.148584222
1358,0.007879655,0.618156791,0.610277136
1359,0.000804851,0.650419354,0.649614504
1360,0.129721761,0.961880267,0.832158506
1361,0.134443328,0.9836362,0.849192873
1362,0.00858105,0.477653146,0.469072096
1363,0.019070335,0.854814649,0.835744314
1364,0.005978493,0.848285615,0.842307122
1365,0.000354464,0.688537359,0.688182895
1366,0.002815573,0.767537951,0.764722379
1367,0.00016873,0.13227585,0.13210712
1368,0.001195846,0.358022362,0.356826516
1369,0.410325706,0.986159027,0.575833321
1370,0.00092257,0.132632583,0.131710013
1371,0.034641415,0.963671565,0.92903015
1372,0.007881981,0.943307698,0.935425716
1373,0.013725283,0.834269404,0.820544122
1374,0.023295559,0.928446531,0.905150972
1375,0.004390145,0.733724892,0.729334747
1376,0.238948941,0.905007541,0.6660586
1377,0.00014293,0.071739256,0.071596327
1378,0.011065542,0.622736573,0.611671031
1379,0.003729218,0.259644955,0.255915737
1380,0.007501916,0.263818383,0.256316467
1381,0.163192779,0.962285697,0.799092919
1382,0.003768646,0.697865427,0.694096781
1383,0.045719754,0.277329415,0.231609661
1384,0.000753051,0.077024087,0.076271036
1385,0.035880327,0.950405538,0.914525211
1386,0.001271187,0.055824347,0.05455316
1387,0.005968832,0.798784196,0.792815364
1388,0.007911116,0.619343638,0.611432523
1389,0.188575178,0.988458335,0.799883157
1390,0.002726246,0.04582708,0.043100833
1391,0.02228974,0.10171786,0.07942812
1392,0.008597557,0.664782047,0.656184491
1393,0.005554593,0.877864122,0.87230953
1394,0.221302792,0.977350354,0.756047562
1395,0.023865579,0.890423656,0.866558077
1396,0.013718533,0.966323316,0.952604783
1397,0.008283273,0.583723426,0.575440153
1398,0.031775709,0.978126466,0.946350757
1399,0.002235374,0.711518347,0.709282974
1400,0.026370455,0.951095402,0.924724948
1401,0.006715069,0.602925777,0.596210709
1402,0.000876631,0.401118755,0.400242124
1403,0.000498971,0.090426371,0.089927399
1404,0.019195134,0.669209599,0.650014466
1405,0.004240224,0.716333628,0.712093404
1406,0.491472661,0.995648563,0.504175901
1407,0.11056453,0.979231954,0.868667424
1408,0.003496711,0.291998506,0.288501794
1409,0.001454469,0.712350905,0.710896436
1410,0.017614445,0.106283724,0.08866928
1411,0.007063752,0.69904989,0.691986138
1412,0.001058644,0.089676358,0.088617714
1413,0.00289762,0.176283658,0.173386038
1414,0.350873381,0.986532271,0.63565889
1415,0.010148665,0.88472569,0.874577025
1416,0.038748682,0.927215338,0.888466656
1417,0.003131192,0.811699927,0.808568735
1418,0.056638286,0.864607692,0.807969406
1419,0.003635353,0.302468002,0.298832649
1420,0.029369731,0.863044441,0.83367471
1421,0.01582402,0.955494285,0.939670265
1422,0.013822755,0.80145514,0.787632385
1423,0.134611756,0.653548658,0.518936902
1424,0.014237429,0.84259516,0.828357731
1425,0.035603762,0.918908,0.883304238
1426,0.014649454,0.916090608,0.901441154
1427,0.012347655,0.940644026,0.92829637
1428,0.004018766,0.810849965,0.806831198
1429,0.003332203,0.511716008,0.508383805
1430,0.006625766,0.472452432,0.465826666
1431,0.0025422,0.161624715,0.159082514
1432,0.003938603,0.752892792,0.748954189
1433,0.002842497,0.633174717,0.63033222
1434,0.031765625,0.866772592,0.835006967
1435,0.011857344,0.889555812,0.877698468
1436,0.028386982,0.893265843,0.864878861
1437,0.00382501,0.884296477,0.880471467
1438,0.019339953,0.923848987,0.904509034
1439,0.094159096,0.760757565,0.666598469
1440,0.020812262,0.944964647,0.924152385
1441,0.01120906,0.605037391,0.593828331
1442,0.01046468,0.893726707,0.883262026
1443,0.00728398,0.767132103,0.759848124
1444,0.005125582,0.143357053,0.138231472
1445,0.042081781,0.980443835,0.938362055
1446,0.029426502,0.989505053,0.960078551
1447,0.010513916,0.799765766,0.78925185
1448,0.237897292,0.983763933,0.745866641
1449,0.052282572,0.936581433,0.884298861
1450,0.011212859,0.354835272,0.343622413
1451,0.030870833,0.892958105,0.862087272
1452,0.012146094,0.776090801,0.763944707
1453,0.002154371,0.791573465,0.789419094
1454,0.118679114,0.572655022,0.453975908
1455,0.002290908,0.017321784,0.015030876
1456,0.031373262,0.854636371,0.823263109
1457,0.02552125,0.263956308,0.238435058
1458,0.138344914,0.962018967,0.823674053
1459,0.16333127,0.90457052,0.74123925
1460,0.005833627,0.962710738,0.956877111
1461,0.002882024,0.180396393,0.177514369
1462,0.047653597,0.95878309,0.911129493
1463,0.00144087,0.370507419,0.369066549
1464,0.003174036,0.495445311,0.492271275
1465,0.001183095,0.779241204,0.778058109
1466,0.018453283,0.920785964,0.90233268
1467,0.001819541,0.053016592,0.051197051
1468,0.018672166,0.962332368,0.943660202
1469,0.001787301,0.536182225,0.534394924
1470,0.000789311,0.792082489,0.791293177
1471,0.014060316,0.79128325,0.777222934
1472,0.002924262,0.408808768,0.405884506
1473,0.001720282,0.790274262,0.788553981
1474,0.115603641,0.88395983,0.768356189
1475,0.000398848,0.074340641,0.073941794
1476,0.011710894,0.852850974,0.841140079
1477,0.018047998,0.393633246,0.375585249
1478,0.001716641,0.434742212,0.433025571
1479,0.172017843,0.976242185,0.804224342
1480,0.091295868,0.98176837,0.890472502
1481,0.162309676,0.969349802,0.807040125
1482,0.003468941,0.419316798,0.415847857
1483,0.000719466,0.129549995,0.128830529
1484,0.020558933,0.930423915,0.909864983
1485,0.004021158,0.762767494,0.758746335
1486,0.024976354,0.91796726,0.892990906
1487,0.635038853,0.99548161,0.360442758
1488,0.018084353,0.544447541,0.526363188
1489,0.052851081,0.94480437,0.89195329
1490,0.012037198,0.531395435,0.519358237
1491,0.007630162,0.886473477,0.878843314
1492,0.001396314,0.688194215,0.686797901
1493,0.001226991,0.281524092,0.280297101
1494,0.007790449,0.791348398,0.783557949
1495,0.060617927,0.971041739,0.910423812
1496,0.002478329,0.8340258,0.831547471
1497,0.006703145,0.791649342,0.784946196
1498,0.437001824,0.993330777,0.556328952
1499,0.001298291,0.012472497,0.011174207
1500,0.016798221,0.720992506,0.704194285
1501,0.024706388,0.892711759,0.868005371
1502,0.012548401,0.59938556,0.586837159
1503,0.001315117,0.833046198,0.831731081
1504,0.000362378,0.012578119,0.012215741
1505,0.019347155,0.871364594,0.852017438
1506,0.003771139,0.13146694,0.127695801
1507,0.002114844,0.50105679,0.498941946
1508,0.002392116,0.618931711,0.616539595
1509,0.028420834,0.85760498,0.829184147
1510,0.037696894,0.948701024,0.91100413
1511,0.051067948,0.940029204,0.888961256
1512,0.001709284,0.598420799,0.596711515
1513,0.008175191,0.871059537,0.862884345
1514,0.000427035,0.207460299,0.207033264
1515,0.000861918,0.14082481,0.139962892
1516,0.006311463,0.74205929,0.735747827
1517,0.000240759,0.257269114,0.257028355
1518,0.007453115,0.771889925,0.76443681
1519,0.00207017,0.707275212,0.705205042
1520,0.172275811,0.120342284,-0.051933527
1521,0.003156503,0.793799639,0.790643135
1522,0.008821419,0.841739297,0.832917878
1523,0.038732901,0.886930466,0.848197564
1524,0.147552818,0.981970966,0.834418148
1525,0.030341979,0.867499828,0.837157849
1526,0.001979633,0.279751897,0.277772264
1527,0.000959939,0.149499908,0.148539969
1528,0.022936994,0.894127131,0.871190136
1529,0.078554258,0.961119175,0.882564917
1530,0.058147166,0.901904047,0.843756881
1531,0.010879794,0.725221455,0.714341661
1532,0.328723013,0.994191587,0.665468574
1533,0.00089367,0.714719534,0.713825864
1534,0.0103195,0.683662236,0.673342736
1535,0.003120692,0.021539006,0.018418314
1536,0.002872494,0.616185606,0.613313112
1537,0.010025489,0.906429589,0.8964041
1538,0.005788212,0.463830441,0.458042229
1539,0.025928255,0.945024371,0.919096116
1540,0.047366928,0.963323116,0.915956188
1541,0.033139594,0.974576294,0.941436701
1542,0.004063024,0.782962799,0.778899775
1543,0.012590621,0.565969408,0.553378787
1544,0.048373047,0.836569786,0.788196739
1545,0.031657685,0.952523768,0.920866083
1546,0.018666716,0.162394792,0.143728076
1547,0.037257966,0.928046942,0.890788976
1548,0.039995167,0.757113278,0.717118111
1549,0.001967835,0.128583908,0.126616073
1550,0.06244529,0.940098524,0.877653234
1551,0.001275399,0.71214503,0.710869632
1552,0.334041625,0.97098124,0.636939615
1553,0.018360304,0.930243373,0.911883069
1554,0.364127636,0.989675701,0.625548065
1555,0.006817665,0.591087818,0.584270153
1556,0.004011926,0.586016178,0.582004252
1557,0.003976519,0.807758391,0.803781872
1558,0.002944212,0.320870668,0.317926456
1559,0.033847593,0.550538182,0.516690589
1560,0.033487782,0.94805491,0.914567128
1561,0.006712343,0.837944508,0.831232165
1562,0.00168339,0.672340214,0.670656824
1563,0.035353392,0.817480922,0.782127529
1564,0.001688999,0.749280453,0.747591454
1565,0.000869935,0.187160328,0.186290393
1566,0.173744991,0.975647449,0.801902458
1567,0.009529297,0.866495788,0.856966491
1568,0.007671717,0.726365924,0.718694207
1569,0.01925993,0.786199212,0.766939282
1570,0.001710459,0.521627188,0.519916729
1571,0.003261586,0.668162942,0.664901356
1572,0.002789634,0.194176808,0.191387174
1573,0.02267305,0.8842507,0.861577651
1574,0.005050556,0.729331374,0.724280818
1575,0.005450435,0.414620936,0.4091705
1576,0.148225501,0.987908542,0.839683041
1577,0.051584847,0.984732568,0.933147721
1578,0.002094313,0.006431207,0.004336894
1579,0.001840935,0.887490928,0.885649993
1580,0.010968496,0.908738017,0.897769521
1581,0.094152831,0.951081336,0.856928505
1582,0.297026157,0.205062523,-0.091963634
1583,0.116071314,0.980709076,0.864637762
1584,0.00436086,0.034175407,0.029814547
1585,0.00100642,0.020670146,0.019663726
1586,0.106028616,0.283414781,0.177386165
1587,0.004059239,0.723451376,0.719392137
1588,0.049397141,0.900377929,0.850980788
1589,0.022477632,0.668159604,0.645681972
1590,0.000560768,0.476234168,0.4756734
1591,0.000735493,0.363049328,0.362313836
1592,0.002868435,0.233967349,0.231098914
1593,0.061136708,0.839622319,0.778485611
1594,0.009704104,0.868221343,0.858517239
1595,0.005108358,0.230479419,0.225371061
1596,0.005848624,0.581944287,0.576095663
1597,0.001018399,0.529343069,0.528324669
1598,0.01003056,0.812830627,0.802800067
1599,0.05240196,0.902811468,0.850409508
1600,0.011143509,0.772377491,0.761233982
1601,0.003073978,0.857777774,0.854703796
1602,0.039081845,0.914960623,0.875878777
1603,0.051306039,0.809687436,0.758381397
1604,0.006428565,0.955317736,0.94888917
1605,0.005945835,0.923174441,0.917228606
1606,0.006265192,0.637428522,0.63116333
1607,0.013384379,0.844509244,0.831124865
1608,0.283260018,0.977366447,0.69410643
1609,0.060044196,0.94122231,0.881178115
1610,0.010937545,0.254770517,0.243832973
1611,0.014134562,0.907847226,0.893712664
1612,0.105220146,0.950015366,0.84479522
1613,0.155187383,0.976454139,0.821266755
1614,0.00397633,0.735421181,0.731444851
1615,0.064654067,0.952629328,0.887975261
1616,0.012479882,0.052064531,0.039584649
1617,0.033808477,0.282951266,0.249142788
1618,0.003497637,0.761751473,0.758253836
1619,0.018563651,0.760213852,0.741650201
1620,0.004069096,0.639524102,0.635455006
1621,0.052684575,0.932750344,0.880065769
1622,0.011561451,0.27028212,0.258720669
1623,0.000235086,0.507331848,0.507096762
1624,0.003448259,0.33515659,0.33170833
1625,0.020165933,0.751650333,0.7314844
1626,0.125180036,0.978034437,0.852854401
1627,0.03535999,0.958312869,0.922952879
1628,0.028129175,0.70504123,0.676912054
1629,0.009898031,0.844911635,0.835013604
1630,0.002939231,0.645195305,0.642256075
1631,0.094218649,0.988088071,0.893869422
1632,0.001119929,0.443030953,0.441911024
1633,0.527446151,0.990116417,0.462670267
1634,0.006309106,0.531057417,0.524748311
1635,0.009446043,0.460374534,0.450928492
1636,0.000498181,0.473741323,0.473243142
1637,0.001775733,0.347398221,0.345622488
1638,0.017342333,0.885245264,0.867902931
1639,0.003137318,0.151088908,0.147951591
1640,0.045823872,0.965395451,0.919571579
1641,0.010652279,0.759307742,0.748655463
1642,0.010389232,0.743750691,0.733361459
1643,0.006056198,0.010814428,0.00475823
1644,0.000677979,0.471899867,0.471221888
1645,0.005607693,0.968849182,0.963241489
1646,0.053823486,0.857236147,0.803412661
1647,0.002506163,0.826759577,0.824253414
1648,0.008390076,0.776129007,0.767738931
1649,0.022264028,0.892772973,0.870508945
1650,0.009319435,0.857460856,0.848141422
1651,0.067856267,0.958872199,0.891015932
1652,0.922377467,0.986485243,0.064107776
1653,0.00173177,0.620638907,0.618907137
1654,0.031506453,0.869717598,0.838211145
1655,0.017487794,0.922061324,0.90457353
1656,0.009987969,0.658783317,0.648795348
1657,0.021431573,0.878871679,0.857440107
1658,0.008452727,0.311946303,0.303493576
1659,0.001159612,0.249743745,0.248584133
1660,0.006209335,0.890675306,0.884465971
1661,0.077129729,0.982363224,0.905233495
1662,0.106975123,0.977807879,0.870832756
1663,0.034256652,0.819144487,0.784887835
1664,0.177269533,0.988142312,0.810872778
1665,0.024282012,0.980278432,0.95599642
1666,0.018874686,0.946023107,0.92714842
1667,0.019845273,0.788543284,0.768698011
1668,0.028747512,0.921409607,0.892662095
1669,0.013583523,0.6044541,0.590870577
1670,0.006507928,0.898827791,0.892319863
1671,0.04025837,0.869897068,0.829638697
1672,0.045194868,0.878961086,0.833766218
1673,0.000944959,0.151622951,0.150677992
1674,0.066033021,0.931551874,0.865518853
1675,0.318766922,0.929390609,0.610623688
1676,0.023646962,0.88511759,0.861470629
1677,0.004599004,0.467943549,0.463344545
1678,0.005297346,0.686047196,0.680749851
1679,0.011978135,0.952536643,0.940558508
1680,0.004264877,0.895161271,0.890896394
1681,0.005830907,0.777902067,0.77207116
1682,0.055461526,0.954608381,0.899146855
1683,0.006813134,0.675649047,0.668835913
1684,0.012790707,0.902374446,0.889583739
1685,0.009696876,0.863848925,0.854152049
1686,0.027335407,0.971628845,0.944293438
1687,0.004800582,0.813106954,0.808306372
1688,0.049270917,0.985497177,0.93622626
1689,0.011714847,0.71939671,0.707681864
1690,0.190049529,0.931922197,0.741872668
1691,0.006130745,0.691782475,0.685651729
1692,0.007960738,0.561426699,0.553465961
1693,0.005050725,0.701709509,0.696658784
1694,0.018246656,0.955140591,0.936893934
1695,0.670830071,0.959123254,0.288293183
1696,0.006460502,0.699172199,0.692711697
1697,0.070929937,0.633759022,0.562829085
1698,0.015484206,0.739142358,0.723658152
1699,0.007299004,0.626120746,0.618821742
1700,0.014227768,0.9292261,0.914998332
1701,0.063726857,0.973887026,0.910160169
1702,0.211740196,0.993837297,0.782097101
1703,0.005158532,0.899185658,0.894027126
1704,0.130357683,0.963074923,0.83271724
1705,0.014528287,0.676189899,0.661661613
1706,0.307189643,0.997727215,0.690537572
1707,0.000566722,0.020846954,0.020280232
1708,0.002378995,0.540553153,0.538174157
1709,0.0688565,0.947906852,0.879050352
1710,0.017211406,0.926518202,0.909306796
1711,0.001607464,0.506035149,0.504427685
1712,0.000742256,0.113797635,0.113055378
1713,0.004598633,0.456122547,0.451523914
1714,0.102805845,0.168221369,0.065415524
1715,0.03289884,0.939306915,0.906408075
1716,0.005246961,0.769248843,0.764001882
1717,0.002263881,0.074024051,0.071760171
1718,0.015203234,0.582541883,0.567338649
1719,0.001252247,0.577917218,0.576664971
1720,0.006269614,0.824343264,0.81807365
1721,0.000372007,0.096893497,0.09652149
1722,0.000996802,0.561118305,0.560121502
1723,0.002671871,0.527604461,0.52493259
1724,0.032470807,0.924820364,0.892349556
1725,0.045964975,0.922306657,0.876341682
1726,0.002837336,0.65501231,0.652174973
1727,0.080708452,0.972883463,0.892175011
1728,0.051484037,0.97239393,0.920909893
1729,0.010558945,0.799161971,0.788603025
1730,0.012582698,0.731822908,0.71924021
1731,0.001728115,0.579643548,0.577915433
1732,0.009213297,0.817639112,0.808425816
1733,0.006687923,0.966047287,0.959359364
1734,0.042928811,0.803080201,0.76015139
1735,0.0773625,0.851954341,0.774591841
1736,0.024075087,0.949688733,0.925613645
1737,0.076791316,0.968598247,0.89180693
1738,0.005737989,0.661667943,0.655929954
1739,0.008986992,0.882483006,0.873496014
1740,0.022423508,0.848522484,0.826098977
1741,0.019154562,0.018840753,-0.000313809
1742,0.024289915,0.061511628,0.037221713
1743,0.095924675,0.992967129,0.897042453
1744,0.313966006,0.992202997,0.678236991
1745,0.003413317,0.859009564,0.855596247
1746,0.011904579,0.266521692,0.254617114
1747,0.023337027,0.758541584,0.735204557
1748,0.003453737,0.402745098,0.399291361
1749,0.001833323,0.532350063,0.530516741
1750,0.00764975,0.96644944,0.95879969
1751,0.064543866,0.943317115,0.87877325
1752,0.019237082,0.933242619,0.914005537
1753,0.027012484,0.890835702,0.863823218
1754,0.144714668,0.390302479,0.245587811
1755,0.039807104,0.939008296,0.899201192
1756,0.027471982,0.980825722,0.95335374
1757,0.056412853,0.918558538,0.862145685
1758,0.007799772,0.903692544,0.895892771
1759,0.002495136,0.375851661,0.373356525
1760,0.013711514,0.926061809,0.912350295
1761,0.003733027,0.003487711,-0.000245316
1762,0.027257886,0.838757992,0.811500106
1763,0.073835678,0.970530868,0.896695189
1764,0.000987143,0.045595717,0.044608574
1765,0.002877262,0.528562069,0.525684807
1766,0.074576356,0.717808306,0.643231951
1767,0.003083329,0.676834166,0.673750837
1768,0.004422636,0.790104032,0.785681395
1769,0.172820762,0.989421785,0.816601023
1770,0.039538272,0.911488354,0.871950082
1771,0.009653568,0.784827113,0.775173545
1772,0.014153286,0.920474291,0.906321005
1773,0.019960435,0.919519603,0.899559168
1774,0.002324058,0.484000653,0.481676595
1775,0.072743192,0.977554381,0.904811189
1776,0.025703419,0.965672195,0.939968776
1777,0.130949825,0.971820951,0.840871125
1778,0.010713151,0.769634008,0.758920858
1779,0.012780515,0.818530858,0.805750342
1780,0.009342561,0.820097327,0.810754766
1781,0.003197428,0.027472805,0.024275378
1782,0.0163865,0.951817572,0.935431072
1783,0.001541978,0.404310584,0.402768607
1784,0.001299533,0.798014104,0.796714572
1785,0.006212713,0.799256086,0.793043373
1786,0.159042254,0.985227585,0.826185331
1787,0.001963795,0.414970428,0.413006633
1788,0.006919751,0.784622133,0.777702381
1789,0.001294384,0.151257679,0.149963295
1790,0.006646808,0.892579377,0.885932569
1791,0.155170724,0.976644993,0.821474269
1792,0.020241978,0.949935436,0.929693459
1793,0.730604649,0.997050881,0.266446233
1794,0.01820318,0.25411728,0.2359141
1795,0.056273732,0.926642299,0.870368566
1796,0.0530788,0.968269229,0.915190428
1797,0.005930754,0.682241499,0.676310746
1798,0.001007812,0.407370001,0.406362189
1799,0.001920259,0.603519738,0.601599479
1800,0.011328854,0.901495039,0.890166186
1801,0.048321202,0.957418084,0.909096882
1802,0.031507738,0.877630591,0.846122853
1803,0.000553359,0.284258753,0.283705394
1804,0.033391446,0.858507335,0.825115889
1805,0.00244387,0.066958658,0.064514788
1806,0.000495412,0.318644226,0.318148814
1807,0.013323618,0.020956019,0.007632401
1808,0.002026454,0.477682799,0.475656345
1809,0.026908247,0.923846245,0.896937998
1810,0.026805878,0.975128591,0.948322713
1811,0.012670545,0.912281811,0.899611266
1812,0.008518665,0.10914997,0.100631305
1813,0.002397271,0.608908474,0.606511203
1814,0.004243728,0.653305948,0.64906222
1815,0.005770015,0.846628547,0.840858532
1816,0.130597234,0.975164652,0.844567418
1817,0.001930868,0.642665744,0.640734876
1818,0.016380506,0.916702211,0.900321705
1819,0.010764252,0.929557264,0.918793011
1820,0.219860315,0.993276119,0.773415804
1821,0.003046477,0.449435055,0.446388578
1822,0.036622774,0.9767313,0.940108526
1823,0.009471683,0.803869009,0.794397326
1824,0.018731473,0.852422833,0.83369136
1825,0.00362045,0.31800428,0.31438383
1826,0.003287198,0.594210088,0.59092289
1827,0.056420069,0.967252553,0.910832483
1828,0.09742137,0.985753298,0.888331927
1829,0.031710029,0.93469882,0.902988791
1830,0.070419043,0.970353842,0.899934798
1831,0.018098213,0.250950605,0.232852392
1832,0.002596968,0.647639215,0.645042247
1833,0.000762259,0.214156061,0.213393802
1834,0.000873344,0.230890349,0.230017005
1835,0.000765017,0.026836582,0.026071565
1836,0.105478205,0.969543099,0.864064895
1837,0.019413138,0.745027542,0.725614404
1838,0.001825005,0.753044724,0.75121972
1839,0.007322889,0.649882615,0.642559725
1840,0.005372807,0.724916697,0.719543889
1841,0.17818816,0.886009336,0.707821175
1842,0.002099479,0.586232662,0.584133183
1843,0.00116963,0.230505154,0.229335524
1844,0.036711872,0.972320557,0.935608685
1845,0.005291108,0.624118209,0.618827101
1846,0.001931716,0.715662599,0.713730882
1847,0.002124035,0.1246714,0.122547365
1848,0.001152789,0.580889881,0.579737092
1849,0.003427664,0.635946631,0.632518968
1850,0.005836304,0.078303114,0.072466809
1851,0.013409468,0.792103887,0.778694418
1852,0.249034792,0.993791759,0.744756967
1853,0.012358658,0.809522748,0.79716409
1854,0.00292167,0.468252152,0.465330482
1855,0.03122675,0.760466456,0.729239706
1856,0.001072824,0.326655775,0.325582951
1857,0.034204237,0.883747399,0.849543162
1858,0.147711307,0.947533846,0.799822539
1859,0.011836758,0.836199343,0.824362585
1860,0.021446878,0.724460244,0.703013366
1861,0.000807763,0.005126408,0.004318645
1862,0.001966242,0.061889581,0.059923339
1863,0.010841282,0.920159578,0.909318296
1864,0.035181753,0.961519778,0.926338024
1865,0.013320986,0.758778155,0.745457169
1866,0.000792304,0.023589626,0.022797322
1867,0.024590336,0.913376808,0.888786472
1868,0.002676723,0.798198164,0.79552144
1869,0.05220684,0.969322622,0.917115781
1870,0.004320907,0.924084783,0.919763875
1871,0.002678699,0.88108021,0.878401511
1872,0.001163476,0.361665249,0.360501773
1873,0.002235323,0.245604247,0.243368924
1874,0.008762178,0.139076784,0.130314606
1875,0.008540866,0.885357738,0.876816872
1876,0.008011258,0.621213198,0.61320194
1877,0.012828073,0.211659104,0.19883103
1878,0.002705977,0.432576418,0.429870441
1879,0.012396348,0.535799563,0.523403215
1880,0.002330468,0.550214291,0.547883822
1881,0.000430262,0.263497472,0.26306721
1882,0.009654935,0.859732628,0.850077693
1883,0.016297316,0.901564062,0.885266745
1884,0.010502882,0.885194898,0.874692015
1885,0.03041818,0.880020678,0.849602498
1886,0.25240919,0.990455925,0.738046736
1887,0.002294529,0.08043991,0.078145382
1888,0.013084639,0.95926702,0.946182381
1889,0.075202517,0.981864333,0.906661816
1890,0.040486209,0.978610158,0.938123949
1891,0.005791742,0.894124091,0.888332349
1892,0.01080475,0.260457277,0.249652527
1893,0.072323419,0.984546721,0.912223302
1894,0.003730425,0.854987383,0.851256958
1895,0.002083056,0.693879783,0.691796727
1896,0.00455175,0.769108236,0.764556486
1897,0.006072665,0.817653,0.811580335
1898,0.002219643,0.64876622,0.646546576
1899,0.384315163,0.960945904,0.576630741
1900,0.003306128,0.657935739,0.65462961
1901,0.004125643,0.83170104,0.827575397
1902,0.009478383,0.752131641,0.742653258
1903,0.057769958,0.951648653,0.893878695
1904,0.157715172,0.581086934,0.423371762
1905,0.233693272,0.988537312,0.75484404
1906,0.025529541,0.838080645,0.812551104
1907,0.001424835,0.390999824,0.389574989
1908,0.015870327,0.331919581,0.316049254
1909,0.022937225,0.873977125,0.8510399
1910,0.001429025,0.462219715,0.46079069
1911,0.001252388,0.317671329,0.316418941
1912,0.015164988,0.957236469,0.942071481
1913,0.0275716,0.971671283,0.944099683
1914,0.042160824,0.890009642,0.847848818
1915,0.035282791,0.901956558,0.866673768
1916,0.027826801,0.931337714,0.903510913
1917,0.007807562,0.610239625,0.602432063
1918,0.555091023,0.398696989,-0.156394035
1919,0.012002579,0.82269913,0.810696551
1920,0.292766422,0.978760064,0.685993642
1921,0.052347526,0.939361513,0.887013987
1922,0.001704857,0.378068835,0.376363977
1923,0.001959067,0.081841283,0.079882215
1924,0.018746771,0.879540026,0.860793255
1925,0.217227101,0.97174567,0.754518569
1926,0.015990859,0.692242086,0.676251227
1927,0.007356599,0.86229974,0.854943141
1928,0.009168232,0.776282728,0.767114496
1929,0.000503443,0.388461411,0.387957968
1930,0.003365662,0.886095047,0.882729385
1931,0.004755009,0.649506211,0.644751203
1932,0.019887339,0.949706376,0.929819036
1933,0.016741099,0.859650612,0.842909513
1934,0.001975303,0.137535468,0.135560165
1935,0.15053305,0.902021527,0.751488477
1936,0.000563646,0.029544864,0.028981218
1937,0.003335467,0.008608855,0.005273388
1938,0.007297135,0.799654365,0.79235723
1939,0.08011023,0.941862106,0.861751877
1940,0.000518534,0.051551837,0.051033303
1941,0.004165999,0.718900859,0.714734861
1942,0.019341134,0.977865815,0.958524682
1943,0.013094286,0.939999163,0.926904878
1944,0.000481935,0.091086738,0.090604803
1945,0.001855511,0.200943843,0.199088331
1946,0.027063901,0.949574351,0.922510451
1947,0.005725809,0.512956083,0.507230273
1948,0.012569458,0.530213416,0.517643957
1949,0.136625096,0.109973833,-0.026651263
1950,0.003878437,0.761898518,0.758020081
1951,0.107087769,0.967308342,0.860220574
1952,0.002859628,0.715772688,0.71291306
1953,0.078197584,0.991835713,0.91363813
1954,0.002210178,0.57730484,0.575094662
1955,0.00294536,0.658974767,0.656029406
1956,0.000920973,0.645226717,0.644305744
1957,0.019465456,0.920587242,0.901121786
1958,0.008849112,0.923127353,0.914278241
1959,0.17469877,0.98730135,0.81260258
1960,0.083401799,0.983739674,0.900337875
1961,0.000904021,0.425245583,0.424341562
1962,0.00153845,0.622883976,0.621345526
1963,0.024215391,0.968405604,0.944190213
1964,0.006971437,0.790172875,0.783201438
1965,0.019849231,0.967560112,0.947710881
1966,0.013554631,0.945906699,0.932352068
1967,0.01378484,0.810419142,0.796634302
1968,0.581821084,0.986885786,0.405064702
1969,0.004807954,0.721570969,0.716763014
1970,0.011153407,0.860662937,0.84950953
1971,0.057259519,0.977242231,0.919982713
1972,0.808815718,0.998943388,0.190127671
1973,0.231646895,0.981953979,0.750307083
1974,0.026951542,0.859912574,0.832961032
1975,0.04050659,0.650671542,0.610164952
1976,0.008124677,0.685057282,0.676932605
1977,0.00258963,0.168368116,0.165778486
1978,0.002768631,0.070560098,0.067791467
1979,0.004898809,0.771546304,0.766647495
1980,0.000527363,0.331368685,0.330841322
1981,0.00667915,0.837371647,0.830692497
1982,0.001236881,0.186361358,0.185124476
1983,0.003814664,0.776670098,0.772855434
1984,0.01918219,0.940349936,0.921167746
1985,0.000297981,0.024143672,0.02384569
1986,0.010165013,0.56335634,0.553191327
1987,0.044023398,0.835125268,0.791101869
1988,0.007437368,0.940668702,0.933231334
1989,0.004920159,0.643987894,0.639067735
1990,0.00319176,0.04473808,0.041546321
1991,0.133945405,0.955419481,0.821474075
1992,0.003802536,0.02613828,0.022335744
1993,0.012166227,0.81580174,0.803635512
1994,0.0444328,0.915170133,0.870737333
1995,0.005984152,0.696941197,0.690957045
1996,0.000155962,0.000946018,0.000790056
1997,0.071092315,0.539446533,0.468354218
1998,0.001780175,0.710802197,0.709022022
1999,0.023535345,0.485971898,0.462436553
2000,0.017777117,0.923553288,0.905776171
2001,0.007206618,0.256186426,0.248979807
2002,0.017380346,0.817796588,0.800416242
2003,0.005064636,0.746625543,0.741560907
2004,0.005135341,0.700542152,0.695406811
2005,0.008816215,0.924449503,0.915633288
2006,0.010465837,0.969028652,0.958562815
2007,0.019688394,0.901253581,0.881565187
2008,0.001175911,0.658981919,0.657806008
2009,0.011417902,0.960201263,0.948783361
2010,0.032126982,0.849161983,0.817035001
2011,0.00188567,0.392180592,0.390294921
2012,0.27081269,0.992630243,0.721817553
2013,0.041778442,0.978401959,0.936623517
2014,0.049697302,0.963614047,0.913916744
2015,0.017029315,0.90870142,0.891672105
2016,0.000316863,0.288587868,0.288271005
2017,0.003363544,0.046603717,0.043240173
2018,0.002764596,0.717850685,0.715086089
2019,0.012321527,0.917378068,0.905056541
2020,0.009373218,0.851440132,0.842066914
2021,0.036090694,0.91153872,0.875448026
2022,0.003664224,0.879076421,0.875412197
2023,0.016544338,0.849992394,0.833448056
2024,0.018419826,0.725017488,0.706597662
2025,0.047325887,0.97276628,0.925440393
2026,0.017998485,0.671775758,0.653777273
2027,0.003618698,0.538268268,0.53464957
2028,0.077615559,0.914983213,0.837367654
2029,0.006971097,0.807765722,0.800794626
2030,0.001632909,0.51034826,0.508715352
2031,0.002563579,0.251700252,0.249136674
2032,0.265560865,0.99410063,0.728539765
2033,0.02264012,0.865835905,0.843195785
2034,0.02905022,0.930654585,0.901604366
2035,0.00108451,0.09522751,0.094142999
2036,0.000840508,0.440564811,0.439724303
2037,0.104367666,0.98691535,0.882547684
2038,0.00713759,0.842303813,0.835166223
2039,0.002295772,0.474612176,0.472316404
2040,0.000498127,0.403256446,0.402758319
2041,0.111757122,0.972660005,0.860902883
2042,0.002543837,0.607895613,0.605351776
2043,0.002920717,0.89042294,0.887502223
2044,0.015543765,0.857867956,0.842324191
2045,0.007417619,0.632329404,0.624911786
2046,0.000322914,0.022377007,0.022054093
2047,0.000710424,0.212757662,0.212047238
2048,0.005475716,0.936368704,0.930892988
2049,0.005191306,0.266385376,0.261194071
2050,0.064619243,0.979347289,0.914728045
2051,0.022906749,0.970393896,0.947487148
2052,0.013037954,0.792966545,0.779928591
2053,0.005685672,0.826456606,0.820770934
2054,0.047396585,0.967075586,0.919679001
2055,0.201238245,0.994657099,0.793418854
2056,0.034718707,0.942764163,0.908045456
2057,0.143718064,0.987696111,0.843978047
2058,0.002679911,0.709389925,0.706710014
2059,0.002041488,0.108815245,0.106773757
2060,0.011608227,0.63235867,0.620750443
2061,0.037169449,0.887149811,0.849980362
2062,0.005059228,0.016154826,0.011095598
2063,0.029536203,0.913687229,0.884151027
2064,0.096096396,0.553247035,0.457150638
2065,0.003081563,0.380838215,0.377756652
2066,0.120563902,0.984494507,0.863930605
2067,0.001310331,0.050919168,0.049608837
2068,0.010489685,0.748643577,0.738153893
2069,0.017398784,0.959051311,0.941652527
2070,0.048881341,0.965713978,0.916832637
2071,0.003642098,0.783881903,0.780239804
2072,0.00117808,0.149878189,0.148700109
2073,0.052751366,0.940696537,0.887945171
2074,0.00073749,0.003715875,0.002978385
2075,0.065814398,0.98527956,0.919465162
2076,0.000306245,0.103001975,0.10269573
2077,0.002054864,0.481682956,0.479628092
2078,0.01860594,0.746166289,0.727560349
2079,0.018825941,0.656873763,0.638047822
2080,0.01417851,0.737121105,0.722942595
2081,0.00598929,0.531035125,0.525045835
2082,0.019962069,0.058630928,0.03866886
2083,0.001720195,0.378426045,0.37670585
2084,0.04078595,0.889855564,0.849069614
2085,0.059788141,0.886440694,0.826652553
2086,0.012281667,0.694915593,0.682633926
2087,0.001549165,0.124992438,0.123443273
2088,0.000267039,0.001146245,0.000879207
2089,0.095330626,0.960572541,0.865241915
2090,0.000535058,0.10020119,0.099666131
2091,0.010535676,0.783663034,0.773127358
2092,0.005713373,0.864964485,0.859251112
2093,0.001442953,0.039034106,0.037591153
2094,0.018993864,0.947830915,0.928837052
2095,0.083909571,0.347103,0.263193429
2096,0.047304768,0.945978701,0.898673933
2097,0.006663749,0.846683204,0.840019455
2098,0.006152558,0.962376893,0.956224335
2099,0.087078653,0.990034997,0.902956344
2100,0.01285756,0.963442028,0.950584468
2101,0.007705383,0.037429526,0.029724143
2102,0.001979584,0.642801881,0.640822297
2103,0.024856539,0.928217113,0.903360574
2104,0.030963995,0.789970636,0.759006642
2105,0.003813009,0.019278619,0.015465611
2106,0.008246816,0.944081545,0.935834729
2107,0.35049966,0.997390211,0.646890551
2108,0.000448309,0.019821446,0.019373137
2109,0.072181612,0.960034847,0.887853235
2110,0.020288592,0.674812794,0.654524202
2111,0.00081463,0.100194141,0.099379511
2112,0.027889308,0.914209485,0.886320177
2113,0.141995773,0.444773346,0.302777573
2114,0.001212782,0.583809555,0.582596773
2115,0.114851043,0.958238542,0.843387499
2116,0.003467632,0.93320471,0.929737078
2117,0.054566436,0.889971614,0.835405178
2118,0.033929087,0.959834278,0.92590519
2119,0.049757212,0.980868399,0.931111187
2120,0.000509508,0.088405967,0.087896459
2121,0.004130366,0.215692371,0.211562005
2122,0.015932349,0.871073008,0.855140658
2123,0.011909959,0.917980552,0.906070593
2124,0.026091652,0.971628845,0.945537193
2125,0.034428749,0.940209329,0.90578058
2126,0.032452542,0.921800017,0.889347475
2127,0.000652615,0.076636769,0.075984154
2128,0.000633033,0.17510204,0.174469007
2129,0.014016716,0.664732039,0.650715323
2130,0.198276117,0.734895647,0.536619529
2131,0.012872167,0.773942769,0.761070602
2132,0.003461584,0.918820918,0.915359334
2133,0.055385843,0.903313398,0.847927555
2134,0.030700158,0.188792884,0.158092726
2135,0.005630299,0.75025773,0.744627431
2136,0.013639375,0.518704653,0.505065278
2137,0.00443363,0.497144163,0.492710533
2138,0.014320611,0.784147799,0.769827188
2139,0.014229179,0.811289787,0.797060608
2140,0.001286798,0.431509316,0.430222518
2141,0.067938901,0.834395528,0.766456626
2142,0.009844649,0.450368613,0.440523964
2143,0.09716408,0.972564697,0.875400618
2144,0.013936786,0.291216999,0.277280213
2145,0.031598639,0.07023631,0.038637672
2146,0.042972997,0.94148016,0.898507163
2147,0.017317953,0.24679403,0.229476077
2148,0.002125204,0.686158657,0.684033453
2149,0.000110471,0.020042762,0.019932291
2150,0.005461204,0.837732315,0.832271111
2151,0.005300447,0.894652784,0.889352337
2152,0.003544665,0.839555264,0.836010598
2153,0.026921449,0.973027229,0.94610578
2154,0.001863006,0.342435718,0.340572711
2155,0.043395415,0.983864844,0.940469429
2156,0.000948546,0.298618168,0.297669621
2157,0.001979816,0.118032299,0.116052483
2158,0.002073229,0.606479645,0.604406416
2159,0.004901785,0.72028482,0.715383034
2160,0.003135032,0.213521153,0.21038612
2161,0.007865713,0.859371603,0.85150589
2162,0.008922589,0.815627277,0.806704688
2163,0.008938233,0.309016019,0.300077786
2164,0.018562732,0.857095957,0.838533225
2165,0.002890466,0.853356779,0.850466313
2166,0.00250741,0.223043203,0.220535793
2167,0.007779315,0.583467841,0.575688527
2168,0.002923738,0.825798154,0.822874416
2169,0.002139031,0.843268156,0.841129125
2170,0.010438602,0.905596972,0.895158369
2171,0.000371924,0.110588133,0.11021621
2172,0.002105467,0.169194534,0.167089068
2173,0.015253956,0.938144982,0.922891025
2174,0.540372729,0.997325063,0.456952333
2175,0.059020221,0.939575613,0.880555391
2176,0.000256554,0.002430723,0.002174169
2177,0.00823498,0.682469785,0.674234806
2178,0.000989772,0.513614416,0.512624644
2179,0.612440348,0.997932673,0.385492325
2180,0.003850199,0.94778049,0.943930291
2181,0.013988175,0.071045771,0.057057596
2182,0.001018269,0.503071725,0.502053457
2183,0.017949669,0.966988862,0.949039193
2184,0.391441613,0.991611183,0.600169569
2185,0.008334115,0.932890356,0.92455624
2186,0.013341886,0.774739921,0.761398035
2187,0.004860507,0.531231046,0.526370539
2188,0.003504236,0.578483045,0.574978809
2189,0.055510964,0.740860462,0.685349498
2190,0.023236671,0.667841494,0.644604823
2191,0.186481491,0.979823709,0.793342218
2192,0.001493732,0.127844274,0.126350542
2193,0.011877188,0.908992112,0.897114923
2194,0.000607015,0.291801333,0.291194318
2195,0.00828622,0.868231177,0.859944957
2196,0.016939718,0.896426797,0.879487079
2197,0.001506893,0.214946657,0.213439764
2198,0.09365046,0.939278305,0.845627844
2199,0.002813862,0.556624353,0.553810491
2200,0.002941658,0.029577268,0.026635611
2201,0.002923062,0.463821322,0.46089826
2202,0.034651961,0.958871543,0.924219582
2203,0.029877223,0.777420461,0.747543238
2204,0.003039121,0.830353916,0.827314795
2205,0.002589937,0.603893459,0.601303522
2206,0.067919306,0.672424316,0.60450501
2207,0.029449778,0.86574471,0.836294932
2208,0.002008337,0.72851336,0.726505023
2209,0.003554458,0.61460638,0.611051923
2210,0.000482607,0.072261281,0.071778674
2211,0.000914891,0.362254202,0.361339311
2212,0.025339117,0.389662176,0.364323059
2213,0.003315434,0.805232108,0.801916674
2214,0.013690271,0.682831705,0.669141433
2215,0.029519517,0.32612446,0.296604943
2216,0.003239846,0.648265958,0.645026112
2217,0.106431283,0.98009181,0.873660527
2218,0.006371369,0.670053005,0.663681636
2219,0.086611465,0.966576159,0.879964694
2220,0.022693569,0.89373517,0.871041602
2221,0.008938311,0.467949778,0.459011467
2222,0.00187062,0.139670312,0.137799692
2223,0.054384474,0.957602203,0.903217729
2224,0.004441516,0.791734695,0.787293179
2225,0.000505393,0.333124667,0.332619274
2226,0.009116579,0.527426839,0.51831026
2227,0.013691963,0.911061883,0.89736992
2228,0.001829331,0.746354103,0.744524772
2229,0.153155118,0.992584884,0.839429766
2230,0.050940476,0.710506618,0.659566142
2231,0.012317617,0.866133511,0.853815894
2232,0.014227247,0.925625801,0.911398554
2233,0.006854075,0.838545859,0.831691784
2234,0.001307055,0.065648213,0.064341158
2235,0.004217819,0.816002131,0.811784312
2236,0.003422823,0.345638871,0.342216048
2237,0.001851253,0.332642764,0.330791511
2238,0.000189216,0.135360777,0.135171561
2239,0.000437062,0.280767292,0.280330229
2240,0.073840365,0.981309354,0.907468989
2241,0.014722152,0.974968314,0.960246162
2242,0.000878896,0.199302569,0.198423673
2243,0.000721672,0.695398808,0.694677135
2244,0.002891928,0.149597913,0.146705985
2245,0.008393635,0.944545209,0.936151574
2246,0.009434646,0.822722256,0.81328761
2247,0.120626397,0.954110265,0.833483867
2248,0.035800878,0.963289618,0.927488741
2249,0.006488408,0.792059302,0.785570894
2250,0.0611719,0.775649488,0.714477587
2251,0.011389895,0.843572974,0.832183079
2252,0.009716402,0.782155275,0.772438874
2253,0.081619523,0.907477915,0.825858392
2254,0.011682577,0.057189845,0.045507267
2255,0.006716459,0.713788986,0.707072528
2256,0.000344528,0.119679317,0.119334789
2257,0.003785339,0.499400139,0.4956148
2258,0.007897616,0.952203512,0.944305896
2259,0.008765521,0.837399602,0.82863408
2260,0.002170893,0.028287079,0.026116187
2261,0.035705868,0.865430713,0.829724845
2262,0.065177396,0.963627994,0.898450598
2263,0.00402024,0.484945804,0.480925564
2264,0.015199025,0.932946801,0.917747776
2265,0.009568569,0.771839738,0.762271169
2266,0.010885664,0.860412121,0.849526457
2267,0.022822846,0.972353995,0.949531149
2268,0.02081305,0.981690586,0.960877536
2269,0.010197573,0.156246632,0.146049059
2270,0.013890343,0.816884339,0.802993996
2271,0.001377306,0.375735581,0.374358275
2272,0.236091897,0.976276517,0.74018462
2273,0.000613885,0.07479731,0.074183425
2274,0.00179598,0.115946807,0.114150827
2275,0.036942814,0.089901641,0.052958827
2276,0.008061354,0.718492448,0.710431094
2277,0.007740887,0.614676476,0.606935589
2278,0.047200486,0.8465994,0.799398914
2279,0.002241573,0.556393862,0.554152289
2280,0.005092024,0.653801084,0.64870906
2281,0.049495228,0.94056493,0.891069703
2282,0.003629888,0.694319844,0.690689956
2283,0.000814248,0.05889326,0.058079011
2284,0.013180357,0.895033956,0.881853598
2285,0.003588388,0.624890566,0.621302177
2286,0.016270507,0.043995678,0.027725171
2287,0.014553766,0.918204427,0.903650661
2288,0.00339113,0.371352553,0.367961423
2289,0.070983186,0.851044357,0.78006117
2290,0.005589528,0.253694981,0.248105454
2291,0.017851105,0.883161068,0.865309963
2292,0.035898332,0.734509349,0.698611017
2293,0.006116529,0.578158736,0.572042208
2294,0.040817589,0.817083895,0.776266307
2295,0.000387113,0.114562772,0.114175659
2296,0.022013213,0.866334975,0.844321761
2297,0.001045309,0.118831746,0.117786438
2298,0.006048506,0.895907938,0.889859433
2299,0.084853895,0.960138142,0.875284247
2300,0.076342613,0.970634639,0.894292027
2301,0.062359106,0.981949151,0.919590045
2302,0.010545995,0.137410074,0.126864079
2303,0.005956245,0.501914799,0.495958554
2304,0.002058291,0.620960355,0.618902064
2305,0.002449205,0.471077561,0.468628356
2306,0.000320412,0.369304389,0.368983977
2307,0.020197041,0.865108788,0.844911747
2308,0.041546609,0.914621472,0.873074863
2309,0.001373647,0.324617237,0.32324359
2310,0.00706002,0.741277933,0.734217913
2311,0.001991124,0.559903979,0.557912855
2312,0.848203003,0.987440586,0.139237583
2313,0.019978298,0.881958604,0.861980306
2314,0.041721061,0.74318397,0.70146291
2315,0.05410153,0.977863193,0.923761662
2316,0.06137925,0.877529919,0.816150669
2317,0.015263622,0.791427553,0.776163931
2318,0.00205375,0.54828465,0.546230899
2319,0.024504293,0.929994702,0.90549041
2320,0.003091418,0.820883751,0.817792333
2321,0.041049566,0.980373263,0.939323697
2322,0.006836673,0.749060452,0.742223779
2323,0.008522762,0.848619521,0.840096759
2324,0.128491625,0.962941051,0.834449425
2325,0.000500704,0.154582545,0.154081841
2326,0.053938717,0.975637257,0.92169854
2327,0.000538561,0.012415702,0.011877141
2328,0.015424812,0.311232835,0.295808023
2329,0.00359043,0.781188667,0.777598237
2330,0.004701105,0.673566282,0.668865177
2331,0.003921799,0.289803803,0.285882004
2332,0.002260956,0.29647851,0.294217554
2333,0.03007086,0.938758194,0.908687335
2334,0.001208388,0.178524107,0.177315719
2335,0.027579866,0.875356853,0.847776987
2336,0.19175595,0.984716415,0.792960465
2337,0.006709056,0.382127166,0.37541811
2338,0.033352595,0.927249253,0.893896658
2339,0.00590502,0.374540508,0.368635488
2340,0.000558746,0.311020464,0.310461718
2341,0.025790107,0.937610388,0.911820281
2342,0.006086388,0.606647968,0.60056158
2343,0.019769533,0.862945259,0.843175726
2344,0.044521149,0.96534723,0.920826081
2345,0.015221567,0.815391958,0.800170391
2346,0.000676135,0.202960268,0.202284132
2347,0.222727433,0.974141598,0.751414165
2348,0.007989344,0.905959249,0.897969904
2349,0.017025348,0.812936008,0.79591066
2350,0.000951924,0.730285764,0.72933384
2351,0.015519384,0.746013165,0.73049378
2352,0.027173974,0.975081682,0.947907709
2353,0.010377462,0.704600275,0.694222813
2354,0.005216343,0.849099994,0.84388365
2355,0.033533532,0.975874543,0.942341011
2356,0.036013626,0.910382271,0.874368645
2357,0.027130909,0.862509489,0.83537858
2358,0.0279293,0.63448602,0.606556719
2359,0.000916298,0.79719162,0.796275322
2360,0.00144415,0.338751942,0.337307791
2361,0.00744401,0.920217514,0.912773504
2362,0.021505278,0.89819628,0.876691002
2363,0.000650908,0.240473926,0.239823018
2364,0.002467449,0.187694311,0.185226862
2365,0.016898286,0.780198574,0.763300288
2366,0.001770617,0.727627635,0.725857018
2367,0.025565464,0.641127884,0.61556242
2368,0.092921123,0.953552902,0.860631779
2369,0.013300577,0.703681052,0.690380475
2370,0.208683804,0.956180096,0.747496292
2371,0.138954684,0.88810885,0.749154165
2372,0.017943947,0.087970354,0.070026407
2373,0.006275518,0.644119978,0.63784446
2374,0.013472021,0.699035883,0.685563862
2375,0.057269815,0.968500137,0.911230322
2376,0.008578345,0.630413353,0.621835008
2377,0.116975196,0.966888428,0.849913232
2378,0.026885221,0.954682469,0.927797249
2379,0.00817665,0.902662218,0.894485568
2380,0.002538585,0.415244758,0.412706173
2381,0.003860256,0.903159499,0.899299243
2382,0.001313267,0.465721369,0.464408102
2383,0.013944417,0.858100951,0.844156533
2384,0.002375058,0.691276431,0.688901373
2385,0.015260362,0.666235924,0.650975562
2386,0.000618663,0.16625382,0.165635157
2387,0.000754663,0.557774901,0.557020238
2388,0.002726244,0.320345819,0.317619575
2389,0.023201074,0.905936539,0.882735465
2390,0.009264752,0.621057928,0.611793175
2391,0.002897654,0.614353776,0.611456122
2392,0.128857136,0.828065336,0.6992082
2393,0.011116555,0.134184003,0.123067448
2394,0.006030649,0.764191628,0.758160979
2395,0.003539969,0.842550099,0.839010129
2396,0.001146015,0.552056372,0.550910357
2397,0.003131945,0.452058375,0.44892643
2398,0.011664147,0.940270185,0.928606038
2399,0.015832622,0.750700474,0.734867852
2400,0.136306226,0.983525634,0.847219408
2401,0.013314283,0.955295444,0.941981161
2402,0.005467999,0.425819218,0.420351219
2403,0.004040833,0.87339747,0.869356637
2404,0.04069322,0.980017066,0.939323846
2405,0.048184197,0.755266726,0.707082529
2406,0.00296537,0.613349676,0.610384306
2407,0.009111015,0.8482427,0.839131685
2408,0.004770412,0.886530519,0.881760107
2409,0.000529333,0.018571388,0.018042055
2410,0.035884991,0.888330996,0.852446005
2411,0.001272513,0.40408957,0.402817057
2412,0.007296013,0.773227274,0.765931262
2413,0.074136265,0.945291102,0.871154837
2414,0.014569771,0.725705206,0.711135436
2415,0.088144161,0.983321786,0.895177625
2416,0.015654709,0.919681907,0.904027198
2417,0.001259724,0.361249357,0.359989634
2418,0.003131556,0.113962099,0.110830543
2419,0.004253943,0.018122055,0.013868112
2420,0.479698867,0.885791838,0.406092972
2421,0.009868411,0.87010318,0.860234769
2422,0.033707917,0.84167552,0.807967603
2423,0.015996203,0.857394695,0.841398492
2424,0.001384057,0.678402901,0.677018844
2425,0.017671004,0.857022822,0.839351818
2426,0.005425183,0.029738553,0.02431337
2427,0.032919042,0.922586262,0.88966722
2428,0.015731107,0.893965185,0.878234077
2429,0.002930136,0.831816673,0.828886537
2430,0.013202765,0.77657491,0.763372145
2431,0.018382963,0.874251485,0.855868522
2432,0.001603895,0.813041627,0.811437733
2433,0.00424865,0.573596835,0.569348185
2434,0.001856138,0.809887171,0.808031033
2435,0.024048785,0.950759828,0.926711043
2436,0.02849308,0.979262114,0.950769033
2437,0.000923361,0.269775242,0.268851881
2438,0.014707317,0.789939523,0.775232206
2439,0.002856817,0.554846823,0.551990006
2440,0.007249924,0.79541862,0.788168696
2441,0.043262061,0.96269846,0.919436399
2442,0.017979085,0.894677699,0.876698613
2443,0.003496962,0.373761773,0.370264811
2444,0.003787321,0.558064282,0.554276961
2445,0.172886595,0.874851406,0.70196481
2446,0.066653915,0.953516245,0.88686233
2447,0.011342432,0.978169441,0.966827009
2448,0.005408074,0.036665384,0.031257309
2449,0.025127223,0.87835151,0.853224287
2450,0.002206393,0.532206535,0.530000143
2451,0.049556985,0.922818482,0.873261496
2452,0.00094267,0.140579924,0.139637254
2453,0.000516984,0.01281301,0.012296026
2454,0.021505462,0.400331408,0.378825946
2455,0.093324199,0.937956989,0.844632789
2456,0.647248089,0.965555072,0.318306983
2457,0.031447664,0.923134863,0.891687199
2458,0.014884072,0.756602943,0.741718871
2459,0.003446684,0.742049456,0.738602772
2460,0.003749549,0.254813433,0.251063884
2461,0.013486828,0.768844366,0.755357538
2462,0.025951726,0.901067615,0.875115888
2463,0.003738987,0.777958989,0.774220002
2464,0.005406711,0.855914474,0.850507763
2465,0.176103026,0.9832865,0.807183474
2466,0.006930937,0.850383401,0.843452464
2467,0.007557753,0.813568175,0.806010422
2468,0.01184127,0.797464788,0.785623518
2469,0.02081061,0.887403429,0.866592819
2470,0.153514892,0.971545875,0.818030983
2471,0.00024115,0.536408067,0.536166917
2472,0.022067206,0.947113633,0.925046427
2473,0.006401494,0.838509142,0.832107649
2474,0.010889085,0.480954319,0.470065234
2475,0.00072766,0.041976724,0.041249064
2476,0.022668995,0.800948679,0.778279684
2477,0.005241506,0.797283173,0.792041666
2478,0.006841946,0.805779219,0.798937272
2479,0.035185169,0.912018061,0.876832891
2480,0.002796924,0.591179073,0.588382149
2481,0.001199347,0.649755478,0.648556131
2482,0.052355632,0.330326587,0.277970955
2483,0.0851679,0.985097766,0.899929866
2484,0.009862351,0.844797373,0.834935022
2485,0.002135452,0.801865935,0.799730483
2486,0.001373378,0.428177208,0.42680383
2487,0.000978717,0.281326145,0.280347427
2488,0.010234891,0.927327693,0.917092802
2489,0.019466184,0.959389567,0.939923383
2490,0.410762787,0.989289939,0.578527153
2491,0.014094724,0.80200851,0.787913785
2492,0.000600037,0.287279785,0.286679747
2493,0.001279988,0.580614209,0.579334222
2494,0.008674243,0.560804009,0.552129767
2495,0.001990618,0.696403801,0.694413183
2496,0.000880367,0.664749086,0.663868718
2497,0.009302562,0.395607114,0.386304552
2498,0.01124681,0.621456921,0.610210111
2499,0.009148319,0.892291307,0.883142988
2500,0.032820515,0.580361128,0.547540613
2501,0.006668344,0.843119323,0.83645098
2502,0.002294541,0.586915493,0.584620952
2503,0.00108639,0.803235531,0.802149141
2504,0.357635289,0.986608684,0.628973395
2505,0.062299442,0.932187319,0.869887877
2506,0.01870147,0.686911881,0.668210411
2507,0.020323789,0.872898042,0.852574253
2508,0.003025438,0.393440515,0.390415077
2509,0.004368565,0.143912628,0.139544064
2510,0.075183891,0.982761443,0.907577552
2511,0.131002098,0.969079614,0.838077515
2512,0.01005167,0.564419627,0.554367957
2513,0.003875582,0.705607831,0.701732249
2514,0.022774369,0.90790087,0.885126501
2515,0.072337627,0.970370233,0.898032606
2516,0.0058018,0.553524852,0.547723052
2517,0.017756928,0.931129396,0.913372468
2518,0.001848159,0.018747997,0.016899838
2519,0.135946348,0.9686113,0.832664952
2520,0.003082978,0.45761019,0.454527212
2521,0.000138419,0.070133984,0.069995565
2522,0.01082582,0.914425731,0.90359991
2523,0.001859328,0.268772572,0.266913244
2524,0.029615482,0.335949898,0.306334415
2525,0.004448151,0.844831586,0.840383435
2526,0.009628504,0.875870168,0.866241665
2527,0.036883276,0.921175301,0.884292025
2528,0.042050697,0.976225257,0.93417456
2529,0.131422654,0.984514832,0.853092179
2530,0.112749107,0.239014059,0.126264952
2531,0.021774096,0.357092053,0.335317956
2532,0.008295442,0.876323998,0.868028556
2533,0.005670524,0.423624009,0.417953485
2534,0.044471733,0.958260953,0.91378922
2535,0.002221114,0.701655805,0.699434691
2536,0.009430542,0.181538269,0.172107727
2537,0.148842126,0.988358498,0.839516371
2538,0.01846879,0.968855858,0.950387068
2539,0.107449293,0.55437386,0.446924567
2540,0.009399389,0.13465634,0.125256951
2541,0.001882587,0.445882589,0.444000001
2542,0.093170069,0.983783901,0.890613832
2543,0.004411833,0.250299215,0.245887382
2544,0.002270194,0.001553989,-0.000716205
2545,0.009349895,0.698433399,0.689083504
2546,0.007126447,0.905134082,0.898007635
2547,0.001022098,0.252007127,0.250985029
2548,0.097622447,0.978686094,0.881063648
2549,0.000557747,0.210071981,0.209514234
2550,0.000960237,0.198294073,0.197333836
2551,0.039997619,0.235791981,0.195794363
2552,0.001252787,0.444539905,0.443287118
2553,0.22977142,0.631633639,0.401862219
2554,0.158395648,0.533771992,0.375376344
2555,0.009188731,0.667344391,0.65815566
2556,0.000557485,0.349868149,0.349310664
2557,0.026056886,0.570916176,0.54485929
2558,0.258412629,0.958475709,0.70006308
2559,0.015278889,0.678187132,0.662908243
2560,0.170889497,0.384683222,0.213793725
2561,0.003879859,0.324152738,0.320272879
2562,0.006331009,0.604668498,0.598337489
2563,0.514566541,0.99439764,0.4798311
2564,0.001489718,0.38883993,0.387350212
2565,0.009280149,0.765751183,0.756471034
2566,0.008776694,0.135440394,0.126663701
2567,0.022150461,0.826137483,0.803987022
2568,0.213305727,0.990110815,0.776805088
2569,0.002388866,0.375420511,0.373031645
2570,0.116581753,0.992002845,0.875421092
2571,0.016105421,0.942559838,0.926454417
2572,0.007516181,0.426585317,0.419069136
2573,0.006953327,0.821661115,0.814707787
2574,0.022343008,0.978665173,0.956322165
2575,0.00124666,0.304790407,0.303543748
2576,0.007243989,0.906659544,0.899415554
2577,0.005221047,0.618500173,0.613279126
2578,0.017533017,0.916868031,0.899335014
2579,0.789647102,0.997334003,0.207686901
2580,0.008165536,0.955475092,0.947309556
2581,0.001076427,0.713277876,0.712201449
2582,0.075653151,0.83468169,0.759028539
2583,0.001110918,0.00414354,0.003032622
2584,0.002774413,0.633665562,0.630891148
2585,0.032447662,0.959307849,0.926860187
2586,0.011254373,0.824218452,0.812964079
2587,0.006112811,0.799064994,0.792952183
2588,0.00079156,0.274372399,0.273580839
2589,0.006647269,0.618251443,0.611604174
2590,0.013525442,0.659787774,0.646262332
2591,0.096891463,0.92223388,0.825342417
2592,0.023441646,0.986065626,0.96262398
2593,0.081788115,0.824897766,0.743109651
2594,0.004292294,0.673265159,0.668972865
2595,0.170180365,0.695099771,0.524919406
2596,0.012334439,0.929300308,0.916965869
2597,0.014169569,0.934887052,0.920717482
2598,0.006618884,0.664799511,0.658180627
2599,0.000450824,0.35182026,0.351369437
2600,0.154695421,0.943700254,0.789004833
2601,0.046464939,0.970679224,0.924214285
2602,0.001832998,0.512782514,0.510949516
2603,0.001732134,0.806901634,0.8051695
2604,0.00478893,0.740167797,0.735378867
2605,0.004099823,0.880647063,0.876547241
2606,0.00650407,0.608646393,0.602142323
2607,0.001656649,0.646376073,0.644719424
2608,0.028361276,0.178386718,0.150025442
2609,0.055301707,0.928536832,0.873235125
2610,0.002230902,0.573282659,0.571051758
2611,0.002622208,0.346722573,0.344100365
2612,0.013438918,0.943983138,0.93054422
2613,0.004379739,0.548486054,0.544106315
2614,0.020056279,0.870841742,0.850785462
2615,0.004746909,0.91462785,0.909880941
2616,0.00895826,0.567534089,0.558575829
2617,0.002717339,0.630997956,0.628280617
2618,0.012358873,0.0165218,0.004162927
2619,0.001088788,0.476533771,0.475444983
2620,0.072740585,0.992730558,0.919989973
2621,0.007201611,0.35647735,0.349275739
2622,0.001647781,0.429031044,0.427383263
2623,0.020210663,0.932805479,0.912594816
2624,0.00400624,0.630774021,0.626767781
2625,0.05277691,0.96099931,0.9082224
2626,0.026313979,0.895990491,0.869676512
2627,0.012167149,0.228103727,0.215936578
2628,0.004591496,0.100684419,0.096092923
2629,0.000985403,0.71729672,0.716311316
2630,0.006118698,0.860863149,0.854744452
2631,0.056086157,0.621316135,0.565229978
2632,0.023091199,0.743884206,0.720793007
2633,0.031598333,0.16474387,0.133145537
2634,0.002391899,0.786418617,0.784026717
2635,0.00259635,0.03989134,0.037294989
2636,0.002293113,0.537335038,0.535041925
2637,0.011287436,0.801512718,0.790225282
2638,0.035083149,0.917404592,0.882321443
2639,0.0013022,0.496003449,0.494701249
2640,0.06985981,0.934295833,0.864436023
2641,0.009015571,0.895746052,0.886730481
2642,0.050364602,0.945503592,0.89513899
2643,0.000151776,0.076557457,0.076405681
2644,0.000918435,0.452111185,0.45119275
2645,0.027361738,0.817130864,0.789769126
2646,0.018443709,0.83914578,0.82070207
2647,0.022443052,0.977744281,0.955301229
2648,0.008695886,0.641086221,0.632390334
2649,0.053191137,0.723747611,0.670556474
2650,0.004265274,0.838044524,0.83377925
2651,0.025227517,0.894603372,0.869375855
2652,0.037251242,0.969578862,0.932327621
2653,0.005302866,0.699603617,0.694300751
2654,0.002439255,0.56856811,0.566128855
2655,0.118975557,0.959034443,0.840058886
2656,0.013705602,0.812247753,0.798542151
2657,0.017593902,0.250891566,0.233297665
2658,0.018537773,0.142348945,0.123811172
2659,0.01736423,0.859645844,0.842281613
2660,0.011929234,0.893177211,0.881247978
2661,0.002134416,0.533177257,0.531042841
2662,0.004014184,0.931860685,0.927846501
2663,0.027380032,0.96684128,0.939461248
2664,0.021415545,0.905399799,0.883984255
2665,0.045677546,0.957112849,0.911435302
2666,0.115330547,0.967927337,0.85259679
2667,0.056452561,0.967344582,0.910892021
2668,0.011066816,0.088835001,0.077768185
2669,0.00457162,0.611902237,0.607330617
2670,0.002164043,0.003615696,0.001451653
2671,0.008139813,0.961318135,0.953178322
2672,0.013361578,0.551772833,0.538411255
2673,0.231765136,0.991676807,0.759911671
2674,0.00537464,0.880517364,0.875142723
2675,0.008939206,0.826833367,0.817894162
2676,0.003012455,0.610953093,0.607940638
2677,0.094301328,0.421537578,0.32723625
2678,0.009346919,0.764591157,0.755244238
2679,0.00146319,0.403124094,0.401660904
2680,0.017849859,0.922308207,0.904458348
2681,0.014066285,0.849466741,0.835400456
2682,0.000922765,0.470184743,0.469261979
2683,0.008843329,0.81925118,0.810407851
2684,0.004460106,0.047547583,0.043087476
2685,0.022695843,0.960345268,0.937649425
2686,0.039885439,0.973992407,0.934106968
2687,0.004852372,0.635851264,0.630998892
2688,0.071999215,0.7668764,0.694877185
2689,0.039128989,0.919111133,0.879982144
2690,0.001101911,0.697659194,0.696557283
2691,0.014364548,0.940584004,0.926219456
2692,0.000624408,0.069415122,0.068790714
2693,0.049572382,0.950301409,0.900729027
2694,0.06796553,0.957877219,0.889911689
2695,0.015006472,0.902583659,0.887577186
2696,0.000487666,0.301349282,0.300861616
2697,0.046615295,0.988364935,0.94174964
2698,0.01030173,0.403912663,0.393610934
2699,0.095870592,0.964682162,0.86881157
2700,0.000246589,0.211247146,0.211000557
2701,0.046964228,0.912554681,0.865590453
2702,0.000849201,0.176917613,0.176068411
2703,0.129465908,0.899293125,0.769827217
2704,0.029498853,0.937413812,0.907914959
2705,0.964260995,0.992579281,0.028318286
2706,0.010842837,0.868049145,0.857206307
2707,0.00843189,0.882698774,0.874266884
2708,0.012412803,0.832125723,0.81971292
2709,0.015646616,0.917671323,0.902024707
2710,0.015356176,0.888732076,0.8733759
2711,0.041286025,0.969216347,0.927930322
2712,0.144162625,0.993811965,0.84964934
2713,0.063996106,0.991313398,0.927317291
2714,0.001225069,0.292505771,0.291280702
2715,0.04285169,0.853758574,0.810906883
2716,0.011177578,0.653399706,0.642222128
2717,0.003916211,0.854410827,0.850494616
2718,0.00106959,0.776632071,0.77556248
2719,0.002314873,0.335230172,0.332915299
2720,0.002506866,0.529937804,0.527430937
2721,0.020792162,0.943901062,0.9231089
2722,0.003314999,0.350389302,0.347074303
2723,0.019673089,0.902710438,0.883037349
2724,0.01502595,0.80819869,0.79317274
2725,0.113192305,0.959950805,0.8467585
2726,0.012665474,0.409224868,0.396559394
2727,0.001248103,0.786369383,0.78512128
2728,0.022386087,0.832526028,0.810139941
2729,0.005698167,0.159272447,0.15357428
2730,0.006144573,0.702303171,0.696158598
2731,0.011677625,0.369924784,0.358247159
2732,0.002056547,0.489509881,0.487453334
2733,0.212789148,0.99500531,0.782216161
2734,0.003535488,0.796771526,0.793236038
2735,0.056737408,0.973288059,0.916550651
2736,0.026127603,0.835306168,0.809178565
2737,0.06693808,0.973775685,0.906837605
2738,0.001988943,0.838236988,0.836248045
2739,0.000810356,0.657786071,0.656975716
2740,0.007057119,0.460056096,0.452998977
2741,0.000920986,0.236700535,0.235779548
2742,0.005235148,0.541353285,0.536118138
2743,0.072622932,0.523741007,0.451118074
2744,0.053410619,0.546786726,0.493376106
2745,0.007560951,0.926237702,0.918676751
2746,0.022740075,0.936739206,0.913999131
2747,0.001564328,0.89484185,0.893277522
2748,0.003043872,0.761847734,0.758803862
2749,0.007113928,0.77451998,0.767406052
2750,0.007315336,0.83255285,0.825237514
2751,0.024123155,0.793587863,0.769464709
2752,0.008105686,0.892829001,0.884723315
2753,0.002327761,0.16165556,0.159327799
2754,0.011299271,0.82644552,0.815146249
2755,0.015345299,0.963517308,0.94817201
2756,0.000401963,0.059815794,0.059413831
2757,0.082782492,0.990574419,0.907791927
2758,0.008306672,0.612334251,0.60402758
2759,0.037540436,0.969232559,0.931692123
2760,0.099375322,0.954817355,0.855442032
2761,0.004959385,0.844440877,0.839481493
2762,0.037796531,0.973137498,0.935340967
2763,0.001708283,0.157279238,0.155570955
2764,0.01833331,0.837932944,0.819599634
2765,0.019488104,0.929493248,0.910005145
2766,0.003342006,0.482218832,0.478876826
2767,0.000447701,0.221365154,0.220917453
2768,0.00825462,0.594358146,0.586103526
2769,0.012605682,0.816397488,0.803791806
2770,0.338084817,0.99274534,0.654660523
2771,0.00318182,0.019539194,0.016357375
2772,0.033848871,0.894091427,0.860242557
2773,0.005885129,0.624763846,0.618878717
2774,0.000195281,0.120200559,0.120005278
2775,0.001014724,0.541335464,0.540320739
2776,0.002265272,0.001873724,-0.000391549
2777,0.002764011,0.187610626,0.184846615
2778,0.009133929,0.909248233,0.900114303
2779,0.053413287,0.930143416,0.876730129
2780,0.0820871,0.96814698,0.88605988
2781,0.044129424,0.826664746,0.782535322
2782,0.030353105,0.824402332,0.794049228
2783,0.001315325,0.114897609,0.113582283
2784,0.002158372,0.749349236,0.747190865
2785,0.001038829,0.051954418,0.05091559
2786,0.015589667,0.912949264,0.897359597
2787,0.015615141,0.424370736,0.408755595
2788,0.085698523,0.912160635,0.826462112
2789,0.0047693,0.079342306,0.074573006
2790,0.004488819,0.941301286,0.936812467
2791,0.007165291,0.8942132,0.887047909
2792,0.05196695,0.983603477,0.931636527
2793,0.080779664,0.873195112,0.792415448
2794,0.071376413,0.921161115,0.849784702
2795,0.000229584,0.439565748,0.439336164
2796,0.01385179,0.02685385,0.01300206
2797,0.008107036,0.477222532,0.469115496
2798,0.002396465,0.403239578,0.400843113
2799,0.00732213,0.95338732,0.94606519
2800,0.039361961,0.038163453,-0.001198508
2801,0.008477559,0.697630644,0.689153085
2802,0.448490769,0.992349148,0.543858379
2803,0.002015109,0.17190811,0.169893001
2804,0.03251278,0.589574277,0.557061497
2805,0.080704264,0.693179429,0.612475164
2806,0.016786357,0.492622674,0.475836316
2807,0.037865143,0.906719089,0.868853945
2808,0.010972595,0.904197276,0.893224681
2809,0.00766046,0.696983516,0.689323056
2810,0.035152853,0.907303393,0.87215054
2811,0.022634109,0.763475299,0.740841189
2812,0.007150916,0.536143839,0.528992923
2813,0.030194696,0.886956751,0.856762055
2814,0.010264139,0.700436234,0.690172096
2815,0.012894143,0.940199733,0.927305589
2816,0.024433166,0.896816373,0.872383207
2817,0.002190667,0.638560891,0.636370224
2818,0.000731248,0.327832818,0.32710157
2819,0.138376802,0.879276931,0.740900129
2820,0.012400955,0.796463549,0.784062594
2821,0.191204399,0.993940115,0.802735716
2822,0.00617608,0.540333629,0.534157549
2823,0.145782098,0.920970201,0.775188103
2824,0.019407703,0.900943458,0.881535755
2825,0.004241182,0.790570676,0.786329494
2826,0.052037757,0.975044608,0.923006851
2827,0.002066857,0.775633872,0.773567014
2828,0.022757566,0.920135856,0.89737829
2829,0.009429794,0.968471289,0.959041495
2830,0.085723028,0.793395758,0.70767273
2831,0.001400134,0.598867834,0.597467699
2832,0.005316607,0.823966026,0.81864942
2833,0.000686235,0.149914309,0.149228075
2834,0.001462703,0.757808626,0.756345923
2835,0.056000236,0.971663475,0.915663239
2836,0.000270373,0.009788807,0.009518433
2837,0.297671109,0.925385356,0.627714247
2838,0.015738247,0.942824662,0.927086415
2839,0.003513454,0.403568923,0.400055469
2840,0.010211906,0.728507459,0.718295553
2841,0.002914386,0.677815914,0.674901528
2842,0.003480833,0.538384795,0.534903962
2843,0.001429938,0.661144376,0.659714438
2844,0.130824506,0.981650531,0.850826025
2845,0.00931751,0.891392052,0.882074542
2846,0.011988631,0.858856857,0.846868226
2847,0.036653936,0.879855812,0.843201876
2848,0.010202605,0.083576024,0.073373418
2849,0.096996926,0.977423131,0.880426206
2850,0.043347642,0.986197174,0.942849532
2851,0.341936111,0.995453954,0.653517842
2852,0.026909981,0.968513668,0.941603687
2853,0.028267814,0.873281002,0.845013188
2854,0.121596076,0.925141215,0.80354514
2855,0.088056296,0.841557682,0.753501385
2856,0.007230932,0.381119579,0.373888647
2857,0.002956924,0.647984445,0.645027521
2858,0.003866334,0.617420495,0.613554161
2859,0.003578437,0.711586654,0.708008217
2860,0.000597928,0.025855575,0.025257646
2861,0.004574329,0.719138324,0.714563996
2862,0.028853677,0.954900503,0.926046826
2863,0.011938466,0.661217093,0.649278628
2864,0.002844663,0.245930925,0.243086262
2865,0.024816846,0.962802768,0.937985921
2866,0.021305874,0.952034354,0.93072848
2867,0.000771103,0.073065229,0.072294125
2868,0.043257918,0.96435523,0.921097312
2869,0.003784659,0.906747341,0.902962682
2870,0.04508413,0.957326055,0.912241925
2871,0.001373542,0.054201882,0.052828341
2872,0.004099742,0.811092794,0.806993052
2873,0.002684221,0.757985234,0.755301013
2874,0.042369202,0.894826591,0.852457389
2875,0.001339689,0.118631572,0.117291882
2876,0.022170037,0.988690734,0.966520697
2877,0.000941125,0.38362056,0.382679436
2878,0.126602918,0.966701031,0.840098113
2879,0.112035163,0.708121359,0.596086197
2880,0.000601362,0.389946848,0.389345486
2881,0.05611797,0.961941957,0.905823987
2882,0.001124331,0.489069849,0.487945518
2883,0.033796933,0.958284855,0.924487922
2884,0.068963848,0.986755073,0.917791225
2885,0.00988341,0.940989375,0.931105965
2886,0.001635269,0.042690326,0.041055057
2887,0.047803808,0.98587507,0.938071262
2888,0.001440017,0.233354449,0.231914432
2889,0.004572568,0.392399102,0.387826534
2890,0.299475461,0.988410234,0.688934773
2891,0.002570064,0.686488688,0.683918624
2892,0.026351351,0.975523353,0.949172001
2893,0.008968328,0.776308596,0.767340268
2894,0.013566436,0.777151763,0.763585327
2895,0.002309883,0.54186362,0.539553738
2896,0.046468925,0.961686313,0.915217388
2897,0.015283911,0.641658187,0.626374276
2898,0.023856306,0.902157247,0.878300941
2899,0.001446624,0.030787872,0.029341248
2900,0.012256922,0.686106741,0.673849819
2901,0.000988315,0.253003567,0.252015252
2902,0.002881507,0.516223073,0.513341566
2903,0.021078739,0.822183967,0.801105227
2904,0.343537211,0.958790123,0.615252912
2905,0.004035811,0.660392344,0.656356533
2906,0.055111818,0.98926264,0.934150822
2907,0.02816271,0.915739417,0.887576707
2908,0.004793645,0.645149529,0.640355884
2909,0.036174964,0.912913918,0.876738954
2910,0.008367348,0.711023092,0.702655745
2911,0.636357307,0.993818223,0.357460916
2912,0.448581427,0.979589045,0.531007618
2913,0.00345548,0.922845125,0.919389645
2914,0.035968289,0.941108465,0.905140176
2915,0.003900034,0.402431697,0.398531663
2916,0.001576088,0.24589619,0.244320102
2917,0.061783463,0.758106053,0.69632259
2918,0.018526768,0.892203391,0.873676622
2919,0.584381461,0.998572946,0.414191484
2920,0.051987406,0.957867503,0.905880097
2921,0.061585438,0.954185784,0.892600346
2922,0.004555474,0.078507334,0.07395186
2923,0.172141388,0.997313917,0.825172529
2924,0.026272729,0.948066711,0.921793982
2925,0.008390318,0.636222899,0.627832581
2926,0.008841362,0.84915638,0.840315018
2927,0.028497303,0.181862012,0.153364709
2928,0.061143119,0.926770568,0.865627449
2929,0.001638979,0.044243433,0.042604454
2930,0.022608971,0.877157748,0.854548777
2931,0.025601044,0.794190586,0.768589541
2932,0.11541336,0.993082106,0.877668746
2933,0.006184195,0.103333294,0.0971491
2934,0.013169844,0.87408191,0.860912066
2935,0.152653396,0.975856721,0.823203325
2936,0.462880164,0.977904201,0.515024036
2937,0.031709075,0.907783628,0.876074553
2938,0.011665132,0.343526602,0.33186147
2939,0.095246591,0.986072004,0.890825413
2940,0.146448046,0.978846729,0.832398683
2941,0.005252738,0.732878387,0.727625648
2942,0.017225277,0.811475635,0.794250358
2943,0.095491916,0.933085024,0.837593108
2944,0.053926636,0.973899782,0.919973146
2945,0.003867318,0.441133559,0.43726624
2946,0.004484713,0.650946081,0.646461368
2947,0.002601569,0.537809491,0.535207922
2948,0.005350783,0.829925656,0.824574873
2949,0.038299643,0.836072266,0.797772624
2950,0.086414188,0.985621393,0.899207205
2951,0.151172802,0.971201837,0.820029035
2952,0.017884886,0.780558527,0.762673641
2953,0.010387525,0.78902036,0.778632835
2954,0.02470357,0.897431076,0.872727506
2955,0.025302166,0.661489964,0.636187797
2956,0.000430023,0.411117524,0.410687501
2957,0.002066761,0.775076151,0.77300939
2958,0.003649789,0.446462005,0.442812216
2959,0.033017538,0.9549914,0.921973862
2960,0.004260478,0.748148203,0.743887725
2961,0.003162271,0.905002952,0.901840681
2962,0.002801963,0.688762069,0.685960105
2963,0.002277013,0.452931762,0.450654749
2964,0.190187111,0.995136201,0.80494909
2965,0.017271454,0.908982158,0.891710704
2966,0.054099407,0.395546049,0.341446642
2967,0.00754403,0.852949977,0.845405946
2968,0.030439267,0.957380354,0.926941087
2969,0.004836152,0.724103749,0.719267596
2970,0.054020353,0.908076704,0.854056351
2971,0.015811684,0.845837295,0.830025611
2972,0.002445745,0.828590512,0.826144767
2973,0.009925265,0.942048669,0.932123404
2974,0.00511014,0.335255086,0.330144946
2975,0.008362696,0.457527995,0.4491653
2976,0.001486121,0.266278923,0.264792801
2977,0.339589059,0.567273796,0.227684736
2978,0.023268754,0.948622286,0.925353533
2979,0.02296906,0.733551383,0.710582323
2980,0.001492402,0.589084744,0.587592342
2981,0.012197798,0.813371778,0.801173979
2982,0.013586898,0.893929362,0.880342464
2983,0.011320018,0.956215262,0.944895244
2984,0.012062931,0.654179633,0.642116702
2985,0.059580754,0.8604936,0.800912846
2986,0.005433628,0.554334641,0.548901012
2987,0.014290852,0.87029469,0.856003838
2988,0.108239755,0.990441442,0.882201687
2989,0.012742968,0.41200614,0.399263171
2990,0.025637908,0.638494849,0.612856941
2991,0.046782285,0.965054095,0.91827181
2992,0.008238339,0.516952753,0.508714414
2993,0.001372895,0.617645323,0.616272428
2994,0.026670041,0.948704123,0.922034083
2995,0.016556291,0.953043401,0.93648711
2996,0.033558764,0.85273844,0.819179676
2997,0.017877007,0.920664787,0.90278778
2998,0.011779507,0.700445414,0.688665907
2999,0.000965139,0.549839735,0.548874596
3000,0.003081833,0.554074645,0.550992812
3001,0.001615152,0.157848865,0.156233713
3002,0.000505623,0.517137051,0.516631428
3003,0.043357514,0.972648382,0.929290868
3004,0.003297626,0.614583611,0.611285985
3005,0.036952194,0.853686154,0.81673396
3006,0.004344244,0.421867251,0.417523007
3007,0.088666663,0.957613826,0.868947163
3008,0.062178571,0.825924277,0.763745707
3009,0.078863434,0.974683523,0.895820089
3010,0.001562633,0.59095788,0.589395247
3011,0.241186261,0.990727782,0.749541521
3012,0.006729169,0.866130233,0.859401064
3013,0.069401078,0.837590694,0.768189617
3014,0.08749631,0.983848393,0.896352082
3015,0.000548755,0.324399352,0.323850597
3016,0.052945014,0.943804801,0.890859786
3017,0.045516804,0.699427843,0.653911039
3018,0.000653785,0.159869909,0.159216124
3019,0.008155546,0.878213644,0.870058098
3020,0.010963961,0.714665651,0.703701691
3021,0.060444787,0.953263044,0.892818257
3022,0.011982842,0.909790993,0.89780815
3023,0.004212923,0.907542646,0.903329723
3024,0.063051999,0.977812648,0.914760649
3025,0.018476095,0.898844361,0.880368266
3026,0.009942679,0.941676557,0.931733878
3027,0.003417313,0.800422609,0.797005296
3028,0.000335357,0.530325651,0.529990294
3029,0.024473643,0.957938492,0.933464849
3030,0.004132967,0.746361792,0.742228825
3031,0.038513135,0.862796247,0.824283112
3032,0.0153968,0.948404789,0.933007989
3033,0.054635949,0.974328279,0.91969233
3034,0.108913161,0.983201921,0.87428876
3035,0.008275061,0.741631329,0.733356268
3036,0.000699067,0.358334869,0.357635802
3037,0.036282334,0.897227407,0.860945072
3038,0.116154917,0.989375949,0.873221032
3039,0.002430744,0.587700009,0.585269265
3040,0.01392159,0.511868834,0.497947245
3041,0.007068523,0.540368438,0.533299915
3042,0.005767947,0.717098832,0.711330885
3043,0.007981075,0.404036224,0.396055149
3044,0.004296537,0.5716905,0.567393962
3045,0.061334375,0.920600951,0.859266575
3046,0.057185031,0.58190769,0.524722658
3047,0.010630849,0.018910427,0.008279578
3048,0.000757432,0.326118976,0.325361544
3049,0.008022604,0.869861364,0.861838761
3050,0.001954015,0.339148194,0.337194179
3051,0.014859671,0.581157148,0.566297477
3052,0.159674808,0.96730876,0.807633951
3053,0.120057344,0.984581172,0.864523828
3054,0.052711688,0.954340398,0.90162871
3055,0.016001599,0.241640165,0.225638567
3056,0.003019636,0.642210066,0.639190431
3057,0.001849222,0.441472381,0.43962316
3058,0.005946761,0.831731021,0.825784261
3059,0.008370505,0.628764212,0.620393707
3060,0.021082887,0.716517329,0.695434442
3061,0.172133341,0.702688456,0.530555114
3062,0.052578524,0.959579885,0.907001361
3063,0.482149303,0.999395013,0.51724571
3064,0.000428939,0.540393233,0.539964294
3065,0.046951614,0.884953797,0.838002183
3066,0.012354486,0.643093705,0.630739219
3067,0.253163159,0.97621268,0.723049521
3068,0.001301284,0.856306314,0.85500503
3069,0.011761898,0.910439849,0.898677951
3070,0.557574272,0.992512107,0.434937835
3071,0.302417815,0.996931076,0.694513261
3072,0.002549418,0.7976982,0.795148782
3073,0.037025157,0.856490135,0.819464978
3074,0.001874762,0.021846516,0.019971754
3075,0.002319455,0.037720807,0.035401352
3076,0.066105023,0.4858298,0.419724777
3077,0.059228159,0.794728935,0.735500775
3078,0.023155814,0.965706885,0.942551071
3079,0.024551338,0.782541692,0.757990355
3080,0.009650207,0.973324418,0.963674211
3081,0.008163897,0.796382725,0.788218828
3082,0.010958693,0.856355965,0.845397272
3083,0.000268079,0.08317934,0.082911261
3084,0.021662585,0.942112267,0.920449682
3085,0.012266485,0.840787232,0.828520747
3086,0.594134569,0.997197509,0.40306294
3087,0.005293502,0.866286933,0.860993431
3088,0.043955266,0.952324212,0.908368945
3089,0.032965157,0.849202037,0.81623688
3090,0.000112174,0.01712204,0.017009866
3091,0.009647205,0.829518437,0.819871232
3092,0.011083852,0.003226037,-0.007857816
3093,0.228449777,0.970883608,0.742433831
3094,0.539027214,0.992223203,0.453195989
3095,0.014087153,0.469166279,0.455079126
3096,0.000870044,0.288644582,0.287774538
3097,0.092660867,0.976977944,0.884317078
3098,0.037399475,0.878456593,0.841057118
3099,0.001895004,0.615893662,0.613998658
3100,0.113586605,0.970430493,0.856843889
3101,0.04322727,0.946041942,0.902814671
3102,0.008672623,0.874143124,0.865470501
3103,0.053648986,0.985008001,0.931359015
3104,0.011780473,0.910158634,0.898378161
3105,0.008814883,0.900823176,0.892008292
3106,0.009389534,0.757061541,0.747672007
3107,0.010003092,0.944096923,0.934093831
3108,0.00521047,0.776456237,0.771245767
3109,0.029007521,0.663069606,0.634062085
3110,0.01117625,0.828959048,0.817782798
3111,0.000157033,0.022734139,0.022577106
3112,0.282171994,0.987389922,0.705217928
3113,0.014836931,0.772027373,0.757190443
3114,0.002579336,0.317299068,0.314719732
3115,0.002926789,0.747684419,0.74475763
3116,0.001338962,0.541926086,0.540587124
3117,0.019169476,0.938887417,0.919717941
3118,0.026753658,0.806249857,0.779496199
3119,0.018612707,0.898394227,0.87978152
3120,0.02305587,0.378370374,0.355314504
3121,0.018149098,0.873148859,0.85499976
3122,0.000328451,0.186990827,0.186662376
3123,0.094973616,0.978726506,0.88375289
3124,0.005747668,0.418299347,0.412551679
3125,0.285105884,0.986054242,0.700948358
3126,0.027979676,0.532289863,0.504310187
3127,0.001562346,0.48453778,0.482975434
3128,0.033377968,0.939020157,0.905642189
3129,0.000729473,0.200903818,0.200174345
3130,0.001183734,0.530652463,0.529468729
3131,0.016402571,0.821122825,0.804720255
3132,0.002365674,0.774490118,0.772124444
3133,0.020502578,0.887335777,0.866833199
3134,0.010461976,0.483034939,0.472572963
3135,0.003210706,0.22629188,0.223081174
3136,0.008410313,0.59293884,0.584528527
3137,0.037117016,0.928847551,0.891730536
3138,0.083967999,0.960243464,0.876275465
3139,0.000983936,0.41546315,0.414479214
3140,0.01254921,0.796541631,0.783992421
3141,0.097795226,0.976269007,0.878473781
3142,0.224790379,0.994538367,0.769747987
3143,0.000804879,0.567296386,0.566491506
3144,0.001270279,0.487808704,0.486538425
3145,0.026317181,0.936344564,0.910027383
3146,0.004207463,0.537847996,0.533640533
3147,0.060177024,0.96078223,0.900605205
3148,0.002175479,0.254339039,0.25216356
3149,0.018871196,0.267552465,0.24868127
3150,0.001276352,0.729301631,0.728025279
3151,0.007267386,0.846049488,0.838782102
3152,0.019238716,0.8604514,0.841212684
3153,0.002143747,0.766268492,0.764124745
3154,0.039899338,0.939345479,0.899446141
3155,0.002474461,0.70910579,0.706631329
3156,0.002939412,0.819520473,0.816581061
3157,0.040504061,0.969201744,0.928697683
3158,0.011678857,0.941290438,0.929611581
3159,0.003799567,0.729819238,0.726019671
3160,0.101673685,0.575923562,0.474249877
3161,0.172061309,0.934753954,0.762692645
3162,0.004983362,0.434831142,0.429847781
3163,0.125889704,0.978703678,0.852813974
3164,0.000801161,0.302360088,0.301558927
3165,0.000537557,0.074572988,0.074035431
3166,0.00929188,0.853316605,0.844024725
3167,0.009404368,0.780068815,0.770664447
3168,0.003369784,0.281462491,0.278092707
3169,0.017663755,0.859061539,0.841397785
3170,0.000707907,0.01111504,0.010407133
3171,0.005487003,0.722712874,0.717225872
3172,0.012993678,0.832802594,0.819808916
3173,0.005201044,0.51344943,0.508248386
3174,0.039161496,0.807515621,0.768354125
3175,0.005526061,0.819731772,0.814205711
3176,0.045621436,0.942870319,0.897248883
3177,0.004053553,0.647655427,0.643601875
3178,0.041685596,0.973530412,0.931844816
3179,0.003367865,0.8574633,0.854095435
3180,0.021511439,0.941713214,0.920201775
3181,0.000597297,0.294943005,0.294345708
3182,0.006282658,0.855135322,0.848852663
3183,0.001773195,0.639899313,0.638126119
3184,0.015754433,0.815220296,0.799465863
3185,0.001847082,0.309296072,0.307448989
3186,0.046360202,0.79879117,0.752430968
3187,0.02274565,0.957247078,0.934501428
3188,0.174184665,0.988818347,0.814633682
3189,0.243227705,0.992089987,0.748862281
3190,0.001019815,0.866778493,0.865758678
3191,4.52933E-05,0.037328791,0.037283498
3192,0.004086753,0.767214596,0.763127843
3193,0.004343046,0.787631929,0.783288883
3194,0.001260865,0.45220682,0.450945956
3195,0.016147001,0.928248107,0.912101107
3196,0.000331437,0.150452718,0.150121281
3197,0.040699285,0.942270696,0.901571412
3198,0.009365073,0.732952952,0.723587879
3199,0.034849633,0.960642755,0.925793123
3200,0.010370633,0.907996356,0.897625724
3201,0.046407845,0.94643718,0.900029335
3202,0.005797552,0.358833253,0.353035701
3203,0.007999294,0.274191648,0.266192354
3204,0.000702446,0.142467991,0.141765545
3205,0.130241126,0.952854931,0.822613806
3206,0.01457129,0.93543458,0.920863289
3207,0.079784252,0.736959159,0.657174908
3208,0.003693586,0.71758163,0.713888043
3209,0.024543624,0.701675057,0.677131433
3210,0.000250619,0.293715388,0.293464769
3211,0.002519777,0.566370249,0.563850472
3212,0.011888431,0.877196729,0.865308298
3213,0.000187366,0.07874544,0.078558073
3214,0.001267024,0.739995182,0.738728158
3215,0.000421239,0.161280081,0.160858842
3216,0.746939421,0.983256221,0.2363168
3217,0.015605753,0.968653381,0.953047628
3218,0.001561921,0.467031509,0.465469588
3219,0.022101743,0.854554176,0.832452433
3220,0.052964453,0.888504505,0.835540053
3221,0.03868676,0.926875174,0.888188414
3222,0.030108482,0.963011265,0.932902783
3223,0.000520799,0.184390515,0.183869716
3224,0.003133987,0.858119607,0.85498562
3225,0.077933781,0.956722379,0.878788598
3226,0.026149364,0.852335095,0.826185731
3227,0.011799251,0.825567245,0.813767995
3228,0.017526627,0.800165951,0.782639325
3229,0.001010947,0.684166491,0.683155544
3230,0.063532449,0.986399889,0.92286744
3231,0.00042853,0.131651446,0.131222916
3232,0.001138074,0.902367949,0.901229875
3233,0.009788894,0.788055539,0.778266645
3234,0.012547029,0.75552094,0.742973911
3235,0.00085733,0.153683871,0.152826541
3236,0.002963527,0.50736165,0.504398123
3237,0.009642608,0.717357159,0.70771455
3238,0.027233005,0.898433387,0.871200383
3239,0.001372365,0.014304587,0.012932222
3240,0.005857369,0.626764417,0.620907047
3241,0.100930631,0.942785442,0.841854811
3242,0.004310499,0.666113675,0.661803176
3243,0.131401747,0.712887406,0.581485659
3244,0.016273681,0.552203536,0.535929855
3245,0.003792726,0.843808293,0.840015568
3246,0.010844375,0.484303594,0.473459219
3247,0.004474544,0.884869516,0.880394971
3248,0.018362299,0.888024986,0.869662687
3249,0.001767476,0.230830148,0.229062672
3250,0.044327769,0.937357664,0.893029895
3251,0.001296545,0.523899317,0.522602772
3252,0.002961197,0.72178036,0.718819163
3253,0.000642824,0.195420772,0.194777948
3254,0.15371187,0.889059007,0.735347137
3255,0.015053895,0.95793885,0.942884955
3256,0.013467269,0.909147859,0.89568059
3257,0.001679388,0.47321263,0.471533242
3258,0.052002881,0.339859486,0.287856605
3259,0.015406488,0.949464798,0.93405831
3260,0.003432699,0.575919867,0.572487168
3261,0.016517019,0.517024755,0.500507737
3262,0.188468486,0.992788017,0.804319531
3263,0.001183614,0.540340424,0.53915681
3264,0.002937428,0.096173413,0.093235985
3265,0.015947906,0.844544768,0.828596862
3266,0.275479198,0.968260825,0.692781627
3267,0.096635096,0.36778447,0.271149375
3268,0.00030443,0.148853526,0.148549096
3269,0.228910863,0.921526432,0.692615569
3270,0.050203677,0.976000845,0.925797168
3271,0.003464604,0.837277353,0.833812749
3272,0.066978022,0.991694391,0.924716368
3273,0.002037104,0.057135224,0.055098121
3274,0.00101295,0.558128655,0.557115705
3275,0.043857027,0.974940658,0.931083631
3276,0.00262141,0.658714175,0.656092766
3277,0.013544185,0.917812109,0.904267924
3278,0.002774189,0.42841962,0.425645431
3279,0.077199303,0.868160903,0.790961601
3280,0.003622615,0.430434883,0.426812268
3281,0.002908298,0.621279061,0.618370763
3282,0.010193147,0.901593387,0.89140024
3283,0.016915113,0.721793532,0.70487842
3284,0.011256459,0.921847522,0.910591063
3285,0.0451423,0.974571228,0.929428928
3286,0.008485138,0.70858562,0.700100482
3287,0.003242948,0.443521827,0.44027888
3288,0.00351455,0.078899808,0.075385259
3289,0.014328712,0.913512111,0.899183399
3290,0.006365679,0.723733962,0.717368283
3291,0.000694923,0.21185106,0.211156137
3292,0.023024186,0.726504743,0.703480557
3293,0.002495766,0.52445066,0.521954894
3294,0.000937779,0.310174972,0.309237193
3295,0.002352655,0.638712287,0.636359632
3296,0.008553457,0.932593346,0.924039889
3297,0.155288786,0.992146313,0.836857527
3298,0.003428007,0.438256681,0.434828674
3299,0.050890449,0.895111978,0.844221529
3300,0.023266021,0.89057523,0.867309209
3301,0.000854448,0.756015122,0.755160674
3302,0.004591418,0.787429869,0.782838451
3303,0.091991104,0.696419895,0.604428791
3304,0.00235129,0.395017564,0.392666274
3305,0.007804818,0.61426115,0.606456332
3306,0.128970817,0.749866784,0.620895967
3307,0.010281307,0.778930664,0.768649357
3308,0.684600711,0.98393482,0.299334109
3309,0.005725342,0.432961047,0.427235704
3310,0.016584879,0.612531245,0.595946366
3311,0.009439643,0.931069851,0.921630208
3312,0.281953156,0.986644685,0.704691529
3313,0.003579251,0.802680016,0.799100764
3314,0.009340237,0.058409251,0.049069014
3315,0.008820513,0.584206164,0.575385651
3316,0.014766077,0.937409878,0.922643801
3317,0.030848397,0.873692751,0.842844354
3318,0.003877848,0.392337024,0.388459177
3319,0.011453044,0.949244857,0.937791813
3320,0.006328844,0.842034996,0.835706152
3321,0.011491449,0.923889101,0.912397652
3322,0.060442705,0.970558703,0.910115998
3323,0.108681664,0.961767018,0.853085354
3324,0.006350733,0.448957831,0.442607097
3325,0.008366528,0.835725665,0.827359137
3326,0.002476401,0.039148692,0.036672291
3327,0.028427206,0.90761292,0.879185714
3328,0.007901018,0.773481131,0.765580113
3329,0.064558424,0.935321927,0.870763503
3330,0.003355404,0.706168473,0.702813068
3331,0.004201215,0.853976727,0.849775512
3332,0.003047439,0.691863179,0.68881574
3333,0.053037718,0.797451079,0.744413361
3334,0.14830862,0.982761085,0.834452465
3335,0.005732643,0.886386156,0.880653513
3336,0.007531489,0.089717776,0.082186287
3337,0.016945062,0.975691617,0.958746554
3338,0.007575233,0.89109093,0.883515697
3339,0.00654276,0.928888083,0.922345323
3340,0.000257863,0.413336784,0.413078921
3341,0.03926966,0.880128324,0.840858664
3342,0.155698821,0.974684417,0.818985596
3343,0.054672845,0.921169579,0.866496734
3344,0.014358705,0.857634425,0.84327572
3345,0.003294061,0.125438094,0.122144033
3346,0.012839345,0.69600296,0.683163615
3347,0.013114882,0.915285766,0.902170884
3348,0.000796437,0.138189927,0.137393489
3349,0.157565981,0.988081932,0.830515951
3350,0.429863274,0.968745112,0.538881838
3351,0.054998398,0.926294863,0.871296465
3352,0.004231575,0.699315727,0.695084151
3353,0.277720511,0.986133397,0.708412886
3354,0.015487172,0.608459473,0.592972301
3355,0.02229804,0.851511598,0.829213558
3356,0.003637039,0.704745591,0.701108552
3357,0.003088626,0.694131136,0.69104251
3358,0.04429948,0.981039047,0.936739568
3359,0.001647974,0.218134165,0.216486191
3360,0.0040694,0.871475697,0.867406297
3361,0.016029146,0.289374977,0.273345832
3362,0.000958199,0.538912356,0.537954157
3363,0.001612057,0.93590802,0.934295962
3364,0.012849301,0.308817893,0.295968592
3365,0.000346092,0.165225714,0.164879622
3366,0.007572603,0.587584436,0.580011833
3367,0.013530837,0.915904284,0.902373446
3368,0.063524671,0.863223135,0.799698465
3369,0.199887112,0.799311876,0.599424765
3370,0.001251233,0.609725773,0.60847454
3371,0.197462305,0.990855575,0.793393269
3372,0.00130071,0.558366895,0.557066184
3373,0.014077274,0.759606004,0.74552873
3374,0.005761989,0.199246675,0.193484685
3375,0.017274991,0.757693768,0.740418777
3376,0.00713664,0.822960198,0.815823558
3377,0.007183803,0.591591537,0.584407734
3378,0.013331319,0.814347148,0.801015829
3379,0.150175214,0.974442363,0.824267149
3380,0.007635068,0.895959795,0.888324727
3381,0.001869798,0.611023009,0.609153211
3382,0.005183065,0.089211956,0.08402889
3383,0.000295195,0.113167971,0.112872777
3384,0.002583876,0.153193295,0.150609419
3385,0.034467701,0.877426803,0.842959102
3386,0.000396693,0.218447,0.218050307
3387,0.046089008,0.974904299,0.92881529
3388,0.018146977,0.654694557,0.63654758
3389,0.005792818,0.79564029,0.789847471
3390,0.099431068,0.982665658,0.88323459
3391,0.014938003,0.143375188,0.128437185
3392,0.0336219,0.958049297,0.924427398
3393,0.006907223,0.809620023,0.8027128
3394,0.005081271,0.109805934,0.104724663
3395,0.01825024,0.904504001,0.886253761
3396,0.001057998,0.637133479,0.636075481
3397,0.034280941,0.108252294,0.073971353
3398,0.008928178,0.85070467,0.841776492
3399,0.011073258,0.848591626,0.837518368
3400,0.002016198,0.335106939,0.333090741
3401,0.001431619,0.102480039,0.10104842
3402,0.031413782,0.776843429,0.745429646
3403,0.190565959,0.926268697,0.735702738
3404,0.008002208,0.664246142,0.656243934
3405,0.024063937,0.95885402,0.934790082
3406,0.032736819,0.946586847,0.913850028
3407,0.00304788,0.49514541,0.492097531
3408,0.011638801,0.603185952,0.591547151
3409,0.001614569,0.377465874,0.375851305
3410,0.000636962,0.554853261,0.554216298
3411,0.064827822,0.926773906,0.861946084
3412,0.009023418,0.853856206,0.844832788
3413,0.019106736,0.942644358,0.923537621
3414,0.002792121,0.606932759,0.604140638
3415,0.051989593,0.967917025,0.915927432
3416,0.069526047,0.98525399,0.915727943
3417,0.001008785,0.540563762,0.539554977
3418,0.008378488,0.900051594,0.891673106
3419,0.000385174,0.338429868,0.338044694
3420,0.001289424,0.331003606,0.329714182
3421,0.001324657,0.439421296,0.43809664
3422,0.068348922,0.976978481,0.908629559
3423,0.002151955,0.44056958,0.438417624
3424,0.046379536,0.901188433,0.854808897
3425,0.042341191,0.983115613,0.940774422
3426,0.125108853,0.97273773,0.847628877
3427,0.037722364,0.368821979,0.331099615
3428,0.003140209,0.700046837,0.696906628
3429,0.00620691,0.743753731,0.737546821
3430,0.361781597,0.992221773,0.630440176
3431,0.014264452,0.803456128,0.789191675
3432,0.050349552,0.974321961,0.923972409
3433,0.003350528,0.568978429,0.5656279
3434,0.013322597,0.71361953,0.700296933
3435,0.025095852,0.933133304,0.908037452
3436,0.020869257,0.95693469,0.936065434
3437,0.126941383,0.982759058,0.855817676
3438,0.000551773,0.160911486,0.160359713
3439,0.000653898,0.471968293,0.471314395
3440,0.004869719,0.912379324,0.907509606
3441,0.06945762,0.92879045,0.85933283
3442,0.033334918,0.956901908,0.92356699
3443,0.019793538,0.274632305,0.254838767
3444,0.018024791,0.836209655,0.818184864
3445,0.003712184,0.220850199,0.217138015
3446,0.0175904,0.586360991,0.568770591
3447,0.00100555,0.283316731,0.282311181
3448,0.008519242,0.829721808,0.821202567
3449,0.025272526,0.944827795,0.919555269
3450,0.012333081,0.91320163,0.900868549
3451,0.004597664,0.88134408,0.876746416
3452,0.076845191,0.983677387,0.906832196
3453,0.000652361,0.033497576,0.032845214
3454,0.008195853,0.912117004,0.903921152
3455,0.008357857,0.826150656,0.817792798
3456,0.024677059,0.909572601,0.884895543
3457,0.002137422,0.467358023,0.465220601
3458,0.014650653,0.960415483,0.945764829
3459,0.021540593,0.919331133,0.89779054
3460,0.015033702,0.670906186,0.655872484
3461,0.001877349,0.576089978,0.574212629
3462,0.025233664,0.951554,0.926320337
3463,0.001134675,0.283463329,0.282328654
3464,0.026413755,0.873248696,0.846834941
3465,0.009666984,0.458158582,0.448491598
3466,0.023938704,0.505350888,0.481412183
3467,0.00482157,0.796280324,0.791458754
3468,0.010588932,0.79300499,0.782416058
3469,0.015094937,0.977156579,0.962061643
3470,0.169907421,0.977551639,0.807644218
3471,0.058368579,0.982122064,0.923753485
3472,0.103527337,0.314070016,0.210542679
3473,0.001316168,0.300497472,0.299181304
3474,0.195994496,0.990701795,0.794707298
3475,0.000684818,0.639142096,0.638457278
3476,0.013920034,0.104118966,0.090198931
3477,0.070465915,0.975903392,0.905437477
3478,0.01403677,0.862590909,0.848554139
3479,0.003647442,0.725208223,0.721560781
3480,0.001531449,0.03329866,0.031767211
3481,0.019234451,0.883452833,0.864218382
3482,0.015237885,0.719710827,0.704472942
3483,0.005911691,0.31674701,0.310835319
3484,0.001878163,0.589726627,0.587848464
3485,0.001167735,0.309827179,0.308659444
3486,0.014005444,0.87143594,0.857430496
3487,0.00172755,0.539390445,0.537662895
3488,0.013908683,0.925814211,0.911905528
3489,0.009842427,0.97096014,0.961117713
3490,0.002678005,0.821889222,0.819211216
3491,0.008373174,0.917310357,0.908937183
3492,0.092632495,0.960383952,0.867751457
3493,0.061086662,0.790073097,0.728986435
3494,0.003091509,0.85070008,0.847608571
3495,0.012179656,0.860029995,0.847850339
3496,0.014930981,0.945688069,0.930757088
3497,0.005702327,0.890999496,0.885297169
3498,0.005621508,0.874036729,0.868415222
3499,0.002038859,0.668821096,0.666782238
3500,0.287641704,0.996526062,0.708884358
3501,0.116927549,0.983369291,0.866441742
3502,0.002977973,0.836242437,0.833264464
3503,0.00374113,0.791228354,0.787487224
3504,0.112080604,0.991873562,0.879792958
3505,0.020527994,0.924379706,0.903851712
3506,0.001835315,0.064660177,0.062824862
3507,0.001331737,0.376796752,0.375465015
3508,0.072054535,0.646171868,0.574117333
3509,0.005201779,0.88371712,0.87851534
3510,0.154583052,0.990428805,0.835845754
3511,0.006336684,0.745577753,0.739241068
3512,0.019997042,0.941158414,0.921161372
3513,0.01651011,0.959612072,0.943101961
3514,0.003672645,0.945477486,0.94180484
3515,0.005776011,0.929024696,0.923248685
3516,0.062990017,0.968298912,0.905308895
3517,0.010574658,0.788005888,0.77743123
3518,0.028765891,0.83982569,0.811059799
3519,0.098509647,0.920603991,0.822094344
3520,0.001282947,0.103959888,0.102676941
3521,0.0247931,0.900933564,0.876140464
3522,0.009362663,0.552568078,0.543205415
3523,0.000310627,0.680286586,0.679975959
3524,0.022268321,0.747028768,0.724760447
3525,0.007500191,0.540089667,0.532589476
3526,0.002544335,0.190548956,0.188004621
3527,0.221653655,0.992171526,0.770517871
3528,0.008572896,0.510103822,0.501530926
3529,0.005693671,0.733201623,0.727507952
3530,0.012118114,0.909902632,0.897784518
3531,0.002029284,0.740151048,0.738121764
3532,0.010413993,0.887596011,0.877182018
3533,0.006376213,0.797264099,0.790887886
3534,0.132721335,0.99054271,0.857821375
3535,0.036313254,0.077615231,0.041301977
3536,0.000193453,0.069600277,0.069406824
3537,0.013422287,0.906824291,0.893402004
3538,0.022859626,0.655467868,0.632608242
3539,0.004139323,0.076993249,0.072853926
3540,0.386640429,0.975261927,0.588621497
3541,0.059218515,0.850851834,0.791633319
3542,0.000432371,0.212730005,0.212297634
3543,0.002432074,0.066452295,0.06402022
3544,0.013109372,0.936092317,0.922982945
3545,0.005198558,0.783375263,0.778176705
3546,0.001342541,0.042641178,0.041298637
3547,0.035489585,0.921773493,0.886283908
3548,0.010852425,0.804974675,0.79412225
3549,0.011275969,0.54028511,0.529009142
3550,0.000933892,0.288318038,0.287384146
3551,0.122296877,0.950206578,0.827909701
3552,0.017705506,0.932349324,0.914643819
3553,0.029041329,0.757644475,0.728603145
3554,0.020708414,0.792344451,0.771636037
3555,0.00181887,0.593980074,0.592161204
3556,0.003961732,0.829163671,0.825201939
3557,0.034605302,0.939608991,0.905003689
3558,0.17437166,0.981737494,0.807365835
3559,0.166362658,0.993342578,0.82697992
3560,0.001148827,0.323593348,0.322444521
3561,0.012307747,0.481523812,0.469216065
3562,0.024588408,0.777885556,0.753297148
3563,0.022479802,0.958836019,0.936356217
3564,0.061428498,0.810136974,0.748708475
3565,0.019558487,0.878381729,0.858823242
3566,0.084629066,0.880003154,0.795374088
3567,0.21453321,0.508271694,0.293738484
3568,0.137766227,0.943988264,0.806222036
3569,0.003386809,0.699962735,0.696575926
3570,0.057154391,0.986445725,0.929291334
3571,0.045646496,0.959859014,0.914212517
3572,0.238108069,0.821736336,0.583628267
3573,0.003939345,0.072529048,0.068589702
3574,0.823307216,0.99150753,0.168200314
3575,0.129865155,0.421838194,0.29197304
3576,0.044312119,0.969370782,0.925058663
3577,0.006508915,0.749090791,0.742581876
3578,0.003973579,0.349688828,0.345715249
3579,0.155108184,0.995194852,0.840086669
3580,0.01483701,0.16919665,0.154359641
3581,0.001229593,0.68190217,0.680672577
3582,0.00252203,0.79477042,0.79224839
3583,0.002929473,0.154873729,0.151944255
3584,0.024052739,0.915304244,0.891251504
3585,0.82417053,0.989692032,0.165521502
3586,0.006856916,0.70631516,0.699458243
3587,0.002341744,0.584809482,0.582467738
3588,0.016489629,0.90252918,0.886039551
3589,0.042892154,0.978276312,0.935384158
3590,0.01960462,0.220799595,0.201194976
3591,0.050524823,0.97478205,0.924257226
3592,0.002396567,0.87474376,0.872347193
3593,0.015402016,0.809431732,0.794029715
3594,0.009955266,0.966464996,0.956509731
3595,0.008488188,0.835351646,0.826863457
3596,0.021591311,0.676181972,0.654590661
3597,0.02830114,0.775909543,0.747608403
3598,0.140500635,0.787675142,0.647174507
3599,0.423661768,0.995237708,0.57157594
3600,0.031306449,0.95857811,0.92727166
3601,0.005921153,0.366568804,0.36064765
3602,0.010121933,0.686654568,0.676532635
3603,0.00616983,0.897204757,0.891034926
3604,0.012816085,0.681976497,0.669160412
3605,0.004158259,0.827573538,0.823415279
3606,0.267517507,0.984183371,0.716665864
3607,0.0027857,0.310368389,0.307582689
3608,0.002295716,0.857774973,0.855479257
3609,0.055939317,0.203774601,0.147835284
3610,0.034527913,0.839629054,0.805101141
3611,0.010174057,0.961394489,0.951220432
3612,0.001860891,0.747649908,0.745789017
3613,0.004480899,0.525639176,0.521158277
3614,0.007229847,0.884206831,0.876976984
3615,0.015383894,0.954877019,0.939493125
3616,0.009883429,0.797234654,0.787351226
3617,0.13661699,0.968329251,0.831712261
3618,0.114728384,0.987816274,0.87308789
3619,0.019360261,0.847192109,0.827831848
3620,0.007288191,0.791961849,0.784673658
3621,0.186679199,0.894583583,0.707904384
3622,0.044413134,0.82569313,0.781279996
3623,0.030275155,0.894439757,0.864164602
3624,0.031112092,0.812039316,0.780927224
3625,0.004385471,0.686686099,0.682300628
3626,0.003484742,0.528111339,0.524626596
3627,0.00610704,0.84518224,0.8390752
3628,0.002709792,0.755525708,0.752815916
3629,0.011329233,0.664732516,0.653403283
3630,0.003165714,0.945993662,0.942827947
3631,0.005306801,0.511670411,0.506363609
3632,0.002587802,0.319908172,0.31732037
3633,0.001927642,0.889900327,0.887972685
3634,0.016362524,0.959082007,0.942719484
3635,0.005156545,0.892428279,0.887271733
3636,0.020262614,0.044719771,0.024457157
3637,0.122826718,0.98737818,0.864551462
3638,0.085869774,0.982705057,0.896835282
3639,0.154454395,0.994450808,0.839996412
3640,0.095292747,0.948633671,0.853340924
3641,0.017826352,0.809184134,0.791357782
3642,0.046993893,0.925467253,0.87847336
3643,0.032018993,0.228888497,0.196869504
3644,0.062451843,0.924027383,0.86157554
3645,0.093949683,0.889993131,0.796043448
3646,0.146537006,0.989727914,0.843190908
3647,0.012352914,0.064789034,0.052436121
3648,0.008600747,0.791847467,0.78324672
3649,0.007599958,0.662679493,0.655079535
3650,0.000626161,0.111138359,0.110512198
3651,0.002410114,0.623490453,0.621080338
3652,0.174787447,0.835068345,0.660280898
3653,0.003832294,0.252716243,0.248883949
3654,0.00525549,0.584731042,0.579475552
3655,0.001406533,0.282484561,0.281078028
3656,0.320935696,0.992787778,0.671852082
3657,0.148412794,0.987110496,0.838697702
3658,0.005607605,0.101530842,0.095923237
3659,0.032609913,0.74799633,0.715386417
3660,0.004253501,0.90099591,0.89674241
3661,0.004172271,0.049657613,0.045485342
3662,0.006521088,0.745066464,0.738545376
3663,0.001456336,0.189959437,0.188503101
3664,0.007332938,0.855647504,0.848314567
3665,0.004969356,0.099293858,0.094324502
3666,0.00231703,0.239219114,0.236902084
3667,0.043018688,0.868918598,0.82589991
3668,0.002896235,0.947140455,0.94424422
3669,0.006651788,0.801178873,0.794527085
3670,0.019666627,0.956623971,0.936957344
3671,0.072221272,0.955766559,0.883545287
3672,0.001081355,0.256388247,0.255306892
3673,0.000673331,0.702963173,0.702289842
3674,0.086463466,0.919551015,0.833087549
3675,0.004166035,0.881180823,0.877014788
3676,0.002461777,0.867818356,0.865356578
3677,0.003216636,0.736564636,0.733348
3678,0.016399333,0.955947459,0.939548125
3679,0.060516838,0.76853931,0.708022472
3680,0.041776549,0.823836803,0.782060254
3681,0.007334972,0.84290266,0.835567689
3682,0.017999766,0.839743197,0.821743431
3683,0.000709106,0.03273806,0.032028953
3684,0.001077779,0.040447194,0.039369415
3685,0.053687107,0.949720025,0.896032918
3686,0.03081391,0.922405958,0.891592048
3687,0.026533479,0.938623309,0.91208983
3688,0.053014733,0.808613181,0.755598448
3689,0.021463044,0.913657844,0.8921948
3690,0.003955749,0.59956193,0.59560618
3691,0.189219445,0.988573551,0.799354106
3692,0.01894293,0.58926779,0.570324861
3693,0.010695685,0.878115654,0.867419969
3694,0.034329973,0.847094834,0.812764861
3695,0.045286737,0.828849733,0.783562995
3696,0.005878209,0.364914149,0.35903594
3697,0.005161949,0.81652081,0.811358861
3698,0.013452927,0.768682778,0.755229851
3699,0.142989591,0.988049328,0.845059738
3700,0.09980125,0.990264773,0.890463524
3701,0.013317959,0.888585865,0.875267906
3702,0.001600675,0.443300515,0.441699841
3703,0.012634279,0.362357736,0.349723456
3704,0.000529404,0.084198467,0.083669063
3705,0.019883338,0.916452408,0.896569069
3706,0.098159194,0.788010061,0.689850867
3707,0.033073578,0.939718962,0.906645384
3708,0.070592239,0.95535028,0.88475804
3709,0.016475722,0.930601537,0.914125815
3710,0.004709177,0.251985639,0.247276462
3711,0.014175538,0.033452403,0.019276865
3712,0.000805726,0.767079711,0.766273985
3713,0.013455977,0.901750028,0.888294051
3714,0.16068086,0.978272676,0.817591816
3715,0.054151841,0.972445309,0.918293469
3716,0.012962245,0.760089934,0.747127688
3717,0.017319016,0.644710481,0.627391465
3718,0.01401259,0.89460057,0.88058798
3719,0.005524793,0.507814884,0.502290091
3720,0.064561546,0.961421669,0.896860123
3721,0.011303603,0.923038781,0.911735178
3722,0.003549617,0.500344694,0.496795077
3723,0.001093254,0.356011033,0.354917779
3724,0.005895761,0.876031816,0.870136055
3725,0.080089293,0.943645656,0.863556363
3726,0.013329073,0.302005112,0.288676039
3727,0.002157696,0.268074006,0.26591631
3728,0.057808831,0.851755202,0.79394637
3729,0.002488951,0.661888301,0.659399351
3730,0.003173494,0.350773066,0.347599572
3731,0.00183112,0.385341346,0.383510227
3732,0.065016106,0.990112126,0.92509602
3733,0.002574353,0.255306274,0.252731921
3734,0.00686792,0.623834491,0.616966571
3735,0.093147002,0.990187228,0.897040226
3736,0.034368783,0.92002219,0.885653406
3737,0.025649818,0.926107347,0.900457529
3738,0.087706551,0.964906991,0.87720044
3739,0.005345733,0.690959513,0.68561378
3740,0.006448735,0.506679833,0.500231098
3741,0.047240347,0.982923925,0.935683578
3742,0.003098647,0.576493025,0.573394378
3743,0.148700356,0.873649538,0.724949181
3744,0.012254497,0.918196857,0.90594236
3745,0.006769728,0.850908577,0.84413885
3746,0.00957838,0.937850475,0.928272096
3747,0.003242768,0.222469032,0.219226263
3748,0.003355567,0.729446232,0.726090665
3749,0.094230115,0.985511661,0.891281545
3750,0.001819244,0.277840883,0.276021638
3751,0.077957191,0.949449003,0.871491812
3752,0.042590953,0.927214622,0.884623669
3753,0.139821321,0.978487909,0.838666588
3754,0.006238716,0.926467597,0.920228881
3755,0.003302586,0.781815708,0.778513122
3756,0.14756532,0.973851323,0.826286003
3757,0.000409088,0.063695148,0.06328606
3758,0.069022164,0.953550637,0.884528473
3759,0.001995448,0.385165393,0.383169946
3760,0.010181712,0.590942442,0.58076073
3761,0.0067692,0.807494462,0.800725262
3762,0.010382893,0.769384205,0.759001312
3763,0.004499486,0.637068391,0.632568905
3764,0.151467592,0.958714724,0.807247132
3765,0.278314054,0.987145901,0.708831847
3766,0.004811755,0.039168764,0.034357009
3767,0.001037375,0.727198541,0.726161166
3768,0.0016834,0.312841177,0.311157777
3769,0.113614731,0.969107687,0.855492957
3770,0.001550052,0.527697921,0.526147869
3771,0.076013871,0.941330135,0.865316264
3772,0.001934585,0.568942845,0.56700826
3773,0.013348101,0.852885306,0.839537205
3774,0.028053707,0.91195935,0.883905644
3775,0.041712966,0.965299487,0.923586521
3776,0.050248984,0.95570153,0.905452546
3777,0.035163611,0.913741231,0.87857762
3778,0.032056089,0.905375361,0.873319272
3779,0.013823587,0.843167543,0.829343956
3780,0.010173724,0.855657518,0.845483794
3781,0.003734587,0.174492553,0.170757966
3782,0.016536426,0.95064795,0.934111524
3783,0.002139793,0.207658917,0.205519124
3784,0.006949098,0.790378511,0.783429413
3785,0.001650273,0.684133291,0.682483018
3786,0.01967017,0.475703895,0.456033725
3787,0.011610093,0.501297295,0.489687202
3788,0.060972106,0.93204385,0.871071745
3789,0.007984837,0.786056459,0.778071622
3790,0.017587774,0.772002399,0.754414625
3791,0.003953923,0.508979559,0.505025635
3792,0.008879313,0.958963513,0.9500842
3793,0.020228716,0.699273467,0.679044751
3794,0.202517062,0.955924213,0.753407151
3795,0.00509812,0.482175499,0.477077379
3796,0.027795335,0.911894917,0.884099582
3797,0.006941333,0.694664896,0.687723562
3798,0.016660376,0.270723909,0.254063534
3799,0.023484398,0.890588582,0.867104184
3800,0.004929364,0.906428814,0.90149945
3801,0.149435118,0.965206325,0.815771207
3802,0.041945543,0.954168737,0.912223194
3803,0.018755542,0.584622324,0.565866781
3804,0.003497768,0.231299609,0.227801841
3805,0.029940905,0.914936185,0.88499528
3806,0.000375724,0.088090211,0.087714487
3807,0.001804013,0.044114523,0.04231051
3808,0.008099562,0.92228651,0.914186948
3809,0.074295588,0.368231565,0.293935977
3810,0.008568464,0.50024116,0.491672697
3811,0.001940377,0.433789134,0.431848757
3812,0.021851497,0.923666477,0.90181498
3813,0.002515145,0.804561675,0.802046529
3814,0.332638532,0.909356594,0.576718062
3815,0.420210361,0.988978207,0.568767846
3816,0.045821141,0.932967782,0.887146641
3817,0.046345878,0.973033249,0.926687371
3818,0.00653696,0.814500451,0.807963491
3819,0.000441744,0.220641464,0.22019972
3820,0.106286868,0.980095863,0.873808995
3821,0.00622551,0.645332217,0.639106708
3822,0.010922004,0.624078691,0.613156687
3823,0.204281345,0.915312648,0.711031303
3824,0.059804909,0.947789192,0.887984283
3825,0.073557198,0.945887387,0.872330189
3826,0.01340255,0.982764125,0.969361575
3827,0.007217728,0.497013032,0.489795305
3828,0.002766312,0.512187302,0.50942099
3829,0.045308605,0.923387587,0.878078982
3830,0.035028636,0.974941611,0.939912975
3831,0.051351722,0.952441037,0.901089314
3832,0.015850084,0.913099825,0.897249741
3833,0.002168009,0.797543943,0.795375934
3834,0.011367602,0.698076904,0.686709302
3835,0.004924919,0.508490145,0.503565226
3836,0.025641682,0.047398418,0.021756737
3837,0.001910403,0.555716276,0.553805873
3838,0.005109757,0.51159513,0.506485373
3839,0.010290933,0.958796799,0.948505866
3840,0.01656278,0.917764425,0.901201645
3841,0.007883782,0.418816566,0.410932784
3842,0.011628433,0.658705413,0.64707698
3843,0.007856253,0.856925368,0.849069116
3844,0.261028528,0.99074322,0.729714692
3845,0.002240716,0.882098615,0.879857899
3846,0.00016275,0.027660862,0.027498111
3847,0.000899868,0.643489659,0.642589791
3848,0.002097246,0.597403109,0.595305864
3849,0.015222481,0.807961762,0.79273928
3850,0.830339849,0.987907827,0.157567978
3851,0.007424313,0.943768203,0.93634389
3852,0.00120898,0.23614122,0.23493224
3853,0.002020946,0.7115888,0.709567854
3854,0.00079534,0.641818523,0.641023183
3855,0.019432465,0.923285544,0.903853079
3856,0.000919053,0.312769979,0.311850927
3857,0.001097666,0.590806961,0.589709296
3858,0.001710055,0.320687056,0.318977001
3859,0.016218787,0.949603558,0.933384771
3860,0.000872455,0.282912046,0.282039591
3861,0.006007518,0.067332119,0.061324601
3862,0.02618449,0.534222603,0.508038113
3863,0.511436999,0.986501157,0.475064158
3864,0.004036076,0.737360477,0.733324402
3865,0.265567183,0.991831839,0.726264656
3866,0.003940897,0.568823695,0.564882798
3867,0.754748344,0.997063816,0.242315471
3868,0.003383658,0.518123865,0.514740207
3869,0.00855158,0.030811623,0.022260043
3870,0.006523853,0.595809221,0.589285368
3871,0.004182097,0.813497365,0.809315267
3872,0.066439711,0.964088678,0.897648968
3873,0.004161246,0.674309194,0.670147948
3874,0.06388393,0.97893995,0.91505602
3875,0.029335536,0.659588873,0.630253337
3876,0.004217988,0.144241869,0.140023881
3877,0.048699763,0.913846076,0.865146313
3878,0.005050185,0.848065257,0.843015072
3879,0.293274879,0.992116392,0.698841512
3880,0.011935958,0.938355982,0.926420025
3881,0.013861243,0.062782325,0.048921082
3882,0.029776124,0.92213881,0.892362686
3883,0.002710272,0.608954847,0.606244575
3884,0.730125308,0.993867576,0.263742268
3885,0.001637637,0.359369397,0.35773176
3886,0.006841525,0.581533611,0.574692085
3887,0.017420467,0.520626009,0.503205542
3888,0.039934892,0.967503667,0.927568775
3889,0.01402905,0.836447418,0.822418367
3890,0.038306616,0.870525181,0.832218565
3891,0.002117425,0.469175518,0.467058093
3892,0.008751454,0.914154589,0.905403135
3893,0.00786247,0.85157299,0.84371052
3894,0.048840702,0.838672757,0.789832056
3895,0.014231948,0.910841584,0.896609636
3896,0.091832392,0.140761569,0.048929177
3897,0.039210882,0.963308275,0.924097393
3898,0.097864851,0.921098411,0.82323356
3899,0.004296947,0.821147799,0.816850852
3900,0.000443686,0.374259621,0.373815935
3901,0.020787129,0.43581447,0.415027341
3902,0.001305326,0.055185214,0.053879888
3903,0.006004313,0.481897265,0.475892952
3904,0.007907318,0.465206355,0.457299037
3905,0.174551114,0.987238705,0.812687591
3906,0.005788761,0.919210136,0.913421375
3907,0.022278916,0.861713946,0.83943503
3908,0.001119423,0.342505932,0.341386509
3909,0.050550457,0.730380356,0.679829899
3910,0.035247251,0.815041125,0.779793873
3911,0.039015599,0.939935744,0.900920145
3912,0.000112459,0.137494341,0.137381882
3913,0.033248372,0.975903988,0.942655616
3914,0.028832722,0.958171904,0.929339182
3915,0.025464617,0.916596949,0.891132332
3916,0.030331202,0.977326214,0.946995012
3917,0.014473085,0.940088272,0.925615187
3918,0.000465772,0.27043733,0.269971559
3919,0.096044473,0.673530698,0.577486224
3920,0.00575577,0.779457271,0.773701501
3921,0.015382089,0.889622688,0.8742406
3922,0.031534664,0.928775668,0.897241004
3923,0.053986348,0.941561639,0.887575291
3924,7.67898E-05,0.069419742,0.069342952
3925,0.000303226,0.187545002,0.187241776
3926,0.002746875,0.60928911,0.606542235
3927,0.001966908,0.24447839,0.242511482
3928,0.150862053,0.974352062,0.823490009
3929,0.018600533,0.831132531,0.812531998
3930,0.012182898,0.904648066,0.892465168
3931,0.119314566,0.984982014,0.865667447
3932,0.006696263,0.309654564,0.302958301
3933,0.008739752,0.845136523,0.836396771
3934,0.009127742,0.646140754,0.637013013
3935,0.029939372,0.963159621,0.933220249
3936,0.007156314,0.858232021,0.851075707
3937,0.003644982,0.810058832,0.80641385
3938,0.029621355,0.109586455,0.0799651
3939,0.000302089,0.08989504,0.089592951
3940,0.447101772,0.995464623,0.548362851
3941,0.046857625,0.819049656,0.772192031
3942,0.066498652,0.976191282,0.90969263
3943,0.049059112,0.951771438,0.902712326
3944,0.000362899,0.201162755,0.200799857
3945,0.003470669,0.887494147,0.884023478
3946,0.014805593,0.229179978,0.214374386
3947,0.006792009,0.732677579,0.72588557
3948,0.02528343,0.97314328,0.94785985
3949,0.002424718,0.007102182,0.004677464
3950,0.008997478,0.547438502,0.538441025
3951,0.016562564,0.727577627,0.711015062
3952,0.103277229,0.888255835,0.784978606
3953,0.000149112,0.026215656,0.026066544
3954,0.151267529,0.970695734,0.819428205
3955,0.148834109,0.953665078,0.804830968
3956,0.001742775,0.598776162,0.597033387
3957,0.023663292,0.974980772,0.95131748
3958,0.018035546,0.797267795,0.779232249
3959,0.05832807,0.738466024,0.680137955
3960,0.068044305,0.97411716,0.906072855
3961,0.174663544,0.977208972,0.802545428
3962,0.001151307,0.626556456,0.625405149
3963,0.000320514,0.529056966,0.528736453
3964,0.062455002,0.726149201,0.663694199
3965,0.475315362,0.996148229,0.520832866
3966,0.140287861,0.974207878,0.833920017
3967,0.000652151,0.235120818,0.234468667
3968,0.028060351,0.911574543,0.883514192
3969,0.000390316,0.411893278,0.411502963
3970,0.035843823,0.918231368,0.882387545
3971,0.013423077,0.862713456,0.849290379
3972,0.116743229,0.987944722,0.871201493
3973,0.071666889,0.920152605,0.848485716
3974,0.024043301,0.969410419,0.945367118
3975,0.002404289,0.019760003,0.017355714
3976,0.000427512,0.268242627,0.267815115
3977,0.103698984,0.840561926,0.736862943
3978,0.008554816,0.818484068,0.809929252
3979,0.005590105,0.544534385,0.53894428
3980,0.041987978,0.940268695,0.898280717
3981,0.730904818,0.998118281,0.267213464
3982,0.082188159,0.931600392,0.849412233
3983,0.048660234,0.976545155,0.927884921
3984,0.003370149,0.498557389,0.49518724
3985,0.000218245,0.12160524,0.121386995
3986,0.395229906,0.987048805,0.591818899
3987,0.839764535,0.966090381,0.126325846
3988,0.00144299,0.710830986,0.709387996
3989,0.000901067,0.5661937,0.565292633
3990,0.062224247,0.944195867,0.88197162
3991,0.016656321,0.832131267,0.815474946
3992,0.004107102,0.593302906,0.589195803
3993,0.001685939,0.177544191,0.175858252
3994,0.004159365,0.667385161,0.663225796
3995,0.001876589,0.798891783,0.797015194
3996,0.02054349,0.415669113,0.395125624
3997,0.02091442,0.893727899,0.872813478
3998,0.022387465,0.774719834,0.752332369
3999,0.004598602,0.375046283,0.370447681
4000,0.010165061,0.352215886,0.342050825
4001,0.020555018,0.817430615,0.796875598
4002,0.000554868,0.302600473,0.302045605
4003,0.253509641,0.923143446,0.669633806
4004,0.011783277,0.333959043,0.322175766
4005,0.002117301,0.120272502,0.118155202
4006,0.527181089,0.9888044,0.461623311
4007,0.037549138,0.882921517,0.845372379
4008,0.001884649,0.888393998,0.886509349
4009,0.000143886,0.073611967,0.073468082
4010,0.002329548,0.486905545,0.484575997
4011,0.007746529,0.820768595,0.813022065
4012,0.005420382,0.828764021,0.82334364
4013,0.005828673,0.70005995,0.694231277
4014,0.133335382,0.972685158,0.839349777
4015,0.011070804,0.874200165,0.863129362
4016,0.018874524,0.939616203,0.920741679
4017,0.015647929,0.924034119,0.908386189
4018,0.006303926,0.137378916,0.131074991
4019,0.043191027,0.883277178,0.840086151
4020,0.000634952,0.206730515,0.206095563
4021,0.00849859,0.870898902,0.862400313
4022,0.016035181,0.099803813,0.083768632
4023,0.000210425,0.372071922,0.371861497
4024,0.112985097,0.767193079,0.654207982
4025,0.001530115,0.525582373,0.524052258
4026,0.002673263,0.784433186,0.781759923
4027,0.014606334,0.901988626,0.887382291
4028,0.007225283,0.549452722,0.542227439
4029,0.000573542,0.38114354,0.380569998
4030,0.008665076,0.806870461,0.798205385
4031,0.006065063,0.791905224,0.785840162
4032,0.017625224,0.96232909,0.944703866
4033,0.001268152,0.470310777,0.469042625
4034,0.071450636,0.985089004,0.913638368
4035,0.00240499,0.310099155,0.307694164
4036,0.00311512,0.811318696,0.808203576
4037,0.13406904,0.623918533,0.489849493
4038,0.001641384,0.448116183,0.4464748
4039,0.038586456,0.880356371,0.841769915
4040,0.274817199,0.99212718,0.717309982
4041,0.000882949,0.198354229,0.19747128
4042,0.000924228,0.25357917,0.252654942
4043,0.025682941,0.954783559,0.929100618
4044,0.006158252,0.932885826,0.926727574
4045,0.012607154,0.632471919,0.619864766
4046,0.015195677,0.951301396,0.936105719
4047,0.004440594,0.853653252,0.849212658
4048,0.005744184,0.046424668,0.040680484
4049,0.002061564,0.558277071,0.556215506
4050,0.050072111,0.984164655,0.934092544
4051,0.006705918,0.803080499,0.796374581
4052,0.095856361,0.967679322,0.871822961
4053,0.022858102,0.960769832,0.93791173
4054,0.000998042,0.579030812,0.578032769
4055,0.004281596,0.819070399,0.814788803
4056,0.056229603,0.942294359,0.886064757
4057,0.002078498,0.595014453,0.592935954
4058,0.004140005,0.597623527,0.593483522
4059,0.020385925,0.892149508,0.871763583
4060,0.014874036,0.05700136,0.042127323
4061,0.00664769,0.812112033,0.805464343
4062,0.014441125,0.904470563,0.890029438
4063,0.038096145,0.957489967,0.919393823
4064,0.06894739,0.941617131,0.872669742
4065,0.103040591,0.972980201,0.86993961
4066,0.021820446,0.830981195,0.809160748
4067,0.001709648,0.089026332,0.087316684
4068,0.065185942,0.948650897,0.883464955
4069,0.043282893,0.896343887,0.853060994
4070,0.0056115,0.493282646,0.487671146
4071,0.002346674,0.345611364,0.34326469
4072,0.000400287,0.292556375,0.292156088
4073,0.000534422,0.016251452,0.01571703
4074,0.012248127,0.944248676,0.93200055
4075,0.004506985,0.073749855,0.06924287
4076,0.025977535,0.779556155,0.75357862
4077,0.004790509,0.219138086,0.214347577
4078,0.000880497,0.625293314,0.624412818
4079,0.005794225,0.748988271,0.743194046
4080,0.095738113,0.982125401,0.886387289
4081,0.008534577,0.486156285,0.477621708
4082,0.001903395,0.610499024,0.608595629
4083,0.009376888,0.963203669,0.95382678
4084,0.013917259,0.826781452,0.812864193
4085,0.002079443,0.41689828,0.414818837
4086,0.147355229,0.888296008,0.740940779
4087,0.005227917,0.850315213,0.845087296
4088,0.08559113,0.975257576,0.889666446
4089,0.012688519,0.718597114,0.705908596
4090,0.00305232,0.886963129,0.883910809
4091,0.000361651,0.21851854,0.218156889
4092,0.000244332,0.167880729,0.167636397
4093,0.058534648,0.928889334,0.870354686
4094,0.020173386,0.296849698,0.276676312
4095,0.136667371,0.986791968,0.850124598
4096,0.11258252,0.923299074,0.810716555
4097,0.01272919,0.85474205,0.84201286
4098,0.011891893,0.288827628,0.276935735
4099,0.069999993,0.982392132,0.912392139
4100,0.010152316,0.965769053,0.955616737
4101,0.064293087,0.902959466,0.838666379
4102,0.008852467,0.776698828,0.767846361
4103,0.046339545,0.98793155,0.941592004
4104,0.001436797,0.577439845,0.576003047
4105,0.016540071,0.969527602,0.952987531
4106,0.000401374,0.013967592,0.013566219
4107,0.005774383,0.347834826,0.342060443
4108,0.087342702,0.091964088,0.004621387
4109,0.007368301,0.920867264,0.913498963
4110,0.055781495,0.710688591,0.654907096
4111,0.004952897,0.544549763,0.539596866
4112,0.001440203,0.544313312,0.542873108
4113,0.00472134,0.842756331,0.838034991
4114,0.006813427,0.657119334,0.650305906
4115,0.000490286,0.424859196,0.42436891
4116,0.001546321,0.472956061,0.471409741
4117,0.475649476,0.985601366,0.50995189
4118,0.004085343,0.878551364,0.874466021
4119,0.000100651,0.169017628,0.168916977
4120,0.010206097,0.879321754,0.869115657
4121,0.002192572,0.77972734,0.777534767
4122,0.01159663,0.840366721,0.828770091
4123,0.015434605,0.074477151,0.059042546
4124,0.110110477,0.914766192,0.804655716
4125,0.012165339,0.772776425,0.760611086
4126,0.009067587,0.842761934,0.833694347
4127,0.003855298,0.647801459,0.643946161
4128,0.00077442,0.537132025,0.536357604
4129,0.000814654,0.295624137,0.294809483
4130,0.01296642,0.871956885,0.858990465
4131,0.000565569,0.029881539,0.029315969
4132,0.004458159,0.533615708,0.529157549
4133,0.006446104,0.906379938,0.899933834
4134,0.055681914,0.676721871,0.621039957
4135,0.006065681,0.730898857,0.724833176
4136,0.424276769,0.991016865,0.566740096
4137,0.000480037,0.228885084,0.228405048
4138,0.028937066,0.916292667,0.887355601
4139,0.008562163,0.882625699,0.874063537
4140,0.000222171,0.102780223,0.102558052
4141,0.000807363,0.539758265,0.538950902
4142,0.001183885,0.698690295,0.69750641
4143,0.001030474,0.595086336,0.594055862
4144,0.000668251,0.262146205,0.261477954
4145,0.003508458,0.645952463,0.642444005
4146,0.006648894,0.397060752,0.390411858
4147,0.084836483,0.923367262,0.838530779
4148,0.008599658,0.58967185,0.581072193
4149,0.005838044,0.750182748,0.744344703
4150,0.011725478,0.902684987,0.890959509
4151,0.036879044,0.7324512,0.695572156
4152,0.004454791,0.752563596,0.748108805
4153,0.015754869,0.860231876,0.844477007
4154,0.008237259,0.779189944,0.770952686
4155,0.019153606,0.885136247,0.865982641
4156,0.024935639,0.064216904,0.039281266
4157,0.002118655,0.734152377,0.732033721
4158,0.010477081,0.971686661,0.96120958
4159,0.025299113,0.893162608,0.867863495
4160,0.023640892,0.120195918,0.096555026
4161,0.000694376,0.724270642,0.723576266
4162,0.004161807,0.650434792,0.646272985
4163,0.147630379,0.967886567,0.820256189
4164,0.333615124,0.99435848,0.660743356
4165,0.040750552,0.929541886,0.888791334
4166,0.006364418,0.745575488,0.739211069
4167,0.002897178,0.64067179,0.637774612
4168,0.008717023,0.760201871,0.751484849
4169,0.012867915,0.48971501,0.476847095
4170,0.016041307,0.803811073,0.787769767
4171,0.021521447,0.615143359,0.593621911
4172,0.046013888,0.878656626,0.832642738
4173,0.017454552,0.896238327,0.878783775
4174,0.004452554,0.63220799,0.627755436
4175,0.003300662,0.562269688,0.558969026
4176,0.009669376,0.85951978,0.849850404
4177,0.016631847,0.897111893,0.880480045
4178,0.000426894,0.536489308,0.536062413
4179,0.009404092,0.030298218,0.020894126
4180,0.011031042,0.893140435,0.882109393
4181,0.001325204,0.225024104,0.2236989
4182,0.003856556,0.804727554,0.800870998
4183,0.01016425,0.934246659,0.92408241
4184,0.465072244,0.997055292,0.531983048
4185,0.000386283,0.003350022,0.002963739
4186,0.00593121,0.836296141,0.830364931
4187,0.130321205,0.978816032,0.848494828
4188,0.010052297,0.830023646,0.819971349
4189,0.017399909,0.956018925,0.938619016
4190,0.060805384,0.975648701,0.914843317
4191,0.107275747,0.991411209,0.884135462
4192,0.03474075,0.957526505,0.922785755
4193,0.002960399,0.611297131,0.608336732
4194,0.029183129,0.921359301,0.892176172
4195,0.003795303,0.040828999,0.037033696
4196,0.003551656,0.070991039,0.067439383
4197,0.068945594,0.354922891,0.285977297
4198,0.002158169,0.154986247,0.152828078
4199,0.007011715,0.224427089,0.217415374
4200,0.00766967,0.022913337,0.015243667
4201,0.027454631,0.930174649,0.902720017
4202,0.119701542,0.976689935,0.856988393
4203,0.1808002,0.991238177,0.810437977
4204,0.016103102,0.928294122,0.91219102
4205,0.04514939,0.861885846,0.816736456
4206,0.024142984,0.915111661,0.890968677
4207,0.062414281,0.973503232,0.911088951
4208,0.000927851,0.08080551,0.07987766
4209,0.007697784,0.875717282,0.868019498
4210,0.003863658,0.539924622,0.536060964
4211,0.043114744,0.939799786,0.896685041
4212,0.015636271,0.832097828,0.816461558
4213,0.042124566,0.979856908,0.937732343
4214,0.002226471,0.528056681,0.52583021
4215,0.078144312,0.81168586,0.733541548
4216,0.00114612,0.219602808,0.218456689
4217,0.001658333,0.625412643,0.623754309
4218,0.004102482,0.73493129,0.730828808
4219,0.001042569,0.049421526,0.048378958
4220,0.022738304,0.021619892,-0.001118412
4221,0.007279747,0.515711606,0.508431859
4222,0.039191425,0.909003198,0.869811773
4223,0.000845631,0.435030073,0.434184442
4224,0.007695457,0.774721682,0.767026225
4225,0.013922416,0.781653166,0.76773075
4226,0.005101873,0.342155725,0.337053852
4227,0.003732708,0.574561656,0.570828948
4228,0.000744256,0.11039602,0.109651764
4229,0.004540905,0.811051726,0.806510821
4230,0.004598995,0.084933579,0.080334584
4231,0.015853871,0.93900156,0.92314769
4232,0.053445145,0.988201439,0.934756294
4233,0.001229428,0.830083311,0.828853883
4234,0.054037146,0.952877223,0.898840077
4235,0.007517857,0.178781196,0.171263339
4236,0.252267778,0.961123407,0.708855629
4237,0.044163793,0.917835891,0.873672098
4238,0.02948552,0.199347973,0.169862453
4239,0.515597522,0.998989284,0.483391762
4240,0.001089338,0.602972627,0.601883288
4241,0.006283048,0.932582676,0.926299628
4242,0.000663544,0.062186837,0.061523293
4243,0.000100903,0.054163001,0.054062098
4244,0.050981149,0.944094479,0.89311333
4245,0.049324408,0.898968995,0.849644586
4246,0.04090035,0.879313171,0.838412821
4247,0.002091415,0.548398376,0.546306961
4248,0.02075154,0.797720373,0.776968833
4249,0.055604063,0.934680998,0.879076935
4250,0.002829875,0.759902358,0.757072483
4251,0.015042086,0.909826458,0.894784371
4252,0.010018989,0.835639894,0.825620905
4253,0.008366507,0.928830683,0.920464176
4254,0.005737651,0.553685427,0.547947776
4255,0.041404679,0.94904995,0.90764527
4256,0.015902728,0.963268995,0.947366267
4257,0.132448435,0.3994371,0.266988665
4258,0.007192024,0.967491031,0.960299007
4259,0.031010242,0.976260126,0.945249883
4260,0.034434576,0.908464074,0.874029499
4261,0.005968337,0.233204022,0.227235685
4262,0.01043911,0.489528507,0.479089397
4263,0.005655423,0.66699487,0.661339446
4264,0.002696734,0.685149252,0.682452518
4265,0.009041131,0.868356347,0.859315217
4266,0.000358205,0.191775873,0.191417668
4267,0.007404907,0.255345434,0.247940527
4268,0.021162501,0.886821628,0.865659127
4269,0.328368515,0.995114803,0.666746289
4270,0.02502707,0.887557328,0.862530258
4271,0.033730987,0.922062039,0.888331052
4272,0.030547546,0.574381948,0.543834401
4273,0.016592946,0.953754544,0.937161598
4274,0.010417311,0.979249775,0.968832465
4275,0.007977655,0.13732706,0.129349405
4276,0.004351719,0.747867346,0.743515627
4277,0.039150346,0.688409209,0.649258863
4278,0.010805469,0.853867888,0.843062419
4279,0.007836699,0.935690343,0.927853645
4280,0.022117622,0.979885757,0.957768135
4281,0.010842827,0.928479195,0.917636367
4282,0.437469572,0.99453038,0.557060808
4283,0.010342935,0.76495856,0.754615625
4284,0.00261046,0.262892783,0.260282322
4285,0.010257215,0.859486938,0.849229722
4286,0.077088431,0.95485574,0.87776731
4287,0.145815656,0.776923954,0.631108299
4288,0.013542197,0.696321309,0.682779112
4289,0.011950261,0.818899393,0.806949132
4290,0.007093956,0.720444739,0.713350783
4291,0.034672633,0.948211372,0.913538739
4292,0.002743272,0.774797499,0.772054227
4293,0.003000543,0.572622538,0.569621994
4294,0.183263242,0.990205705,0.806942463
4295,0.005580942,0.103262357,0.097681416
4296,0.000817852,0.642806113,0.641988261
4297,0.00164835,0.061148934,0.059500584
4298,0.019650239,0.988207042,0.968556803
4299,0.003917158,0.578267694,0.574350535
4300,0.014115114,0.900548875,0.886433762
4301,0.004296853,0.819572866,0.815276013
4302,0.004108232,0.896406233,0.892298001
4303,0.001580962,0.659815609,0.658234647
4304,0.02817893,0.958367407,0.930188477
4305,0.002402914,0.192211092,0.189808178
4306,0.009604262,0.738650262,0.729046
4307,0.002786241,0.163197979,0.160411739
4308,7.35403E-05,0.029154759,0.029081219
4309,0.02997178,0.944901824,0.914930044
4310,0.002542637,0.890060544,0.887517907
4311,0.001253656,0.688579082,0.687325427
4312,0.013439857,0.85841316,0.844973302
4313,0.002449169,0.747832358,0.745383189
4314,0.001204447,0.041010767,0.03980632
4315,0.185837477,0.982794404,0.796956927
4316,0.00249797,0.593478382,0.590980411
4317,0.112463072,0.992206156,0.879743084
4318,0.061350357,0.917994499,0.856644142
4319,0.044985898,0.274730325,0.229744427
4320,0.287167013,0.986850142,0.69968313
4321,0.073522374,0.964927852,0.891405478
4322,0.001852363,0.294909537,0.293057174
4323,0.006305625,0.043440636,0.037135011
4324,0.008982873,0.795303166,0.786320293
4325,0.003317227,0.660685301,0.657368074
4326,0.004420697,0.005162105,0.000741409
4327,0.013523107,0.964054883,0.950531775
4328,0.281619698,0.996218383,0.714598686
4329,0.076037712,0.979881644,0.903843932
4330,0.148755938,0.681090951,0.532335013
4331,0.025380649,0.924880326,0.899499677
4332,0.000682166,0.620597064,0.619914898
4333,0.015927156,0.944268227,0.92834107
4334,0.159648463,0.994563282,0.834914818
4335,0.012238225,0.889730453,0.877492229
4336,0.06091829,0.909029424,0.848111134
4337,0.002196516,0.391376346,0.38917983
4338,0.022187164,0.20794794,0.185760776
4339,0.002879124,0.667426705,0.664547581
4340,0.001691777,0.769025326,0.767333549
4341,0.033142101,0.932332337,0.899190236
4342,0.223885,0.818498611,0.594613612
4343,0.000367034,0.213877603,0.213510569
4344,0.012871719,0.878499866,0.865628147
4345,0.00514508,0.002974012,-0.002171069
4346,0.003896086,0.85825336,0.854357274
4347,0.00950291,0.760116339,0.750613429
4348,0.004852273,0.465402037,0.460549764
4349,0.005001893,0.649576724,0.644574831
4350,0.004160392,0.807199121,0.803038728
4351,0.002939563,0.485773236,0.482833673
4352,0.064955898,0.97457248,0.909616582
4353,0.003907332,0.702224255,0.698316923
4354,0.005921254,0.774936378,0.769015124
4355,0.01178064,0.84372437,0.83194373
4356,0.030964121,0.503222048,0.472257927
4357,0.075841136,0.962724805,0.886883669
4358,0.000858674,0.317789406,0.316930732
4359,0.067767724,0.958922923,0.891155198
4360,0.000845323,0.420501888,0.419656565
4361,0.013982968,0.787074149,0.77309118
4362,0.007561208,0.776045561,0.768484353
4363,0.002284926,0.573924601,0.571639675
4364,0.001133278,0.307804316,0.306671039
4365,0.009990265,0.093718477,0.083728212
4366,0.003876477,0.458781183,0.454904706
4367,0.10128317,0.967730224,0.866447054
4368,0.008074348,0.782747149,0.774672802
4369,0.003021726,0.833565176,0.830543449
4370,0.05189589,0.976601124,0.924705233
4371,0.551756084,0.989968956,0.438212872
4372,0.041750561,0.706060171,0.66430961
4373,0.075798251,0.97020942,0.894411169
4374,0.025230484,0.905965507,0.880735023
4375,0.002117317,0.645159721,0.643042404
4376,0.003531823,0.838820875,0.835289052
4377,0.68297863,0.994628727,0.311650097
4378,0.005951159,0.879159153,0.873207993
4379,0.000436034,0.143071666,0.142635632
4380,0.006238506,0.914007902,0.907769396
4381,0.02996866,0.941119134,0.911150474
4382,0.021447731,0.869525731,0.848077999
4383,0.088266067,0.888227582,0.799961515
4384,0.05118062,0.922702849,0.871522229
4385,0.041443702,0.97443682,0.932993118
4386,0.022573194,0.798157632,0.775584439
4387,0.014531701,0.900096714,0.885565014
4388,0.008681484,0.898374915,0.889693432
4389,0.090824969,0.964467466,0.873642497
4390,0.034380037,0.920667231,0.886287194
4391,0.121946335,0.979664207,0.857717872
4392,0.032259941,0.973782539,0.941522598
4393,0.052958775,0.406843483,0.353884708
4394,0.000818211,0.451561362,0.450743151
4395,0.004623366,0.057184257,0.052560891
4396,0.032190628,0.950150192,0.917959563
4397,0.013740305,0.949336827,0.935596522
4398,0.000759252,0.314186364,0.313427113
4399,0.003017437,0.791991234,0.788973797
4400,0.069566131,0.99514991,0.92558378
4401,0.014344728,0.750866354,0.736521626
4402,0.003588506,0.825004518,0.821416012
4403,0.00179464,0.02264093,0.020846291
4404,0.002836659,0.115702972,0.112866312
4405,0.009458615,0.913440645,0.903982029
4406,0.03024162,0.983265877,0.953024257
4407,0.00886853,0.830373943,0.821505412
4408,0.026491119,0.861950576,0.835459458
4409,0.008476846,0.945768595,0.937291749
4410,0.038135495,0.905799091,0.867663596
4411,0.01331516,0.934086323,0.920771163
4412,0.019931691,0.956444025,0.936512334
4413,0.016258629,0.711560905,0.695302276
4414,0.003267674,0.441970289,0.438702614
4415,0.000693341,0.097136967,0.096443625
4416,0.006882281,0.763789892,0.756907611
4417,0.015233687,0.984351814,0.969118127
4418,0.053660959,0.480244845,0.426583886
4419,0.128895044,0.987991989,0.859096944
4420,0.003868027,0.925465167,0.921597139
4421,0.002984283,0.173410982,0.170426699
4422,0.02829152,0.867070258,0.838778738
4423,0.014868881,0.897164941,0.88229606
4424,0.001637439,0.384032041,0.382394602
4425,0.003316873,0.087779291,0.084462418
4426,0.005182105,0.872311413,0.867129309
4427,0.003851086,0.628270566,0.62441948
4428,0.037485566,0.973484993,0.935999427
4429,0.001817793,0.368281335,0.366463541
4430,0.04310846,0.131920159,0.088811699
4431,0.024261905,0.948556542,0.924294638
4432,0.007459697,0.764801681,0.757341984
4433,0.005776814,0.72218591,0.716409096
4434,0.001109541,0.123524293,0.122414753
4435,0.006321471,0.449001849,0.442680378
4436,0.058382686,0.956041157,0.897658471
4437,0.364451945,0.991116643,0.626664698
4438,0.020170597,0.787946105,0.767775508
4439,0.006701701,0.281437993,0.274736292
4440,0.001011731,0.045046955,0.044035224
4441,0.32118997,0.995560765,0.674370795
4442,0.007682935,0.782578707,0.774895772
4443,0.006455561,0.893010914,0.886555354
4444,0.012416685,0.827172041,0.814755356
4445,0.112732001,0.95023489,0.837502889
4446,0.006576649,0.746465564,0.739888914
4447,0.031645078,0.517638326,0.485993247
4448,0.012624794,0.93439126,0.921766466
4449,0.110750727,0.979521334,0.868770607
4450,0.000846624,0.442733258,0.441886634
4451,0.034001682,0.891784072,0.85778239
4452,0.002946032,0.879451931,0.876505898
4453,0.002142521,0.467409104,0.465266583
4454,0.053717274,0.927023828,0.873306554
4455,0.337059259,0.998748541,0.661689281
4456,0.037521128,0.875123739,0.837602612
4457,0.005808644,0.743902087,0.738093443
4458,0.476595998,0.993929505,0.517333508
4459,0.0007667,0.633906424,0.633139724
4460,0.305808932,0.975263357,0.669454426
4461,0.013011302,0.917205155,0.904193853
4462,0.000866045,0.387561291,0.386695247
4463,0.002353575,0.262192786,0.25983921
4464,0.000264294,0.126353264,0.12608897
4465,0.022179645,0.949806154,0.927626509
4466,0.008835355,0.845214128,0.836378774
4467,0.003617771,0.807026029,0.803408257
4468,0.013625219,0.739218175,0.725592956
4469,0.016050462,0.857092679,0.841042217
4470,0.033314459,0.919177234,0.885862775
4471,0.003463196,0.603720903,0.600257707
4472,0.180706978,0.985129356,0.804422379
4473,0.687756002,0.99849844,0.310742438
4474,0.077484451,0.982487619,0.905003168
4475,0.073893778,0.354350656,0.280456878
4476,0.033786394,0.937162519,0.903376125
4477,0.005503936,0.745770574,0.740266637
4478,0.009877821,0.687359452,0.677481631
4479,0.013300564,0.966751933,0.953451369
4480,0.002497837,0.06587901,0.063381172
4481,0.008266862,0.558805346,0.550538485
4482,0.124634795,0.95346415,0.828829356
4483,0.232657403,0.991149187,0.758491784
4484,0.021856369,0.881112456,0.859256087
4485,0.05392956,0.607406735,0.553477176
4486,0.184150472,0.991838753,0.807688281
4487,0.014145995,0.350172877,0.336026883
4488,0.005677373,0.756393969,0.750716596
4489,0.063740648,0.83257997,0.768839322
4490,0.000140668,0.11701633,0.116875663
4491,0.001833717,0.339474648,0.337640931
4492,0.001410144,0.259033829,0.257623685
4493,0.001742031,0.349794775,0.348052744
4494,0.00232977,0.566260278,0.563930508
4495,0.038704854,0.938756704,0.900051851
4496,0.000122681,0.057047203,0.056924522
4497,0.004129177,0.773860037,0.76973086
4498,0.001403339,0.641469359,0.64006602
4499,0.002812163,0.803664804,0.80085264
4500,0.012174351,0.761476994,0.749302642
4501,0.011621294,0.941024005,0.929402712
4502,0.076735333,0.828771591,0.752036259
4503,0.006499578,0.177677244,0.171177666
4504,0.023064271,0.864794075,0.841729805
4505,0.003652034,0.529520035,0.525868001
4506,0.019803405,0.909065485,0.88926208
4507,0.077817805,0.976171851,0.898354046
4508,0.168997437,0.950552642,0.781555206
4509,0.011382703,0.898145199,0.886762496
4510,0.005783218,0.847729087,0.841945869
4511,0.096965149,0.391769588,0.294804439
4512,0.017527433,0.154291183,0.13676375
4513,0.060928795,0.981311619,0.920382824
4514,0.026590418,0.723540783,0.696950365
4515,0.023402615,0.842609882,0.819207268
4516,0.001354455,0.497820407,0.496465952
4517,0.002925492,0.898577392,0.8956519
4518,0.016447606,0.864687264,0.848239658
4519,0.003240938,0.795182765,0.791941826
4520,0.006611906,0.928979099,0.922367193
4521,0.000299685,0.042732421,0.042432736
4522,0.012464108,0.976191521,0.963727413
4523,0.066343062,0.938289583,0.871946521
4524,0.000540305,0.219568133,0.219027829
4525,0.002938261,0.246540383,0.243602122
4526,0.001118023,0.574348509,0.573230486
4527,0.000464265,0.225414276,0.224950011
4528,0.004228998,0.68293184,0.678702842
4529,0.000148026,0.015218698,0.015070673
4530,0.019045973,0.881597757,0.862551784
4531,0.014805204,0.531657279,0.516852074
4532,0.018670114,0.797973216,0.779303102
4533,0.019197328,0.864155233,0.844957905
4534,0.00402226,0.702043235,0.698020975
4535,0.0057117,0.852662742,0.846951042
4536,0.098328903,0.985910654,0.887581751
4537,0.032395341,0.962462902,0.930067562
4538,0.001551925,0.782189429,0.780637504
4539,0.001503902,0.495242983,0.493739081
4540,0.013476008,0.888760507,0.875284499
4541,0.023554122,0.962888241,0.939334119
4542,0.010413877,0.687997282,0.677583405
4543,0.014399684,0.931272686,0.916873001
4544,0.01045705,0.960785866,0.950328816
4545,0.012032844,0.677191496,0.665158652
4546,0.034122512,0.89699918,0.862876669
4547,0.005816804,0.06823948,0.062422676
4548,0.012655585,0.684579372,0.671923787
4549,0.003895075,0.450862378,0.446967303
4550,0.006195162,0.797040164,0.790845003
4551,0.033668816,0.969451666,0.93578285
4552,0.007595047,0.46046111,0.452866063
4553,0.022831969,0.969154298,0.946322329
4554,0.001769033,0.577272296,0.575503263
4555,0.054728985,0.983198941,0.928469956
4556,0.006367859,0.677795768,0.671427908
4557,0.035599034,0.990453005,0.954853971
4558,0.00316298,0.666931808,0.663768828
4559,0.009396243,0.59795022,0.588553977
4560,0.078784712,0.977983534,0.899198823
4561,0.007023552,0.889434397,0.882410846
4562,0.007494454,0.960028589,0.952534135
4563,0.001774277,0.017360708,0.01558643
4564,0.01174646,0.894603729,0.88285727
4565,0.006715371,0.884179235,0.877463864
4566,0.042135265,0.884502828,0.842367563
4567,0.008837961,0.927827001,0.91898904
4568,0.016577367,0.863830149,0.847252782
4569,0.106355548,0.904517829,0.798162282
4570,0.0467229,0.430188835,0.383465935
4571,0.001595405,0.631562173,0.629966769
4572,0.033757813,0.948949277,0.915191464
4573,0.005199797,0.509665549,0.504465752
4574,0.01046313,0.6314466,0.62098347
4575,0.001339764,0.679215908,0.677876144
4576,0.005713674,0.546202302,0.540488628
4577,0.000597375,0.219414845,0.21881747
4578,0.030645147,0.96829313,0.937647983
4579,0.001631894,0.415734231,0.414102338
4580,0.002521659,0.423955232,0.421433573
4581,0.533899367,0.994059443,0.460160077
4582,0.010044456,0.825181186,0.81513673
4583,0.00185758,0.611154974,0.609297393
4584,0.011014313,0.981983185,0.970968871
4585,0.020999836,0.844220519,0.823220683
4586,0.005554812,0.823774576,0.818219764
4587,0.001008859,0.728184581,0.727175722
4588,0.09981019,0.98701185,0.887201659
4589,0.153740406,0.994346678,0.840606272
4590,0.010251286,0.979006827,0.96875554
4591,0.065656275,0.975462496,0.909806222
4592,0.013444196,0.235032722,0.221588526
4593,0.008103962,0.801051199,0.792947237
4594,0.005047624,0.314583063,0.309535439
4595,0.278190345,0.975794554,0.697604209
4596,0.0068923,0.818725467,0.811833167
4597,0.046965286,0.955183864,0.908218578
4598,0.006026146,0.646842182,0.640816035
4599,0.004112841,0.568607688,0.564494847
4600,0.009497063,0.829220593,0.81972353
4601,0.005127163,0.79999423,0.794867068
4602,0.002667802,0.530183017,0.527515216
4603,0.002181654,0.585735798,0.583554144
4604,0.035291504,0.707190931,0.671899427
4605,0.04228681,0.922017694,0.879730884
4606,0.001677665,0.574977577,0.573299912
4607,0.001606898,0.833658934,0.832052035
4608,0.008117541,0.963043511,0.95492597
4609,0.001740708,0.005933743,0.004193036
4610,0.005377272,0.335671991,0.330294719
4611,0.007586354,0.685495198,0.677908843
4612,0.005656364,0.114969201,0.109312837
4613,0.031240541,0.766061664,0.734821122
4614,0.001253118,0.774010479,0.772757361
4615,0.084107295,0.857422829,0.773315534
4616,0.028179185,0.939325631,0.911146445
4617,0.002186051,0.660715282,0.658529231
4618,0.002240605,0.371740401,0.369499796
4619,0.007974901,0.079843618,0.071868717
4620,0.009300514,0.936465204,0.92716469
4621,0.005413674,0.680160046,0.674746371
4622,0.039860323,0.383793443,0.34393312
4623,0.096909374,0.428886205,0.331976831
4624,0.000501377,0.031987593,0.031486215
4625,0.020149169,0.635222435,0.615073266
4626,0.120315976,0.952348113,0.832032137
4627,0.019512072,0.941491485,0.921979412
4628,0.391428113,0.992992997,0.601564884
4629,0.007494017,0.533414543,0.525920525
4630,0.115861997,0.00192431,-0.113937687
4631,0.00590362,0.668634474,0.662730854
4632,0.182746366,0.947215736,0.76446937
4633,0.037508901,0.957173586,0.919664685
4634,0.033509895,0.917508841,0.883998945
4635,0.002041517,0.3890104,0.386968883
4636,0.018135687,0.805300474,0.787164787
4637,0.005272171,0.428133756,0.422861585
4638,0.000369256,0.09281943,0.092450174
4639,0.001886033,0.009385481,0.007499449
4640,0.005636286,0.456330448,0.450694163
4641,0.077038027,0.907813489,0.830775462
4642,0.001575084,0.391750991,0.390175908
4643,0.014764135,0.925900042,0.911135907
4644,0.038942683,0.951196194,0.91225351
4645,0.000866825,0.355968475,0.355101651
4646,0.001688816,0.419463903,0.417775086
4647,0.00087901,0.580961704,0.580082695
4648,0.002902185,0.745885789,0.742983604
4649,0.067622118,0.972550869,0.904928751
4650,0.008692501,0.903239846,0.894547345
4651,0.001371791,0.397237659,0.395865868
4652,0.071956024,0.969330788,0.897374764
4653,0.004802671,0.850732028,0.845929357
4654,0.002990259,0.900314867,0.897324608
4655,0.052100893,0.509910882,0.457809988
4656,0.000780598,0.485066444,0.484285846
4657,0.000454314,0.423333585,0.422879272
4658,0.04873636,0.934407294,0.885670934
4659,0.010320474,0.757145166,0.746824692
4660,0.008059865,0.733699441,0.725639576
4661,0.001398501,0.670495093,0.669096592
4662,0.002314938,0.701856673,0.699541735
4663,0.014569154,0.882187128,0.867617974
4664,0.003076311,0.284277976,0.281201664
4665,0.000908196,0.230817094,0.229908899
4666,0.407364398,0.985050142,0.577685744
4667,0.002240443,0.91532886,0.913088417
4668,0.000434293,0.196717456,0.196283163
4669,0.001948762,0.225234732,0.22328597
4670,0.010806963,0.79272753,0.781920567
4671,0.055957366,0.969806075,0.913848709
4672,0.03310458,0.891111076,0.858006496
4673,0.009574155,0.90954423,0.899970074
4674,0.01214863,0.797145247,0.784996618
4675,0.009043654,0.788506448,0.779462794
4676,0.008297587,0.738225579,0.729927992
4677,0.035642125,0.922899246,0.887257122
4678,0.145884648,0.977501929,0.831617281
4679,0.001372058,0.34097743,0.339605373
4680,0.000448267,0.330792278,0.330344011
4681,0.071278788,0.740457296,0.669178508
4682,0.09788119,0.989383519,0.891502328
4683,0.002223665,0.349848449,0.347624784
4684,0.01169118,0.927041113,0.915349933
4685,0.015280561,0.240991756,0.225711196
4686,0.012558023,0.93206197,0.919503947
4687,0.24359253,0.992968619,0.749376088
4688,0.001388621,0.627937555,0.626548934
4689,0.112314172,0.984447598,0.872133426
4690,0.001914129,0.73034662,0.728432491
4691,0.007208379,0.912656844,0.905448465
4692,0.011448969,0.706345618,0.694896649
4693,0.037855987,0.98975265,0.951896664
4694,0.015507978,0.842566907,0.827058929
4695,0.008263157,0.629579604,0.621316447
4696,0.003090691,0.596980929,0.593890239
4697,0.023912324,0.586836159,0.562923836
4698,0.032382455,0.91760397,0.885221515
4699,0.001658852,0.690222263,0.688563411
4700,0.008329616,0.718770742,0.710441126
4701,0.025568927,0.751384616,0.725815689
4702,0.014252442,0.891225398,0.876972956
4703,0.000500046,0.048890714,0.048390667
4704,0.001935956,0.686921477,0.684985522
4705,0.001788476,0.738458157,0.73666968
4706,0.025982874,0.853346109,0.827363236
4707,0.019801259,0.801168084,0.781366825
4708,0.005418567,0.929704845,0.924286278
4709,0.012538862,0.663661063,0.6511222
4710,0.005214443,0.679560781,0.674346337
4711,0.232343867,0.99733597,0.764992103
4712,0.064005263,0.2093824,0.145377137
4713,0.000823087,0.035343628,0.034520541
4714,0.005666027,0.772210538,0.766544511
4715,0.032589432,0.949109137,0.916519705
4716,0.021665953,0.94508934,0.923423387
4717,0.001269964,0.900823951,0.899553986
4718,0.005862892,0.917655051,0.911792159
4719,0.041907005,0.951742291,0.909835286
4720,0.001247495,0.160987377,0.159739882
4721,0.029419113,0.880522728,0.851103615
4722,0.042287614,0.907094657,0.864807043
4723,0.079574876,0.924639642,0.845064767
4724,0.024459634,0.736813486,0.712353852
4725,0.00781047,0.770293295,0.762482826
4726,0.006167369,0.845223665,0.839056296
4727,0.054253828,0.967902422,0.913648594
4728,0.056236874,0.995789111,0.939552236
4729,0.001207506,0.365088791,0.363881285
4730,0.03263301,0.986308873,0.953675862
4731,0.046144485,0.929183066,0.88303858
4732,0.006110525,0.123859406,0.11774888
4733,0.019361908,0.777115643,0.757753735
4734,0.155985013,0.971872628,0.815887615
4735,0.000553441,0.201614872,0.201061431
4736,0.047298141,0.897856832,0.850558691
4737,0.023005873,0.678889692,0.655883819
4738,0.013504856,0.954602778,0.941097922
4739,0.063408211,0.75586772,0.692459509
4740,0.003170313,0.842936039,0.839765726
4741,0.002507284,0.497074485,0.494567201
4742,0.002611318,0.804609716,0.801998398
4743,0.070613511,0.980060577,0.909447066
4744,0.004555638,0.00639336,0.001837722
4745,0.001998338,0.613324702,0.611326364
4746,0.001614792,0.636437416,0.634822625
4747,0.009003041,0.880326271,0.87132323
4748,0.00919174,0.859620392,0.850428652
4749,0.013955081,0.859407246,0.845452165
4750,0.27186209,0.773380101,0.501518011
4751,0.025481867,0.841329932,0.815848066
4752,0.027281437,0.949447811,0.922166374
4753,0.079189949,0.829177558,0.74998761
4754,0.004673027,0.377452105,0.372779078
4755,0.006310737,0.780808568,0.774497831
4756,0.020429937,0.987288952,0.966859015
4757,0.024048798,0.912734509,0.888685711
4758,0.015006012,0.862328351,0.847322338
4759,0.037106421,0.583473027,0.546366606
4760,0.005121056,0.597312033,0.592190977
4761,0.014023809,0.96022588,0.946202071
4762,0.003972653,0.303865165,0.299892512
4763,0.050851978,0.871983051,0.821131073
4764,0.014718016,0.917117894,0.902399878
4765,0.021020578,0.96626687,0.945246292
4766,0.013596372,0.934875071,0.921278699
4767,0.012251452,0.633409798,0.621158347
4768,0.002773704,0.169876397,0.167102693
4769,0.001634282,0.897356689,0.895722407
4770,0.002355396,0.60441035,0.602054955
4771,0.001298413,0.220074356,0.218775942
4772,0.015617516,0.089950964,0.074333448
4773,0.011801031,0.925027966,0.913226935
4774,0.015972203,0.038420998,0.022448795
4775,0.102259606,0.965812266,0.86355266
4776,0.275260091,0.990137219,0.714877129
4777,0.053705879,0.927443504,0.873737626
4778,0.009017309,0.278713465,0.269696156
4779,0.009562425,0.866085708,0.856523283
4780,0.025803614,0.856535554,0.83073194
4781,0.004227187,0.87968719,0.875460003
4782,0.11181695,0.331827134,0.220010184
4783,0.07771682,0.96866256,0.89094574
4784,0.017659348,0.648864508,0.63120516
4785,0.002993183,0.87821871,0.875225527
4786,0.005281805,0.863358259,0.858076454
4787,0.001456776,0.873940945,0.872484169
4788,0.001424197,0.552821696,0.551397499
4789,0.003756884,0.776842356,0.773085472
4790,0.483728975,0.996892273,0.513163298
4791,0.003646767,0.315693885,0.312047119
4792,0.004004819,0.049934641,0.045929821
4793,0.147905782,0.97971034,0.831804559
4794,0.009717255,0.624495506,0.614778251
4795,0.013916179,0.960292816,0.946376638
4796,0.003104323,0.677813292,0.674708969
4797,0.001076145,0.185404107,0.184327962
4798,0.00531492,0.339910775,0.334595856
4799,0.045833588,0.847783983,0.801950395
4800,0.01085675,0.542025208,0.531168458
4801,0.084875539,0.667174637,0.582299098
4802,0.008795742,0.723358572,0.71456283
4803,0.002999471,0.357781142,0.354781671
4804,0.035024639,0.707153022,0.672128383
4805,0.297372669,0.980294883,0.682922214
4806,0.081367798,0.932395875,0.851028077
4807,0.405614197,0.995014489,0.589400291
4808,0.000656377,0.81250459,0.811848212
4809,0.017292235,0.797543883,0.780251648
4810,0.237900704,0.963474154,0.72557345
4811,0.000144811,0.0559556,0.055810789
4812,0.011571869,0.919374585,0.907802716
4813,0.055960927,0.982567608,0.926606681
4814,0.094167575,0.888549268,0.794381693
4815,0.161295071,0.465789348,0.304494277
4816,0.000736939,0.617259383,0.616522445
4817,0.00940655,0.917089224,0.907682674
4818,0.028915033,0.964016318,0.935101286
4819,0.003594846,0.195391133,0.191796288
4820,0.000212805,0.078505464,0.078292659
4821,0.002342562,0.655507565,0.653165003
4822,0.000799987,0.007210661,0.006410674
4823,0.002481106,0.630114079,0.627632973
4824,0.002058352,0.682106614,0.680048262
4825,0.029369676,0.894550145,0.865180468
4826,0.002374727,0.063018881,0.060644154
4827,0.001560406,0.199720308,0.198159902
4828,0.014359271,0.942244232,0.927884961
4829,0.078664809,0.924095392,0.845430583
4830,0.001112258,0.040034622,0.038922364
4831,0.220342219,0.905214369,0.68487215
4832,0.01093593,0.864512324,0.853576395
4833,0.00355946,0.716468513,0.712909053
4834,0.032382321,0.753946245,0.721563924
4835,0.015792083,0.969610453,0.95381837
4836,0.184506044,0.987151504,0.80264546
4837,0.058632739,0.889666915,0.831034176
4838,0.006678974,0.762428701,0.755749727
4839,0.003604784,0.848007739,0.844402954
4840,0.019070704,0.148185015,0.129114311
4841,0.019126469,0.305189222,0.286062753
4842,0.002156069,0.457210451,0.455054383
4843,0.03702195,0.930780411,0.893758461
4844,0.020422058,0.885972559,0.865550501
4845,0.00024773,0.117408291,0.117160561
4846,0.020573772,0.94836551,0.927791737
4847,0.024842197,0.923865676,0.899023479
4848,0.047135625,0.990052402,0.942916777
4849,0.019034609,0.087039538,0.068004929
4850,0.01672552,0.870340586,0.853615066
4851,0.021835379,0.107445873,0.085610494
4852,0.001215058,0.6875754,0.686360342
4853,0.022072328,0.900275111,0.878202783
4854,0.008676085,0.755563676,0.746887592
4855,0.002680955,0.848235607,0.845554652
4856,0.00144767,0.363981336,0.362533666
4857,0.043214306,0.401390046,0.35817574
4858,0.014562878,0.325658828,0.31109595
4859,0.031069949,0.953463912,0.922393963
4860,0.023899952,0.939728975,0.915829023
4861,0.003948684,0.586541951,0.582593267
4862,0.001360916,0.809524119,0.808163202
4863,0.158944815,0.944541395,0.785596579
4864,0.003626755,0.640593231,0.636966476
4865,0.013766992,0.881992221,0.868225229
4866,0.007407381,0.891943693,0.884536312
4867,0.043473598,0.572034478,0.528560881
4868,0.001489432,0.217210948,0.215721517
4869,0.007473621,0.814358413,0.806884792
4870,0.000587389,0.419374645,0.418787256
4871,0.000185158,0.121275656,0.121090498
4872,0.005896799,0.875695527,0.869798728
4873,0.009939139,0.82202661,0.812087472
4874,0.00210381,0.402660102,0.400556292
4875,0.00517918,0.628858149,0.623678969
4876,0.003369229,0.861471236,0.858102007
4877,0.000438624,0.290088236,0.289649612
4878,0.007752631,0.90914619,0.901393558
4879,0.010041143,0.215695962,0.205654819
4880,0.001439648,0.642899096,0.641459448
4881,0.004243769,0.802908361,0.798664592
4882,0.000433543,0.014380782,0.013947239
4883,0.01282992,0.787070692,0.774240771
4884,0.011359745,0.865447521,0.854087777
4885,0.003645589,0.824327588,0.820681999
4886,0.000764373,0.074906595,0.074142222
4887,0.013511191,0.956634223,0.943123032
4888,0.007830031,0.402103752,0.394273721
4889,0.052869067,0.915090501,0.862221435
4890,0.019384878,0.956136584,0.936751707
4891,0.017924579,0.898634434,0.880709855
4892,0.001399334,0.7792449,0.777845565
4893,0.149410442,0.732482731,0.58307229
4894,0.028859371,0.207581729,0.178722357
4895,0.021630555,0.721174002,0.699543446
4896,0.022813126,0.819183171,0.796370044
4897,0.027464427,0.983136594,0.955672167
4898,0.003441061,0.323249221,0.31980816
4899,0.006846601,0.492623538,0.485776937
4900,0.143373907,0.279751897,0.13637799
4901,0.01476464,0.920548201,0.905783561
4902,0.00792757,0.391300291,0.383372721
4903,0.017342553,0.852942884,0.835600331
4904,0.009623349,0.951322079,0.94169873
4905,0.022141943,0.943500161,0.921358218
4906,0.00473027,0.327965528,0.323235258
4907,0.231810555,0.990880847,0.759070292
4908,0.00058916,0.259631723,0.259042563
4909,0.066305906,0.971776962,0.905471057
4910,0.0044091,0.672932625,0.668523524
4911,0.033415928,0.85464257,0.821226642
4912,0.182768658,0.989032984,0.806264326
4913,0.762003303,0.999633551,0.237630248
4914,0.007671797,0.777927339,0.770255542
4915,0.160645053,0.159289032,-0.001356021
4916,0.006455423,0.558611989,0.552156566
4917,0.172581226,0.995589495,0.823008269
4918,0.350454956,0.994526088,0.644071132
4919,0.003259878,0.167293131,0.164033253
4920,0.036672518,0.803738177,0.767065659
4921,0.013042386,0.833665788,0.820623402
4922,0.007639751,0.836491346,0.828851596
4923,0.020336287,0.960636318,0.940300031
4924,0.011422236,0.755437553,0.744015316
4925,0.011840755,0.969903469,0.958062714
4926,0.018777594,0.328762859,0.309985265
4927,0.291325688,0.986191511,0.694865823
4928,0.006573422,0.926077187,0.919503765
4929,0.001935807,0.030331314,0.028395507
4930,0.015567634,0.875299692,0.859732058
4931,0.003147694,0.709811628,0.706663934
4932,0.002121139,0.428326279,0.42620514
4933,0.002592042,0.506630123,0.504038081
4934,0.015368169,0.839300513,0.823932344
4935,0.026209675,0.841839671,0.815629996
4936,0.086919293,0.969152629,0.882233337
4937,0.000663678,0.00174834,0.001084662
4938,0.008914455,0.903746367,0.894831912
4939,0.002650141,0.780228913,0.777578771
4940,0.003622415,0.768130064,0.764507649
4941,0.002993742,0.830656409,0.827662667
4942,0.000567868,0.170266464,0.169698596
4943,0.011837661,0.880911827,0.869074166
4944,0.033140358,0.976614177,0.94347382
4945,0.004628119,0.007381866,0.002753747
4946,0.002984864,0.482756406,0.479771542
4947,0.013279653,0.275735945,0.262456291
4948,0.000218412,0.501959801,0.501741389
4949,0.009079239,0.734060228,0.724980989
4950,0.069467545,0.957383096,0.887915552
4951,0.001823684,0.624134898,0.622311214
4952,0.109359838,0.962940037,0.853580199
4953,0.020803899,0.948050022,0.927246124
4954,0.009392542,0.395071268,0.385678726
4955,0.00368895,0.532429993,0.528741043
4956,0.135360509,0.949581861,0.814221352
4957,0.020262832,0.839397252,0.81913442
4958,0.015011151,0.89280504,0.877793889
4959,0.007049826,0.786207557,0.779157731
4960,0.276986092,0.986243069,0.709256977
4961,0.001177913,0.080943607,0.079765694
4962,0.01077369,0.860527515,0.849753825
4963,0.009508563,0.934097171,0.924588608
4964,0.06350065,0.97057873,0.90707808
4965,0.008968019,0.010338265,0.001370246
4966,0.08954452,0.880755544,0.791211024
4967,0.000695394,0.019735061,0.019039666
4968,0.019364141,0.827823043,0.808458902
4969,0.017978143,0.85458833,0.836610187
4970,0.001466536,0.583618045,0.582151509
4971,0.00096708,0.578062236,0.577095156
4972,0.024206361,0.411310583,0.387104223
4973,0.017766183,0.881946266,0.864180082
4974,0.003371533,0.033799697,0.030428164
4975,0.003375002,0.397122145,0.393747143
4976,0.005795788,0.657957315,0.652161527
4977,0.013199566,0.853782296,0.84058273
4978,0.379917055,0.998365462,0.618448406
4979,0.001460137,0.198291138,0.196831001
4980,0.589704156,0.995957911,0.406253755
4981,0.00106061,0.394258171,0.393197561
4982,0.035180744,0.961575508,0.926394764
4983,0.008755291,0.909652293,0.900897002
4984,0.056116335,0.921190977,0.865074642
4985,0.000785942,0.132782176,0.131996234
4986,0.001515924,0.010969196,0.009453272
4987,0.002785181,0.049434859,0.046649678
4988,0.030152418,0.750257969,0.720105551
4989,0.03201168,0.918879092,0.886867411
4990,0.236122444,0.984662175,0.748539731
4991,0.017668415,0.154100254,0.136431839
4992,0.001512461,0.75646925,0.754956789
4993,0.019389648,0.686456025,0.667066377
4994,0.023651183,0.848185241,0.824534059
4995,0.038414817,0.955642283,0.917227466
4996,0.006161959,0.909498751,0.903336792
4997,0.001077704,0.349089593,0.348011888
4998,0.008165628,0.243670896,0.235505268
4999,0.148303673,0.96012938,0.811825708
5000,0.011959916,0.733005583,0.721045667
5001,0.004161135,0.510344982,0.506183847
5002,0.012412102,0.606958807,0.594546705
5003,0.009019888,0.820986629,0.811966741
5004,0.016033616,0.885518014,0.869484399
5005,0.007032149,0.953689635,0.946657485
5006,0.006211995,0.875196993,0.868984998
5007,0.003447017,0.717189968,0.71374295
5008,0.044952992,0.927812934,0.882859942
5009,0.004806499,0.685052454,0.680245955
5010,0.328638256,0.985262215,0.65662396
5011,0.003885248,0.795765698,0.79188045
5012,0.019071486,0.786188602,0.767117117
5013,0.001235721,0.156464323,0.155228602
5014,0.007616678,0.009253296,0.001636618
5015,0.086236417,0.96197933,0.875742912
5016,0.017083677,0.935909033,0.918825356
5017,0.002954238,0.64891237,0.645958133
5018,0.037094694,0.85886085,0.821766157
5019,0.171597332,0.985000849,0.813403517
5020,0.007291756,0.804498911,0.797207155
5021,0.008717963,0.701403797,0.692685834
5022,0.071036443,0.981975794,0.910939351
5023,0.009741876,0.489219934,0.479478057
5024,0.008263255,0.853602886,0.845339632
5025,0.001754598,0.624403179,0.622648581
5026,0.00894875,0.239223182,0.230274432
5027,0.217293486,0.99238199,0.775088504
5028,0.038381346,0.973900914,0.935519569
5029,0.014015529,0.963550508,0.949534979
5030,0.006047011,0.730145216,0.724098205
5031,0.258630991,0.987026036,0.728395045
5032,0.00482262,0.924539566,0.919716946
5033,0.003486395,0.38954556,0.386059165
5034,0.115976058,0.977900207,0.861924149
5035,0.026523737,0.974095345,0.947571607
5036,0.002652252,0.03666167,0.034009418
5037,0.028978564,0.949777842,0.920799278
5038,0.047793087,0.937640131,0.889847044
5039,0.004474629,0.80147022,0.796995591
5040,0.006505909,0.051953167,0.045447258
5041,0.00082556,0.323303968,0.322478408
5042,0.004123649,0.762360752,0.758237103
5043,0.012462928,0.895426035,0.882963107
5044,0.027081365,0.90897572,0.881894356
5045,0.213119626,0.969696283,0.756576657
5046,0.004917912,0.547763407,0.542845496
5047,0.000662376,0.027832629,0.027170253
5048,0.007969531,0.777860224,0.769890693
5049,0.020960798,0.966503084,0.945542285
5050,0.00218431,0.322412759,0.320228449
5051,0.045331787,0.968485057,0.92315327
5052,0.003174137,0.903859198,0.900685061
5053,0.014553041,0.877765,0.863211959
5054,0.001032186,0.278131604,0.277099418
5055,0.028381545,0.943599939,0.915218394
5056,0.018896295,0.824302971,0.805406677
5057,0.065018266,0.905212402,0.840194136
5058,0.074514195,0.970074296,0.895560101
5059,0.003879957,0.934507549,0.930627592
5060,0.009020194,0.880514145,0.87149395
5061,0.002973146,0.752579391,0.749606245
5062,0.008819192,0.878306866,0.869487674
5063,0.056994628,0.35665819,0.299663562
5064,0.000621618,0.102828547,0.102206929
5065,0.004490801,0.945115209,0.940624407
5066,0.062940404,0.926388979,0.863448575
5067,0.001121276,0.623787344,0.622666067
5068,0.030833689,0.984927416,0.954093726
5069,0.101548024,0.292273283,0.190725259
5070,0.025565635,0.852706373,0.827140737
5071,0.353211462,0.98708111,0.633869648
5072,0.004718401,0.724144697,0.719426296
5073,0.026945816,0.876261234,0.849315418
5074,0.002160506,0.380681396,0.37852089
5075,0.058584768,0.967583239,0.908998471
5076,0.004417709,0.16918008,0.164762371
5077,0.003962229,0.93447113,0.930508901
5078,0.00475173,0.332563102,0.327811372
5079,0.037795767,0.95195657,0.914160803
5080,0.001364748,0.253201276,0.251836528
5081,0.02790628,0.855820358,0.827914078
5082,0.032225061,0.919242561,0.8870175
5083,0.009571854,0.492062837,0.482490983
5084,0.002648137,0.28232491,0.279676773
5085,0.001793309,0.58493048,0.583137171
5086,0.001198772,0.629614949,0.628416177
5087,0.010291059,0.843951941,0.833660882
5088,0.000599177,0.237332314,0.236733137
5089,0.009643557,0.952046037,0.94240248
5090,0.003858346,0.581294298,0.577435952
5091,0.032988958,0.984502256,0.951513298
5092,0.043758888,0.927893043,0.884134155
5093,0.083152801,0.98367691,0.90052411
5094,0.009184402,0.002728682,-0.00645572
5095,0.002599522,0.519322038,0.516722516
5096,0.010731724,0.770356596,0.759624871
5097,0.002921584,0.039479554,0.03655797
5098,0.067824565,0.096534699,0.028710134
5099,0.046722531,0.929324389,0.882601857
5100,0.009511679,0.713507354,0.703995675
5101,0.00794163,0.540105164,0.532163534
5102,0.008358695,0.714671612,0.706312917
5103,0.297179997,0.994538248,0.697358251
5104,0.006808682,0.965098143,0.95828946
5105,0.008471566,0.699581683,0.691110116
5106,0.015902555,0.504064441,0.488161886
5107,0.004507948,0.883632064,0.879124116
5108,0.002715856,0.644818127,0.642102271
5109,0.006960845,0.797005117,0.790044272
5110,0.007299298,0.770750403,0.763451105
5111,0.072469026,0.81884104,0.746372014
5112,0.002560532,0.238169923,0.235609391
5113,0.003210913,0.818257868,0.815046955
5114,0.000613824,0.091159999,0.090546175
5115,0.183608189,0.992230833,0.808622643
5116,0.091568515,0.959021389,0.867452875
5117,0.00294969,0.684343755,0.681394065
5118,0.009104887,0.084624909,0.075520022
5119,0.001551736,0.359762847,0.358211112
5120,0.075515725,0.845418215,0.76990249
5121,0.143354759,0.98815608,0.844801322
5122,0.008661218,0.963654518,0.9549933
5123,0.000300943,0.101924978,0.101624035
5124,0.02052917,0.861855626,0.841326457
5125,0.349899054,0.994455636,0.644556582
5126,0.007927824,0.136729077,0.128801253
5127,0.048742715,0.925678611,0.876935896
5128,0.020892555,0.88433063,0.863438075
5129,0.007907531,0.826254487,0.818346956
5130,0.562897086,0.994219661,0.431322575
5131,0.032583017,0.925251722,0.892668705
5132,0.018983746,0.77260983,0.753626084
5133,0.090354711,0.778440893,0.688086182
5134,0.005725071,0.718100667,0.712375596
5135,0.068498746,0.975622118,0.907123372
5136,0.000673806,0.136007637,0.135333831
5137,0.001207168,0.367464513,0.366257344
5138,0.000309539,0.290528655,0.290219116
5139,0.005790306,0.810315549,0.804525243
5140,0.384311646,0.985426188,0.601114541
5141,0.085199147,0.981758177,0.89655903
5142,0.001527705,0.608952761,0.607425055
5143,0.295801848,0.984535992,0.688734144
5144,0.0046497,0.624621868,0.619972168
5145,0.001603139,0.026042193,0.024439054
5146,0.002601723,0.031584311,0.028982588
5147,0.028626747,0.573225677,0.54459893
5148,0.000806041,0.504080713,0.503274672
5149,0.132072791,0.990572035,0.858499244
5150,0.004821146,0.506260395,0.501439249
5151,0.005806343,0.723462641,0.717656299
5152,0.227728233,0.990673363,0.76294513
5153,0.003100883,0.329724312,0.326623429
5154,0.07619784,0.927874684,0.851676844
5155,0.028484605,0.836478353,0.807993747
5156,0.00659628,0.771594942,0.764998661
5157,0.032300513,0.944167674,0.91186716
5158,0.003291107,0.764317513,0.761026406
5159,0.003984868,0.254045874,0.250061006
5160,0.00072355,0.198210984,0.197487435
5161,0.000462578,0.047475964,0.047013386
5162,0.000816035,0.812315404,0.81149937
5163,0.054629341,0.84294343,0.788314089
5164,0.000534077,0.395546734,0.395012657
5165,0.02727966,0.931138873,0.903859213
5166,0.00062056,0.172854289,0.172233729
5167,0.364406019,0.991331935,0.626925915
5168,0.002650687,0.809552252,0.806901565
5169,0.380524397,0.984945416,0.60442102
5170,0.001123667,0.611176014,0.610052347
5171,0.003188763,0.536235034,0.533046271
5172,0.003252303,0.697329402,0.694077099
5173,0.02614696,0.952063859,0.925916899
5174,0.047682337,0.504886687,0.457204349
5175,0.013294883,0.932386041,0.919091158
5176,0.056616757,0.97160846,0.914991703
5177,0.000640196,0.083205111,0.082564915
5178,0.071787536,0.907385826,0.83559829
5179,0.005911024,0.677033126,0.671122103
5180,0.003206722,0.772238612,0.76903189
5181,0.033340059,0.890583217,0.857243158
5182,0.007414119,0.831512034,0.824097915
5183,0.062759772,0.907130718,0.844370946
5184,0.002774873,0.913312495,0.910537622
5185,0.220363721,0.991527915,0.771164194
5186,0.030708019,0.896853566,0.866145547
5187,0.001977385,0.50396663,0.501989245
5188,0.018230377,0.842804611,0.824574234
5189,0.007612765,0.124968417,0.117355652
5190,0.11826998,0.990320265,0.872050285
5191,0.012290924,0.49045983,0.478168906
5192,0.002399568,0.645711541,0.643311973
5193,0.024794742,0.166018113,0.141223371
5194,0.004623587,0.796996713,0.792373126
5195,0.003311515,0.698686898,0.695375383
5196,0.001963144,0.528339386,0.526376242
5197,0.000231918,0.004121885,0.003889968
5198,0.133616403,0.990815759,0.857199356
5199,0.003384353,0.721629858,0.718245505
5200,0.001732699,0.216821417,0.215088718
5201,0.007301385,0.760377944,0.753076558
5202,0.044642296,0.924664676,0.880022381
5203,0.048285715,0.846237898,0.797952183
5204,0.007868207,0.626965106,0.619096898
5205,0.021541497,0.241544217,0.22000272
5206,0.002111705,0.614471376,0.612359671
5207,0.1636585,0.983886003,0.820227504
5208,0.009952165,0.771071732,0.761119567
5209,0.013888183,0.906086028,0.892197845
5210,0.000280989,0.104381084,0.104100095
5211,0.151330858,0.988791823,0.837460965
5212,0.019907439,0.647424519,0.62751708
5213,0.167852938,0.997158647,0.829305708
5214,0.000734045,0.160761341,0.160027297
5215,0.004002342,0.71095252,0.706950178
5216,0.013455521,0.769600213,0.756144691
5217,0.013595924,0.901616871,0.888020948
5218,0.592074454,0.995618105,0.403543651
5219,0.008560739,0.449770123,0.441209384
5220,0.092719786,0.953164577,0.860444792
5221,0.013344722,0.871080935,0.857736213
5222,0.182002753,0.990219891,0.808217138
5223,0.011637243,0.854106665,0.842469422
5224,0.005677761,0.663665891,0.65798813
5225,0.0178659,0.691500723,0.673634823
5226,0.023346441,0.975558043,0.952211602
5227,0.014932952,0.666812301,0.651879349
5228,0.006296152,0.79939425,0.793098098
5229,0.002707999,0.777468681,0.774760682
5230,0.000665005,0.000745325,8.03203E-05
5231,0.001769651,0.784793377,0.783023726
5232,0.121992834,0.979438782,0.857445948
5233,0.001600278,0.801334143,0.799733864
5234,0.134712011,0.977162421,0.84245041
5235,0.006565331,0.804418325,0.797852994
5236,0.004744588,0.779941261,0.775196673
5237,0.012812383,0.949160755,0.936348372
5238,0.010824636,0.830872476,0.82004784
5239,0.009189847,0.791934431,0.782744584
5240,0.03819235,0.569188595,0.530996244
5241,0.002017216,0.551396132,0.549378915
5242,0.004182492,0.775368214,0.771185722
5243,0.001866052,0.062802941,0.060936889
5244,0.056219496,0.973652005,0.917432509
5245,0.054921102,0.962274194,0.907353092
5246,0.001179081,0.30472815,0.303549069
5247,0.130963743,0.93249917,0.801535428
5248,0.074338786,0.973406255,0.899067469
5249,0.020674663,0.603964567,0.583289905
5250,0.029689668,0.493035614,0.463345947
5251,0.005737913,0.864807367,0.859069454
5252,0.366556615,0.988258481,0.621701866
5253,0.162195399,0.993411124,0.831215724
5254,0.014863274,0.820711851,0.805848577
5255,0.021388931,0.958791554,0.937402623
5256,0.073843643,0.953164339,0.879320696
5257,0.002541972,0.47251001,0.469968038
5258,0.076260954,0.825874805,0.749613851
5259,0.49731493,0.996812284,0.499497354
5260,0.002786286,0.578219891,0.575433605
5261,0.021592695,0.750080585,0.72848789
5262,0.018675018,0.936042309,0.917367291
5263,0.005980205,0.632133603,0.626153398
5264,0.002381134,0.217602462,0.215221328
5265,0.009022535,0.312843353,0.303820818
5266,0.009817462,0.848251462,0.838434
5267,0.001900526,0.157863349,0.155962823
5268,0.155535042,0.97938776,0.823852718
5269,0.016133348,0.867354631,0.851221284
5270,0.002778683,0.342427015,0.339648332
5271,0.011683376,0.386268765,0.374585389
5272,0.000410238,0.203769609,0.203359371
5273,0.023055654,0.383285373,0.360229719
5274,0.00107311,0.430628717,0.429555607
5275,5.82595E-05,0.044303171,0.044244912
5276,0.04025913,0.920170784,0.879911654
5277,0.010123738,0.641520679,0.631396941
5278,0.016277041,0.065143056,0.048866015
5279,0.000902571,0.322818279,0.321915708
5280,0.036944218,0.515573382,0.478629164
5281,0.024804249,0.898964286,0.874160036
5282,0.000306985,0.328649968,0.328342983
5283,0.039794568,0.906039059,0.866244491
5284,0.017689498,0.81910491,0.801415412
5285,0.008990113,0.100974351,0.091984238
5286,0.002847768,0.504200816,0.501353048
5287,0.014549645,0.930128753,0.915579109
5288,0.165533885,0.995019197,0.829485312
5289,0.035707984,0.94183594,0.906127956
5290,0.003975975,0.424655259,0.420679284
5291,0.057182502,0.965813756,0.908631254
5292,0.008031963,0.673194289,0.665162326
5293,0.027031003,0.895181119,0.868150117
5294,0.013402083,0.190295205,0.176893122
5295,0.00820769,0.845900536,0.837692846
5296,0.000702744,0.291593999,0.290891255
5297,0.208457872,0.942631543,0.73417367
5298,0.061174024,0.945031703,0.883857679
5299,0.011973007,0.823966622,0.811993616
5300,0.019371076,0.961167991,0.941796916
5301,0.002478552,0.525022805,0.522544252
5302,0.062361952,0.335342795,0.272980843
5303,0.004214384,0.847742856,0.843528472
5304,0.01577403,0.944501519,0.928727489
5305,0.009679748,0.752683222,0.743003475
5306,0.071017183,0.939376414,0.86835923
5307,0.028450634,0.930239022,0.901788387
5308,0.001719731,0.699807763,0.698088032
5309,0.001688151,0.736697376,0.735009225
5310,0.011215048,0.922643483,0.911428435
5311,0.018184567,0.945353031,0.927168464
5312,0.005430027,0.855213583,0.849783555
5313,0.001927557,0.408519655,0.406592098
5314,0.062653236,0.911400855,0.848747618
5315,0.004645959,0.104370877,0.099724919
5316,0.01678412,0.940025806,0.923241686
5317,0.009385588,0.970084727,0.960699139
5318,0.06353467,0.585639834,0.522105165
5319,0.003965667,0.876993895,0.873028228
5320,0.053817645,0.97895205,0.925134405
5321,0.050284322,0.964663446,0.914379124
5322,0.007779608,0.782206297,0.774426688
5323,0.051513299,0.910142839,0.85862954
5324,0.005297679,0.88850683,0.883209151
5325,0.364256531,0.828625858,0.464369327
5326,0.006146263,0.685167015,0.679020751
5327,0.008456256,0.364695787,0.356239531
5328,0.005652989,0.930257559,0.92460457
5329,0.009927172,0.497809052,0.48788188
5330,0.011314549,0.716951251,0.705636702
5331,0.001199233,0.544985592,0.54378636
5332,0.002552745,0.413514018,0.410961273
5333,0.001428321,0.445309162,0.443880841
5334,0.035007987,0.751805365,0.716797378
5335,0.007869012,0.861587763,0.853718751
5336,0.001793478,0.848074794,0.846281315
5337,0.000747768,0.180287331,0.179539563
5338,0.049375527,0.945919812,0.896544285
5339,0.01459596,0.934792042,0.920196082
5340,0.002377866,0.430772454,0.428394588
5341,0.001170447,0.551634908,0.550464461
5342,0.005196933,0.863156736,0.857959803
5343,0.001299853,0.736225784,0.734925931
5344,0.011484912,0.671355963,0.659871051
5345,0.015325096,0.760932922,0.745607827
5346,0.001115389,0.026831411,0.025716022
5347,0.032447424,0.484791875,0.452344451
5348,0.082760081,0.989545405,0.906785324
5349,0.033593774,0.846073508,0.812479734
5350,0.030334195,0.970650136,0.940315941
5351,0.000963133,0.873030424,0.872067291
5352,0.001574401,0.257727981,0.25615358
5353,0.00041402,0.016490681,0.016076661
5354,0.001128808,0.557990193,0.556861385
5355,0.018774299,0.934744656,0.915970357
5356,0.002294178,0.480786949,0.478492771
5357,0.159947321,0.829793155,0.669845834
5358,0.006826899,0.883718729,0.87689183
5359,0.005290787,0.629150689,0.623859902
5360,0.017007289,0.841321409,0.824314119
5361,0.006094141,0.893921554,0.887827413
5362,0.001794965,0.153466329,0.151671364
5363,0.003854878,0.496301621,0.492446743
5364,0.004181053,0.698447824,0.694266771
5365,0.014091981,0.837220192,0.823128211
5366,0.011980686,0.629817188,0.617836501
5367,0.0070827,0.799645305,0.792562605
5368,0.04059856,0.955219746,0.914621186
5369,0.013233242,0.798669994,0.785436752
5370,0.014240393,0.849170089,0.834929695
5371,0.221105129,0.983338833,0.762233704
5372,0.035192966,0.896225691,0.861032724
5373,0.003508438,0.245458692,0.241950255
5374,0.005217264,0.737728775,0.732511511
5375,0.015428124,0.949987888,0.934559764
5376,0.010567447,0.885507584,0.874940136
5377,0.02907938,0.759087265,0.730007885
5378,0.007938828,0.441667795,0.433728967
5379,0.004245563,0.186633185,0.182387622
5380,0.018746369,0.817276061,0.798529692
5381,0.015255311,0.909228623,0.893973312
5382,0.037821513,0.923057079,0.885235567
5383,0.005050759,0.313528597,0.308477838
5384,0.018623378,0.555452108,0.53682873
5385,0.038646795,0.982108474,0.943461679
5386,0.013878506,0.959648192,0.945769686
5387,0.006560469,0.601617336,0.595056868
5388,0.00030772,0.132266745,0.131959025
5389,0.014706557,0.755015552,0.740308995
5390,0.004903756,0.801251113,0.796347357
5391,0.028217353,0.950186253,0.9219689
5392,0.064345919,0.914115965,0.849770047
5393,0.007518586,0.502269328,0.494750741
5394,0.036233392,0.940749943,0.904516552
5395,0.004251319,0.5026986,0.498447281
5396,0.174838975,0.930518627,0.755679652
5397,0.007148791,0.395383358,0.388234567
5398,0.054056294,0.970411897,0.916355602
5399,0.073673226,0.976363897,0.902690671
5400,0.005070459,0.704492271,0.699421812
5401,0.011807628,0.816986322,0.805178694
5402,0.007670686,0.779056549,0.771385863
5403,0.001239065,0.353842646,0.352603581
5404,0.075467035,0.945243001,0.869775966
5405,0.011761947,0.673082173,0.661320226
5406,0.00454229,0.261545539,0.257003249
5407,0.00084708,0.498501152,0.497654072
5408,0.009892206,0.931145489,0.921253284
5409,0.012595073,0.820196807,0.807601734
5410,0.019920809,0.608928323,0.589007514
5411,0.007719374,0.407593846,0.399874473
5412,0.000415868,0.198424295,0.198008426
5413,0.05828524,0.49094525,0.43266001
5414,0.006543783,0.847940385,0.841396603
5415,0.012043261,0.481229395,0.469186134
5416,0.0063308,0.091448955,0.085118155
5417,0.001052859,0.383930117,0.382877258
5418,0.009796329,0.990059614,0.980263285
5419,0.020093765,0.086927995,0.06683423
5420,0.013642083,0.643137991,0.629495909
5421,0.037100535,0.222430706,0.185330171
5422,0.011370024,0.963375688,0.952005664
5423,0.009293187,0.946999967,0.93770678
5424,0.014461325,0.950353086,0.935891761
5425,0.049167391,0.934050441,0.88488305
5426,0.002364378,0.553374171,0.551009794
5427,0.010060353,0.915702045,0.905641692
5428,0.002481582,0.598190784,0.595709202
5429,0.005381996,0.286571354,0.281189357
5430,0.007105078,0.767790079,0.760685001
5431,0.004160661,0.705241084,0.701080423
5432,0.002637159,0.462936997,0.460299838
5433,0.106426835,0.985815406,0.879388571
5434,0.012263377,0.873795927,0.861532549
5435,0.006360231,0.646234751,0.63987452
5436,0.058242232,0.960277975,0.902035743
5437,0.001660655,0.464715719,0.463055064
5438,0.002680856,0.395251274,0.392570419
5439,0.013949465,0.721889257,0.707939792
5440,0.045673717,0.950452685,0.904778969
5441,0.007017033,0.758208036,0.751191003
5442,0.000622468,0.450006217,0.449383749
5443,0.481598258,0.986034453,0.504436195
5444,0.013008693,0.859629154,0.846620461
5445,0.039237827,0.870167434,0.830929607
5446,0.010510458,0.671472371,0.660961913
5447,0.110346131,0.981096447,0.870750315
5448,0.048953313,0.937851906,0.888898592
5449,0.003253407,0.694380999,0.691127592
5450,0.003102017,0.769007742,0.765905726
5451,0.002618329,0.596929491,0.594311162
5452,0.055888895,0.963749111,0.907860216
5453,0.003771278,0.35550949,0.351738212
5454,0.195882797,0.523450851,0.327568054
5455,0.00286883,0.657089055,0.654220224
5456,0.049381807,0.926909804,0.877527997
5457,0.020428553,0.437623531,0.417194977
5458,0.000792058,0.40202722,0.401235161
5459,0.016802747,0.921682239,0.904879492
5460,0.014545404,0.749514639,0.734969235
5461,0.000989755,0.448970944,0.447981189
5462,0.097141765,0.209183127,0.112041362
5463,0.00048108,0.441544265,0.441063185
5464,0.001003739,0.040025979,0.03902224
5465,0.015752725,0.615748405,0.59999568
5466,0.006925554,0.875364006,0.868438452
5467,0.005108647,0.860670507,0.85556186
5468,0.05741651,0.986517489,0.929100979
5469,0.001083877,0.717820227,0.71673635
5470,0.031143934,0.940869808,0.909725875
5471,0.005855423,0.004025138,-0.001830285
5472,0.007086728,0.916296184,0.909209456
5473,0.025074791,0.953951299,0.928876508
5474,0.015365982,0.977531672,0.962165689
5475,0.380054623,0.995660722,0.615606099
5476,0.115889832,0.973483086,0.857593253
5477,0.006647687,0.823143065,0.816495378
5478,0.000361945,0.00585061,0.005488665
5479,0.00140978,0.792202294,0.790792514
5480,0.002859095,0.044224016,0.041364921
5481,0.031415306,0.874439836,0.84302453
5482,0.087994076,0.659799874,0.571805798
5483,0.198606938,0.98725152,0.788644582
5484,0.00162956,0.282309324,0.280679763
5485,0.102711894,0.996368408,0.893656515
5486,0.01968994,0.42644015,0.40675021
5487,0.000192747,0.120297782,0.120105036
5488,0.001919396,0.609383345,0.607463948
5489,0.020350311,0.050407313,0.030057002
5490,0.030909445,0.878559768,0.847650323
5491,0.059540544,0.958628476,0.899087932
5492,0.001783094,0.548751116,0.546968022
5493,0.000810163,0.529295862,0.528485699
5494,0.033869576,0.978058338,0.944188762
5495,0.000790898,0.262379885,0.261588987
5496,0.016611265,0.355771601,0.339160336
5497,0.009400411,0.894697607,0.885297196
5498,0.003609355,0.466436923,0.462827567
5499,0.006164521,0.296819568,0.290655047
5500,0.008787894,0.838728845,0.829940951
5501,0.007571428,0.916492999,0.908921571
5502,0.22536096,0.853467405,0.628106445
5503,0.00786378,0.915939689,0.908075909
5504,0.029993191,0.963478029,0.933484837
5505,0.034568597,0.766603708,0.732035112
5506,0.007427497,0.893354654,0.885927157
5507,0.005922528,0.729888916,0.723966388
5508,0.024162821,0.055828847,0.031666026
5509,0.002337452,0.435263187,0.432925734
5510,0.009341534,0.511335552,0.501994018
5511,0.001353038,0.497145861,0.495792824
5512,0.00932604,0.846049964,0.836723925
5513,0.002352924,0.855849087,0.853496163
5514,0.00156583,0.625742614,0.624176784
5515,0.001254364,0.774238646,0.772984282
5516,0.001636054,0.570275307,0.568639253
5517,0.008453002,0.847103953,0.838650951
5518,0.01359448,0.897055507,0.883461026
5519,0.049304903,0.969858289,0.920553386
5520,0.029117608,0.975705206,0.946587598
5521,0.001844552,0.768672407,0.766827855
5522,0.014088297,0.87842232,0.864334023
5523,0.061280735,0.91918385,0.857903115
5524,0.046227213,0.948373377,0.902146164
5525,0.000999813,0.438904077,0.437904264
5526,0.029520184,0.926462173,0.89694199
5527,0.001974351,0.493210316,0.491235965
5528,0.04080141,0.939783812,0.898982402
5529,0.007241168,0.624940574,0.617699407
5530,0.00354785,0.451239139,0.447691289
5531,0.001553345,0.533309102,0.531755757
5532,0.08839947,0.885602176,0.797202706
5533,0.009466656,0.703855336,0.69438868
5534,0.000839146,0.543788195,0.542949048
5535,0.006060282,0.718589783,0.712529501
5536,0.002581124,0.440843046,0.438261922
5537,0.016545316,0.839804769,0.823259452
5538,0.025257453,0.879398167,0.854140714
5539,0.000514863,0.019441344,0.018926481
5540,0.023280164,0.920356452,0.897076288
5541,0.020375416,0.820769548,0.800394133
5542,0.001842297,0.506289005,0.504446708
5543,0.024160227,0.885620117,0.86145989
5544,0.001855705,0.775787234,0.773931529
5545,0.012247476,0.781032264,0.768784788
5546,0.015645858,0.89347595,0.877830092
5547,0.031216703,0.952833593,0.92161689
5548,0.104847588,0.99263978,0.887792192
5549,0.001116453,0.661759913,0.66064346
5550,0.035883036,0.844277322,0.808394287
5551,0.008702396,0.853991151,0.845288754
5552,0.013517166,0.903499305,0.889982139
5553,0.227537483,0.991830647,0.764293164
5554,0.010838935,0.894209325,0.88337039
5555,0.01308581,0.94791007,0.934824261
5556,0.001127363,0.205480039,0.204352676
5557,0.009970467,0.23213011,0.222159644
5558,0.013206823,0.91350174,0.900294917
5559,0.035344675,0.990257144,0.954912469
5560,0.064523727,0.599096835,0.534573108
5561,0.000310468,0.204786956,0.204476488
5562,0.009586154,0.884725511,0.875139357
5563,0.010215797,0.897958875,0.887743077
5564,0.017352037,0.810631216,0.793279178
5565,0.004766633,0.637350678,0.632584046
5566,0.01725791,0.895047426,0.877789516
5567,0.234601259,0.980223894,0.745622635
5568,0.04207072,0.969212949,0.927142229
5569,0.006515177,0.902786016,0.89627084
5570,0.004557074,0.738585174,0.734028101
5571,0.006541638,0.651336014,0.644794377
5572,0.017511945,0.921135187,0.903623242
5573,0.002216053,0.711110175,0.708894121
5574,0.002640156,0.621470809,0.618830653
5575,0.011581221,0.705576658,0.693995438
5576,0.033282682,0.802750409,0.769467726
5577,0.003455963,0.340289921,0.336833957
5578,0.001582621,0.577470541,0.57588792
5579,0.005028252,0.912938058,0.907909807
5580,0.13042219,0.980562687,0.850140497
5581,0.005820222,0.260891229,0.255071007
5582,0.000956933,0.057549272,0.056592339
5583,0.035417084,0.032138575,-0.003278509
5584,0.000415884,0.032555334,0.03213945
5585,0.0192289,0.926382422,0.907153523
5586,0.019754177,0.671735168,0.651980991
5587,0.001381355,0.322306156,0.320924801
5588,0.638148546,0.993622243,0.355473697
5589,0.005192954,0.820469022,0.815276068
5590,0.003835268,0.476990849,0.47315558
5591,0.037549388,0.89257139,0.855022002
5592,0.09769766,0.924892962,0.827195302
5593,0.005997304,0.46200195,0.456004646
5594,0.00260747,0.039909862,0.037302392
5595,0.002582677,0.708180785,0.705598108
5596,0.020149441,0.677296638,0.657147197
5597,0.040111255,0.917200267,0.877089012
5598,0.010519419,0.809985697,0.799466278
5599,0.034643766,0.935624778,0.900981013
5600,0.017840598,0.862037897,0.844197299
5601,0.041322228,0.971887767,0.93056554
5602,0.005250275,0.45918557,0.453935295
5603,0.026879683,0.054444272,0.027564589
5604,0.022844674,0.030778108,0.007933434
5605,0.003054256,0.059924118,0.056869862
5606,0.086792193,0.985405445,0.898613252
5607,0.004626336,0.540670931,0.536044596
5608,0.103463411,0.833447337,0.729983926
5609,0.003400836,0.625945926,0.62254509
5610,0.057713415,0.921985447,0.864272032
5611,0.029100442,0.973364592,0.944264149
5612,0.002118568,0.010089162,0.007970594
5613,0.015715668,0.641316473,0.625600806
5614,0.011262706,0.943729341,0.932466635
5615,0.095436938,0.908644915,0.813207977
5616,0.016772589,0.894139826,0.877367238
5617,0.009625262,0.871805847,0.862180585
5618,0.006137711,0.840962887,0.834825176
5619,0.145662755,0.980129957,0.834467202
5620,0.192140847,0.975958109,0.783817261
5621,0.057385698,0.947918653,0.890532956
5622,0.105001427,0.799564421,0.694562994
5623,0.009732905,0.758862734,0.749129829
5624,0.028857339,0.947140694,0.918283354
5625,0.012306662,0.729455829,0.717149166
5626,0.006176217,0.699910939,0.693734722
5627,0.025851309,0.977233529,0.95138222
5628,0.008777981,0.837465823,0.828687842
5629,0.01889275,0.941179931,0.922287181
5630,0.016349358,0.311788619,0.29543926
5631,0.237699807,0.994282842,0.756583035
5632,0.004369071,0.760499358,0.756130287
5633,0.675260246,0.997464299,0.322204053
5634,0.554801226,0.9751423,0.420341074
5635,0.073192015,0.937465608,0.864273593
5636,0.003561509,0.777945101,0.774383593
5637,0.01937305,0.245906234,0.226533184
5638,0.020781759,0.94718492,0.926403161
5639,0.03079894,0.776769876,0.745970936
5640,0.012166118,0.890424967,0.878258849
5641,0.001566745,0.2405352,0.238968455
5642,0.001941187,0.035816766,0.03387558
5643,0.011459703,0.809216678,0.797756976
5644,0.06648799,0.925256968,0.858768977
5645,0.201090947,0.988260925,0.787169978
5646,0.004689712,0.614850998,0.610161286
5647,0.004583696,0.008898028,0.004314332
5648,0.000889692,0.577348411,0.576458719
5649,0.001515411,0.708646238,0.707130827
5650,0.005017188,0.261808932,0.256791744
5651,0.00409541,0.72227627,0.718180861
5652,0.05310126,0.867651582,0.814550322
5653,0.003771215,0.624827802,0.621056587
5654,0.006816797,0.583283901,0.576467104
5655,0.013083796,0.613418937,0.600335141
5656,0.002496407,0.681123555,0.678627148
5657,0.03508031,0.9572438,0.92216349
5658,0.036814366,0.887533426,0.850719061
5659,0.02828859,0.902754009,0.874465419
5660,0.022982685,0.90755707,0.884574385
5661,0.016377481,0.91072315,0.894345669
5662,0.002421151,0.161661759,0.159240608
5663,0.01501843,0.895843744,0.880825315
5664,0.001560273,0.63224256,0.630682288
5665,0.08261323,0.971398711,0.888785481
5666,0.008964922,0.719164193,0.71019927
5667,0.009934524,0.057664663,0.047730139
5668,0.001716192,0.759580076,0.757863884
5669,0.05982272,0.955210924,0.895388205
5670,0.002215347,0.811721444,0.809506097
5671,0.028276054,0.950744927,0.922468873
5672,0.105900034,0.90007478,0.794174746
5673,0.149651587,0.972697437,0.82304585
5674,0.024896203,0.955082595,0.930186393
5675,0.003580326,0.460973769,0.457393443
5676,0.006021566,0.84489131,0.838869744
5677,0.002496723,0.168627486,0.166130763
5678,0.003803882,0.480134577,0.476330695
5679,0.008437836,0.853699446,0.84526161
5680,0.006253504,0.508983016,0.502729512
5681,0.002414022,0.831617177,0.829203154
5682,0.000206558,0.104269832,0.104063274
5683,0.037879076,0.130497232,0.092618156
5684,0.005062577,0.743194461,0.738131884
5685,0.339278907,0.99203366,0.652754754
5686,0.004409753,0.662935495,0.658525743
5687,0.016568203,0.942048788,0.925480586
5688,0.001773559,0.340393096,0.338619537
5689,0.050983232,0.988266289,0.937283058
5690,0.003317224,0.803628981,0.800311757
5691,0.004889158,0.917547584,0.912658426
5692,0.002716703,0.550850749,0.548134046
5693,0.012469784,0.845980167,0.833510383
5694,0.001869378,0.310624748,0.30875537
5695,0.132698849,0.986352801,0.853653952
5696,0.004037708,0.670100749,0.666063041
5697,0.000275681,0.313479751,0.31320407
5698,0.093086906,0.683938563,0.590851657
5699,0.014804306,0.927932262,0.913127957
5700,0.006528976,0.582434952,0.575905976
5701,0.002903711,0.280901104,0.277997393
5702,0.002965364,0.631790638,0.628825274
5703,0.012264891,0.846139491,0.8338746
5704,0.01039414,0.8470667,0.83667256
5705,0.041043799,0.943210661,0.902166862
5706,0.005503806,0.833985507,0.828481702
5707,0.003046252,0.563607991,0.560561739
5708,0.293283373,0.988692939,0.695409566
5709,0.001272931,0.553683639,0.552410707
5710,0.227404267,0.986230671,0.758826405
5711,0.002217745,0.104261637,0.102043892
5712,0.005172484,0.742579758,0.737407275
5713,0.023412542,0.978508413,0.95509587
5714,0.002374334,0.717674255,0.715299921
5715,0.033934284,0.942785978,0.908851694
5716,0.00124428,0.038033973,0.036789693
5717,0.011274863,0.553050578,0.541775715
5718,0.005596953,0.866882324,0.861285371
5719,0.03276765,0.865802288,0.833034638
5720,0.079454623,0.980726421,0.901271798
5721,0.015432028,0.945338309,0.929906281
5722,0.001940695,0.099069074,0.097128378
5723,0.065760598,0.686419308,0.620658711
5724,0.009020621,0.750190139,0.741169518
5725,0.015143197,0.833337426,0.818194229
5726,0.634399652,0.993751824,0.359352171
5727,0.015546788,0.915237546,0.899690758
5728,0.017631972,0.730187476,0.712555503
5729,0.003656171,0.305699229,0.302043059
5730,0.008090423,0.438791335,0.430700911
5731,0.11981155,0.970864713,0.851053163
5732,0.004193977,0.810690939,0.806496962
5733,0.00290858,0.170659423,0.167750842
5734,0.002400983,0.890394926,0.887993943
5735,0.001081599,0.455341876,0.454260276
5736,0.205037564,0.993853211,0.788815647
5737,0.006942207,0.251866877,0.24492467
5738,0.058111649,0.866558015,0.808446366
5739,0.020041822,0.903597534,0.883555712
5740,0.02729019,0.882710993,0.855420804
5741,0.066222884,0.992147505,0.925924622
5742,0.015511948,0.908929467,0.89341752
5743,0.008904387,0.47772339,0.468819003
5744,0.01064578,0.789333165,0.778687385
5745,0.004301895,0.029048674,0.024746779
5746,0.004542233,0.900725603,0.89618337
5747,0.101055004,0.991814137,0.890759133
5748,0.010961592,0.803540707,0.792579114
5749,0.014176189,0.908591449,0.89441526
5750,0.00556403,0.211594418,0.206030387
5751,0.001774977,0.18673791,0.184962933
5752,0.001240268,0.240217328,0.23897706
5753,0.076169915,0.909548938,0.833379023
5754,0.258746892,0.99221921,0.733472317
5755,0.001524046,0.019092545,0.017568499
5756,0.005304848,0.896356881,0.891052033
5757,0.010825181,0.768282712,0.75745753
5758,0.00020088,0.049129374,0.048928494
5759,0.052364931,0.973427773,0.921062842
5760,0.042326719,0.940104604,0.897777885
5761,0.006335351,0.805417836,0.799082485
5762,0.007726632,0.46814701,0.460420378
5763,0.002499244,0.324943393,0.322444149
5764,0.000109029,0.148601115,0.148492085
5765,0.002533964,0.502211452,0.499677488
5766,0.019639216,0.846896946,0.82725773
5767,0.00382671,0.704274535,0.700447825
5768,0.007942916,0.925887764,0.917944848
5769,0.01185774,0.880856514,0.868998774
5770,0.030240286,0.943810463,0.913570177
5771,0.001834845,0.89951849,0.897683645
5772,0.005800277,0.875493944,0.869693667
5773,0.015953565,0.79161948,0.775665915
5774,0.00040936,0.167715371,0.16730601
5775,0.118313059,0.870840251,0.752527192
5776,0.018469905,0.601934314,0.583464408
5777,0.009628694,0.277273446,0.267644753
5778,0.010868191,0.837198138,0.826329947
5779,0.144574776,0.988236845,0.843662068
5780,0.131291971,0.979664326,0.848372355
5781,0.782408178,0.994988859,0.212580681
5782,0.007483502,0.765961111,0.758477608
5783,0.002796349,0.168195367,0.165399018
5784,0.008670401,0.805767298,0.797096897
5785,0.000232718,0.014122653,0.013889935
5786,0.022688068,0.892974973,0.870286904
5787,0.001786333,0.500600398,0.498814064
5788,0.001323186,0.260202259,0.258879073
5789,0.00216701,0.539563298,0.537396288
5790,0.001658102,0.77978152,0.778123418
5791,0.032597799,0.91148597,0.878888171
5792,0.006324608,0.154620618,0.148296009
5793,0.099272095,0.703585386,0.604313292
5794,0.004650194,0.768111289,0.763461094
5795,0.03867504,0.926056027,0.887380987
5796,0.018050518,0.758424997,0.740374479
5797,0.05415215,0.968993068,0.914840918
5798,0.062924236,0.097160712,0.034236476
5799,0.029769786,0.728986979,0.699217193
5800,0.003190746,0.320408136,0.31721739
5801,0.002092544,0.666498363,0.664405819
5802,0.062274765,0.974397302,0.912122536
5803,0.012037906,0.345000327,0.332962421
5804,0.017676784,0.889581323,0.871904539
5805,0.051739577,0.903244615,0.851505037
5806,0.030613717,0.929748654,0.899134938
5807,0.003523069,0.466157705,0.462634636
5808,0.006781235,0.745623708,0.738842472
5809,0.006036378,0.087463073,0.081426696
5810,0.003429786,0.80474323,0.801313444
5811,0.008865844,0.811086178,0.802220333
5812,0.004492917,0.346834898,0.342341981
5813,0.001667377,0.588409185,0.586741809
5814,0.009615686,0.813682377,0.804066692
5815,0.011767924,0.905142486,0.893374562
5816,0.000705198,0.096299104,0.095593906
5817,0.006023616,0.611835539,0.605811923
5818,0.026747314,0.28333497,0.256587656
5819,0.100843549,0.969530404,0.868686855
5820,0.007960858,0.454733878,0.446773021
5821,0.000657297,0.648987234,0.648329937
5822,0.053080887,0.508485258,0.455404371
5823,0.21419093,0.990978599,0.776787668
5824,0.01176238,0.281202435,0.269440056
5825,0.040782414,0.785069644,0.74428723
5826,0.145082742,0.923918188,0.778835446
5827,0.001694346,0.367151558,0.365457212
5828,0.2063694,0.978980303,0.772610903
5829,0.004643807,0.903935194,0.899291387
5830,0.001044005,0.433677197,0.432633192
5831,0.004435156,0.759711623,0.755276467
5832,0.01424008,0.056761682,0.042521602
5833,0.066799782,0.983851016,0.917051233
5834,0.001704991,0.829133093,0.827428102
5835,0.029405477,0.904727578,0.875322102
5836,0.020715611,0.94809413,0.927378519
5837,0.114532836,0.943226874,0.828694038
5838,0.002023111,0.501230776,0.499207665
5839,0.126694143,0.991759241,0.865065098
5840,0.023438666,0.879118919,0.855680253
5841,0.004829245,0.799524486,0.794695241
5842,0.009971753,0.777422667,0.767450914
5843,0.02097919,0.485976428,0.464997238
5844,0.016783586,0.970423877,0.953640291
5845,0.000836067,0.353978306,0.353142239
5846,0.007034348,0.856467485,0.849433138
5847,0.009726914,0.926611364,0.91688445
5848,0.002735196,0.657625258,0.654890062
5849,0.259073257,0.917218387,0.65814513
5850,0.003047018,0.916071594,0.913024576
5851,0.001965372,0.574728131,0.572762759
5852,0.020365618,0.883524716,0.863159098
5853,0.453375518,0.998035729,0.544660211
5854,0.029757513,0.97393769,0.944180178
5855,0.004384074,0.761797726,0.757413652
5856,0.097074866,0.972006559,0.874931693
5857,0.002608142,0.533701718,0.531093576
5858,0.000150999,0.110980749,0.11082975
5859,0.002417966,0.639546096,0.63712813
5860,0.331220508,0.977822244,0.646601737
5861,0.001118404,0.930112123,0.92899372
5862,0.020563183,0.977208734,0.95664555
5863,0.012204926,0.817153037,0.804948111
5864,0.221396446,0.99894017,0.777543724
5865,0.00261793,0.389292955,0.386675025
5866,0.11502324,0.408284515,0.293261275
5867,0.001648355,0.370327622,0.368679267
5868,0.407714814,0.937451243,0.529736429
5869,0.001759035,0.525838673,0.524079638
5870,0.018728901,0.269336075,0.250607174
5871,0.004687506,0.717650354,0.712962848
5872,0.017256213,0.903543115,0.886286901
5873,0.028449213,0.926544607,0.898095394
5874,0.02516498,0.950340271,0.925175291
5875,0.060486354,0.642563343,0.582076989
5876,0.019387294,0.966121495,0.946734201
5877,0.010371935,0.392913818,0.382541884
5878,0.003836407,0.817368209,0.813531803
5879,0.019766606,0.80685091,0.787084304
5880,0.001903723,0.058378544,0.056474821
5881,0.033695735,0.954392374,0.920696639
5882,0.381644696,0.862181246,0.48053655
5883,0.001318334,0.537037611,0.535719277
5884,0.029932586,0.957855225,0.927922638
5885,0.003267603,0.441670775,0.438403173
5886,0.067161068,0.974488914,0.907327846
5887,0.027904248,0.8832798,0.855375553
5888,0.004216893,0.025062231,0.020845338
5889,0.198155493,0.924859524,0.726704031
5890,0.005810218,0.764596105,0.758785887
5891,0.009175123,0.894111037,0.884935915
5892,0.051287681,0.95819062,0.906902939
5893,0.001261071,0.771691203,0.770430132
5894,0.428494662,0.977400243,0.548905581
5895,0.018507885,0.936767936,0.918260051
5896,0.080953024,0.855110645,0.774157621
5897,0.008670349,0.394070446,0.385400098
5898,0.000887688,0.005829221,0.004941532
5899,0.00608315,0.790989161,0.78490601
5900,0.004799586,0.37838462,0.373585034
5901,0.013137812,0.708576679,0.695438867
5902,0.105408937,0.970275581,0.864866644
5903,0.003813186,0.095813788,0.092000603
5904,0.009904912,0.846279979,0.836375067
5905,0.13341023,0.972683251,0.839273021
5906,0.000628853,0.174936548,0.174307695
5907,0.101875313,0.973402977,0.871527664
5908,0.057117976,0.934991598,0.877873622
5909,0.001276377,0.822057605,0.820781228
5910,0.004847553,0.722403228,0.717555675
5911,0.002342281,0.387023717,0.384681436
5912,0.038622253,0.965248704,0.926626451
5913,0.004011846,0.578095317,0.574083471
5914,0.506173611,0.459537208,-0.046636403
5915,0.01847396,0.943147421,0.92467346
5916,0.016308505,0.906939209,0.890630703
5917,0.028201176,0.853248715,0.82504754
5918,0.043899253,0.480202049,0.436302796
5919,0.005610787,0.447343111,0.441732324
5920,0.038443133,0.945878446,0.907435313
5921,0.003349971,0.464278668,0.460928697
5922,0.01403275,0.877543449,0.863510699
5923,0.000412553,0.071842857,0.071430304
5924,0.140430987,0.955285251,0.814854264
5925,0.008673735,0.890635014,0.881961279
5926,0.01351486,0.827186286,0.813671427
5927,0.403939247,0.889020681,0.485081434
5928,0.002368973,0.003587437,0.001218464
5929,0.028292174,0.932180345,0.903888172
5930,0.002093796,0.493746549,0.491652753
5931,0.072754584,0.902639329,0.829884745
5932,0.013482589,0.660102665,0.646620076
5933,0.001162331,0.5462991,0.545136769
5934,0.011110885,0.925402999,0.914292114
5935,0.003909435,0.917956233,0.914046798
5936,0.013803503,0.857869267,0.844065765
5937,0.005960153,0.826528966,0.820568813
5938,0.000606691,0.312338412,0.311731721
5939,0.003191904,0.407338321,0.404146418
5940,0.00405129,0.883143187,0.879091897
5941,0.050771348,0.971915245,0.921143897
5942,0.000621409,0.203721821,0.203100413
5943,0.011755703,0.856555283,0.84479958
5944,0.069632232,0.750567377,0.680935144
5945,0.00040987,0.264224231,0.263814361
5946,0.001074346,0.47088927,0.469814924
5947,0.014002679,0.76939714,0.755394461
5948,0.000520777,0.363654733,0.363133956
5949,0.084930256,0.337064147,0.252133891
5950,0.005750086,0.685142159,0.679392074
5951,0.005358412,0.776815951,0.771457539
5952,0.003344534,0.806800485,0.803455951
5953,0.006119582,0.835622251,0.829502669
5954,0.001364105,0.240151331,0.238787226
5955,0.005067441,0.839589477,0.834522036
5956,0.004037096,0.785601556,0.781564461
5957,0.052112877,0.614281833,0.562168956
5958,0.013142752,0.828486383,0.815343631
5959,0.002753861,0.166779712,0.16402585
5960,0.061644159,0.968957126,0.907312967
5961,0.008537292,0.920100808,0.911563516
5962,0.03034967,0.922371805,0.892022135
5963,0.00198543,0.34670493,0.344719501
5964,0.001479892,0.490459412,0.48897952
5965,0.016201854,0.773074746,0.756872892
5966,0.000790368,0.371287823,0.370497455
5967,0.004359311,0.008488686,0.004129374
5968,0.061038114,0.850129604,0.78909149
5969,0.002221564,0.919673145,0.917451581
5970,0.002031976,0.491116256,0.489084279
5971,0.008653369,0.165105507,0.156452138
5972,0.013841995,0.920361757,0.906519762
5973,0.006615133,0.758765161,0.752150028
5974,0.00074742,0.261303157,0.260555737
5975,0.005611073,0.79846549,0.792854417
5976,0.034519996,0.89337045,0.858850453
5977,0.000541856,0.479841799,0.479299942
5978,0.025931371,0.952251256,0.926319884
5979,0.00171791,0.278192639,0.276474729
5980,0.01408108,0.924889803,0.910808723
5981,0.001888575,0.111433096,0.109544521
5982,0.022602154,0.93039149,0.907789337
5983,0.023608845,0.885631979,0.862023134
5984,0.00064519,0.267718256,0.267073065
5985,0.01951031,0.880735278,0.861224968
5986,0.007193271,0.954520762,0.947327491
5987,0.021535268,0.938275397,0.916740129
5988,0.001449351,0.648239613,0.646790261
5989,0.004478673,0.598301291,0.593822618
5990,0.009973443,0.508776426,0.498802983
5991,0.000571845,0.106507793,0.105935948
5992,0.020132029,0.946656346,0.926524317
5993,0.011571437,0.948176324,0.936604887
5994,0.012460081,0.812084556,0.799624475
5995,0.004683805,0.916002512,0.911318707
5996,0.010855677,0.88110429,0.870248614
5997,0.004823295,0.737176716,0.732353421
5998,0.008104905,0.120144233,0.112039328
5999,0.004019058,0.616315246,0.612296187
6000,0.002209588,0.447415411,0.445205824
6001,0.004313774,0.053714387,0.049400613
6002,0.488145828,0.984817207,0.496671379
6003,0.001891298,0.388451904,0.386560606
6004,0.137787953,0.959908187,0.822120234
6005,0.195720747,0.983006775,0.787286028
6006,0.003220374,0.796086371,0.792865997
6007,0.026831217,0.724845588,0.698014371
6008,0.024846414,0.889937997,0.865091583
6009,0.020173369,0.935808897,0.915635528
6010,0.014463328,0.795490801,0.781027474
6011,0.013139153,0.316321731,0.303182578
6012,0.01058502,0.881596804,0.871011783
6013,0.048848029,0.840978146,0.792130116
6014,0.007361933,0.322247744,0.314885811
6015,0.081984557,0.927089214,0.845104657
6016,0.005685282,0.816513002,0.81082772
6017,0.00091973,0.306199223,0.305279492
6018,0.170202583,0.967584491,0.797381908
6019,0.002129968,0.306338012,0.304208044
6020,0.008861035,0.844172955,0.835311919
6021,0.007974562,0.784099936,0.776125374
6022,0.003597898,0.896707475,0.893109577
6023,0.002265943,0.267788291,0.265522348
6024,0.067772686,0.919093251,0.851320565
6025,0.0009566,0.110154822,0.109198222
6026,0.00543765,0.89166832,0.886230669
6027,0.008668959,0.657796919,0.64912796
6028,0.008830206,0.316319525,0.307489319
6029,0.005167751,0.895014465,0.889846714
6030,0.012111279,0.690153301,0.678042022
6031,0.065660618,0.944176853,0.878516234
6032,0.000282015,0.15446505,0.154183035
6033,0.012806244,0.732225895,0.719419651
6034,0.678519309,0.960318744,0.281799436
6035,0.030647235,0.954752266,0.924105031
6036,0.005935648,0.525454462,0.519518814
6037,0.024844443,0.952382624,0.927538181
6038,0.072865367,0.959922612,0.887057245
6039,0.002189989,0.53823024,0.536040251
6040,0.004281604,0.854037225,0.849755621
6041,0.100664817,0.972934008,0.872269191
6042,0.123383135,0.967616856,0.844233721
6043,0.007385533,0.403838575,0.396453042
6044,0.002954263,0.559424818,0.556470555
6045,0.001719245,0.570945203,0.569225958
6046,0.063866183,0.720211923,0.65634574
6047,0.000611242,0.259622693,0.259011451
6048,0.002232881,0.630700886,0.628468005
6049,0.604327202,0.997268558,0.392941356
6050,0.004638976,0.2183588,0.213719824
6051,0.003687846,0.888045669,0.884357823
6052,0.113249533,0.982377172,0.869127639
6053,0.002654629,0.604348421,0.601693792
6054,0.013474081,0.895653367,0.882179286
6055,0.024566645,0.917467594,0.892900949
6056,0.023031071,0.97166729,0.948636219
6057,0.016831424,0.845502913,0.828671489
6058,0.182207495,0.989926577,0.807719082
6059,0.030348798,0.714352906,0.684004107
6060,0.014334328,0.96825099,0.953916661
6061,0.296975791,0.633736014,0.336760223
6062,0.0051252,0.096430957,0.091305757
6063,0.000768458,0.070105888,0.06933743
6064,0.000568037,0.197451636,0.196883599
6065,0.011746993,0.889866233,0.87811924
6066,0.395475775,0.992020547,0.596544772
6067,0.020812992,0.842709303,0.821896311
6068,0.017302567,0.97526896,0.957966393
6069,0.003293749,0.503884196,0.500590447
6070,0.203060836,0.992850423,0.789789587
6071,0.037467018,0.273768127,0.236301109
6072,0.008674288,0.795493364,0.786819076
6073,0.32677716,0.980840385,0.654063225
6074,0.036982123,0.891837955,0.854855832
6075,0.00842729,0.75674516,0.748317869
6076,0.395850748,0.993398547,0.597547799
6077,0.004352801,0.798166513,0.793813712
6078,0.022839479,0.947523892,0.924684413
6079,0.000987875,0.777046084,0.776058209
6080,0.003570932,0.77373457,0.770163638
6081,0.007142897,0.21081382,0.203670923
6082,0.000642843,0.352619201,0.351976358
6083,0.060731363,0.818050563,0.757319201
6084,0.006088656,0.646091044,0.640002388
6085,0.006873852,0.88332814,0.876454288
6086,0.189567626,0.952184379,0.762616754
6087,0.029914523,0.92666018,0.896745658
6088,0.046225548,0.04929908,0.003073532
6089,0.023708979,0.120439865,0.096730886
6090,0.020790447,0.525080919,0.504290473
6091,0.001936542,0.790784955,0.788848413
6092,0.010734716,0.384107351,0.373372635
6093,0.020352375,0.963478029,0.943125654
6094,0.004606121,0.87330848,0.868702359
6095,0.037482161,0.879537582,0.842055421
6096,0.039322071,0.87529397,0.835971899
6097,0.032515936,0.971470714,0.938954778
6098,0.002435811,0.689955831,0.687520019
6099,0.001427694,0.61809963,0.616671936
6100,0.012849865,0.894203424,0.88135356
6101,0.014535123,0.680892885,0.666357762
6102,0.001203393,0.290541172,0.28933778
6103,0.000660363,0.292550385,0.291890022
6104,0.002079702,0.367940992,0.36586129
6105,0.001997108,0.729477227,0.727480119
6106,0.003500671,0.570704043,0.567203372
6107,0.00092151,0.252861649,0.251940139
6108,0.829245508,0.999431431,0.170185924
6109,0.427483439,0.996754825,0.569271386
6110,0.019043019,0.891395569,0.87235255
6111,0.019425042,0.969282389,0.949857347
6112,0.004279665,0.930647671,0.926368007
6113,0.002647297,0.349032253,0.346384956
6114,0.022222916,0.892232358,0.870009443
6115,0.020690994,0.856994629,0.836303635
6116,0.158531085,0.990637243,0.832106158
6117,0.000798333,0.517427146,0.516628813
6118,0.007363818,0.864348829,0.856985011
6119,0.021687847,0.887065232,0.865377385
6120,0.004980044,0.360957503,0.35597746
6121,0.007904161,0.382117152,0.374212991
6122,0.054804966,0.948341846,0.893536881
6123,0.001923502,0.161554173,0.15963067
6124,0.043198477,0.955959558,0.912761081
6125,0.018512987,0.942540407,0.924027421
6126,0.100157462,0.951626003,0.851468541
6127,0.002596771,0.537832618,0.535235846
6128,0.00783062,0.948596537,0.940765917
6129,0.003351229,0.808369756,0.805018527
6130,0.073593117,0.872705877,0.79911276
6131,0.007402397,0.918302417,0.91090002
6132,0.125319287,0.980977118,0.855657831
6133,0.039588157,0.937020838,0.897432681
6134,0.009308602,0.588563323,0.579254721
6135,0.666274488,0.997768283,0.331493795
6136,0.017490989,0.852244973,0.834753985
6137,0.017760325,0.968544424,0.950784098
6138,0.009607351,0.833537519,0.823930168
6139,0.128837541,0.942221463,0.813383922
6140,0.255693167,0.992114842,0.736421674
6141,0.003501913,0.717845321,0.714343408
6142,0.019529331,0.883470058,0.863940727
6143,0.428758085,0.986347318,0.557589233
6144,0.004832923,0.662157655,0.657324732
6145,0.076383039,0.979549587,0.903166547
6146,0.024173129,0.916987419,0.89281429
6147,0.038432751,0.609135747,0.570702996
6148,0.021837955,0.852343798,0.830505842
6149,0.004164338,0.432124227,0.42795989
6150,0.012442297,0.631337225,0.618894928
6151,0.002163423,0.790839195,0.788675772
6152,0.02430211,0.944253683,0.919951573
6153,0.063652955,0.935410321,0.871757366
6154,0.001143702,0.118669413,0.117525711
6155,0.003045599,0.75625515,0.753209551
6156,0.049875148,0.82989347,0.780018322
6157,0.31841588,0.997674167,0.679258287
6158,0.025635833,0.974505782,0.948869949
6159,0.003432204,0.041504052,0.038071847
6160,0.014459169,0.92418468,0.909725511
6161,0.007529721,0.055049066,0.047519345
6162,0.134345487,0.957888424,0.823542938
6163,0.004968418,0.962525249,0.957556831
6164,0.006941461,0.520147264,0.513205803
6165,0.000104093,0.134571522,0.13446743
6166,0.061501499,0.949297071,0.887795571
6167,0.092297882,0.965292275,0.872994393
6168,0.047484532,0.919634581,0.872150049
6169,0.459260643,0.98781687,0.528556228
6170,0.023728587,0.930784225,0.907055639
6171,0.010193888,0.709462106,0.699268218
6172,0.055203229,0.947306156,0.892102927
6173,0.002368023,0.655307174,0.65293915
6174,0.001588082,0.391881615,0.390293533
6175,0.07659173,0.083035491,0.006443761
6176,0.043346781,0.906474769,0.863127988
6177,0.088921294,0.967172503,0.87825121
6178,0.004033378,0.755951107,0.751917729
6179,0.014409838,0.936148524,0.921738686
6180,0.00756201,0.915077507,0.907515497
6181,0.057455294,0.979772568,0.922317274
6182,0.013802412,0.929097116,0.915294704
6183,0.012720505,0.880081892,0.867361387
6184,0.033926241,0.95323509,0.919308849
6185,0.027300384,0.086871736,0.059571352
6186,0.003286065,0.688249409,0.684963345
6187,0.015936814,0.858419001,0.842482187
6188,0.014221096,0.140538365,0.126317268
6189,0.01833936,0.934506297,0.916166937
6190,0.077593043,0.925795794,0.84820275
6191,0.001447768,0.779126406,0.777678638
6192,0.004142849,0.812832534,0.808689686
6193,0.003547646,0.923923671,0.920376025
6194,0.000758848,0.266978055,0.266219207
6195,0.000517157,0.594654858,0.594137701
6196,0.000151057,0.025689356,0.025538299
6197,0.020378677,0.294693828,0.27431515
6198,0.005924494,0.94722867,0.941304176
6199,0.00634448,0.882046759,0.875702279
6200,0.045490716,0.087165572,0.041674856
6201,0.104559749,0.944246113,0.839686364
6202,0.368248224,0.972900987,0.604652762
6203,0.002162713,0.016931215,0.014768502
6204,0.11261753,0.957627475,0.845009945
6205,0.003120606,0.798958719,0.795838112
6206,0.001634548,0.752532601,0.750898053
6207,0.034021873,0.539415836,0.505393963
6208,0.025318595,0.926422656,0.901104061
6209,0.009303703,0.640540004,0.631236301
6210,0.009689964,0.825767517,0.816077553
6211,0.00706881,0.877679884,0.870611074
6212,0.016567776,0.499632239,0.483064463
6213,0.002035857,0.332923114,0.330887257
6214,0.046163339,0.96389395,0.917730611
6215,0.48577559,0.99756217,0.51178658
6216,0.002513531,0.034619063,0.032105532
6217,0.049568556,0.968292475,0.918723918
6218,0.022919737,0.931832731,0.908912994
6219,0.001493762,0.777470112,0.77597635
6220,0.087407388,0.902796388,0.815389
6221,0.009538595,0.878778815,0.869240221
6222,0.0026051,0.868799806,0.866194705
6223,0.009071692,0.882798016,0.873726324
6224,0.137316674,0.55090332,0.413586646
6225,0.003733162,0.41452086,0.410787698
6226,0.035555597,0.930420637,0.89486504
6227,0.006846876,0.013525302,0.006678425
6228,0.008542974,0.030614356,0.022071382
6229,0.003241055,0.803022444,0.799781389
6230,0.017205372,0.910604,0.893398628
6231,0.126409084,0.967176914,0.840767831
6232,0.012546586,0.943299651,0.930753065
6233,0.09214475,0.962869525,0.870724775
6234,0.021436237,0.665752709,0.644316472
6235,0.127845675,0.975188315,0.84734264
6236,0.009200376,0.704020023,0.694819647
6237,0.002360115,0.306111366,0.30375125
6238,0.095164888,0.980166614,0.885001726
6239,0.026509942,0.962901235,0.936391292
6240,0.010190665,0.746204555,0.73601389
6241,0.084528074,0.919371843,0.83484377
6242,0.007634663,0.467690468,0.460055805
6243,0.025744399,0.830847085,0.805102685
6244,0.021266539,0.829455912,0.808189373
6245,0.010097357,0.861544609,0.851447252
6246,0.056189328,0.959966063,0.903776735
6247,0.025324514,0.788520336,0.763195822
6248,0.000296723,0.003918993,0.003622269
6249,0.050793961,0.931167305,0.880373344
6250,0.050795712,0.964745283,0.913949572
6251,0.033662036,0.841831207,0.808169171
6252,0.000210208,0.019621504,0.019411297
6253,0.009252151,0.899585545,0.890333395
6254,0.004976831,0.797851861,0.79287503
6255,0.00938361,0.857305706,0.847922095
6256,0.109946504,0.926874161,0.816927657
6257,0.007544874,0.932834744,0.925289871
6258,0.000748522,0.356320918,0.355572396
6259,0.035766322,0.735083759,0.699317437
6260,0.001214706,0.845249772,0.844035066
6261,0.001878518,0.777605057,0.775726538
6262,0.023360634,0.953640282,0.930279648
6263,0.000199521,0.039935458,0.039735937
6264,0.004582726,0.228511512,0.223928786
6265,0.007586638,0.665213048,0.65762641
6266,0.002362868,0.13841562,0.136052752
6267,0.004045821,0.81805104,0.814005219
6268,0.013935214,0.888656378,0.874721164
6269,0.010342156,0.929572701,0.919230546
6270,0.024251712,0.957585812,0.933334099
6271,0.002035697,0.284703046,0.282667349
6272,0.000318686,0.007635747,0.007317061
6273,0.001086213,0.605510771,0.604424558
6274,0.001198541,0.147664562,0.146466021
6275,0.005615524,0.661496282,0.655880757
6276,0.000648388,0.082208492,0.081560104
6277,0.108748466,0.984674335,0.875925869
6278,0.058604676,0.899378419,0.840773743
6279,0.045193095,0.762144804,0.716951709
6280,0.006702083,0.815412939,0.808710856
6281,0.002584756,0.573448539,0.570863782
6282,0.005541084,0.749207973,0.743666889
6283,0.013631796,0.871400714,0.857768918
6284,0.09070392,0.964939415,0.874235496
6285,0.006993168,0.027862374,0.020869206
6286,0.004426814,0.897500217,0.893073403
6287,0.002574198,0.420490414,0.417916215
6288,0.02308479,0.892361224,0.869276434
6289,0.015589281,0.921111465,0.905522184
6290,0.002992749,0.575702548,0.572709799
6291,0.089034669,0.956905663,0.867870994
6292,0.003468427,0.281497478,0.278029052
6293,0.014198873,0.869236469,0.855037596
6294,0.001463111,0.001244898,-0.000218213
6295,0.032753754,0.980082333,0.947328579
6296,0.013512291,0.181737751,0.16822546
6297,0.001956028,0.354000121,0.352044093
6298,0.012086975,0.926446497,0.914359522
6299,0.002440648,0.071833812,0.069393164
6300,0.013109608,0.959864795,0.946755188
6301,0.026540386,0.866147041,0.839606656
6302,0.152584761,0.960862935,0.808278173
6303,0.008827503,0.943377078,0.934549575
6304,0.060998734,0.987151265,0.926152531
6305,0.001147168,0.102748334,0.101601166
6306,0.133790165,0.986466348,0.852676183
6307,0.067448057,0.989794195,0.922346137
6308,0.006199668,0.931389928,0.92519026
6309,0.092388988,0.879161179,0.786772192
6310,0.001652452,0.526697338,0.525044885
6311,0.002572833,0.896540165,0.893967332
6312,0.118360572,0.983893931,0.865533359
6313,0.117858425,0.974445522,0.856587097
6314,0.072539598,0.983305871,0.910766274
6315,0.002469222,0.452303916,0.449834694
6316,0.014236317,0.088555612,0.074319295
6317,0.000450725,0.211896777,0.211446052
6318,0.001479929,0.751332164,0.749852235
6319,0.009311969,0.811809599,0.80249763
6320,0.007611648,0.896511018,0.88889937
6321,0.003432743,0.692702711,0.689269968
6322,0.039591178,0.90675658,0.867165402
6323,0.066309877,0.984781742,0.918471865
6324,0.000448033,0.073441789,0.072993755
6325,0.006788407,0.522697747,0.515909339
6326,0.016730852,0.238422066,0.221691214
6327,0.005848397,0.832650483,0.826802086
6328,0.016758244,0.830803037,0.814044792
6329,0.008561005,0.639385045,0.63082404
6330,0.009303863,0.710009158,0.700705294
6331,0.006994161,0.033310913,0.026316751
6332,0.057866875,0.983692706,0.925825831
6333,0.001512931,0.410449475,0.408936544
6334,0.001176838,0.35120815,0.350031313
6335,0.021370981,0.946208537,0.924837556
6336,0.197097272,0.963771701,0.766674429
6337,0.079080053,0.321517557,0.242437504
6338,0.032263171,0.95546335,0.923200179
6339,0.016274499,0.796946228,0.780671729
6340,0.000566992,0.740508258,0.739941267
6341,0.007949387,0.857897401,0.849948014
6342,0.003924975,0.482225925,0.47830095
6343,0.003385453,0.843007326,0.839621874
6344,0.006924579,0.345936716,0.339012136
6345,0.017595826,0.964574456,0.94697863
6346,0.00264953,0.011156033,0.008506502
6347,0.044962283,0.814273179,0.769310895
6348,0.030929577,0.926989377,0.8960598
6349,0.00185951,0.150078788,0.148219279
6350,0.014414973,0.938438952,0.924023979
6351,0.021006631,0.899079144,0.878072513
6352,0.000854768,0.246080965,0.245226197
6353,0.02537689,0.906444311,0.881067421
6354,0.126018301,0.909566224,0.783547923
6355,0.007188341,0.746257722,0.739069382
6356,0.079760537,0.717539072,0.637778535
6357,0.07701803,0.9441064,0.86708837
6358,0.003021773,0.792526245,0.789504472
6359,0.137326986,0.987112701,0.849785715
6360,0.043779444,0.820823908,0.777044464
6361,0.014921252,0.878780663,0.863859411
6362,0.011208299,0.71232599,0.701117692
6363,0.049153484,0.979571879,0.930418395
6364,0.131152898,0.645944178,0.51479128
6365,0.012126668,0.629303694,0.617177025
6366,0.053878028,0.975583553,0.921705525
6367,0.024602743,0.919321477,0.894718735
6368,0.005638392,0.49590075,0.490262358
6369,0.003228987,0.591666818,0.588437831
6370,0.013484403,0.952712297,0.939227894
6371,0.001425743,0.282398254,0.280972511
6372,0.0015709,0.283201814,0.281630914
6373,0.014903837,0.969721973,0.954818136
6374,0.085886791,0.935322762,0.84943597
6375,0.025996679,0.886820793,0.860824114
6376,0.030163039,0.804224849,0.77406181
6377,0.025748039,0.862055779,0.83630774
6378,0.006337108,0.550361514,0.544024406
6379,0.002156686,0.528552055,0.52639537
6380,0.001839919,0.790926039,0.78908612
6381,0.133249238,0.952207386,0.818958148
6382,0.045063607,0.958569229,0.913505621
6383,0.001238782,0.870282948,0.869044166
6384,0.002167039,0.362252831,0.360085792
6385,0.016313907,0.910592377,0.89427847
6386,0.028666077,0.948087513,0.919421436
6387,0.072951265,0.935783744,0.862832479
6388,0.039905347,0.966942012,0.927036665
6389,0.114266142,0.980005145,0.865739003
6390,0.004147043,0.733063281,0.728916237
6391,0.235279858,0.990389824,0.755109966
6392,0.004651992,0.006110621,0.001458629
6393,0.018334849,0.136335209,0.11800036
6394,0.07329125,0.641185999,0.567894749
6395,0.003899902,0.315323144,0.311423242
6396,0.007249032,0.708287358,0.701038327
6397,0.01986466,0.53923291,0.51936825
6398,0.029382227,0.958135009,0.928752782
6399,0.00223576,0.574806035,0.572570275
6400,0.002722606,0.330849797,0.328127191
6401,0.003597987,0.388495237,0.38489725
6402,0.002642045,0.38989085,0.387248805
6403,0.005629931,0.452694923,0.447064992
6404,0.030192897,0.842800617,0.81260772
6405,0.004836164,0.269623637,0.264787473
6406,0.015688302,0.955068171,0.939379869
6407,0.041406691,0.778244019,0.736837327
6408,0.013250532,0.942326784,0.929076253
6409,0.029462403,0.912345588,0.882883186
6410,0.000178234,0.097942449,0.097764215
6411,0.137161851,0.982086658,0.844924808
6412,0.003261953,0.739252388,0.735990435
6413,0.009974779,0.9252038,0.915229022
6414,0.014200976,0.894713581,0.880512604
6415,0.010634691,0.863076746,0.852442056
6416,0.000689006,0.658031583,0.657342577
6417,0.002830941,0.65915966,0.656328719
6418,0.001930042,0.389530391,0.387600348
6419,0.004058426,0.654881954,0.650823528
6420,0.02523086,0.745955646,0.720724786
6421,0.004055929,0.272885889,0.26882996
6422,0.014769296,0.893108964,0.878339668
6423,0.000169729,0.130682856,0.130513126
6424,0.00178372,0.700932562,0.699148842
6425,0.137939513,0.972899616,0.834960103
6426,0.102674067,0.951400995,0.848726928
6427,0.006485172,0.932207823,0.925722651
6428,0.002213469,0.713327765,0.711114296
6429,0.012446635,0.831816673,0.819370038
6430,0.001220358,0.040946037,0.039725679
6431,0.024071803,0.81172502,0.787653217
6432,0.014968725,0.78579551,0.770826785
6433,0.001487741,0.696605086,0.695117345
6434,0.008136583,0.871859074,0.863722491
6435,0.007391999,0.756117642,0.748725642
6436,0.059858426,0.785472572,0.725614145
6437,0.000776412,0.191161171,0.190384758
6438,0.101388954,0.989021599,0.887632646
6439,0.014138922,0.826642454,0.812503532
6440,0.024307078,0.943841577,0.919534499
6441,0.026223758,0.797975242,0.771751484
6442,0.000167126,0.146048084,0.145880958
6443,0.071454592,0.893149078,0.821694486
6444,0.012596777,0.850324512,0.837727735
6445,0.070936702,0.965030074,0.894093372
6446,0.347733617,0.855010211,0.507276595
6447,0.02222106,0.910344303,0.888123242
6448,0.015896751,0.8162691,0.800372349
6449,0.016794588,0.90129447,0.884499881
6450,0.011704703,0.891404927,0.879700224
6451,0.072336152,0.853613377,0.781277224
6452,0.001728768,0.636067331,0.634338563
6453,0.004089117,0.809875071,0.805785954
6454,0.037837166,0.960212886,0.92237572
6455,0.003016809,0.026042948,0.023026138
6456,0.213607952,0.991602361,0.777994409
6457,0.005231732,0.79794544,0.792713708
6458,0.035932675,0.948392689,0.912460014
6459,0.011170397,0.626741827,0.61557143
6460,0.002131256,0.436549544,0.434418289
6461,0.022109479,0.047136161,0.025026683
6462,0.071497791,0.822313964,0.750816174
6463,0.015121502,0.895672202,0.8805507
6464,0.044075433,0.983070433,0.938995
6465,0.007028944,0.744344175,0.737315231
6466,0.002398186,0.883292556,0.88089437
6467,0.01608544,0.759225905,0.743140465
6468,0.02710738,0.9417817,0.914674319
6469,0.20103392,0.944032013,0.742998093
6470,0.000599166,0.060958393,0.060359227
6471,0.0136423,0.745993674,0.732351374
6472,0.003558846,0.269356012,0.265797166
6473,0.042319857,0.260335982,0.218016125
6474,0.020189371,0.884978831,0.86478946
6475,0.077836223,0.956022084,0.878185861
6476,0.006719653,0.285265654,0.278546001
6477,0.001025306,0.074771203,0.073745898
6478,0.014540471,0.864195406,0.849654935
6479,0.003633098,0.404057384,0.400424286
6480,0.000507543,0.726090133,0.72558259
6481,0.046232212,0.955644786,0.909412574
6482,0.007257691,0.501897931,0.49464024
6483,0.012389986,0.871570289,0.859180303
6484,0.008506862,0.672381341,0.66387448
6485,0.026358034,0.886459112,0.860101078
6486,0.024135858,0.933695078,0.90955922
6487,0.005968736,0.779528081,0.773559345
6488,0.289513528,0.986931026,0.697417498
6489,0.009819168,0.773797154,0.763977987
6490,0.018236002,0.891028821,0.87279282
6491,0.000870042,0.289140582,0.288270541
6492,0.001470171,0.208046019,0.206575848
6493,0.042231292,0.928139448,0.885908157
6494,0.023394799,0.96896106,0.945566261
6495,0.00058267,0.494681805,0.494099136
6496,0.002184233,0.467465222,0.465280989
6497,0.001221236,0.669227481,0.668006245
6498,0.008943465,0.786533892,0.777590428
6499,0.003922682,0.962067246,0.958144564
6500,0.125554353,0.988366008,0.862811655
6501,0.016525138,0.971094906,0.954569768
6502,0.064651757,0.886902988,0.82225123
6503,0.224122271,0.900470257,0.676347986
6504,0.001164017,0.183125734,0.181961717
6505,0.01304675,0.923597932,0.910551182
6506,0.015532269,0.803868353,0.788336084
6507,0.096819408,0.899399102,0.802579693
6508,0.001204777,0.36268121,0.361476433
6509,0.011490793,0.904465199,0.892974406
6510,0.015112917,0.610635877,0.59552296
6511,0.04838413,0.772497475,0.724113345
6512,0.01820394,0.93973726,0.92153332
6513,0.001528462,0.689748943,0.688220481
6514,0.054636281,0.267884016,0.213247735
6515,0.008868895,0.582846701,0.573977807
6516,0.033954944,0.969070435,0.93511549
6517,0.002511808,0.498822242,0.496310434
6518,0.003426698,0.758706093,0.755279395
6519,0.011063706,0.57307744,0.562013734
6520,0.010800408,0.871043205,0.860242797
6521,0.001913749,0.024663966,0.022750218
6522,0.00201614,0.224499092,0.222482951
6523,0.192575067,0.991361916,0.798786849
6524,0.007475527,0.761012912,0.753537385
6525,0.068309411,0.810756743,0.742447332
6526,0.003077312,0.63211441,0.629037098
6527,0.011528303,0.858251333,0.84672303
6528,0.00138238,0.530017972,0.528635592
6529,0.004847781,0.621760488,0.616912707
6530,0.076160572,0.97758317,0.901422597
6531,0.005551112,0.762646735,0.757095623
6532,0.029730083,0.962923229,0.933193145
6533,0.014983975,0.888149559,0.873165584
6534,0.350715548,0.978374481,0.627658933
6535,0.046435803,0.969098628,0.922662824
6536,0.019273879,0.569378138,0.550104259
6537,0.009599764,0.890558362,0.880958598
6538,0.000428016,0.175286651,0.174858635
6539,0.050483651,0.91422832,0.863744669
6540,0.003797613,0.514787078,0.510989465
6541,0.038427755,0.370253503,0.331825748
6542,0.027030071,0.880624115,0.853594044
6543,0.015662296,0.938745558,0.923083263
6544,0.004017156,0.169380531,0.165363375
6545,0.04175644,0.942697108,0.900940668
6546,0.000690821,0.60435766,0.603666839
6547,0.012788569,0.841850638,0.82906207
6548,0.02639132,0.946186543,0.919795223
6549,0.005929613,0.897505701,0.891576088
6550,0.450211018,0.990425408,0.54021439
6551,0.031981096,0.914475858,0.882494763
6552,0.001045567,0.74297595,0.741930383
6553,0.005039637,0.493963689,0.488924052
6554,0.008837623,0.630682886,0.621845263
6555,0.001398042,0.701385856,0.699987813
6556,0.325537026,0.981109262,0.655572236
6557,0.008703219,0.874349713,0.865646495
6558,0.019281151,0.579525173,0.560244022
6559,0.003676203,0.82547164,0.821795437
6560,0.038936228,0.957878888,0.91894266
6561,0.086411148,0.393530756,0.307119608
6562,0.141438231,0.970498681,0.82906045
6563,0.003531649,0.055419158,0.051887509
6564,0.001006749,0.580079436,0.579072687
6565,0.100603759,0.971045315,0.870441556
6566,0.001234228,0.507150292,0.505916065
6567,0.027524117,0.113316886,0.085792769
6568,0.00037749,0.037449986,0.037072495
6569,0.028309353,0.907924533,0.87961518
6570,0.000140767,0.157530844,0.157390077
6571,0.032084387,0.675156951,0.643072564
6572,0.151390374,0.897271276,0.745880902
6573,0.0154249,0.014060089,-0.00136481
6574,0.001655011,0.372112662,0.370457651
6575,0.064724766,0.960608423,0.895883657
6576,0.003981898,0.554272115,0.550290218
6577,0.022643639,0.949793994,0.927150356
6578,0.001371972,0.337556988,0.336185016
6579,0.001133263,0.130827084,0.129693821
6580,0.017349247,0.808498323,0.791149076
6581,0.006713265,0.969183624,0.962470359
6582,0.104911856,0.856971622,0.752059765
6583,0.012766886,0.35104081,0.338273925
6584,0.002580867,0.903887868,0.901307001
6585,0.000836587,0.579621851,0.578785265
6586,0.000854403,0.469758213,0.468903809
6587,0.002294912,0.139494255,0.137199343
6588,0.011083727,0.818084955,0.807001228
6589,0.690617263,0.997849464,0.307232201
6590,0.006853147,0.239679083,0.232825936
6591,0.002918463,0.262311518,0.259393055
6592,0.002224174,0.256882071,0.254657897
6593,0.046887349,0.839707494,0.792820144
6594,0.005792055,0.84090519,0.835113134
6595,0.003374343,0.778366745,0.774992402
6596,0.008459239,0.134134561,0.125675322
6597,0.001735926,0.797340274,0.795604348
6598,0.004977239,0.598848045,0.593870806
6599,0.021050246,0.948346436,0.92729619
6600,0.001684413,0.096239187,0.094554774
6601,0.003123773,0.699301064,0.696177291
6602,0.130655333,0.558647394,0.427992061
6603,0.011102831,0.834391296,0.823288465
6604,0.00893836,0.803201318,0.794262958
6605,0.007991351,0.776520789,0.768529437
6606,0.030862054,0.911804914,0.880942861
6607,0.017137999,0.608442605,0.591304606
6608,0.000739108,0.212939873,0.212200766
6609,0.003768177,0.634939194,0.631171017
6610,0.002758325,0.598983049,0.596224724
6611,0.0161139,0.860246539,0.844132639
6612,0.005262155,0.463242769,0.457980614
6613,0.001498801,0.642430067,0.640931266
6614,0.00078071,0.041293234,0.040512523
6615,0.009994803,0.874858618,0.864863815
6616,0.000582303,0.109627083,0.10904478
6617,0.011389068,0.620894194,0.609505125
6618,0.014462954,0.813549638,0.799086683
6619,0.066590391,0.968106508,0.901516117
6620,0.003684648,0.654105365,0.650420717
6621,0.016354881,0.368766755,0.352411874
6622,0.452132583,0.993231654,0.541099072
6623,0.032733563,0.950101018,0.917367455
6624,0.312698811,0.990520477,0.677821666
6625,0.005768125,0.667071164,0.661303039
6626,0.001592385,0.594007671,0.592415285
6627,0.001326525,0.678435147,0.677108622
6628,0.005850715,0.906726778,0.900876063
6629,0.010456645,0.772713304,0.762256659
6630,0.032263979,0.89095974,0.85869576
6631,0.009737268,0.892163634,0.882426366
6632,0.28099674,0.990107656,0.709110916
6633,0.061522797,0.956263661,0.894740865
6634,0.006130281,0.927689791,0.92155951
6635,0.013808495,0.96001035,0.946201854
6636,0.007076744,0.792542636,0.785465893
6637,0.0015185,0.566433728,0.564915228
6638,0.037799269,0.990378261,0.952578992
6639,0.038264394,0.995473683,0.957209289
6640,0.377592951,0.994756222,0.617163271
6641,0.003281317,0.689680815,0.686399498
6642,0.140727431,0.619125485,0.478398055
6643,0.001078901,0.211615637,0.210536736
6644,0.061968412,0.587379694,0.525411282
6645,0.059758808,0.904352069,0.84459326
6646,0.009648344,0.072528809,0.062880465
6647,0.001226474,0.098170556,0.096944083
6648,0.000568907,0.302906215,0.302337308
6649,0.016124623,0.908793151,0.892668528
6650,0.002723634,0.702959836,0.700236202
6651,0.00788332,0.626003802,0.618120482
6652,0.000499225,0.430268466,0.429769242
6653,0.002630651,0.846427441,0.84379679
6654,0.08653643,0.980430245,0.893893816
6655,0.18486844,0.51284647,0.32797803
6656,0.000125555,0.002442515,0.00231696
6657,0.001692071,0.858146429,0.856454359
6658,0.021360554,0.978491187,0.957130633
6659,0.101521745,0.960833967,0.859312221
6660,0.005868045,0.904357135,0.898489091
6661,0.021687089,0.891984761,0.870297672
6662,0.043358006,0.972953975,0.92959597
6663,0.036636248,0.881664157,0.845027909
6664,0.001550449,0.882972598,0.881422149
6665,0.000226124,0.039365757,0.039139633
6666,0.026983347,0.964993238,0.938009892
6667,0.008750515,0.933533609,0.924783094
6668,0.01958351,0.771820188,0.752236677
6669,0.040828966,0.6403054,0.599476434
6670,0.01777453,0.93144381,0.913669281
6671,0.023372833,0.927081704,0.903708871
6672,0.004363565,0.660345793,0.655982228
6673,0.027245568,0.638920784,0.611675216
6674,0.005856056,0.252473295,0.246617239
6675,0.005401715,0.481435239,0.476033524
6676,0.019991484,0.694180191,0.674188707
6677,0.226267651,0.984568715,0.758301064
6678,0.509645045,0.996867716,0.487222672
6679,0.030631097,0.83187151,0.801240413
6680,0.000729104,0.221690923,0.220961819
6681,0.001807898,0.745076478,0.743268579
6682,0.156135082,0.978048444,0.821913362
6683,0.031882826,0.92203033,0.890147503
6684,0.000259525,0.173991919,0.173732394
6685,0.006990513,0.683704495,0.676713983
6686,0.001778425,0.413722336,0.411943911
6687,0.057525065,0.954274476,0.896749411
6688,0.004594204,0.641914606,0.637320403
6689,0.015285829,0.939493716,0.924207887
6690,0.002005479,0.007395939,0.00539046
6691,0.004145252,0.154015809,0.149870558
6692,0.005456523,0.597759187,0.592302664
6693,0.000436732,0.177169457,0.176732725
6694,0.051101234,0.943454623,0.892353389
6695,0.004305651,0.27815184,0.273846189
6696,0.008647501,0.783144772,0.774497272
6697,0.00145456,0.769230366,0.767775806
6698,0.000872609,0.01758302,0.016710411
6699,0.009661645,0.743219495,0.73355785
6700,0.256802708,0.991511643,0.734708935
6701,0.001602678,0.435176849,0.433574172
6702,0.02606388,0.97639662,0.95033274
6703,0.001518802,0.890974224,0.889455422
6704,0.0485828,0.908015251,0.859432451
6705,0.000693578,0.316065788,0.31537221
6706,0.004892091,0.579190969,0.574298879
6707,0.000449478,0.456137121,0.455687642
6708,0.011895254,0.439773619,0.427878365
6709,0.149105296,0.990280092,0.841174796
6710,0.002016656,0.790660083,0.788643428
6711,0.096118242,0.980104327,0.883986086
6712,0.014911574,0.717790484,0.70287891
6713,0.011318022,0.8845433,0.873225277
6714,0.030710822,0.90118283,0.870472008
6715,0.000696577,0.431780756,0.431084179
6716,0.004785803,0.866701126,0.861915323
6717,0.0155625,0.937312365,0.921749865
6718,0.007715664,0.862200379,0.854484715
6719,0.000887827,0.453062236,0.452174409
6720,0.051237706,0.902516544,0.851278838
6721,0.002122874,0.645250618,0.643127744
6722,0.024637373,0.911874413,0.88723704
6723,0.001976768,0.60822016,0.606243392
6724,0.020730125,0.881780863,0.861050738
6725,0.001480188,0.02289862,0.021418432
6726,0.023288995,0.900093615,0.87680462
6727,0.004046048,0.455737591,0.451691543
6728,0.000978951,0.388034701,0.387055751
6729,0.004541617,0.879394531,0.874852914
6730,0.017270984,0.445601612,0.428330628
6731,0.003642446,0.106028207,0.102385761
6732,0.018113717,0.867342591,0.849228874
6733,0.00206812,0.321604252,0.319536132
6734,0.014165539,0.974996686,0.960831147
6735,0.000838709,0.561682343,0.560843634
6736,0.012467688,0.571998775,0.559531087
6737,0.052928612,0.948616028,0.895687416
6738,0.097107366,0.980185151,0.883077785
6739,0.01538853,0.860306144,0.844917614
6740,0.004967291,0.879552901,0.87458561
6741,0.001892675,0.682808995,0.68091632
6742,0.000993618,0.352817804,0.351824186
6743,0.002807788,0.03151565,0.028707863
6744,0.075358704,0.949752927,0.874394223
6745,0.000539076,0.030037438,0.029498363
6746,0.003232197,0.595161438,0.591929241
6747,0.003076592,0.022204543,0.01912795
6748,0.035598971,0.979053199,0.943454228
6749,0.017696369,0.970235229,0.952538859
6750,0.011048622,0.249932051,0.238883428
6751,0.005818731,0.938688874,0.932870143
6752,0.010439607,0.42678678,0.416347173
6753,0.001182763,0.698785007,0.697602244
6754,0.001686466,0.469846278,0.468159813
6755,0.000406108,0.005767064,0.005360956
6756,0.037608385,0.972325861,0.934717476
6757,0.026188042,0.582164884,0.555976842
6758,0.022877004,0.904483736,0.881606732
6759,0.288338691,0.999258935,0.710920244
6760,0.015224617,0.842237353,0.827012736
6761,0.004264754,0.194170088,0.189905334
6762,0.000680947,0.384869039,0.384188092
6763,0.373250246,0.974199951,0.600949705
6764,0.007602242,0.950771689,0.943169447
6765,0.006432096,0.630171597,0.623739501
6766,0.00481573,0.765469134,0.760653404
6767,0.006370313,0.477072597,0.470702284
6768,0.009893467,0.697216511,0.687323044
6769,0.006040564,0.565293491,0.559252927
6770,0.005300364,0.949112654,0.94381229
6771,0.016157495,0.869379163,0.853221668
6772,0.015915016,0.411237478,0.395322463
6773,0.004208244,0.88331455,0.879106306
6774,0.017457226,0.95194155,0.934484323
6775,0.001073216,0.703001916,0.701928701
6776,0.103621818,0.915675223,0.812053405
6777,0.040403098,0.975755632,0.935352534
6778,0.002577225,0.252596974,0.25001975
6779,0.001074627,0.32002607,0.318951443
6780,0.004459425,0.820952475,0.81649305
6781,0.288128614,0.989648819,0.701520205
6782,0.12778002,0.94062072,0.8128407
6783,0.00141192,0.807662785,0.806250865
6784,0.219766736,0.978083789,0.758317053
6785,0.00781398,0.917266965,0.909452985
6786,0.034609191,0.867235601,0.83262641
6787,0.109116666,0.97327888,0.864162214
6788,0.002390323,0.349259913,0.34686959
6789,0.00591154,0.908502638,0.902591098
6790,0.015744535,0.698366642,0.682622107
6791,0.006132056,0.646923423,0.640791366
6792,0.006853261,0.676636219,0.669782958
6793,0.054145712,0.920795262,0.866649549
6794,0.004380011,0.922541678,0.918161667
6795,0.195309624,0.923691928,0.728382304
6796,0.007456231,0.235888556,0.228432324
6797,0.303058714,0.987610996,0.684552282
6798,0.002474819,0.782651484,0.780176665
6799,0.007285804,0.92659235,0.919306546
6800,0.001412014,0.009869338,0.008457324
6801,0.003897321,0.887156248,0.883258927
6802,0.009162941,0.83857131,0.829408369
6803,0.052020621,0.885725141,0.83370452
6804,0.434422463,0.997399688,0.562977225
6805,0.000195936,0.060346834,0.060150898
6806,0.000895933,0.394346237,0.393450304
6807,0.007223012,0.901223123,0.894000111
6808,0.007298921,0.819176972,0.811878051
6809,0.007203255,0.868792057,0.861588802
6810,0.041545253,0.103679523,0.06213427
6811,0.037796237,0.98939383,0.951597594
6812,0.013198716,0.620522797,0.607324081
6813,0.374776185,0.991654277,0.616878092
6814,0.093369275,0.979990363,0.886621088
6815,0.018571867,0.968050659,0.949478792
6816,0.000790145,0.251898199,0.251108054
6817,0.02090811,0.857089579,0.836181469
6818,0.068395115,0.987925291,0.919530176
6819,0.007960345,0.633667707,0.625707363
6820,0.035839152,0.740408123,0.704568971
6821,0.000484513,0.154686168,0.154201655
6822,0.000685295,0.794759154,0.794073859
6823,0.344127119,0.990726471,0.646599352
6824,0.013426494,0.884713113,0.871286619
6825,0.001107164,0.478905112,0.477797947
6826,0.009500769,0.907597303,0.898096534
6827,0.033109661,0.952889025,0.919779364
6828,0.007642159,0.926497757,0.918855598
6829,0.000499237,0.397505194,0.397005957
6830,0.00712528,0.85898906,0.85186378
6831,0.005130467,0.052081887,0.04695142
6832,0.018210152,0.910264313,0.892054161
6833,0.352831066,0.988033056,0.635201991
6834,0.031244796,0.883571267,0.852326471
6835,0.000741617,0.452894151,0.452152534
6836,0.068408601,0.96457082,0.896162219
6837,0.031236885,0.932366967,0.901130082
6838,0.004483663,0.85235852,0.847874857
6839,0.000730402,0.638657033,0.637926631
6840,0.004972401,0.855778098,0.850805697
6841,0.008453554,0.073468514,0.06501496
6842,0.015428767,0.25039199,0.234963223
6843,0.004168666,0.742945373,0.738776707
6844,0.009947698,0.906972706,0.897025009
6845,0.346525311,0.994036198,0.647510886
6846,0.007353041,0.205571726,0.198218685
6847,0.010076455,0.499229938,0.489153483
6848,0.003935847,0.477716893,0.473781046
6849,0.10703326,0.960254192,0.853220932
6850,0.014073629,0.525824726,0.511751097
6851,0.00829869,0.660655677,0.652356987
6852,0.032527804,0.90814501,0.875617206
6853,0.05480535,0.3096264,0.254821051
6854,0.117534712,0.986717582,0.86918287
6855,0.005786813,0.821106851,0.815320038
6856,0.003062812,0.6958884,0.692825588
6857,0.010034258,0.97577697,0.965742712
6858,0.005048774,0.862191439,0.857142665
6859,0.634226978,0.998884618,0.36465764
6860,0.045066807,0.97770375,0.932636943
6861,0.000601808,0.121664293,0.121062485
6862,0.014659197,0.764511108,0.749851911
6863,0.079992197,0.99094069,0.910948493
6864,0.00536625,0.467745394,0.462379144
6865,0.012396073,0.871635139,0.859239066
6866,0.023158966,0.971068025,0.947909059
6867,0.001998933,0.494007945,0.492009012
6868,0.004291721,0.690746725,0.686455003
6869,0.030500168,0.94476223,0.914262062
6870,0.010178305,0.892505825,0.882327519
6871,0.174488336,0.886512935,0.712024599
6872,0.000506177,0.082323223,0.081817046
6873,0.011622964,0.7954247,0.783801735
6874,0.002670859,0.527730167,0.525059308
6875,0.002583232,0.114050195,0.111466962
6876,0.009980145,0.869199157,0.859219012
6877,0.002021608,0.796187818,0.79416621
6878,0.344977707,0.989931107,0.6449534
6879,0.009080299,0.915539503,0.906459204
6880,0.007244524,0.780341566,0.773097042
6881,0.007743049,0.832923412,0.825180363
6882,0.020961473,0.92048502,0.899523547
6883,0.005482883,0.672932446,0.667449563
6884,0.004681584,0.037043519,0.032361935
6885,0.264109552,0.974092364,0.709982812
6886,0.151928574,0.977899432,0.825970858
6887,0.007553626,0.345742881,0.338189255
6888,0.004492301,0.357024372,0.352532071
6889,0.015688702,0.564241648,0.548552945
6890,0.00914972,0.742543161,0.733393441
6891,0.056215521,0.671453238,0.615237717
6892,0.022085933,0.939756513,0.91767058
6893,0.011362223,0.984336495,0.972974272
6894,0.016717194,0.409771383,0.393054189
6895,0.003102939,0.391047895,0.387944956
6896,0.032787926,0.964199305,0.931411378
6897,0.185318545,0.991694987,0.806376442
6898,0.019669369,0.641368926,0.621699557
6899,0.026579916,0.334076941,0.307497025
6900,0.016567443,0.811965168,0.795397725
6901,0.013568746,0.78611064,0.772541894
6902,0.001891155,0.752404809,0.750513654
6903,0.00516827,0.006069577,0.000901307
6904,0.008697881,0.887245238,0.878547356
6905,0.017051904,0.68347609,0.666424187
6906,0.029388959,0.869396985,0.840008026
6907,0.092530459,0.96223259,0.869702131
6908,0.003865419,0.755074501,0.751209082
6909,0.065205418,0.914345086,0.849139668
6910,0.114038154,0.994407177,0.880369022
6911,0.033046287,0.933662176,0.90061589
6912,0.03188584,0.373198122,0.341312282
6913,0.171762139,0.918691993,0.746929854
6914,0.519660592,0.988725722,0.46906513
6915,0.002889042,0.157451525,0.154562483
6916,0.00210413,0.356537282,0.354433153
6917,0.049439061,0.725852668,0.676413607
6918,0.009564484,0.795761228,0.786196743
6919,0.02938338,0.831376731,0.801993351
6920,0.183999404,0.978449225,0.794449821
6921,0.018087666,0.687613368,0.669525702
6922,0.004837782,0.417984039,0.413146257
6923,0.042830132,0.772774398,0.729944266
6924,0.015209484,0.888494015,0.873284531
6925,0.000617293,0.448186189,0.447568896
6926,0.019672753,0.697378814,0.677706061
6927,0.034116317,0.90667069,0.872554373
6928,0.003843886,0.890486002,0.886642116
6929,0.002344095,0.642671227,0.640327133
6930,0.099287637,0.991590619,0.892302983
6931,0.000252406,0.109876998,0.109624591
6932,0.016978743,0.91286701,0.895888267
6933,0.002314601,0.266220987,0.263906386
6934,0.01016306,0.787688375,0.777525314
6935,0.015450889,0.906946838,0.891495949
6936,0.101324014,0.985677481,0.884353466
6937,0.021042002,0.878973722,0.85793172
6938,0.053842932,0.910569906,0.856726974
6939,0.022642713,0.776502311,0.753859598
6940,0.00527949,0.802855015,0.797575525
6941,0.010547882,0.841546953,0.830999071
6942,0.003342948,0.654320776,0.650977828
6943,0.03821126,0.15826267,0.12005141
6944,0.00475659,0.797765672,0.793009082
6945,0.042630892,0.970322967,0.927692074
6946,0.002496018,0.6145854,0.612089382
6947,0.00225415,0.684237182,0.681983032
6948,0.000810945,0.044947118,0.044136173
6949,0.003565063,0.551164746,0.547599684
6950,0.004288343,0.785196662,0.780908319
6951,0.015978819,0.953004301,0.937025482
6952,0.003156468,0.817031205,0.813874737
6953,0.088464208,0.984304726,0.895840518
6954,0.007979151,0.954791784,0.946812633
6955,0.530826092,0.993053496,0.462227404
6956,0.371730298,0.989726126,0.617995828
6957,0.001320515,0.371746898,0.370426383
6958,0.004532666,0.663010597,0.658477931
6959,0.005782581,0.816223502,0.810440921
6960,0.010663049,0.654651344,0.643988295
6961,0.150587499,0.985096633,0.834509134
6962,0.001458591,0.480219752,0.478761161
6963,0.004132508,0.860107005,0.855974496
6964,0.00116191,0.101371177,0.100209267
6965,0.0219854,0.2335601,0.2115747
6966,0.089570455,0.985783577,0.896213122
6967,0.002608895,0.654506207,0.651897311
6968,0.001260902,0.396118045,0.394857143
6969,0.005639293,0.499868184,0.494228892
6970,0.072229415,0.959983766,0.887754351
6971,0.006246434,0.802199125,0.795952691
6972,0.022288274,0.918442845,0.896154571
6973,0.133633211,0.989726841,0.85609363
6974,0.02746438,0.941160023,0.913695643
6975,0.002856167,0.565046668,0.562190501
6976,0.000478812,0.181255057,0.180776245
6977,0.480967045,0.983922362,0.502955317
6978,0.002017052,0.575796723,0.573779671
6979,0.005873067,0.871305943,0.865432876
6980,0.001955995,0.522545815,0.52058982
6981,0.022020504,0.944139421,0.922118917
6982,0.026948577,0.893616498,0.866667921
6983,0.029271217,0.981550336,0.952279119
6984,0.005396087,0.459045857,0.45364977
6985,0.014063152,0.896744311,0.882681159
6986,0.070224851,0.914998591,0.84477374
6987,0.064707577,0.76346308,0.698755503
6988,0.008988083,0.863059103,0.85407102
6989,0.004813472,0.734054625,0.729241153
6990,0.002591761,0.751953959,0.749362199
6991,0.01617031,0.829589725,0.813419415
6992,0.011897749,0.461691529,0.449793779
6993,0.000426128,0.210544035,0.210117907
6994,0.004577891,0.87337774,0.868799849
6995,0.638969421,0.993703067,0.354733646
6996,0.020656742,0.086318851,0.065662108
6997,0.065449066,0.895255566,0.829806499
6998,0.025591312,0.929182947,0.903591635
6999,0.062822267,0.982913017,0.92009075
7000,0.123813391,0.982866943,0.859053552
7001,0.277514607,0.940675557,0.66316095
7002,0.014037997,0.785386443,0.771348446
7003,0.015701883,0.934443116,0.918741234
7004,0.000252711,0.095364541,0.09511183
7005,0.002066649,0.045993045,0.043926396
7006,0.018245375,0.908050358,0.889804984
7007,0.004485148,0.598859727,0.59437458
7008,0.001686368,0.86546129,0.863774922
7009,0.021150943,0.819336176,0.798185233
7010,0.02349478,0.962775409,0.939280629
7011,0.040701739,0.885616004,0.844914265
7012,0.007187599,0.815261662,0.808074063
7013,0.042963613,0.905543983,0.86258037
7014,0.012144047,0.736999273,0.724855226
7015,0.00275351,0.758243322,0.755489812
7016,0.024043158,0.33653307,0.312489912
7017,0.008705458,0.660646737,0.651941279
7018,0.000694128,0.007937367,0.007243239
7019,0.026719946,0.979482889,0.952762943
7020,0.047459446,0.983532786,0.93607334
7021,0.001522957,0.266520619,0.264997663
7022,0.705449879,0.994392216,0.288942337
7023,0.003398172,0.747953355,0.744555183
7024,0.046100181,0.976073503,0.929973323
7025,0.03706478,0.928096056,0.891031276
7026,0.001512339,0.765703201,0.764190862
7027,0.001551289,0.08268556,0.081134271
7028,0.017043529,0.930559516,0.913515987
7029,0.004688616,0.729295909,0.724607293
7030,0.015221823,0.913384974,0.898163151
7031,0.01112301,0.427273422,0.416150413
7032,0.000623185,0.413608074,0.412984889
7033,0.005762312,0.535799205,0.530036894
7034,0.136104584,0.98738122,0.851276636
7035,0.03766812,0.957361698,0.919693578
7036,0.03356532,0.985940456,0.952375136
7037,0.001802327,0.026322195,0.024519868
7038,0.214172602,0.9863289,0.772156298
7039,0.007837863,0.252020091,0.244182228
7040,0.1482241,0.994546294,0.846322194
7041,0.013510099,0.853044868,0.839534769
7042,0.062969662,0.938848555,0.875878893
7043,0.006169714,0.58044064,0.574270926
7044,0.034839753,0.961732209,0.926892456
7045,0.05932473,0.98545444,0.92612971
7046,0.001038786,0.682531655,0.681492868
7047,0.001154792,0.134121433,0.132966641
7048,0.089703754,0.917372048,0.827668294
7049,0.000443207,0.018983256,0.018540049
7050,0.000160607,0.047922269,0.047761662
7051,0.0350972,0.181988552,0.146891352
7052,0.041187655,0.841165423,0.799977768
7053,0.062352985,0.967935026,0.905582041
7054,0.043648563,0.917310953,0.87366239
7055,0.001372349,0.555651724,0.554279375
7056,0.014646647,0.783109665,0.768463017
7057,0.000680167,0.390397757,0.38971759
7058,0.018697355,0.946460903,0.927763548
7059,0.029178239,0.539582729,0.51040449
7060,0.001810599,0.471586913,0.469776314
7061,0.015115039,0.101478152,0.086363113
7062,0.152266607,0.971783042,0.819516435
7063,0.001958115,0.412112296,0.41015418
7064,0.012594617,0.088776097,0.07618148
7065,0.00107943,0.339260548,0.338181118
7066,0.01779096,0.809210062,0.791419102
7067,0.007052256,0.694551945,0.687499689
7068,0.001441386,0.545044601,0.543603215
7069,0.012714105,0.840729177,0.828015072
7070,0.046186008,0.962908328,0.91672232
7071,0.069191106,0.962691605,0.893500499
7072,0.032209188,0.978109896,0.945900708
7073,0.004322122,0.948794365,0.944472243
7074,0.002898474,0.290747017,0.287848543
7075,0.130590677,0.850215077,0.7196244
7076,0.001161335,0.774844885,0.77368355
7077,0.055144873,0.923433125,0.868288253
7078,0.01620944,0.725382149,0.709172709
7079,0.002170127,0.866280913,0.864110786
7080,0.01548776,0.750734329,0.735246569
7081,0.002845782,0.729744196,0.726898414
7082,0.008294147,0.912911534,0.904617387
7083,0.009654857,0.963784993,0.954130135
7084,0.00103303,0.288872123,0.287839093
7085,0.019997437,0.935691357,0.91569392
7086,0.037067842,0.958595753,0.921527911
7087,0.001960909,0.554893136,0.552932227
7088,0.006002531,0.045113966,0.039111434
7089,0.032176606,0.93461138,0.902434774
7090,0.002581619,0.710647464,0.708065845
7091,0.006050902,0.811659336,0.805608434
7092,0.008671693,0.931613445,0.922941753
7093,0.054545794,0.881335735,0.826789942
7094,0.004155839,0.914054275,0.909898435
7095,0.002640473,0.700756788,0.698116315
7096,0.002486367,0.550892651,0.548406284
7097,0.161055952,0.33152613,0.170470178
7098,0.074155904,0.971429765,0.897273861
7099,0.055180259,0.93663919,0.881458931
7100,0.005885358,0.496323675,0.490438317
7101,0.018151045,0.94583565,0.927684605
7102,0.018962543,0.790068924,0.771106381
7103,0.010383472,0.006507028,-0.003876443
7104,0.009834182,0.922214389,0.912380206
7105,0.094300501,0.971135139,0.876834638
7106,0.00488237,0.822608531,0.817726161
7107,0.005399914,0.021034302,0.015634388
7108,0.005637421,0.263193965,0.257556544
7109,0.029590731,0.963460088,0.933869356
7110,0.21369718,0.987124205,0.773427024
7111,0.006159256,0.639401257,0.633242001
7112,0.04279533,0.708183765,0.665388435
7113,0.09696202,0.982989609,0.886027589
7114,0.016526703,0.838782012,0.82225531
7115,0.158163428,0.974072039,0.815908611
7116,0.009340032,0.896275699,0.886935667
7117,0.008179571,0.814288199,0.806108628
7118,0.047240309,0.853342474,0.806102164
7119,0.061003897,0.984649599,0.923645701
7120,0.032737248,0.917260647,0.884523399
7121,0.042383261,0.958138049,0.915754788
7122,0.037486892,0.927108884,0.889621992
7123,0.024181178,0.956910551,0.932729373
7124,0.013033758,0.688472271,0.675438513
7125,0.027236205,0.545748532,0.518512327
7126,0.001888292,0.544086158,0.542197866
7127,0.025435107,0.942565203,0.917130096
7128,0.000508157,0.190297574,0.189789417
7129,0.040132832,0.928187847,0.888055015
7130,0.024274696,0.162031785,0.137757089
7131,0.001429903,0.114304975,0.112875071
7132,0.002812526,0.503297627,0.500485101
7133,0.011173294,0.069945008,0.058771714
7134,0.003666428,0.259625614,0.255959185
7135,0.018714406,0.401745766,0.383031361
7136,0.009722156,0.954599619,0.944877462
7137,0.02834001,0.899204552,0.870864542
7138,0.002497813,0.236704901,0.234207087
7139,0.000767129,0.292496264,0.291729135
7140,0.064817041,0.975196838,0.910379797
7141,0.058216974,0.887546897,0.829329923
7142,0.053675681,0.954438627,0.900762945
7143,0.000177157,0.021269428,0.021092271
7144,0.022042047,0.910167813,0.888125766
7145,0.006273763,0.913390458,0.907116694
7146,0.01396251,0.307480633,0.293518123
7147,0.005856328,0.952958524,0.947102196
7148,0.001851984,0.245863333,0.24401135
7149,0.004946795,0.926394641,0.921447846
7150,0.019157317,0.744552255,0.725394938
7151,0.000706344,0.319180071,0.318473728
7152,0.007980845,0.809170842,0.801189997
7153,0.002247519,0.410652697,0.408405178
7154,0.036054064,0.017805599,-0.018248465
7155,0.065137908,0.954350352,0.889212444
7156,0.009872348,0.675667882,0.665795534
7157,0.105357148,0.976322651,0.870965503
7158,0.012819223,0.923120141,0.910300918
7159,0.087417357,0.939844668,0.852427311
7160,0.005413546,0.441531003,0.436117457
7161,0.000332245,0.048505895,0.04817365
7162,0.013527261,0.931042075,0.917514814
7163,0.008211861,0.584893525,0.576681663
7164,0.003283003,0.557101429,0.553818426
7165,0.003009801,0.009333955,0.006324154
7166,0.003559817,0.38012141,0.376561593
7167,0.001123571,0.493084103,0.491960532
7168,0.000873844,0.471924871,0.471051027
7169,0.008628884,0.941300273,0.932671389
7170,0.214086011,0.615637898,0.401551887
7171,0.030032504,0.92200619,0.891973685
7172,0.000659873,0.558879256,0.558219383
7173,0.003826481,0.744394124,0.740567643
7174,0.023568077,0.76819396,0.744625883
7175,0.001187412,0.794952273,0.793764862
7176,0.00290259,0.717233121,0.714330531
7177,0.000960916,0.372797519,0.371836603
7178,0.061820015,0.134746552,0.072926536
7179,0.002217249,0.648653328,0.646436079
7180,0.057672739,0.920479059,0.86280632
7181,0.005355155,0.050735954,0.0453808
7182,0.004307246,0.77560097,0.771293724
7183,0.004523428,0.826545298,0.82202187
7184,0.001228303,0.466720462,0.465492158
7185,0.010249211,0.655292511,0.6450433
7186,0.003344925,0.660281122,0.656936196
7187,0.009224367,0.932144225,0.922919857
7188,0.000770206,0.052621733,0.051851528
7189,0.016199902,0.873454034,0.857254133
7190,0.012693968,0.832539678,0.81984571
7191,0.009725748,0.746638238,0.736912491
7192,0.029250914,0.687390029,0.658139115
7193,0.000724197,0.497634679,0.496910482
7194,0.026654435,0.923279583,0.896625148
7195,0.010418418,0.671302736,0.660884318
7196,0.14689225,0.95963639,0.812744141
7197,0.010293444,0.871537864,0.861244421
7198,0.002551546,0.875912964,0.873361419
7199,0.000124135,0.009581557,0.009457422
7200,0.002634255,0.401964068,0.399329814
7201,0.010991503,0.92053932,0.909547816
7202,0.059754249,0.979699314,0.919945065
7203,0.001431202,0.793633699,0.792202498
7204,0.019041317,0.659130931,0.640089614
7205,0.026803577,0.941767871,0.914964294
7206,0.003213576,0.586565852,0.583352276
7207,0.004382187,0.78842181,0.784039623
7208,0.015736688,0.899048388,0.8833117
7209,0.026771966,0.817828238,0.791056272
7210,0.000995436,0.635014534,0.634019098
7211,0.06257575,0.975845635,0.913269885
7212,0.002673209,0.201446757,0.198773547
7213,0.039693531,0.978257298,0.938563768
7214,0.021470267,0.626149416,0.604679149
7215,0.001905128,0.691871941,0.689966813
7216,0.011583317,0.791043639,0.779460322
7217,0.061797924,0.968935192,0.907137267
7218,0.812347233,0.907968462,0.095621228
7219,0.026756179,0.973587394,0.946831215
7220,0.025480643,0.44158119,0.416100547
7221,0.25168696,0.992769241,0.741082281
7222,0.00671172,0.517742276,0.511030556
7223,0.10288959,0.192099765,0.089210175
7224,0.003140634,0.51237601,0.509235376
7225,0.000368176,0.165328369,0.164960193
7226,0.001957,0.756877661,0.754920661
7227,0.009385255,0.791880906,0.78249565
7228,0.172043592,0.989922702,0.817879111
7229,0.101190276,0.45927918,0.358088903
7230,0.010349483,0.765381336,0.755031853
7231,0.000460389,0.014839901,0.014379511
7232,0.003036585,0.798842251,0.795805666
7233,0.025215808,0.721298695,0.696082886
7234,0.005357014,0.804757893,0.799400879
7235,0.01228821,0.721367717,0.709079507
7236,0.00220894,0.837929249,0.835720309
7237,0.086733587,0.919785559,0.833051972
7238,0.015388893,0.943196952,0.927808059
7239,0.00171518,0.430678308,0.428963128
7240,0.014622971,0.271282256,0.256659284
7241,0.008777051,0.882511199,0.873734147
7242,0.024172224,0.657838821,0.633666597
7243,0.022481961,0.779027164,0.756545203
7244,0.035076931,0.568612635,0.533535704
7245,0.002839358,0.45553866,0.452699302
7246,0.019634305,0.893516004,0.8738817
7247,0.000701009,0.140880957,0.140179948
7248,0.238021374,0.97916919,0.741147816
7249,0.013427465,0.948598802,0.935171337
7250,0.043214306,0.978385508,0.935171202
7251,0.00062916,0.09717869,0.09654953
7252,0.056774154,0.940946877,0.884172723
7253,0.198805556,0.99477452,0.795968965
7254,0.000876057,0.359364629,0.358488571
7255,0.032166794,0.942854106,0.910687312
7256,0.001124038,0.825827897,0.824703858
7257,0.011915629,0.844961345,0.833045716
7258,0.033631202,0.90250808,0.868876878
7259,0.269282073,0.987516284,0.718234211
7260,0.555443168,0.998506606,0.443063438
7261,7.20929E-05,0.055930011,0.055857918
7262,0.011792471,0.935198903,0.923406432
7263,0.015632734,0.767357409,0.751724675
7264,0.00495442,0.946927905,0.941973485
7265,0.006364041,0.784318745,0.777954704
7266,0.00275121,0.655834258,0.653083048
7267,0.010914989,0.683871031,0.672956042
7268,0.005965402,0.909293771,0.903328369
7269,0.012228108,0.937537253,0.925309145
7270,0.297803283,0.995895147,0.698091865
7271,0.016730789,0.947492838,0.930762049
7272,0.07891193,0.849370241,0.770458311
7273,0.000308532,0.117588259,0.117279728
7274,0.016450552,0.863463998,0.847013446
7275,0.001739256,0.378169537,0.376430281
7276,0.034886885,0.876933753,0.842046868
7277,0.002055126,0.801738977,0.799683851
7278,0.000584857,0.562379062,0.561794205
7279,0.006937876,0.959079921,0.952142045
7280,0.076141492,0.965536833,0.889395341
7281,0.20906657,0.988384366,0.779317796
7282,0.008190261,0.862515211,0.85432495
7283,0.019440219,0.883678198,0.864237979
7284,0.005777145,0.78576231,0.779985165
7285,0.11689838,0.975734174,0.858835794
7286,0.006723416,0.917878151,0.911154735
7287,0.029950738,0.714576364,0.684625626
7288,0.001269065,0.473729014,0.47245995
7289,0.000976668,0.742436826,0.741460158
7290,0.025047649,0.929781437,0.904733788
7291,0.003356036,0.402900994,0.399544958
7292,0.00039859,0.864122212,0.863723622
7293,0.016202858,0.819619,0.803416142
7294,0.003949191,0.724770725,0.720821533
7295,0.014257226,0.938519895,0.924262669
7296,0.008911686,0.451411813,0.442500127
7297,0.049475037,0.895348251,0.845873214
7298,0.003367747,0.839318395,0.835950648
7299,0.002975328,0.360353321,0.357377992
7300,0.00251005,0.543542087,0.541032037
7301,0.015321419,0.827149868,0.811828449
7302,0.009784911,0.105453186,0.095668275
7303,0.005568306,0.478002846,0.47243454
7304,0.014679371,0.139074951,0.12439558
7305,0.017388998,0.952019215,0.934630217
7306,0.0068984,0.64707011,0.640171709
7307,0.002970129,0.606387496,0.603417367
7308,0.015562586,0.792436242,0.776873657
7309,0.001839387,0.8056283,0.803788913
7310,0.010489695,0.854399264,0.843909569
7311,0.027851017,0.798841238,0.770990221
7312,0.009379595,0.165555269,0.156175674
7313,0.002284439,0.747174025,0.744889585
7314,0.005550849,0.449613214,0.444062365
7315,0.157756448,0.577782393,0.420025945
7316,0.878743351,0.941147447,0.062404096
7317,0.038965166,0.948405445,0.909440279
7318,0.027083727,0.951814651,0.924730925
7319,0.08909227,0.960597634,0.871505365
7320,0.018997476,0.943543971,0.924546495
7321,0.229409978,0.986411929,0.757001951
7322,0.009563649,0.962725639,0.95316199
7323,0.090851724,0.963719964,0.87286824
7324,0.057838522,0.881593883,0.823755361
7325,0.016156275,0.294098258,0.277941983
7326,0.01530931,0.902898431,0.887589121
7327,0.00566118,0.893728793,0.888067612
7328,0.004843088,0.883369267,0.878526179
7329,0.037612572,0.957787693,0.92017512
7330,0.04687164,0.870343566,0.823471926
7331,0.011170908,0.666647732,0.655476824
7332,0.000386517,0.455321759,0.454935242
7333,5.57496E-05,0.022323953,0.022268203
7334,0.1068215,0.942747533,0.835926034
7335,0.009207787,0.905347228,0.896139441
7336,0.000534507,0.714824438,0.714289931
7337,0.346727341,0.993924677,0.647197336
7338,0.130509555,0.919751048,0.789241493
7339,0.004211079,0.205382049,0.20117097
7340,0.00913483,0.96394223,0.9548074
7341,0.014501475,0.912753284,0.898251809
7342,0.125680521,0.940368176,0.814687654
7343,0.010688473,0.822536707,0.811848234
7344,0.003970914,0.414058536,0.410087623
7345,0.0248006,0.93821758,0.91341698
7346,0.017234651,0.101254195,0.084019544
7347,0.003497825,0.655353665,0.651855841
7348,0.000734357,0.607503295,0.606768938
7349,0.045530397,0.908523262,0.862992864
7350,0.003696111,0.029943885,0.026247775
7351,0.044412933,0.659161806,0.614748873
7352,0.025890427,0.854305625,0.828415198
7353,0.021747932,0.651177406,0.629429474
7354,0.001471967,0.229962766,0.2284908
7355,0.049672332,0.98176688,0.932094548
7356,0.004070899,0.832615077,0.828544178
7357,0.002992526,0.518824995,0.515832468
7358,0.040897831,0.983667374,0.942769542
7359,0.387437582,0.997358978,0.609921396
7360,0.005366448,0.798172951,0.792806502
7361,0.007354772,0.925946712,0.918591941
7362,0.003757641,0.744300485,0.740542844
7363,0.003389184,0.41980496,0.416415776
7364,0.016210368,0.97236824,0.956157872
7365,0.022805028,0.873813152,0.851008125
7366,0.073211201,0.984847486,0.911636285
7367,0.345039487,0.99336493,0.648325443
7368,0.007260179,0.882141471,0.874881292
7369,0.001427696,0.152970821,0.151543124
7370,0.049389966,0.256490648,0.207100682
7371,0.000799784,0.068696782,0.067896997
7372,0.030372281,0.893132269,0.862759989
7373,0.058588199,0.913594067,0.855005868
7374,0.002470319,0.195449889,0.19297957
7375,0.00986902,0.932300448,0.922431428
7376,0.412806422,0.992730319,0.579923898
7377,0.000427286,0.146210104,0.145782818
7378,0.005472969,0.884156585,0.878683615
7379,0.006836589,0.808462858,0.801626269
7380,0.001131828,0.158101693,0.156969865
7381,0.003466427,0.394992471,0.391526044
7382,0.017532237,0.896479607,0.87894737
7383,0.030294295,0.886366427,0.856072132
7384,0.164096266,0.847188175,0.683091909
7385,0.002861017,0.798310459,0.795449442
7386,0.027938388,0.930902183,0.902963795
7387,0.299850613,0.982828021,0.682977408
7388,0.147573814,0.992623687,0.845049873
7389,0.002494067,0.72360152,0.721107453
7390,0.261690438,0.985486984,0.723796546
7391,0.001455753,0.209040254,0.207584501
7392,0.000317102,0.014988185,0.014671083
7393,0.002831067,0.532792449,0.529961382
7394,0.011277765,0.926428974,0.915151209
7395,0.001316637,0.120992228,0.119675591
7396,0.001968425,0.744065046,0.742096621
7397,0.001968212,0.641132891,0.639164679
7398,0.011488421,0.784534156,0.773045735
7399,0.004123704,0.563596904,0.5594732
7400,0.000613589,0.229369164,0.228755574
7401,0.011627617,0.326289028,0.314661411
7402,0.046621095,0.962712824,0.916091729
7403,0.201122835,0.480058998,0.278936163
7404,0.00075853,0.077409327,0.076650797
7405,0.114473127,0.989800751,0.875327624
7406,0.004047682,0.907258153,0.903210471
7407,0.001465543,0.52530247,0.523836927
7408,0.002954975,0.015999272,0.013044298
7409,0.001366953,0.075546153,0.0741792
7410,0.000989984,0.172606662,0.171616678
7411,0.03342557,0.890528858,0.857103288
7412,0.010629218,0.481084466,0.470455248
7413,0.003044766,0.552950799,0.549906033
7414,0.0339792,0.873377919,0.839398719
7415,0.001342215,0.306717634,0.305375419
7416,0.018796816,0.797955513,0.779158697
7417,0.017464621,0.799258649,0.781794028
7418,0.000905907,0.100224242,0.099318335
7419,0.090646721,0.898453057,0.807806335
7420,0.001298435,0.357215732,0.355917297
7421,0.00050789,0.19610168,0.19559379
7422,0.014131372,0.834935129,0.820803757
7423,0.082147606,0.982811332,0.900663726
7424,0.020253517,0.897163033,0.876909517
7425,0.002543498,0.406945854,0.404402357
7426,0.050180703,0.929228842,0.879048139
7427,0.020810679,0.887583256,0.866772577
7428,0.037649136,0.963758171,0.926109035
7429,0.004980935,0.858569801,0.853588866
7430,0.004263088,0.866945505,0.862682417
7431,0.002496684,0.591905773,0.589409089
7432,0.031477086,0.919683993,0.888206907
7433,0.000801156,0.536687911,0.535886755
7434,0.025885172,0.78355515,0.757669978
7435,0.021443406,0.896037221,0.874593815
7436,0.029656416,0.844225705,0.814569289
7437,0.010402849,0.848329186,0.837926337
7438,0.006262601,0.085705936,0.079443335
7439,0.003284706,0.587043405,0.583758699
7440,0.0289807,0.979826152,0.950845452
7441,0.005593404,0.775025606,0.769432202
7442,0.003862122,0.286435306,0.282573184
7443,0.098111317,0.919579387,0.82146807
7444,0.050607912,0.839129508,0.788521595
7445,0.037745979,0.829680979,0.791935001
7446,0.40944472,0.995774329,0.586329609
7447,0.004699904,0.830545366,0.825845461
7448,0.002885798,0.684078753,0.681192955
7449,0.001332349,0.914393127,0.913060778
7450,0.000269195,0.092494071,0.092224875
7451,0.012433512,0.239441857,0.227008345
7452,0.003422294,0.920231164,0.916808869
7453,0.004484756,0.33564046,0.331155704
7454,0.000464808,0.822326541,0.821861733
7455,0.160707772,0.97903043,0.818322659
7456,0.00793692,0.618037641,0.610100721
7457,0.002393675,0.445605218,0.443211543
7458,0.01280141,0.881071508,0.868270098
7459,0.025741035,0.961273253,0.935532218
7460,0.010045821,0.814013362,0.803967541
7461,0.006274816,0.603930771,0.597655956
7462,0.000778566,0.679721057,0.678942491
7463,0.042509615,0.976608753,0.934099138
7464,0.043565694,0.935188293,0.891622599
7465,0.012332737,0.903479636,0.891146898
7466,0.012179948,0.743941247,0.731761299
7467,0.028259983,0.939014494,0.910754511
7468,0.004179144,0.850306332,0.846127188
7469,0.006403994,0.672100782,0.665696789
7470,0.461349398,0.986185014,0.524835616
7471,0.00184675,0.337434977,0.335588227
7472,0.00110053,0.05534073,0.0542402
7473,0.016056502,0.825569153,0.809512651
7474,0.000941753,0.053870253,0.0529285
7475,0.022399303,0.928304851,0.905905548
7476,0.007043147,0.573749065,0.566705919
7477,0.023938391,0.818378568,0.794440176
7478,0.021018947,0.793927193,0.772908246
7479,0.097605228,0.991167903,0.893562675
7480,0.00491861,0.968339145,0.963420535
7481,0.000453694,0.423407137,0.422953443
7482,0.120779879,0.977385998,0.856606118
7483,0.011072814,0.741029859,0.729957045
7484,0.00213178,0.163947955,0.161816175
7485,0.132696584,0.95652473,0.823828146
7486,0.02206354,0.933779061,0.911715521
7487,0.005501586,0.825657785,0.820156199
7488,0.012285161,0.953423381,0.94113822
7489,0.020822965,0.904110432,0.883287467
7490,0.002951317,0.897560656,0.894609339
7491,0.004794172,0.025520412,0.02072624
7492,0.048693374,0.308089584,0.25939621
7493,0.043983903,0.955559015,0.911575112
7494,0.021135552,0.956107199,0.934971647
7495,0.169305384,0.970809996,0.801504612
7496,0.006267321,0.721071601,0.71480428
7497,0.005630038,0.916259229,0.910629191
7498,0.02485639,0.672429919,0.647573529
7499,0.001830148,0.361435384,0.359605236
7500,0.001944602,0.760242939,0.758298337
7501,0.001405577,0.579285324,0.577879747
7502,0.038195375,0.945738852,0.907543477
7503,0.127981484,0.912911654,0.78493017
7504,0.002121171,0.823255897,0.821134726
7505,0.004779312,0.006077508,0.001298196
7506,0.000930292,0.279644996,0.278714704
7507,0.011267853,0.922457218,0.911189365
7508,0.043043002,0.97133261,0.928289607
7509,0.047616888,0.974590123,0.926973235
7510,0.092720695,0.977432132,0.884711437
7511,0.005724601,0.750606298,0.744881697
7512,0.000562989,0.005100027,0.004537038
7513,0.003232998,0.063786805,0.060553807
7514,0.004068947,0.914270043,0.910201096
7515,0.010436396,0.8362602,0.825823803
7516,0.081693277,0.975202262,0.893508986
7517,0.084214352,0.948018909,0.863804556
7518,0.003606561,0.101694599,0.098088038
7519,0.000205091,0.00319358,0.002988489
7520,0.007097671,0.670147836,0.663050165
7521,0.004190784,0.775859535,0.77166875
7522,0.021135073,0.882085204,0.860950131
7523,0.00054115,0.252068728,0.251527579
7524,0.011754052,0.671641111,0.65988706
7525,0.113816336,0.580111384,0.466295049
7526,0.011908242,0.21454969,0.202641448
7527,0.001025048,0.094384201,0.093359153
7528,0.053603534,0.173715606,0.120112073
7529,0.01318465,0.932291925,0.919107275
7530,0.040553354,0.971773684,0.93122033
7531,0.001450446,0.464859277,0.463408831
7532,0.029296545,0.562961638,0.533665093
7533,0.008618588,0.725309074,0.716690486
7534,0.004074586,0.699723423,0.695648837
7535,0.674357176,0.998698711,0.324341536
7536,0.027531676,0.883976042,0.856444366
7537,0.009529388,0.711860836,0.702331448
7538,0.021499578,0.313560158,0.29206058
7539,0.00074652,0.040562872,0.039816352
7540,0.027548712,0.730988503,0.703439791
7541,0.099299632,0.646508574,0.547208942
7542,0.008064078,0.598483324,0.590419246
7543,0.008037688,0.803126395,0.795088707
7544,0.129769668,0.874294996,0.744525328
7545,0.013696312,0.161889687,0.148193375
7546,0.387147337,0.970641613,0.583494276
7547,0.001424507,0.588395774,0.586971268
7548,0.142056331,0.972614467,0.830558136
7549,0.006171969,0.92889303,0.922721061
7550,0.00660926,0.718505263,0.711896003
7551,0.027343813,0.924903452,0.897559639
7552,0.002859169,0.733977914,0.731118745
7553,0.027485952,0.811899722,0.78441377
7554,0.004386708,0.904894352,0.900507644
7555,0.001712627,0.640407026,0.638694399
7556,0.024054505,0.787127793,0.763073288
7557,0.003003144,0.613641679,0.610638536
7558,0.014819747,0.844002724,0.829182977
7559,0.002552449,0.054331262,0.051778813
7560,0.021208158,0.838107228,0.816899071
7561,0.026694665,0.915136695,0.88844203
7562,0.015270592,0.808113158,0.792842566
7563,0.00851136,0.896486044,0.887974684
7564,0.139432311,0.86332047,0.723888159
7565,0.020448392,0.927983165,0.907534773
7566,0.17180784,0.958693564,0.786885723
7567,0.010461058,0.958066285,0.947605227
7568,0.000434426,0.223420843,0.222986417
7569,0.003995405,0.902467251,0.898471846
7570,0.01659359,0.955280662,0.938687071
7571,0.021838803,0.99213165,0.970292848
7572,0.002247861,0.901494086,0.899246225
7573,0.010010281,0.89695245,0.88694217
7574,0.004896223,0.67852962,0.673633398
7575,0.000845975,0.186355039,0.185509065
7576,0.080084912,0.869089007,0.789004095
7577,0.015946688,0.879119396,0.863172708
7578,0.013131784,0.262626261,0.249494476
7579,0.005198509,0.71765703,0.712458521
7580,0.011474064,0.941761017,0.930286953
7581,0.006622381,0.885905862,0.879283481
7582,0.002431933,0.677489042,0.675057109
7583,0.004227744,0.19601883,0.191791086
7584,0.063929841,0.094310716,0.030380875
7585,0.030142967,0.770394504,0.740251537
7586,0.037823182,0.973921537,0.936098356
7587,0.016490102,0.666852832,0.65036273
7588,0.002828745,0.82158941,0.818760666
7589,0.05907201,0.931558907,0.872486897
7590,0.002345807,0.291743577,0.28939777
7591,0.085556857,0.960564733,0.875007875
7592,0.00036176,0.103126943,0.102765183
7593,0.013546618,0.814795256,0.801248638
7594,0.012852666,0.954968452,0.942115786
7595,0.429842502,0.994119287,0.564276785
7596,0.004190048,0.846486628,0.84229658
7597,0.066510916,0.712770998,0.646260083
7598,0.014881458,0.983908474,0.969027016
7599,0.007250383,0.528546631,0.521296248
7600,0.054172289,0.969271183,0.915098894
7601,0.153223425,0.971141756,0.81791833
7602,0.004021275,0.849661946,0.845640671
7603,0.000703979,0.039623812,0.038919833
7604,0.012796921,0.314357907,0.301560986
7605,0.005114637,0.393766284,0.388651647
7606,0.226488158,0.974459112,0.747970954
7607,0.069503248,0.01355215,-0.055951098
7608,0.00462385,0.521981001,0.517357151
7609,0.012149144,0.763590813,0.751441669
7610,0.002496545,0.194146961,0.191650416
7611,0.001030762,0.576563597,0.575532835
7612,0.01124751,0.938177288,0.926929777
7613,0.005712627,0.718967199,0.713254573
7614,0.017522497,0.942285717,0.924763219
7615,0.002105171,0.577902079,0.575796908
7616,0.001314606,0.413850397,0.412535791
7617,0.019732883,0.968875229,0.949142346
7618,0.001217066,0.67626369,0.675046624
7619,0.012251312,0.849084914,0.836833602
7620,0.001361089,0.644796789,0.643435699
7621,0.020469233,0.976671696,0.956202462
7622,0.35621956,0.997392774,0.641173214
7623,0.000707028,0.603270948,0.60256392
7624,0.005522341,0.884549022,0.87902668
7625,0.009583484,0.612015545,0.602432061
7626,0.132309377,0.926004887,0.793695509
7627,0.001222221,0.424133301,0.42291108
7628,0.025496053,0.848870337,0.823374284
7629,0.074937314,0.974475682,0.899538368
7630,0.046447873,0.095351487,0.048903614
7631,0.002429336,0.912199616,0.90977028
7632,0.000651888,0.002367379,0.001715491
7633,0.002003254,0.153671727,0.151668472
7634,0.010300826,0.311722547,0.301421721
7635,0.023375332,0.870769978,0.847394645
7636,0.002532884,0.772260368,0.769727484
7637,0.001105041,0.370810211,0.36970517
7638,0.003573968,0.512448847,0.508874879
7639,0.001404984,0.380590022,0.379185037
7640,0.0027248,0.72923106,0.72650626
7641,0.003623901,0.312657475,0.309033575
7642,0.002396875,0.457162946,0.454766072
7643,0.003010168,0.028574804,0.025564636
7644,0.004517682,0.848911822,0.84439414
7645,0.030941054,0.770140529,0.739199474
7646,0.031466782,0.085234128,0.053767346
7647,0.003703651,0.772158623,0.768454971
7648,0.044109799,0.957768321,0.913658522
7649,0.005557945,0.115507379,0.109949435
7650,0.003246689,0.024607617,0.021360929
7651,0.001250401,0.039877262,0.038626861
7652,0.000243028,0.216569439,0.216326411
7653,0.005310812,0.81210041,0.806789598
7654,0.054982986,0.915254712,0.860271726
7655,0.000992413,0.437724948,0.436732535
7656,0.06696447,0.959051728,0.892087258
7657,0.003724691,0.289625674,0.285900984
7658,0.055491533,0.983710408,0.928218875
7659,0.003112778,0.822620213,0.819507435
7660,0.028584957,0.928898156,0.900313199
7661,0.008997577,0.058887582,0.049890005
7662,0.300704509,0.994717062,0.694012552
7663,0.000782861,0.02179724,0.021014379
7664,0.014120098,0.917533636,0.903413538
7665,0.009674145,0.961682022,0.952007877
7666,0.003908221,0.805648983,0.801740762
7667,0.00336657,0.239166349,0.23579978
7668,0.057504028,0.263923943,0.206419915
7669,0.098171733,0.765617669,0.667445935
7670,0.143668965,0.943398714,0.79972975
7671,0.039291605,0.922527075,0.883235469
7672,0.018369885,0.922725379,0.904355494
7673,0.108798899,0.992322743,0.883523844
7674,0.025785116,0.98231858,0.956533464
7675,0.012487406,0.352116108,0.339628702
7676,0.697252214,0.996455848,0.299203634
7677,0.07395035,0.957561672,0.883611321
7678,0.037396241,0.951968253,0.914572012
7679,0.004768687,0.045574907,0.04080622
7680,0.010246349,0.917524397,0.907278049
7681,0.001395338,0.838522196,0.837126857
7682,0.039473988,0.971712887,0.932238899
7683,0.006336675,0.094150938,0.087814263
7684,0.049235351,0.984048605,0.934813254
7685,0.011418464,0.012152592,0.000734128
7686,0.002438044,0.038522076,0.036084032
7687,0.025504844,0.877011597,0.851506753
7688,0.004440902,0.751366019,0.746925117
7689,0.159992263,0.982027233,0.82203497
7690,0.033554953,0.847778261,0.814223308
7691,0.008848927,0.797190964,0.788342037
7692,0.015351987,0.916309774,0.900957787
7693,0.041209072,0.92262429,0.881415218
7694,0.004690563,0.68580848,0.681117917
7695,0.000588614,0.018800909,0.018212295
7696,0.017003441,0.608120799,0.591117358
7697,0.004723531,0.577075481,0.57235195
7698,0.02014035,0.848882854,0.828742504
7699,0.012967676,0.8509624,0.837994725
7700,0.00278808,0.699674785,0.696886705
7701,0.002174813,0.437223017,0.435048204
7702,0.004547452,0.570153058,0.565605605
7703,0.013008582,0.113822542,0.10081396
7704,0.016066642,0.827506244,0.811439602
7705,0.009963523,0.889253557,0.879290034
7706,0.00762165,0.287020534,0.279398885
7707,0.271006733,0.993413627,0.722406894
7708,0.004943004,0.934831619,0.929888615
7709,0.209466755,0.990689278,0.781222522
7710,0.002519983,0.847762287,0.845242304
7711,0.045543,0.95863241,0.913089409
7712,0.002638022,0.819465101,0.816827079
7713,0.011933045,0.882768631,0.870835586
7714,0.008608798,0.825516462,0.816907665
7715,0.030216111,0.971115232,0.940899121
7716,0.044309959,0.938383579,0.89407362
7717,0.055129051,0.968919337,0.913790286
7718,0.045025419,0.258460522,0.213435102
7719,0.428690434,0.995678246,0.566987813
7720,0.007111988,0.962015986,0.954903999
7721,0.002563403,0.75634104,0.753777637
7722,0.002383841,0.636425912,0.634042071
7723,0.038054638,0.91106081,0.873006172
7724,0.311489046,0.986437261,0.674948215
7725,0.016192796,0.84942925,0.833236454
7726,0.043245491,0.974231899,0.930986408
7727,0.000588422,0.006352373,0.005763952
7728,0.004456181,0.509209216,0.504753035
7729,0.002913452,0.410420567,0.407507114
7730,0.002940284,0.420673341,0.417733056
7731,0.000396829,0.162638441,0.162241612
7732,0.000762623,0.06059815,0.059835527
7733,0.000924069,0.714731395,0.713807326
7734,0.008022498,0.773232758,0.76521026
7735,0.046705041,0.936441898,0.889736857
7736,0.105790921,0.855698228,0.749907307
7737,0.024743387,0.272143871,0.247400483
7738,0.00692908,0.008240243,0.001311163
7739,0.159914359,0.964122474,0.804208115
7740,0.092582986,0.979950905,0.887367919
7741,0.235589176,0.96617651,0.730587333
7742,0.034438737,0.892961323,0.858522587
7743,0.166427881,0.996243119,0.829815239
7744,0.006732731,0.91357857,0.906845839
7745,0.009459196,0.112144716,0.10268552
7746,0.000344446,0.064621635,0.064277188
7747,0.002534157,0.348626107,0.34609195
7748,0.183480263,0.951258481,0.767778218
7749,0.030708786,0.964993477,0.934284691
7750,0.003322802,0.498921752,0.49559895
7751,0.00123684,0.794491172,0.793254332
7752,0.026930515,0.931784928,0.904854413
7753,0.001148905,0.021741981,0.020593076
7754,0.008038114,0.822629333,0.814591219
7755,0.007107865,0.713469625,0.70636176
7756,0.002995204,0.145479903,0.142484698
7757,0.008551361,0.967523515,0.958972154
7758,0.39022252,0.979032278,0.588809758
7759,0.023018792,0.641398966,0.618380174
7760,0.014622505,0.940504611,0.925882106
7761,0.003215324,0.037757032,0.034541707
7762,0.260148406,0.995470524,0.735322118
7763,0.025316563,0.942933083,0.91761652
7764,0.176364273,0.973723114,0.797358841
7765,0.000125385,0.007269939,0.007144555
7766,0.000729774,0.776812792,0.776083018
7767,0.000610771,0.088359922,0.087749151
7768,0.006666471,0.825974941,0.81930847
7769,0.002949477,0.753053486,0.750104009
7770,0.00147194,0.426920444,0.425448504
7771,0.368164241,0.988749027,0.620584786
7772,0.000537372,0.619185746,0.618648374
7773,0.002631178,0.738164961,0.735533783
7774,0.095664665,0.956969917,0.861305252
7775,0.012475957,0.710692167,0.69821621
7776,0.001267602,0.285325885,0.284058283
7777,0.002887842,0.795847952,0.79296011
7778,0.00314036,0.899468124,0.896327764
7779,0.005177094,0.29755795,0.292380856
7780,0.255242258,0.98445338,0.729211122
7781,0.032673098,0.915147483,0.882474385
7782,0.433628052,0.990802884,0.557174832
7783,0.034632068,0.507122636,0.472490568
7784,0.022004141,0.975843906,0.953839766
7785,0.003615702,0.748176455,0.744560753
7786,0.001304337,0.110613964,0.109309627
7787,0.006492918,0.230668232,0.224175313
7788,0.471056402,0.983273745,0.512217343
7789,0.003428199,0.09877377,0.095345571
7790,0.00207125,0.867440701,0.86536945
7791,0.003883163,0.503918171,0.500035007
7792,0.00026804,0.109112576,0.108844536
7793,0.048057307,0.894092202,0.846034896
7794,0.0133823,0.582141936,0.568759636
7795,0.009436139,0.89142561,0.881989471
7796,0.019706961,0.777191818,0.757484857
7797,0.019174499,0.918522418,0.899347918
7798,0.095283225,0.979982376,0.884699151
7799,0.003938629,0.035076976,0.031138347
7800,0.178389609,0.987410843,0.809021235
7801,0.00235274,0.34912014,0.3467674
7802,0.038387168,0.865127802,0.826740634
7803,0.00283557,0.504809737,0.501974168
7804,0.009548051,0.787342489,0.777794437
7805,0.008075689,0.905184388,0.897108699
7806,0.038976036,0.872042298,0.833066262
7807,0.003927217,0.286679834,0.282752617
7808,0.042495396,0.962763786,0.92026839
7809,0.021185696,0.023957208,0.002771512
7810,0.011845204,0.688570678,0.676725474
7811,0.00292899,0.07879588,0.07586689
7812,0.013079843,0.954365432,0.941285589
7813,0.003411716,0.627585888,0.624174172
7814,0.000868158,0.12940298,0.128534822
7815,0.09195365,0.552979887,0.461026236
7816,0.001457887,0.777004242,0.775546355
7817,0.00508819,0.39566195,0.39057376
7818,0.001182819,0.769026279,0.767843461
7819,0.046365883,0.311363369,0.264997486
7820,0.001024879,0.323804766,0.322779887
7821,0.018855361,0.484506369,0.465651007
7822,0.552940488,0.998579144,0.445638657
7823,0.002163948,0.610478461,0.608314513
7824,0.146577001,0.97668606,0.83010906
7825,0.005616141,0.89717108,0.891554939
7826,0.014050608,0.894246221,0.880195613
7827,0.245925486,0.988621891,0.742696404
7828,0.009801011,0.913387477,0.903586467
7829,0.252668291,0.994192898,0.741524607
7830,0.033035357,0.914082766,0.881047409
7831,0.017554484,0.280026048,0.262471564
7832,0.01363969,0.476057708,0.462418018
7833,0.002448134,0.485199541,0.482751406
7834,0.017714309,0.61379379,0.596079482
7835,0.080122948,0.94384408,0.863721132
7836,0.004819259,0.473832369,0.46901311
7837,0.013086554,0.912572742,0.899486188
7838,0.014369735,0.818237782,0.803868046
7839,0.004271646,0.689547598,0.685275952
7840,0.000976704,0.054035779,0.053059075
7841,0.001084791,0.578024626,0.576939835
7842,0.005859891,0.611119807,0.605259916
7843,0.005544493,0.738258481,0.732713988
7844,0.032509368,0.934510052,0.902000684
7845,0.004375485,0.464203149,0.459827664
7846,0.003473512,0.761474252,0.75800074
7847,0.002008334,0.030621797,0.028613463
7848,0.19170998,0.990957141,0.799247161
7849,0.005669206,0.857700169,0.852030963
7850,0.033775259,0.727089405,0.693314146
7851,0.011821457,0.892532527,0.88071107
7852,0.005550802,0.459486037,0.453935236
7853,0.120975479,0.990817785,0.869842306
7854,0.002883021,0.068536766,0.065653744
7855,0.002209684,0.779942989,0.777733306
7856,0.002858735,0.718374968,0.715516232
7857,0.01117498,0.775298715,0.764123735
7858,0.022991816,0.719325721,0.696333906
7859,0.000754881,0.392853796,0.392098915
7860,0.001714197,0.545062006,0.543347809
7861,0.048513122,0.9554649,0.906951778
7862,0.200104713,0.987288237,0.787183523
7863,0.032967892,0.936183929,0.903216038
7864,0.032046851,0.856662393,0.824615542
7865,0.000883769,0.385691136,0.384807367
7866,0.02648269,0.904124856,0.877642166
7867,0.010532967,0.931964934,0.921431967
7868,0.009719816,0.766609192,0.756889376
7869,0.001998702,0.05975569,0.057756989
7870,0.031883284,0.952078581,0.920195296
7871,0.00462508,0.787866235,0.783241155
7872,0.022340871,0.847893775,0.825552903
7873,0.036762103,0.883959711,0.847197607
7874,0.004500597,0.657005608,0.652505011
7875,0.000606838,0.023494897,0.022888059
7876,0.01101034,0.787193,0.77618266
7877,0.011515953,0.926584244,0.915068291
7878,0.005830259,0.845051885,0.839221626
7879,0.002748087,0.707175195,0.704427108
7880,0.071487762,0.985206902,0.91371914
7881,0.002806684,0.875781357,0.872974673
7882,0.025325339,0.903630197,0.878304858
7883,0.004369295,0.825345039,0.820975745
7884,0.024106916,0.758131146,0.73402423
7885,0.002004413,0.421767741,0.419763329
7886,0.029286478,0.835718334,0.806431856
7887,0.002012342,0.793065369,0.791053028
7888,0.359695166,0.971995831,0.612300664
7889,0.146872878,0.958732128,0.81185925
7890,0.063956767,0.951323807,0.88736704
7891,0.001105837,0.040710177,0.03960434
7892,0.040375102,0.950020969,0.909645867
7893,0.000623477,0.47674194,0.476118463
7894,0.009095617,0.881419599,0.872323982
7895,0.006139468,0.456917465,0.450777996
7896,0.167172402,0.987901807,0.820729405
7897,0.006488362,0.26092279,0.254434428
7898,0.005970573,0.587628365,0.581657792
7899,0.032258701,0.70034188,0.66808318
7900,0.043299694,0.969442606,0.926142912
7901,0.020129295,0.929799378,0.909670083
7902,0.016853571,0.088402279,0.071548708
7903,0.002820022,0.643358648,0.640538625
7904,0.007604304,0.714153469,0.706549164
7905,0.011804034,0.729697764,0.71789373
7906,0.026259838,0.957869589,0.931609752
7907,0.011100014,0.920796871,0.909696857
7908,0.000105059,0.065022871,0.064917811
7909,0.093826927,0.982420325,0.888593398
7910,0.050670955,0.959482849,0.908811893
7911,0.008842823,0.799173474,0.790330651
7912,0.00093097,0.244297639,0.243366668
7913,0.007299598,0.748628438,0.74132884
7914,0.040446974,0.982432723,0.941985749
7915,0.100176521,0.959861636,0.859685116
7916,0.0002788,0.498624682,0.498345882
7917,0.002025012,0.6274243,0.625399288
7918,0.193398729,0.828430951,0.635032222
7919,0.023117071,0.323638171,0.3005211
7920,0.126453251,0.954112768,0.827659518
7921,0.055525918,0.961691499,0.906165581
7922,0.634118021,0.996309102,0.362191081
7923,0.000574929,0.462661505,0.462086576
7924,0.008607455,0.608682871,0.600075416
7925,0.004001409,0.828180611,0.824179202
7926,0.18929337,0.236411124,0.047117755
7927,0.007892679,0.843037724,0.835145045
7928,0.001387765,0.879624605,0.87823684
7929,0.004580513,0.866101325,0.861520812
7930,0.003842285,0.661657631,0.657815347
7931,0.025860015,0.850666165,0.82480615
7932,0.514228165,0.996244848,0.482016683
7933,0.009072695,0.599824607,0.590751912
7934,0.002691942,0.555907905,0.553215963
7935,0.000876081,0.518514991,0.51763891
7936,0.059112158,0.716910958,0.657798801
7937,0.003294712,0.161111981,0.157817268
7938,0.000361327,0.071430899,0.071069572
7939,0.100241855,0.952754617,0.852512762
7940,0.000586737,0.443764567,0.443177831
7941,0.001102446,0.187673986,0.18657154
7942,0.007505663,0.736912251,0.729406587
7943,0.009917486,0.915322959,0.905405474
7944,0.077383861,0.352782488,0.275398627
7945,0.034084249,0.968841434,0.934757184
7946,0.596678019,0.997922122,0.401244104
7947,0.026761271,0.949984789,0.923223518
7948,0.259650886,0.843494773,0.583843887
7949,0.572327912,0.994010985,0.421683073
7950,0.000742074,0.06624236,0.065500286
7951,0.001306748,0.500680804,0.499374057
7952,0.005868453,0.686621666,0.680753213
7953,0.024675671,0.819847047,0.795171376
7954,0.004326265,0.387802124,0.383475859
7955,0.007722186,0.856313467,0.848591281
7956,0.009608202,0.954084635,0.944476433
7957,0.025921946,0.929203928,0.903281981
7958,0.009380464,0.934457064,0.925076599
7959,0.000738343,0.160873681,0.160135338
7960,0.006952912,0.560406387,0.553453475
7961,0.009318572,0.921090186,0.911771614
7962,0.008157908,0.866126895,0.857968987
7963,0.001236576,0.279089779,0.277853203
7964,0.002034871,0.63070637,0.628671499
7965,0.005250382,0.84424746,0.838997078
7966,0.000606749,0.44587788,0.445271131
7967,0.011102227,0.163206011,0.152103784
7968,0.002426119,0.781821907,0.779395788
7969,0.068811238,0.976448894,0.907637656
7970,0.010930701,0.858605623,0.847674922
7971,0.001764373,0.354541093,0.35277672
7972,0.013186759,0.688692987,0.675506228
7973,0.004409236,0.563882828,0.559473592
7974,0.006236221,0.83886975,0.832633529
7975,0.003067973,0.273297012,0.270229039
7976,0.001742547,0.060732681,0.058990134
7977,0.18763645,0.993242919,0.80560647
7978,0.002565118,0.646360397,0.64379528
7979,0.008415135,0.578961968,0.570546834
7980,0.001810559,0.256811172,0.255000613
7981,0.051232859,0.850801051,0.799568191
7982,0.013355419,0.521850169,0.50849475
7983,0.017777059,0.955258131,0.937481072
7984,0.069629312,0.956085682,0.88645637
7985,0.005364769,0.910833299,0.90546853
7986,0.007732267,0.693964839,0.686232572
7987,0.004291903,0.71914649,0.714854587
7988,0.038113333,0.119562291,0.081448957
7989,0.004576957,0.931443095,0.926866138
7990,0.001926336,0.112265915,0.110339579
7991,0.00377285,0.65500921,0.65123636
7992,0.002280243,0.026524246,0.024244002
7993,0.827679694,0.980778575,0.153098881
7994,0.044170536,0.981966853,0.937796317
7995,0.007611918,0.178643584,0.171031666
7996,0.008875155,0.840579927,0.831704772
7997,0.006398704,0.916214585,0.909815881
7998,0.00136749,0.247227743,0.245860253
7999,0.13591145,0.984644949,0.8487335
8000,0.006665619,0.216542587,0.209876968
8001,0.000677099,0.371650994,0.370973894
8002,0.001228833,0.24883303,0.247604197
8003,0.027548227,0.92673707,0.899188843
8004,0.034339,0.805356383,0.771017384
8005,0.001068794,0.734011233,0.732942439
8006,0.056602649,0.955222785,0.898620136
8007,0.016658001,0.907399774,0.890741773
8008,0.006192661,0.904068053,0.897875391
8009,0.018201176,0.484163314,0.465962138
8010,0.002869686,0.811511636,0.80864195
8011,0.013357234,0.932966113,0.919608879
8012,0.001468619,0.269246072,0.267777453
8013,0.003740602,0.946935713,0.943195111
8014,0.025255486,0.839669168,0.814413682
8015,0.000746695,0.105547465,0.10480077
8016,0.053065479,0.830895483,0.777830005
8017,0.022156803,0.811899066,0.789742263
8018,0.000236606,0.035822086,0.03558548
8019,0.024517192,0.152523294,0.128006103
8020,0.003626455,0.592622161,0.588995706
8021,0.000891261,0.204090729,0.203199468
8022,0.007939638,0.313423485,0.305483847
8023,0.226616383,0.97945857,0.752842188
8024,0.153177097,0.966074765,0.812897667
8025,0.013686265,0.881224513,0.867538248
8026,0.002686113,0.732103527,0.729417413
8027,0.107203767,0.935181916,0.827978149
8028,0.002922898,0.854074538,0.85115164
8029,0.004027741,0.074393339,0.070365599
8030,0.019950619,0.940741718,0.920791099
8031,0.063390121,0.87427032,0.810880199
8032,0.026168739,0.855124772,0.828956032
8033,0.074041769,0.864128172,0.790086403
8034,0.019452792,0.199900016,0.180447225
8035,0.001919329,0.584217489,0.58229816
8036,0.002674943,0.516773045,0.514098102
8037,0.006277998,0.921385825,0.915107827
8038,0.001654201,0.330069751,0.328415549
8039,0.005310392,0.894862294,0.889551903
8040,0.001180708,0.644988775,0.643808068
8041,0.087344982,0.990775287,0.903430305
8042,0.0012852,0.415949047,0.414663846
8043,0.004198352,0.660545766,0.656347414
8044,0.027882773,0.580326974,0.552444201
8045,0.000972399,0.47233218,0.471359781
8046,0.01587617,0.879764378,0.863888208
8047,0.042795938,0.895413876,0.852617938
8048,0.085017227,0.958396733,0.873379506
8049,0.012595856,0.857423484,0.844827629
8050,0.129121125,0.89718616,0.768065035
8051,0.119652025,0.97610575,0.856453724
8052,0.002701153,0.040116321,0.037415168
8053,0.012333069,0.953541756,0.941208687
8054,0.000507784,0.080343746,0.079835961
8055,0.007013987,0.042614661,0.035600674
8056,0.106162362,0.972210228,0.866047867
8057,0.004509866,0.604064226,0.59955436
8058,0.00098618,0.414169848,0.413183668
8059,0.004752423,0.470917434,0.466165011
8060,0.007190605,0.830446303,0.823255698
8061,0.008631283,0.968774855,0.960143572
8062,0.003206267,0.605013013,0.601806746
8063,0.004063934,0.717250049,0.713186115
8064,0.001018786,0.543812692,0.542793906
8065,0.003562766,0.289720088,0.286157322
8066,0.186747491,0.991480708,0.804733217
8067,0.008158973,0.854779541,0.846620568
8068,0.00245907,0.148886219,0.146427148
8069,0.004398975,0.691762447,0.687363473
8070,0.017708799,0.799461424,0.781752625
8071,0.001826074,0.93454963,0.932723556
8072,0.002626013,0.041819159,0.039193146
8073,0.000193113,0.034261022,0.034067908
8074,0.023989012,0.942420661,0.918431649
8075,0.007964764,0.630157351,0.622192588
8076,0.005806894,0.736103773,0.73029688
8077,0.008317104,0.938421845,0.930104742
8078,0.000807287,0.530976295,0.530169009
8079,0.00780479,0.712955594,0.705150804
8080,0.008437273,0.723009408,0.714572134
8081,0.00806245,0.890545368,0.882482918
8082,0.01762696,0.946979523,0.929352563
8083,0.006010041,0.059310313,0.053300272
8084,0.005432291,0.926229119,0.920796828
8085,0.057339184,0.915581703,0.858242519
8086,0.00827157,0.110452466,0.102180895
8087,0.04018781,0.964784384,0.924596574
8088,0.065641932,0.954418242,0.88877631
8089,0.004431395,0.440184474,0.435753079
8090,0.00046401,0.291438907,0.290974898
8091,0.010433869,0.403047889,0.39261402
8092,0.001766538,0.655317187,0.65355065
8093,0.07095319,0.913525939,0.842572749
8094,0.0089848,0.79056114,0.781576339
8095,0.047014225,0.980149806,0.93313558
8096,0.00036098,0.167229518,0.166868539
8097,0.000746821,0.27957499,0.27882817
8098,0.023831272,0.931032121,0.907200849
8099,0.007180026,0.594848037,0.587668011
8100,0.050842289,0.982169986,0.931327697
8101,0.032364104,0.955610096,0.923245993
8102,0.004686615,0.57060653,0.565919914
8103,0.011191363,0.844801843,0.83361048
8104,0.009469525,0.785878003,0.776408478
8105,0.052525446,0.76699096,0.714465514
8106,0.000531059,0.225010529,0.22447947
8107,0.011423347,0.846688867,0.83526552
8108,0.001414099,0.495389938,0.493975839
8109,0.007520903,0.124562524,0.117041621
8110,0.041125335,0.800950229,0.759824894
8111,0.017991852,0.91216135,0.894169498
8112,0.012290358,0.953273892,0.940983535
8113,0.004617446,0.868646502,0.864029056
8114,0.002698828,0.016521016,0.013822188
8115,0.012246166,0.749112368,0.736866201
8116,0.010225753,0.212023243,0.20179749
8117,0.003488859,0.871594191,0.868105331
8118,0.003754436,0.625038087,0.621283651
8119,0.006902164,0.887000322,0.880098158
8120,0.000645788,0.204488903,0.203843115
8121,0.019782079,0.347839326,0.328057246
8122,0.013025368,0.910184205,0.897158837
8123,0.048892137,0.975213051,0.926320914
8124,0.004147666,0.814496279,0.810348613
8125,0.089559838,0.996243834,0.906683996
8126,0.006545537,0.666523457,0.659977919
8127,0.009334542,0.937582493,0.928247951
8128,0.024341026,0.944929957,0.920588931
8129,0.000223679,0.188295409,0.18807173
8130,0.005050465,0.869780719,0.864730254
8131,0.017988853,0.766578197,0.748589344
8132,0.011868337,0.849918425,0.838050088
8133,0.048556369,0.969594836,0.921038467
8134,0.049605217,0.95461154,0.905006323
8135,0.01065983,0.54564482,0.53498499
8136,0.003208447,0.402225852,0.399017405
8137,0.028914884,0.972144544,0.94322966
8138,0.002617167,0.71625185,0.713634683
8139,0.001246514,0.184649676,0.183403162
8140,0.004690913,0.241758123,0.23706721
8141,0.003430425,0.892153978,0.888723553
8142,0.013350977,0.862926006,0.84957503
8143,0.008216903,0.740491331,0.732274428
8144,0.089148439,0.417238951,0.328090511
8145,0.005520571,0.10154409,0.096023518
8146,0.103837118,0.951380372,0.847543254
8147,0.004672981,0.806726933,0.802053952
8148,0.000402149,0.100669488,0.100267339
8149,0.003662948,0.116781868,0.11311892
8150,0.31169802,0.977898955,0.666200936
8151,0.012261456,0.928300619,0.916039163
8152,0.000117021,0.045875143,0.045758122
8153,0.011403052,0.738473713,0.727070661
8154,0.006348293,0.575873792,0.569525499
8155,0.007222167,0.699308932,0.692086765
8156,0.002389513,0.759020388,0.756630875
8157,0.054440428,0.949930668,0.89549024
8158,0.000251103,0.192636162,0.192385059
8159,0.002650693,0.774025559,0.771374866
8160,0.084924236,0.983610272,0.898686036
8161,0.152603224,0.990804434,0.83820121
8162,0.012235598,0.939308703,0.927073105
8163,0.002295949,0.903155923,0.900859973
8164,0.013308613,0.94483906,0.931530448
8165,0.032240063,0.882778764,0.850538701
8166,0.001699996,0.125698701,0.123998704
8167,0.029826861,0.924761713,0.894934852
8168,0.047413681,0.974126339,0.926712658
8169,0.003563442,0.966413021,0.962849579
8170,0.002754368,0.656150997,0.653396629
8171,0.003133914,0.701835215,0.698701302
8172,0.005883812,0.531377792,0.52549398
8173,0.013859439,0.815008759,0.801149321
8174,0.00932241,0.814580858,0.805258447
8175,0.015565136,0.889549851,0.873984715
8176,0.027506243,0.796198189,0.768691946
8177,0.401618659,0.982013404,0.580394745
8178,0.12033008,0.974689186,0.854359105
8179,0.004571364,0.965740561,0.961169197
8180,0.047026958,0.055100016,0.008073058
8181,0.021306664,0.837722421,0.816415757
8182,0.025592245,0.984128475,0.95853623
8183,0.018301953,0.912842572,0.894540619
8184,0.031109778,0.826783717,0.795673938
8185,0.016658938,0.668886781,0.652227843
8186,0.023759065,0.86561656,0.841857495
8187,0.008058396,0.884619772,0.876561376
8188,0.03626423,0.905725121,0.869460892
8189,0.006352291,0.826863825,0.820511534
8190,0.002468494,0.906885982,0.904417488
8191,0.042399533,0.560133576,0.517734043
8192,0.004804139,0.553197265,0.548393126
8193,0.277147561,0.982476354,0.705328792
8194,0.002026895,0.752212882,0.750185987
8195,0.003650233,0.754225135,0.750574902
8196,0.008485512,0.905253947,0.896768435
8197,0.057586137,0.925048828,0.867462691
8198,0.007100838,0.860729337,0.853628499
8199,0.00280862,0.553088069,0.550279449
8200,0.012733008,0.732655227,0.719922219
8201,0.005208098,0.411313564,0.406105465
8202,0.001464804,0.408480763,0.407015959
8203,0.002821838,0.401774347,0.398952508
8204,0.004893317,0.113161542,0.108268225
8205,0.014954797,0.919931531,0.904976734
8206,0.001432825,0.029416706,0.027983881
8207,0.063765593,0.88442409,0.820658498
8208,0.483626246,0.991076946,0.5074507
8209,0.008578037,0.024958061,0.016380024
8210,0.045814991,0.92431879,0.878503799
8211,0.099317014,0.849107087,0.749790072
8212,0.00178682,0.686321914,0.684535094
8213,0.002716047,0.730179489,0.727463442
8214,0.001358611,0.505258083,0.503899472
8215,0.009598853,0.686129153,0.6765303
8216,0.137793258,0.974562585,0.836769328
8217,0.090829469,0.920377612,0.829548143
8218,0.019563561,0.942984819,0.923421258
8219,0.032247119,0.850142181,0.817895062
8220,0.029503824,0.945569038,0.916065214
8221,0.047159206,0.884336293,0.837177087
8222,0.000890962,0.215654165,0.214763203
8223,0.002448579,0.90391618,0.901467601
8224,0.079355195,0.995886028,0.916530833
8225,0.025670959,0.968884408,0.94321345
8226,0.00118343,0.222602546,0.221419116
8227,0.019569192,0.889745057,0.870175865
8228,0.001195531,0.431233466,0.430037934
8229,0.002615665,0.65003711,0.647421445
8230,0.001309454,0.405256242,0.403946788
8231,0.031440131,0.756467581,0.725027449
8232,0.007246554,0.871537328,0.864290773
8233,0.012495788,0.159200847,0.146705059
8234,0.036271673,0.037982546,0.001710873
8235,0.001034275,0.151341349,0.150307074
8236,0.059735224,0.84653914,0.786803916
8237,0.082328014,0.973651707,0.891323693
8238,0.05772147,0.872955203,0.815233734
8239,0.161926106,0.960566521,0.798640415
8240,0.026599295,0.975631654,0.949032359
8241,0.00873657,0.584430039,0.575693469
8242,0.016381016,0.857797086,0.84141607
8243,0.014080359,0.861087441,0.847007083
8244,0.019810796,0.931742609,0.911931813
8245,0.01569044,0.094024315,0.078333875
8246,0.006352075,0.842170894,0.835818819
8247,0.008657103,0.383425444,0.374768341
8248,0.043173388,0.97174418,0.928570792
8249,0.015445262,0.794957876,0.779512614
8250,0.001252159,0.533089042,0.531836883
8251,0.015507775,0.828000426,0.812492651
8252,0.270362139,0.982077658,0.711715519
8253,0.002116551,0.400952011,0.39883546
8254,0.036417939,0.513698936,0.477280997
8255,0.003175951,0.079903677,0.076727726
8256,0.009707578,0.79806459,0.788357011
8257,0.004425451,0.56142664,0.557001188
8258,0.004204721,0.585573733,0.581369012
8259,0.010846381,0.867093563,0.856247182
8260,0.000316059,0.009847452,0.009531393
8261,0.006571013,0.887103915,0.880532902
8262,0.002512477,0.601946115,0.599433639
8263,0.120988816,0.939479232,0.818490416
8264,0.062167786,0.945621669,0.883453883
8265,0.017408961,0.836887896,0.819478935
8266,0.003266375,0.321298182,0.318031807
8267,0.03738147,0.918195486,0.880814016
8268,0.017127817,0.904499114,0.887371296
8269,0.005264812,0.783833861,0.77856905
8270,0.012688315,0.892356992,0.879668676
8271,0.011836233,0.600838542,0.589002309
8272,0.001480071,0.450963378,0.449483307
8273,0.003348927,0.793103516,0.789754589
8274,0.337592453,0.992796719,0.655204266
8275,0.035797324,0.968483865,0.932686541
8276,0.000707883,0.622189939,0.621482056
8277,0.036832139,0.953135967,0.916303828
8278,0.001659033,0.676804721,0.675145688
8279,0.026258154,0.960107267,0.933849113
8280,0.001209388,0.919431388,0.918222
8281,0.002766698,0.588856757,0.586090058
8282,0.072806053,0.844201803,0.77139575
8283,0.002098324,0.518485844,0.51638752
8284,0.006540665,0.191504925,0.18496426
8285,0.12741819,0.978888094,0.851469904
8286,0.003540606,0.862526715,0.858986109
8287,0.004374695,0.478392303,0.474017608
8288,0.000617167,0.137833804,0.137216637
8289,0.002119159,0.02941885,0.027299691
8290,0.011611504,0.718119085,0.70650758
8291,0.018980358,0.875816643,0.856836285
8292,0.003767522,0.339669734,0.335902213
8293,0.032251231,0.160397604,0.128146373
8294,0.004252693,0.951416075,0.947163383
8295,0.005385092,0.388793051,0.38340796
8296,0.001708307,0.894627571,0.892919264
8297,0.027287664,0.959478915,0.932191251
8298,0.052388813,0.925747395,0.873358581
8299,0.001460294,0.315040588,0.313580294
8300,0.030688889,0.946732521,0.916043632
8301,0.008198846,0.594156086,0.58595724
8302,0.030954938,0.895296037,0.864341099
8303,0.003548573,0.692644477,0.689095904
8304,0.001814213,0.708868504,0.70705429
8305,0.018301157,0.59709084,0.578789683
8306,0.000411317,0.08299426,0.082582943
8307,0.003942715,0.567964494,0.564021779
8308,0.028515736,0.891153693,0.862637958
8309,0.006818844,0.63921982,0.632400976
8310,0.005784296,0.84444207,0.838657774
8311,0.048681844,0.969474614,0.92079277
8312,0.001737554,0.582958877,0.581221323
8313,0.002445047,0.829031825,0.826586778
8314,0.040335529,0.944009483,0.903673954
8315,0.053988524,0.985894203,0.931905679
8316,0.026478434,0.977395236,0.950916803
8317,0.035091601,0.986228228,0.951136626
8318,0.066102833,0.983563304,0.917460471
8319,0.045862414,0.841107845,0.795245431
8320,0.000238509,0.116951689,0.11671318
8321,0.013026277,0.892779708,0.879753431
8322,0.005069405,0.76482904,0.759759634
8323,0.045892261,0.974499524,0.928607263
8324,0.001637236,0.496127963,0.494490727
8325,0.00763281,0.857049108,0.849416298
8326,0.001381079,0.503031135,0.501650056
8327,0.035964336,0.760042012,0.724077675
8328,0.100409329,0.959531128,0.859121799
8329,0.377296478,0.951672316,0.574375838
8330,0.0036261,0.069576092,0.065949992
8331,0.09910313,0.974591374,0.875488244
8332,0.014512538,0.94757688,0.933064342
8333,0.012442309,0.7875368,0.77509449
8334,0.167954132,0.963511109,0.795556977
8335,0.029036907,0.958362579,0.929325672
8336,0.003474159,0.409434229,0.40596007
8337,0.012797957,0.897103429,0.884305472
8338,0.003410948,0.013219064,0.009808116
8339,0.005897162,0.681647658,0.675750496
8340,0.007408717,0.769809663,0.762400947
8341,0.024711881,0.898339033,0.873627152
8342,0.034472223,0.036366262,0.001894038
8343,0.000534009,0.093153752,0.092619743
8344,0.15186809,0.928928494,0.777060404
8345,0.042379804,0.911524534,0.86914473
8346,0.003667829,0.731551468,0.727883639
8347,0.004602747,0.373596251,0.368993504
8348,0.037549276,0.958117068,0.920567792
8349,0.171894506,0.950877309,0.778982803
8350,0.026992379,0.931750059,0.90475768
8351,0.002436493,0.894664705,0.892228212
8352,0.115381844,0.986798465,0.871416621
8353,0.002350268,0.836076558,0.833726289
8354,0.001080288,0.599185109,0.598104821
8355,0.0073241,0.801188588,0.793864489
8356,0.003964024,0.770840585,0.766876561
8357,0.086722814,0.562048197,0.475325383
8358,0.020696608,0.873915493,0.853218885
8359,0.005362398,0.775844991,0.770482593
8360,0.005848906,0.870140553,0.864291646
8361,0.015178076,0.959827125,0.944649049
8362,0.00635076,0.809689462,0.803338702
8363,0.001217121,0.581422091,0.58020497
8364,0.314628989,0.989853799,0.675224811
8365,0.002981661,0.77209872,0.769117059
8366,0.000906341,0.443103224,0.442196883
8367,0.024768356,0.9614411,0.936672743
8368,0.002376744,0.681132376,0.678755632
8369,0.007266901,0.812631428,0.805364527
8370,0.013683144,0.896739244,0.8830561
8371,0.001413714,0.798592389,0.797178674
8372,0.031259727,0.934841216,0.903581489
8373,0.192995027,0.988730371,0.795735344
8374,0.292648494,0.990316212,0.697667718
8375,0.534228802,0.996081054,0.461852252
8376,0.26630637,0.67590332,0.40959695
8377,0.016607922,0.651082397,0.634474475
8378,0.086256318,0.98389554,0.897639222
8379,0.003309156,0.467378855,0.464069699
8380,0.005506913,0.563450277,0.557943364
8381,0.008291276,0.69056344,0.682272164
8382,0.002886113,0.625475824,0.622589711
8383,0.005034594,0.043156717,0.038122123
8384,0.00487032,0.537552655,0.532682335
8385,0.30270353,0.995905519,0.693201989
8386,0.012377617,0.981844425,0.969466808
8387,0.023891438,0.031749498,0.00785806
8388,0.003106764,0.2786071,0.275500336
8389,0.007908571,0.936183095,0.928274524
8390,0.002775823,0.932534575,0.929758753
8391,0.429136902,0.924052536,0.494915634
8392,0.00694866,0.342538446,0.335589786
8393,0.003354932,0.650484622,0.647129689
8394,0.030442657,0.590140104,0.559697447
8395,0.015355427,0.53191489,0.516559463
8396,0.495575517,0.996471286,0.500895768
8397,0.056044593,0.832461655,0.776417062
8398,0.001392554,0.331172019,0.329779465
8399,0.000811921,0.015273359,0.014461438
8400,0.001820524,0.210373864,0.208553339
8401,0.002149405,0.509649396,0.507499991
8402,0.004635589,0.818505526,0.813869936
8403,0.001619785,0.143762335,0.14214255
8404,0.044884518,0.888738215,0.843853697
8405,0.032515813,0.730665028,0.698149215
8406,0.003117276,0.31384486,0.310727583
8407,0.002004972,0.267499924,0.265494952
8408,0.009298594,0.893590093,0.884291499
8409,0.127062455,0.984868526,0.857806072
8410,0.001609238,0.662489951,0.660880713
8411,0.014322281,0.72026062,0.705938339
8412,0.011973119,0.738431096,0.726457977
8413,0.000785646,0.264464706,0.26367906
8414,0.028653359,0.973526478,0.944873119
8415,0.043953143,0.786052525,0.742099382
8416,0.01522617,0.923426449,0.908200279
8417,0.51323992,0.998627305,0.485387385
8418,0.186580747,0.984584749,0.798004001
8419,0.089612685,0.105653979,0.016041294
8420,0.008015849,0.239698246,0.231682397
8421,0.038922776,0.940719366,0.901796591
8422,0.014546949,0.98097837,0.96643142
8423,0.013492722,0.409830779,0.396338057
8424,0.008194555,0.322776437,0.314581882
8425,0.027075326,0.11678835,0.089713024
8426,0.042933896,0.88999027,0.847056374
8427,0.05814907,0.163642779,0.105493709
8428,0.004089217,0.84128952,0.837200303
8429,0.00068757,0.225105017,0.224417447
8430,0.012330159,0.844865739,0.832535581
8431,0.021874309,0.984827876,0.962953568
8432,0.003989787,0.852983654,0.848993866
8433,0.003422481,0.720901608,0.717479127
8434,0.009572465,0.185196474,0.175624009
8435,0.140924945,0.982526302,0.841601357
8436,0.031793721,0.891176343,0.859382622
8437,0.177294582,0.988903105,0.811608523
8438,0.005244086,0.52801168,0.522767594
8439,0.000951542,0.218551874,0.217600332
8440,0.029972682,0.478170037,0.448197355
8441,0.202887088,0.955836773,0.752949685
8442,0.001634124,0.789004743,0.787370619
8443,0.000300601,0.102522492,0.102221891
8444,0.017136876,0.674570203,0.657433327
8445,0.006165385,0.791756749,0.785591364
8446,0.000405669,0.668317556,0.667911887
8447,0.007444038,0.02494731,0.017503272
8448,0.097272635,0.869837344,0.772564709
8449,0.040082213,0.718429983,0.67834777
8450,0.052464355,0.896214426,0.843750071
8451,0.006460804,0.904313385,0.897852581
8452,0.00231058,0.565330446,0.563019866
8453,0.012843733,0.939754963,0.92691123
8454,0.062617891,0.967836976,0.905219086
8455,0.029435197,0.894049227,0.86461403
8456,0.009997786,0.959772229,0.949774443
8457,0.155996665,0.948034346,0.792037681
8458,0.081069618,0.963643134,0.882573515
8459,0.002574815,0.54782182,0.545247004
8460,0.011655823,0.767444849,0.755789026
8461,0.005104599,0.092265181,0.087160583
8462,0.001776875,0.426605374,0.424828499
8463,0.001708772,0.926905632,0.92519686
8464,0.01154667,0.617273629,0.605726958
8465,0.003107312,0.480027258,0.476919946
8466,0.000394246,0.021766992,0.021372747
8467,0.008449973,0.963185608,0.954735636
8468,0.077636279,0.954818964,0.877182685
8469,0.000993898,0.715949655,0.714955757
8470,0.116815604,0.901012182,0.784196578
8471,0.162368476,0.9496997,0.787331223
8472,0.00915356,0.960321605,0.951168045
8473,0.00269784,0.760129631,0.75743179
8474,0.024238838,0.920680463,0.896441625
8475,0.012869999,0.184169888,0.17129989
8476,0.001376139,0.113233961,0.111857823
8477,0.006585946,0.886318922,0.879732976
8478,0.00535243,0.796109855,0.790757425
8479,0.034487896,0.854715407,0.820227511
8480,0.007986416,0.591896296,0.583909879
8481,0.014801129,0.863183677,0.848382548
8482,0.004044326,0.700852096,0.69680777
8483,0.117239773,0.973930895,0.856691122
8484,0.224751353,0.987672091,0.762920737
8485,0.014778686,0.949782908,0.935004222
8486,0.506161749,0.978756547,0.472594798
8487,0.001221072,0.045167036,0.043945964
8488,0.001254626,0.586759567,0.585504941
8489,0.001275741,0.348004758,0.346729017
8490,0.05167795,0.933110058,0.881432109
8491,0.003681477,0.016889131,0.013207654
8492,0.395934045,0.988470316,0.592536271
8493,0.001950757,0.083692379,0.081741622
8494,0.004565459,0.625372767,0.620807308
8495,0.00165294,0.716419995,0.714767055
8496,0.303064138,0.997552097,0.694487959
8497,0.002260655,0.572373927,0.570113272
8498,0.000554561,0.309859663,0.309305103
8499,0.025070308,0.741791606,0.716721298
8500,0.002615948,0.740928411,0.738312463
8501,0.49067679,0.936276019,0.445599228
8502,0.004131707,0.87043494,0.866303232
8503,0.008569788,0.872993708,0.864423919
8504,0.006639031,0.732065439,0.725426408
8505,0.021120084,0.554368377,0.533248292
8506,0.01696871,0.899683535,0.882714825
8507,0.011280037,0.722332776,0.711052739
8508,0.005152882,0.775488615,0.770335733
8509,0.015035572,0.395437509,0.380401936
8510,0.278075635,0.964060187,0.685984552
8511,0.026915826,0.968468547,0.941552721
8512,0.000992757,0.706788599,0.705795842
8513,0.048383594,0.80544585,0.757062256
8514,0.005720946,0.950065255,0.944344309
8515,0.000936974,0.113488093,0.112551119
8516,0.001798464,0.667787135,0.665988671
8517,0.009228626,0.443750411,0.434521785
8518,0.011410817,0.820821524,0.809410707
8519,0.025402825,0.905564606,0.880161781
8520,0.0087165,0.880726457,0.872009956
8521,0.001726993,0.126097798,0.124370805
8522,0.007314361,0.851446629,0.844132268
8523,0.004758685,0.820655942,0.815897257
8524,0.002719428,0.838748336,0.836028908
8525,0.002152846,0.281467408,0.279314562
8526,0.012991849,0.857435226,0.844443377
8527,0.000654649,0.580912888,0.580258239
8528,0.00120145,0.4797104,0.47850895
8529,0.00215383,0.393960834,0.391807004
8530,0.018711638,0.952342808,0.933631171
8531,0.002990791,0.642722547,0.639731756
8532,0.065281674,0.983531237,0.918249562
8533,0.018135892,0.754966497,0.736830605
8534,0.010355165,0.926133096,0.915777931
8535,0.012797519,0.97148639,0.958688871
8536,0.005384141,0.179955363,0.174571222
8537,0.014409182,0.671405077,0.656995895
8538,0.036202282,0.947519898,0.911317617
8539,0.016604409,0.915010333,0.898405924
8540,0.00115106,0.495151043,0.493999983
8541,0.030182578,0.970041573,0.939858995
8542,0.001938301,0.006762278,0.004823977
8543,0.010363016,0.794020772,0.783657756
8544,0.002765107,0.861370146,0.858605039
8545,0.005142011,0.284438163,0.279296152
8546,0.001466016,0.410546064,0.409080049
8547,0.06658534,0.874327183,0.807741843
8548,0.002320867,0.772070825,0.769749958
8549,0.021387368,0.982128263,0.960740894
8550,0.012636486,0.894011676,0.88137519
8551,0.008795747,0.394404888,0.385609142
8552,0.008135528,0.819601715,0.811466186
8553,0.013235689,0.652373493,0.639137804
8554,0.058173317,0.942168415,0.883995097
8555,0.107003778,0.951591492,0.844587713
8556,0.017112685,0.718207061,0.701094376
8557,0.096993707,0.962491512,0.865497805
8558,0.001983841,0.634201348,0.632217507
8559,0.085213497,0.87816298,0.792949483
8560,0.007708715,0.159849152,0.152140437
8561,0.001000769,0.371559113,0.370558345
8562,0.002165373,0.744798005,0.742632632
8563,0.132450625,0.934174716,0.801724091
8564,0.060070254,0.577424407,0.517354153
8565,0.002451697,0.675206661,0.672754964
8566,0.028164627,0.870539546,0.842374919
8567,0.058553126,0.847764432,0.789211307
8568,0.080443315,0.892516553,0.812073238
8569,0.023822196,0.955066383,0.931244187
8570,0.012039999,0.868768334,0.856728335
8571,0.008732583,0.76357764,0.754845057
8572,0.000774882,0.367055297,0.366280415
8573,0.001079542,0.288613111,0.287533569
8574,0.009898228,0.94242245,0.932524222
8575,0.00323189,0.748055041,0.744823151
8576,0.01276659,0.94381237,0.93104578
8577,0.003445766,0.760655224,0.757209458
8578,0.015665567,0.596570075,0.580904508
8579,0.326882005,0.951747358,0.624865353
8580,0.000329236,0.363236725,0.362907489
8581,0.001896907,0.134035647,0.13213874
8582,0.011054745,0.908513546,0.897458801
8583,0.001495888,0.555588663,0.554092774
8584,0.01433007,0.904539108,0.890209038
8585,0.002090271,0.919789374,0.917699103
8586,0.00397868,0.60619545,0.60221677
8587,0.022520168,0.809702814,0.787182646
8588,0.024691202,0.773553252,0.74886205
8589,0.01916337,0.630959749,0.611796379
8590,0.009059831,0.450152546,0.441092716
8591,0.028543172,0.721608341,0.693065168
8592,0.011306929,0.943109035,0.931802106
8593,0.162578523,0.986391306,0.823812783
8594,0.011401757,0.855074883,0.843673126
8595,0.248737335,0.132940412,-0.115796924
8596,0.003832263,0.451801181,0.447968918
8597,0.003324854,0.676070392,0.672745538
8598,0.114801139,0.979169428,0.86436829
8599,0.006686413,0.013133873,0.006447461
8600,0.035312984,0.776027322,0.740714338
8601,0.003693962,0.562158346,0.558464384
8602,0.013510156,0.579604089,0.566093933
8603,0.000975102,0.2278613,0.226886198
8604,0.00416752,0.704773009,0.700605488
8605,0.68288064,0.995910168,0.313029528
8606,0.003822978,0.703499138,0.69967616
8607,0.028824158,0.949618816,0.920794658
8608,0.045197301,0.844064951,0.79886765
8609,0.000626011,0.551256597,0.550630586
8610,0.006028306,0.486976892,0.480948586
8611,0.011959859,0.949473739,0.93751388
8612,0.004747842,0.083743714,0.078995872
8613,0.00289498,0.894361734,0.891466754
8614,0.00196643,0.511627078,0.509660648
8615,0.176134542,0.064676471,-0.111458071
8616,0.334349602,0.305059224,-0.029290378
8617,0.008799239,0.816487312,0.807688073
8618,0.006544031,0.458144575,0.451600545
8619,0.001929979,0.680047452,0.678117474
8620,0.002057813,0.558807135,0.556749322
8621,0.024432432,0.931179225,0.906746794
8622,0.006045029,0.278720379,0.27267535
8623,0.021763593,0.926881731,0.905118138
8624,0.002052577,0.307465851,0.305413274
8625,0.014976742,0.964480996,0.949504254
8626,0.093174137,0.978831768,0.885657631
8627,0.002275434,0.062665313,0.060389879
8628,0.004620171,0.877070665,0.872450494
8629,0.009716834,0.259295255,0.249578421
8630,0.001752386,0.132076114,0.130323729
8631,0.001432998,0.546490669,0.545057671
8632,0.002353134,0.39686659,0.394513455
8633,0.435196042,0.986074209,0.550878167
8634,0.03413007,0.811945081,0.77781501
8635,0.004359693,0.852567255,0.848207563
8636,0.013411549,0.178144261,0.164732712
8637,0.001559959,0.855854154,0.854294194
8638,0.009732211,0.582755983,0.573023772
8639,0.007899022,0.008998439,0.001099417
8640,0.00031429,0.172150031,0.171835741
8641,0.001374607,0.411374867,0.41000026
8642,0.016692473,0.855394125,0.838701652
8643,0.007148952,0.49681288,0.489663928
8644,0.005387528,0.494210333,0.488822805
8645,0.012007901,0.931711137,0.919703237
8646,0.01227694,0.184067711,0.171790771
8647,0.004763702,0.616098225,0.611334523
8648,0.018882455,0.902889848,0.884007392
8649,0.021821085,0.799831331,0.778010245
8650,0.006818366,0.676273763,0.669455397
8651,0.002002612,0.618885219,0.616882607
8652,0.003837717,0.944899499,0.941061782
8653,0.027650656,0.889599383,0.861948727
8654,0.003539932,0.222298577,0.218758645
8655,0.000473394,0.22406581,0.223592417
8656,0.03705319,0.95587337,0.91882018
8657,0.001804533,0.22150977,0.219705236
8658,0.116729334,0.967389405,0.850660071
8659,0.002691491,0.092455417,0.089763926
8660,0.008182255,0.738078356,0.729896101
8661,0.097842015,0.953184426,0.855342411
8662,0.005169354,0.583420575,0.578251221
8663,6.07063E-05,0.007301679,0.007240973
8664,0.102756992,0.975059092,0.8723021
8665,0.003040245,0.761432707,0.758392462
8666,0.021550063,0.944152474,0.922602411
8667,0.001299486,0.74932164,0.748022154
8668,0.077740163,0.96101141,0.883271247
8669,0.007672,0.161734551,0.154062551
8670,0.002842363,0.887243032,0.88440067
8671,0.018024156,0.93453306,0.916508904
8672,0.01678811,0.701724172,0.684936062
8673,0.006844131,0.74000293,0.733158799
8674,0.107984461,0.880779862,0.772795402
8675,0.016732909,0.937214136,0.920481227
8676,0.007724335,0.411583453,0.403859118
8677,0.009733144,0.748880982,0.739147838
8678,0.028855683,0.9692536,0.940397916
8679,0.000604646,0.120899871,0.120295225
8680,0.215286255,0.996027827,0.780741572
8681,0.002814425,0.422564417,0.419749992
8682,0.018493325,0.83692801,0.818434685
8683,0.001112803,0.194411129,0.193298326
8684,0.001405905,0.480796725,0.479390819
8685,0.001734076,0.689082801,0.687348726
8686,0.001371832,0.717253566,0.715881734
8687,0.000177224,0.007565639,0.007388415
8688,0.012112653,0.893430471,0.881317819
8689,0.00164901,0.89321965,0.891570639
8690,0.002194504,0.214011878,0.211817374
8691,0.004863382,0.746594548,0.741731166
8692,0.04365382,0.723110497,0.679456677
8693,0.005261027,0.073602974,0.068341947
8694,0.005844173,0.782076955,0.776232782
8695,0.041521322,0.98440057,0.942879248
8696,0.003768037,0.5304268,0.526658763
8697,0.000487903,0.006936473,0.00644857
8698,0.080423005,0.76205194,0.681628935
8699,0.208083987,0.969187558,0.76110357
8700,0.19979696,0.985043287,0.785246328
8701,0.001822538,0.454012573,0.452190035
8702,0.003028345,0.673646092,0.670617748
8703,0.003990659,0.615313768,0.611323109
8704,0.000445214,0.358471304,0.35802609
8705,0.092256568,0.945646524,0.853389956
8706,0.007185177,0.621822715,0.614637538
8707,0.003911796,0.733837247,0.729925451
8708,0.001098118,0.222828597,0.221730479
8709,0.006550466,0.922230124,0.915679658
8710,0.006174988,0.895519018,0.88934403
8711,0.034879845,0.982570469,0.947690625
8712,0.164468259,0.975386441,0.810918182
8713,0.012273791,0.7467134,0.734439609
8714,0.01038699,0.730689287,0.720302297
8715,0.338570178,0.995716155,0.657145977
8716,0.00228297,0.066866748,0.064583778
8717,0.008306916,0.717966437,0.709659521
8718,0.000774876,0.032992855,0.032217978
8719,0.002423221,0.536245704,0.533822482
8720,0.003557152,0.906613946,0.903056794
8721,0.001813191,0.002444106,0.000630915
8722,0.005590572,0.833983302,0.82839273
8723,0.001987861,0.015106226,0.013118365
8724,0.012145552,0.665907681,0.653762129
8725,0.009738587,0.606441259,0.596702673
8726,0.009677069,0.888289988,0.878612919
8727,0.000443039,0.050796792,0.050353753
8728,0.003537125,0.081564501,0.078027376
8729,0.009580905,0.826081395,0.816500491
8730,0.001738835,0.041965406,0.040226571
8731,0.001375564,0.235252306,0.233876742
8732,0.014922148,0.924237728,0.909315581
8733,0.040537216,0.958141923,0.917604707
8734,0.008626414,0.691890121,0.683263707
8735,0.024775639,0.960065842,0.935290202
8736,0.003232263,0.801215827,0.797983564
8737,0.379677862,0.959693193,0.580015332
8738,0.038846351,0.9696275,0.930781148
8739,0.002826115,0.175865218,0.173039103
8740,0.013624347,0.752465963,0.738841617
8741,0.002779454,0.567260921,0.564481467
8742,0.000664849,0.323485136,0.322820287
8743,0.010914382,0.250830561,0.239916179
8744,0.104083039,0.88826704,0.784184001
8745,0.002631048,0.10759946,0.104968411
8746,0.010159438,0.884640694,0.874481255
8747,0.002007093,0.539503992,0.537496899
8748,0.023236815,0.897004664,0.873767849
8749,0.00940898,0.77337873,0.76396975
8750,0.00405774,0.796874166,0.792816425
8751,0.018580385,0.801209152,0.782628767
8752,0.036476392,0.941912234,0.905435842
8753,0.037643868,0.982906103,0.945262235
8754,0.009191227,0.037954114,0.028762887
8755,0.000450472,0.496015459,0.495564987
8756,0.011007724,0.947408199,0.936400475
8757,0.001449682,0.687614977,0.686165295
8758,0.447888732,0.98872304,0.540834308
8759,0.003157725,0.203024492,0.199866767
8760,0.000531473,0.051526736,0.050995264
8761,0.032129973,0.873001099,0.840871125
8762,0.001138017,0.576570392,0.575432375
8763,0.008976991,0.917382598,0.908405607
8764,0.002915154,0.175513163,0.172598009
8765,0.003048578,0.628275335,0.625226757
8766,0.078592092,0.969796538,0.891204447
8767,0.008589992,0.692194402,0.68360441
8768,0.02213734,0.766824722,0.744687382
8769,0.013690032,0.803555071,0.789865039
8770,0.000315712,0.23278828,0.232472568
8771,0.000385743,0.141755491,0.141369749
8772,0.002869758,0.755329847,0.752460089
8773,0.008327178,0.776331544,0.768004366
8774,0.00510111,0.764203072,0.759101961
8775,0.006961471,0.850761175,0.843799704
8776,0.015347935,0.882881641,0.867533706
8777,0.056662872,0.956350148,0.899687275
8778,0.051620178,0.98818785,0.936567672
8779,0.001473218,0.815767884,0.814294666
8780,0.054629471,0.447115362,0.392485891
8781,0.340262115,0.992072761,0.651810646
8782,0.074333407,0.905043662,0.830710255
8783,0.000707436,0.12083175,0.120124315
8784,0.159414351,0.945269585,0.785855234
8785,0.004299837,0.766220748,0.761920911
8786,0.026472276,0.958760858,0.932288582
8787,0.012041509,0.775434256,0.763392746
8788,0.367682219,0.994639456,0.626957238
8789,0.004904785,0.855878055,0.85097327
8790,0.004758412,0.969379604,0.964621191
8791,0.069885656,0.960742176,0.890856519
8792,0.000446148,0.222608775,0.222162627
8793,0.005786259,0.773402631,0.767616373
8794,0.059134334,0.9896487,0.930514365
8795,0.010906531,0.536799908,0.525893377
8796,0.002555148,0.643214881,0.640659734
8797,0.003723661,0.623477757,0.619754096
8798,0.002522732,0.713379979,0.710857247
8799,0.001018249,0.746293843,0.745275594
8800,0.083229542,0.980205357,0.896975815
8801,0.012678225,0.826600254,0.813922029
8802,0.15791674,0.975367725,0.817450985
8803,0.007664366,0.907133281,0.899468916
8804,0.003612042,0.451583177,0.447971135
8805,0.002033742,0.009221914,0.007188172
8806,0.048741717,0.799957097,0.75121538
8807,0.124218166,0.76808238,0.643864214
8808,0.008374884,0.747798681,0.739423797
8809,0.006675289,0.961220324,0.954545035
8810,0.00158147,0.781786501,0.780205031
8811,0.000205168,0.217550188,0.21734502
8812,0.020035634,0.893007815,0.872972181
8813,0.057736412,0.965245843,0.907509431
8814,0.061083402,0.904770911,0.843687508
8815,0.027000595,0.981443524,0.954442929
8816,0.017899005,0.920243263,0.902344259
8817,0.022055363,0.938922822,0.916867459
8818,0.008951007,0.7281003,0.719149292
8819,0.005364037,0.715809166,0.71044513
8820,0.005617601,0.723003387,0.717385786
8821,0.021839747,0.876308441,0.854468694
8822,0.00521569,0.361553907,0.356338217
8823,0.002617532,0.548115849,0.545498318
8824,0.020574955,0.964177907,0.943602951
8825,0.090519153,0.956646442,0.86612729
8826,0.000847393,0.446302831,0.445455438
8827,0.029409243,0.708253264,0.678844022
8828,0.603282332,0.935031414,0.331749082
8829,0.001329535,0.202008441,0.200678906
8830,0.000818902,0.14187409,0.141055188
8831,0.005654329,0.836810887,0.831156558
8832,0.02551268,0.926127255,0.900614575
8833,0.012060851,0.817291975,0.805231124
8834,0.166239023,0.988368213,0.82212919
8835,0.002652467,0.461043358,0.458390891
8836,0.183683306,0.97735709,0.793673784
8837,0.004953978,0.876921296,0.871967318
8838,0.00864892,0.863951802,0.855302882
8839,0.00110881,0.052152049,0.051043238
8840,0.278945833,0.994916916,0.715971082
8841,0.021102816,0.451255769,0.430152953
8842,0.036618825,0.72326839,0.686649565
8843,0.014641576,0.870959282,0.856317705
8844,0.305777699,0.68651545,0.380737752
8845,0.002140037,0.215900421,0.213760384
8846,0.0210505,0.967635036,0.946584536
8847,0.288011163,0.96256274,0.674551576
8848,0.015562885,0.707234383,0.691671498
8849,0.021817181,0.819782794,0.797965612
8850,0.008653507,0.861032128,0.852378622
8851,0.223911941,0.974401653,0.750489712
8852,0.008326693,0.622002244,0.613675551
8853,0.000306292,0.164039046,0.163732753
8854,0.000856369,0.410049975,0.409193606
8855,0.000365157,0.34546113,0.345095973
8856,0.000191979,0.084222443,0.084030464
8857,0.015609153,0.878509879,0.862900726
8858,0.001787781,0.195166305,0.193378524
8859,0.006642276,0.881773531,0.875131255
8860,0.094231911,0.977108479,0.882876568
8861,0.002817198,0.825407863,0.822590664
8862,0.008873364,0.645206749,0.636333385
8863,0.013843824,0.917474687,0.903630863
8864,0.015264511,0.941437483,0.926172972
8865,0.038119067,0.30570814,0.267589074
8866,0.003953337,0.115071878,0.111118541
8867,0.003269834,0.573349416,0.570079582
8868,0.006852946,0.846055806,0.839202859
8869,0.032947429,0.96739167,0.934444241
8870,0.004641152,0.901708901,0.897067749
8871,0.001407678,0.178199723,0.176792046
8872,0.103077702,0.983114243,0.88003654
8873,0.001691003,0.334460616,0.332769613
8874,0.00683688,0.846586168,0.839749287
8875,0.013255606,0.448346078,0.435090472
8876,0.041362658,0.905498624,0.864135966
8877,0.529087365,0.997050643,0.467963278
8878,0.001619113,0.645108342,0.643489229
8879,0.005927067,0.624647737,0.61872067
8880,0.016385224,0.702832401,0.686447177
8881,0.003125654,0.77315563,0.770029976
8882,0.004857796,0.141199544,0.136341748
8883,0.000583496,0.450129271,0.449545775
8884,0.002005346,0.129205376,0.12720003
8885,0.004265517,0.811217368,0.80695185
8886,0.004146212,0.594171762,0.590025551
8887,0.029388849,0.98111546,0.951726612
8888,0.243452951,0.978778005,0.735325053
8889,0.001462384,0.164373457,0.162911074
8890,0.000239341,0.01438976,0.014150419
8891,0.008007508,0.049971022,0.041963514
8892,0.027805725,0.823917389,0.796111664
8893,0.00139417,0.403975397,0.402581227
8894,0.012438386,0.905124485,0.8926861
8895,0.017629661,0.120041743,0.102412082
8896,0.036452428,0.902445555,0.865993127
8897,0.014289595,0.940541327,0.926251732
8898,0.000959957,0.127610981,0.126651025
8899,0.005945486,0.806069255,0.800123769
8900,0.002806065,0.183909699,0.181103634
8901,0.002415334,0.615217745,0.612802411
8902,0.137125239,0.895431638,0.758306399
8903,0.002021837,0.190343618,0.188321782
8904,0.00408572,0.370101243,0.366015524
8905,0.001210448,0.697043002,0.695832553
8906,0.021029791,0.448900431,0.427870641
8907,0.002263915,0.048554033,0.046290118
8908,0.011024307,0.941367209,0.930342901
8909,0.01553588,0.440766066,0.425230186
8910,0.046746433,0.96235621,0.915609777
8911,0.098573908,0.922809839,0.824235931
8912,0.000582592,0.267704248,0.267121657
8913,0.008776196,0.763791382,0.755015186
8914,0.028566241,0.837067485,0.808501244
8915,0.001891133,0.240054563,0.23816343
8916,0.121943824,0.990991235,0.869047411
8917,0.053225137,0.969383895,0.916158758
8918,0.003290677,0.793988943,0.790698267
8919,0.004838356,0.901468694,0.896630338
8920,0.084041603,0.97899574,0.894954138
8921,0.0024533,0.568042219,0.565588919
8922,0.002863872,0.251688808,0.248824936
8923,0.0109789,0.885330379,0.874351479
8924,0.009040771,0.726623178,0.717582406
8925,0.019362463,0.844505966,0.825143503
8926,0.000210339,0.027942477,0.027732138
8927,0.04069921,0.96668309,0.92598388
8928,0.001283582,0.716194332,0.71491075
8929,0.03791165,0.807065308,0.769153658
8930,0.024668608,0.933327019,0.908658411
8931,0.02716523,0.807372987,0.780207757
8932,0.002219679,0.430290252,0.428070573
8933,0.153905317,0.935559392,0.781654075
8934,0.116616733,0.988735497,0.872118764
8935,0.00954701,0.74333483,0.73378782
8936,0.041250519,0.974541664,0.933291145
8937,0.083678409,0.967697442,0.884019032
8938,0.003030839,0.285583735,0.282552895
8939,0.063249804,0.143134996,0.079885192
8940,0.007509764,0.619681776,0.612172012
8941,0.09145765,0.93107152,0.83961387
8942,0.005548786,0.696267128,0.690718342
8943,0.014586458,0.976342857,0.961756399
8944,0.092779063,0.985604703,0.892825641
8945,0.00108968,0.298609644,0.297519964
8946,0.018937191,0.396903843,0.377966652
8947,0.023955569,0.971600354,0.947644785
8948,0.003342157,0.858477175,0.855135018
8949,0.059012067,0.929359496,0.870347429
8950,0.001328046,0.361406624,0.360078578
8951,0.00977273,0.618456185,0.608683455
8952,0.034651443,0.972627878,0.937976435
8953,0.022377007,0.956618726,0.93424172
8954,0.029757669,0.967615366,0.937857697
8955,0.000334337,0.523366511,0.523032174
8956,0.030916931,0.959728003,0.928811071
8957,0.006045926,0.919364274,0.913318347
8958,0.009262534,0.795782924,0.78652039
8959,0.018873293,0.96096921,0.942095917
8960,0.011318193,0.933355927,0.922037735
8961,0.016864359,0.528636038,0.511771679
8962,0.006331378,0.88539356,0.879062182
8963,0.021440424,0.925488353,0.904047929
8964,0.002841817,0.842820823,0.839979007
8965,0.007572804,0.769651055,0.762078252
8966,0.112991728,0.983265519,0.870273791
8967,0.003924784,0.341394544,0.337469759
8968,0.021413222,0.842120171,0.820706949
8969,0.001996218,0.56071192,0.558715703
8970,0.004017445,0.378744006,0.374726561
8971,0.002249485,0.362698674,0.360449189
8972,0.016592788,0.665561378,0.64896859
8973,0.25578481,0.992861688,0.737076879
8974,0.00629051,0.560736895,0.554446385
8975,0.001993221,0.048845142,0.046851921
8976,0.04634225,0.906743348,0.860401098
8977,0.020246649,0.963848889,0.94360224
8978,0.079026297,0.947188914,0.868162617
8979,0.008055406,0.730311155,0.72225575
8980,0.001870672,0.71010536,0.708234687
8981,0.34647572,0.966770291,0.620294571
8982,0.064335391,0.991927266,0.927591875
8983,0.001179682,0.0172564,0.016076718
8984,0.00963509,0.311075568,0.301440478
8985,0.05378956,0.346924603,0.293135043
8986,0.003644773,0.185813561,0.182168788
8987,0.005942128,0.653833032,0.647890904
8988,0.018494843,0.954426944,0.935932102
8989,0.009286658,0.413325459,0.404038801
8990,0.0037849,0.723747969,0.719963069
8991,0.159557894,0.983499646,0.823941752
8992,0.009692087,0.730414212,0.720722125
8993,0.001695063,0.721355021,0.719659958
8994,0.000606747,0.006733792,0.006127045
8995,0.017423062,0.74294585,0.725522788
8996,0.003441181,0.509634495,0.506193313
8997,0.000924288,0.59196794,0.591043653
8998,0.003423059,0.532779753,0.529356695
8999,0.031961985,0.956227958,0.924265973
9000,0.000595111,0.366097927,0.365502816
9001,0.002824025,0.865107536,0.862283511
9002,0.000618388,0.031512216,0.030893828
9003,0.001024706,0.66417259,0.663147884
9004,0.023437675,0.85604918,0.832611505
9005,0.020202402,0.896804094,0.876601692
9006,0.003153575,0.817782521,0.814628947
9007,0.004317111,0.706958413,0.702641302
9008,0.001912263,0.445573747,0.443661485
9009,0.031154832,0.952884495,0.921729663
9010,0.010016369,0.972796857,0.962780489
9011,0.027000293,0.930665016,0.903664723
9012,0.000297172,0.111894593,0.11159742
9013,0.003147119,0.726593673,0.723446554
9014,0.000636752,0.225125968,0.224489217
9015,0.096618071,0.634668112,0.538050041
9016,0.003882742,0.565423727,0.561540985
9017,0.001729992,0.530240417,0.528510424
9018,0.002372914,0.74893105,0.746558136
9019,0.003859409,0.639954448,0.636095039
9020,0.008596247,0.928555131,0.919958884
9021,0.014551948,0.477220625,0.462668677
9022,0.007941555,0.579144716,0.571203161
9023,0.002833482,0.573458493,0.570625011
9024,0.002661894,0.613125503,0.610463609
9025,0.004995169,0.297074169,0.292079
9026,0.119810693,0.98915571,0.869345017
9027,0.011894505,0.702896953,0.691002448
9028,0.033552743,0.945930183,0.912377439
9029,0.012890151,0.091847822,0.078957671
9030,0.021520041,0.882581234,0.861061193
9031,0.045101434,0.960267961,0.915166527
9032,0.439291716,0.973098218,0.533806503
9033,0.018173255,0.933232427,0.915059172
9034,0.002080586,0.516793966,0.51471338
9035,0.082838707,0.983412743,0.900574036
9036,0.002563545,0.274186105,0.27162256
9037,0.014275076,0.960776985,0.946501909
9038,0.016641295,0.300967813,0.284326518
9039,0.028581787,0.339675963,0.311094176
9040,9.63979E-05,0.037146211,0.037049813
9041,0.074768737,0.84833014,0.773561403
9042,0.038277816,0.888214171,0.849936355
9043,0.245170861,0.992537081,0.74736622
9044,0.00124261,0.343316883,0.342074273
9045,0.022269452,0.869892299,0.847622847
9046,0.000551228,0.222348005,0.221796776
9047,0.038315948,0.926528335,0.888212387
9048,0.022048082,0.933068097,0.911020014
9049,0.009003493,0.824840248,0.815836755
9050,0.044689901,0.932783961,0.88809406
9051,0.006474949,0.820356369,0.81388142
9052,0.034261573,0.956459641,0.922198068
9053,0.137482524,0.968987465,0.831504941
9054,0.02469551,0.878050447,0.853354936
9055,0.021173324,0.774725735,0.753552411
9056,0.019883867,0.074587084,0.054703217
9057,0.028387554,0.956935227,0.928547673
9058,0.029103938,0.876492381,0.847388443
9059,0.000110769,0.022934619,0.02282385
9060,0.036496919,0.974405587,0.937908668
9061,0.017258152,0.934686244,0.917428091
9062,0.000993721,0.243532181,0.24253846
9063,0.006942917,0.757630348,0.750687432
9064,0.001058518,0.110844128,0.10978561
9065,0.028384957,0.835655749,0.807270791
9066,0.005625246,0.848950088,0.843324842
9067,0.015809797,0.824609995,0.808800198
9068,0.006961815,0.291181028,0.284219213
9069,0.00020626,0.014014335,0.013808075
9070,0.058227014,0.81108588,0.752858866
9071,0.001640626,0.415136725,0.413496099
9072,0.001367843,0.352206558,0.350838715
9073,0.373677045,0.994661391,0.620984346
9074,0.034231134,0.815724313,0.78149318
9075,0.056384854,0.970308602,0.913923748
9076,0.001467759,0.486766011,0.485298252
9077,0.004699084,0.848923624,0.84422454
9078,0.007823881,0.729401946,0.721578065
9079,0.164343819,0.803389132,0.639045313
9080,0.186802849,0.975409687,0.788606837
9081,8.63131E-05,0.007821497,0.007735183
9082,0.210437685,0.994007707,0.783570021
9083,0.016175766,0.715723634,0.699547868
9084,0.112022363,0.893285871,0.781263508
9085,0.069529064,0.74977529,0.680246226
9086,0.001058375,0.60878855,0.607730175
9087,0.126011953,0.961292088,0.835280135
9088,0.04208551,0.803751111,0.761665601
9089,0.010840667,0.756249249,0.745408582
9090,0.018667057,0.920840144,0.902173087
9091,0.065948382,0.98023051,0.914282128
9092,0.029606547,0.944979548,0.915373001
9093,0.000730376,0.520912409,0.520182033
9094,0.00258002,0.40830937,0.40572935
9095,0.009771937,0.663698137,0.6539262
9096,0.015318354,0.949971139,0.934652786
9097,0.008883934,0.897130907,0.888246973
9098,0.000623028,0.126058757,0.125435729
9099,0.317956388,0.992387414,0.674431026
9100,0.013873783,0.970211089,0.956337306
9101,0.002367464,0.001681397,-0.000686067
9102,0.010289671,0.916427493,0.906137822
9103,0.000463596,0.019932851,0.019469256
9104,0.002582832,0.545546234,0.542963401
9105,0.001282177,0.304093599,0.302811422
9106,0.003534195,0.025473008,0.021938813
9107,0.001563116,0.345995992,0.344432877
9108,0.015877904,0.77916497,0.763287066
9109,0.066986009,0.976367533,0.909381524
9110,0.000593815,0.036068227,0.035474412
9111,0.116000414,0.982612729,0.866612315
9112,0.001110179,0.453938216,0.452828037
9113,0.004605627,0.718724251,0.714118624
9114,0.022763217,0.930668533,0.907905316
9115,0.115022972,0.886983395,0.771960422
9116,0.175963134,0.890909135,0.714946002
9117,0.030945551,0.520462573,0.489517022
9118,0.053834423,0.980817914,0.926983491
9119,0.005385255,0.598092139,0.592706884
9120,0.026491256,0.923187137,0.89669588
9121,0.693024993,0.997976482,0.304951489
9122,0.002988883,0.629335403,0.62634652
9123,0.014388501,0.855723083,0.841334582
9124,0.01523966,0.087907419,0.072667759
9125,0.028825393,0.935747743,0.90692235
9126,0.02287196,0.940796494,0.917924535
9127,0.001480005,0.834464431,0.832984425
9128,0.008255775,0.845475912,0.837220137
9129,0.013208824,0.247418553,0.234209728
9130,0.001980074,0.589093626,0.587113552
9131,0.143646777,0.152197689,0.008550912
9132,0.008376475,0.844535232,0.836158756
9133,0.003412595,0.518156111,0.514743516
9134,0.029323107,0.968795657,0.939472551
9135,0.013559354,0.959002316,0.945442962
9136,0.000890581,0.073187418,0.072296837
9137,0.000699162,0.404863834,0.404164673
9138,0.000618333,0.23758024,0.236961907
9139,0.285583973,0.9960168,0.710432827
9140,0.003596612,0.670400381,0.666803769
9141,0.030893309,0.930803657,0.899910348
9142,0.001521058,0.435221434,0.433700376
9143,0.001702192,0.58342427,0.581722078
9144,0.002197284,0.269875616,0.267678332
9145,0.031704407,0.862899482,0.831195075
9146,0.051991221,0.961946666,0.909955446
9147,0.004274834,0.933061779,0.928786945
9148,0.021342071,0.948057413,0.926715342
9149,0.010416122,0.823311329,0.812895207
9150,0.001086795,0.799890518,0.798803723
9151,0.00390651,0.601876497,0.597969987
9152,0.010938128,0.44805336,0.437115232
9153,0.001060255,0.589948535,0.58888828
9154,0.003999746,0.710372388,0.706372642
9155,0.045416523,0.426118404,0.380701881
9156,0.007399288,0.713992596,0.706593308
9157,0.002880059,0.358760834,0.355880775
9158,0.000235814,0.001174606,0.000938792
9159,0.022856867,0.975502789,0.952645922
9160,0.028656738,0.953444719,0.924787981
9161,0.040705714,0.970896304,0.930190589
9162,0.00298652,0.003154005,0.000167485
9163,0.023272743,0.873350441,0.850077698
9164,0.002154072,0.760968745,0.758814673
9165,0.635234296,0.920718253,0.285483956
9166,0.001235574,0.002986733,0.001751159
9167,0.001586452,0.344603002,0.34301655
9168,0.002390573,0.255305797,0.252915224
9169,0.009792971,0.905064344,0.895271373
9170,0.002846643,0.401429564,0.398582921
9171,0.001356442,0.844961941,0.843605499
9172,0.004036735,0.646906972,0.642870237
9173,0.029549755,0.921076059,0.891526304
9174,0.058042694,0.930788934,0.87274624
9175,0.010835167,0.922287226,0.911452059
9176,0.004599986,0.59275347,0.588153484
9177,0.039036427,0.959489226,0.9204528
9178,0.181023285,0.97778666,0.796763375
9179,0.004238762,0.674906611,0.670667849
9180,0.001936936,0.795986712,0.794049776
9181,0.183973536,0.96843344,0.784459904
9182,0.001498357,0.720107794,0.718609436
9183,0.125622556,0.990524352,0.864901796
9184,0.022182874,0.988413274,0.9662304
9185,0.000541996,0.060689148,0.060147151
9186,0.110395357,0.89256233,0.782166973
9187,0.00412057,0.39169541,0.38757484
9188,0.00052111,0.419555962,0.419034852
9189,0.005872015,0.898244381,0.892372366
9190,0.019888662,0.693288445,0.673399784
9191,0.157871678,0.930756748,0.772885069
9192,0.0115711,0.851572156,0.840001056
9193,0.052218255,0.874656916,0.822438661
9194,0.109799914,0.977967918,0.868168004
9195,0.05279921,0.990046084,0.937246874
9196,0.009243884,0.533744276,0.524500391
9197,0.021095166,0.867548466,0.8464533
9198,0.003797413,0.792520285,0.788722872
9199,0.010461936,0.482222706,0.47176077
9200,0.002783665,0.949553788,0.946770123
9201,0.000880615,0.00894672,0.008066104
9202,0.006429376,0.856434584,0.850005208
9203,0.001885819,0.954211056,0.952325237
9204,0.00118234,0.45861119,0.45742885
9205,0.025264667,0.979880393,0.954615725
9206,0.005857486,0.899951577,0.894094091
9207,0.013598929,0.433184415,0.419585486
9208,0.00127935,0.497102886,0.495823536
9209,0.006238137,0.517976344,0.511738207
9210,0.009989058,0.910883129,0.900894071
9211,0.017886173,0.94721812,0.929331947
9212,0.099695742,0.979615271,0.879919529
9213,0.590748847,0.963383615,0.372634768
9214,0.043300018,0.950950563,0.907650545
9215,0.151505277,0.963433444,0.811928168
9216,0.003448709,0.821014822,0.817566113
9217,0.008225503,0.777999818,0.769774315
9218,0.077994764,0.973506927,0.895512164
9219,0.086550131,0.159289464,0.072739333
9220,0.000385161,0.03965988,0.039274719
9221,0.196466371,0.995447814,0.798981443
9222,0.008137207,0.64888835,0.640751143
9223,0.005152031,0.597897828,0.592745796
9224,0.010306914,0.782433867,0.772126953
9225,0.008637667,0.460067511,0.451429844
9226,0.008852792,0.709105253,0.700252461
9227,0.004031771,0.912678421,0.90864665
9228,0.003738411,0.92443794,0.920699529
9229,0.087000839,0.971814334,0.884813495
9230,0.034590028,0.952078104,0.917488076
9231,0.137446955,0.986484706,0.849037752
9232,0.183874816,0.984224796,0.800349981
9233,0.07894963,0.977953911,0.899004281
9234,0.049771968,0.798595071,0.748823103
9235,0.005041525,0.865671575,0.86063005
9236,0.045015633,0.9475227,0.902507067
9237,0.002527161,0.740816176,0.738289015
9238,0.107062124,0.9406932,0.833631076
9239,0.004707096,0.714136481,0.709429385
9240,0.047930915,0.936881661,0.888950747
9241,0.003118224,0.168962464,0.16584424
9242,0.010683985,0.945259809,0.934575824
9243,0.006772781,0.949064791,0.94229201
9244,0.003965693,0.911355555,0.907389862
9245,0.00042205,0.117557429,0.117135379
9246,0.029187359,0.774583101,0.745395742
9247,0.005531276,0.918676198,0.913144921
9248,0.003683132,0.789454699,0.785771566
9249,0.043826621,0.95788312,0.914056499
9250,0.009391548,0.523339748,0.5139482
9251,0.049501248,0.956734717,0.907233469
9252,0.017606668,0.439714223,0.422107555
9253,0.033588238,0.863788009,0.830199771
9254,0.001646428,0.017394267,0.015747839
9255,0.012046535,0.79461205,0.782565515
9256,0.008762936,0.861002624,0.852239688
9257,0.70729202,0.998090446,0.290798426
9258,0.007181257,0.94013989,0.932958633
9259,0.002832981,0.640990913,0.638157932
9260,0.002797639,0.885058761,0.882261121
9261,0.006015608,0.911199093,0.905183485
9262,0.257298946,0.983751476,0.726452529
9263,0.03977365,0.971597433,0.931823783
9264,0.005783352,0.858337939,0.852554587
9265,0.004644777,0.836042404,0.831397627
9266,0.040234223,0.949489295,0.909255072
9267,0.061605103,0.905647099,0.844041996
9268,0.064244293,0.90741843,0.843174137
9269,0.056162972,0.911335409,0.855172437
9270,0.035934888,0.94494909,0.909014203
9271,0.033997755,0.961484373,0.927486617
9272,0.064027615,0.976067841,0.912040226
9273,0.005245558,0.694119394,0.688873836
9274,0.044565741,0.985218704,0.940652963
9275,0.036087386,0.977555156,0.941467769
9276,0.017967211,0.952475965,0.934508754
9277,0.024633724,0.961225927,0.936592203
9278,0.043924,0.979237974,0.935313974
9279,0.048051961,0.983174741,0.935122781
9280,0.023170521,0.971140862,0.94797034
9281,0.008252356,0.887300968,0.879048612
9282,0.040341508,0.956922352,0.916580845
9283,0.000684647,0.741834104,0.741149457
9284,0.052881852,0.837459922,0.78457807
9285,0.009829323,0.636944115,0.627114792
9286,0.02069016,0.78865236,0.767962201
9287,0.093115047,0.876872599,0.783757553
9288,0.082801342,0.680454075,0.597652733
9289,0.007285717,0.831430972,0.824145254
9290,0.010080675,0.754585683,0.744505009
9291,0.026145732,0.935127795,0.908982063
9292,0.038804755,0.779668868,0.740864113
9293,0.001885172,0.731595814,0.729710642
9294,0.002384496,0.398355693,0.395971197
9295,0.00220628,0.56360954,0.561403261
9296,0.002591182,0.748885393,0.746294212
9297,0.020195125,0.958665192,0.938470067
9298,0.010396876,0.749657512,0.739260635
9299,0.020795731,0.904255152,0.883459421
9300,0.054812588,0.319588065,0.264775477
9301,0.002214444,0.566268444,0.564054
9302,0.004591705,0.008416965,0.003825259
9303,0.002905979,0.637147903,0.634241924
9304,0.024851747,0.461397141,0.436545394
9305,0.000202095,0.033258766,0.033056671
9306,0.21619077,0.618143737,0.401952967
9307,0.011046346,0.872051418,0.861005072
9308,0.003702648,0.663756311,0.660053662
9309,0.008235078,0.859495044,0.851259965
9310,0.067524895,0.96387732,0.896352425
9311,0.002377079,0.366850644,0.364473566
9312,0.004572242,0.078911051,0.074338809
9313,0.004561337,0.351293653,0.346732316
9314,0.002733217,0.035201889,0.032468672
9315,0.003622669,0.888305128,0.884682458
9316,0.004546742,0.882245839,0.877699097
9317,0.016319541,0.239497706,0.223178165
9318,0.009599111,0.933876991,0.92427788
9319,0.004896964,0.067963749,0.063066785
9320,0.000877915,0.564620435,0.56374252
9321,0.099359661,0.839281261,0.7399216
9322,0.004338006,0.274989843,0.270651838
9323,0.004710645,0.033175487,0.028464842
9324,0.014782477,0.64979893,0.635016453
9325,0.007506679,0.780712843,0.773206164
9326,0.027262829,0.877318144,0.850055315
9327,0.001160022,0.390850365,0.389690343
9328,0.052900072,0.919196069,0.866295997
9329,0.029533513,0.967453361,0.937919848
9330,0.003696901,0.745051503,0.741354602
9331,0.041962411,0.938909054,0.896946643
9332,0.003474738,0.281871587,0.278396849
9333,0.005487484,0.127970576,0.122483092
9334,0.037547078,0.965872347,0.928325269
9335,0.020611735,0.873106003,0.852494268
9336,0.002467444,0.008784272,0.006316828
9337,0.035823748,0.120594509,0.084770761
9338,0.04590689,0.86421454,0.818307649
9339,0.035563543,0.925069511,0.889505967
9340,0.305822492,0.988264203,0.682441711
9341,0.06230323,0.953707814,0.891404584
9342,0.001958465,0.063249111,0.061290646
9343,0.000524546,0.057736199,0.057211654
9344,0.002096042,0.803546131,0.801450089
9345,0.018607166,0.906394064,0.887786899
9346,0.002954263,0.695881069,0.692926806
9347,0.003176499,0.250864267,0.247687768
9348,0.042445332,0.917694449,0.875249118
9349,0.003074386,0.5205881,0.517513714
9350,0.005747948,0.736733496,0.730985548
9351,0.017646357,0.964479864,0.946833506
9352,0.001595694,0.272924393,0.271328699
9353,0.002553226,0.725731671,0.723178445
9354,0.008138913,0.704065263,0.695926351
9355,0.261100441,0.989737332,0.728636891
9356,0.019119082,0.902935863,0.883816781
9357,0.012427541,0.934186578,0.921759036
9358,0.039041717,0.913922846,0.87488113
9359,0.025154153,0.545952857,0.520798704
9360,0.002872702,0.282060921,0.27918822
9361,0.008536966,0.817388654,0.808851688
9362,0.17159152,0.99166286,0.82007134
9363,0.016886082,0.812776744,0.795890663
9364,0.021794435,0.908476353,0.886681918
9365,0.013777938,0.908567071,0.894789133
9366,0.003982313,0.746450126,0.742467813
9367,0.013342683,0.893947721,0.880605037
9368,0.006778968,0.900812387,0.894033419
9369,0.014598637,0.846164644,0.831566007
9370,0.017374923,0.818973899,0.801598975
9371,0.228691906,0.940388322,0.711696416
9372,0.111871704,0.981384873,0.869513169
9373,0.01449693,0.902992964,0.888496034
9374,0.006590577,0.033537816,0.026947239
9375,0.063355699,0.818255484,0.754899785
9376,0.16451104,0.754469275,0.589958236
9377,0.002114595,0.358903497,0.356788902
9378,0.00435564,0.336541444,0.332185804
9379,0.031492863,0.941422284,0.909929421
9380,0.22062555,0.988477647,0.767852098
9381,0.002839234,0.851026118,0.848186884
9382,0.00293704,0.338299632,0.335362592
9383,0.002593733,0.556737423,0.55414369
9384,0.008191338,0.885303676,0.877112338
9385,0.005850011,0.7537117,0.74786169
9386,0.093332812,0.927958131,0.834625319
9387,0.00629269,0.903742433,0.897449743
9388,0.005300017,0.452219397,0.44691938
9389,0.818120301,0.999332607,0.181212306
9390,0.002911068,0.93094939,0.928038322
9391,0.038844116,0.959276497,0.920432381
9392,0.003890755,0.792767406,0.788876651
9393,0.001487105,0.59379077,0.592303665
9394,0.028211039,0.834454238,0.8062432
9395,0.010840556,0.716753423,0.705912868
9396,0.019183259,0.966614366,0.947431106
9397,0.001958027,0.372257203,0.370299176
9398,0.046909977,0.979371428,0.932461452
9399,0.013171546,0.914713204,0.901541658
9400,0.02591278,0.83863163,0.81271885
9401,0.019264068,0.804573417,0.785309348
9402,0.001624462,0.624201357,0.622576895
9403,0.014503199,0.774639785,0.760136587
9404,0.000750444,0.027355878,0.026605434
9405,0.002080727,0.045367263,0.043286536
9406,0.013460498,0.925969541,0.912509043
9407,0.028409053,0.970128059,0.941719007
9408,0.024777148,0.977954626,0.953177478
9409,0.037600797,0.937555492,0.899954695
9410,0.001325351,0.534228265,0.532902915
9411,0.012026555,0.876416028,0.864389473
9412,0.008999495,0.91604811,0.907048615
9413,0.038783446,0.907292724,0.868509278
9414,0.009843585,0.752781093,0.742937508
9415,0.005288779,0.831726909,0.826438129
9416,0.062373556,0.978724897,0.916351341
9417,0.017647812,0.81156677,0.793918958
9418,0.003542441,0.931765974,0.928223532
9419,0.002696504,0.802749574,0.80005307
9420,0.000896887,0.076106176,0.075209289
9421,0.001318271,0.518370152,0.51705188
9422,0.465472549,0.993984401,0.528511852
9423,0.051514998,0.974214554,0.922699556
9424,0.008416506,0.863984227,0.855567721
9425,0.000609847,0.151264012,0.150654165
9426,0.002182817,0.02570565,0.023522833
9427,0.003234051,0.665372372,0.662138321
9428,0.031463295,0.961226881,0.929763585
9429,0.006445201,0.181920379,0.175475178
9430,0.000394608,0.084358737,0.083964129
9431,0.002736437,0.617623687,0.61488725
9432,0.008448168,0.882757425,0.874309258
9433,0.019916466,0.960341275,0.940424809
9434,0.026730809,0.953267038,0.926536229
9435,0.010588427,0.847541928,0.836953501
9436,0.001779008,0.305409342,0.303630334
9437,0.599326372,0.913398385,0.314072013
9438,0.000899186,0.466502607,0.465603421
9439,0.00409883,0.899122238,0.895023408
9440,0.019763868,0.339036167,0.319272298
9441,0.001203564,0.593847871,0.592644307
9442,0.005449654,0.84350431,0.838054656
9443,0.003613703,0.872920036,0.869306333
9444,0.028113849,0.698323011,0.670209162
9445,0.01020799,0.917393029,0.907185039
9446,0.003321083,0.872130275,0.868809192
9447,0.004789697,0.181530476,0.176740778
9448,0.001458144,0.171328604,0.169870461
9449,0.003209791,0.740727246,0.737517455
9450,0.000264689,0.139402941,0.139138252
9451,0.040273555,0.969252706,0.928979151
9452,0.008759943,0.250332057,0.241572115
9453,0.032912958,0.946819663,0.913906705
9454,0.016144849,0.84204632,0.825901471
9455,0.004992549,0.97937876,0.974386211
9456,0.004668239,0.679186046,0.674517807
9457,0.021209426,0.601304829,0.580095403
9458,0.067058705,0.98093009,0.913871385
9459,0.005821119,0.868653715,0.862832596
9460,0.01971429,0.764212251,0.74449796
9461,0.00264247,0.422662675,0.420020206
9462,0.002272552,0.412522525,0.410249972
9463,0.007226795,0.582745433,0.575518638
9464,0.088851675,0.974101126,0.885249451
9465,0.06783314,0.927272022,0.859438881
9466,0.001912148,0.909184098,0.90727195
9467,0.00134623,0.357291847,0.355945617
9468,0.043433253,0.928765178,0.885331925
9469,0.036729101,0.980403304,0.943674203
9470,0.02578277,0.684703887,0.658921117
9471,0.008584674,0.67538166,0.666796987
9472,0.191919133,0.992076278,0.800157145
9473,0.021063065,0.8080163,0.786953235
9474,0.014759335,0.962012529,0.947253195
9475,0.08416649,0.897038043,0.812871553
9476,0.002251754,0.273459494,0.27120774
9477,0.025166674,0.985384762,0.960218089
9478,0.042753186,0.917717516,0.87496433
9479,0.024426363,0.89440161,0.869975246
9480,0.05527601,0.730003536,0.674727526
9481,0.012945553,0.019121397,0.006175844
9482,0.016659189,0.676864088,0.660204899
9483,0.000160276,0.056629799,0.056469523
9484,0.015956074,0.922120333,0.906164259
9485,0.011764121,0.87391299,0.862148869
9486,0.001539978,0.767753422,0.766213444
9487,0.123420812,0.954648793,0.831227981
9488,0.014872848,0.805027723,0.790154875
9489,0.002482503,0.630862117,0.628379614
9490,0.132270187,0.984337747,0.85206756
9491,0.00158897,0.013041255,0.011452285
9492,0.013563904,0.906328619,0.892764715
9493,0.100086883,0.98264277,0.882555887
9494,0.000688149,0.393552482,0.392864333
9495,0.004217368,0.028596798,0.02437943
9496,0.002944716,0.90078336,0.897838644
9497,0.066110305,0.933359742,0.867249437
9498,0.002284554,0.283153087,0.280868533
9499,0.004900813,0.333106428,0.328205615
9500,0.063778035,0.962667763,0.898889728
9501,0.034135856,0.940541208,0.906405352
9502,0.029134898,0.952637196,0.923502298
9503,0.035795763,0.22811982,0.192324057
9504,0.032592785,0.937043965,0.90445118
9505,0.001127368,0.375588745,0.374461377
9506,0.208990872,0.966104031,0.757113159
9507,0.214784205,0.966803491,0.752019286
9508,0.003608032,0.385295361,0.38168733
9509,0.017166521,0.933029115,0.915862594
9510,0.451211721,0.997473419,0.546261698
9511,0.059123456,0.981694937,0.92257148
9512,0.007286448,0.709830284,0.702543836
9513,0.003125296,0.913137794,0.910012498
9514,0.017691072,0.675480425,0.657789353
9515,0.078408964,0.984672844,0.90626388
9516,0.016959906,0.955340743,0.938380837
9517,0.018552158,0.830477953,0.811925795
9518,0.000237665,0.303118885,0.30288122
9519,0.230062678,0.98054266,0.750479981
9520,0.001600179,0.0177525,0.016152321
9521,0.251791,0.980099857,0.728308856
9522,0.001618119,0.004889938,0.003271819
9523,0.002512659,0.724744678,0.722232018
9524,0.001839043,0.424886286,0.423047244
9525,0.00101386,0.400612354,0.399598494
9526,0.019919893,0.941846311,0.921926418
9527,0.006823761,0.437094122,0.430270361
9528,0.004835487,0.75307864,0.748243153
9529,0.016232084,0.846298158,0.830066074
9530,0.001826019,0.712070763,0.710244744
9531,0.000629144,0.564989865,0.564360721
9532,0.035501964,0.943971217,0.908469252
9533,0.005131114,0.826492906,0.821361791
9534,0.017466152,0.884220958,0.866754806
9535,0.052171033,0.894793749,0.842622716
9536,0.040506672,0.944015205,0.903508533
9537,0.027236771,0.916133165,0.888896395
9538,0.014707429,0.887350202,0.872642772
9539,0.34404701,0.995526135,0.651479125
9540,0.023537947,0.964386523,0.940848576
9541,0.002174606,0.217573002,0.215398396
9542,0.000391158,0.369972467,0.36958131
9543,0.019088076,0.89283669,0.873748614
9544,0.000136402,0.005423182,0.00528678
9545,0.005604527,0.818183839,0.812579312
9546,0.028905552,0.801496506,0.772590954
9547,0.000533848,0.21985127,0.219317422
9548,0.000486701,0.120321736,0.119835035
9549,0.001050317,0.56303978,0.561989463
9550,0.001918562,0.028248049,0.026329488
9551,0.03542259,0.991066039,0.955643449
9552,0.012863542,0.743365943,0.730502401
9553,0.015425668,0.549061477,0.533635809
9554,0.068318702,0.88094753,0.812628828
9555,0.005455737,0.744978905,0.739523168
9556,0.028879449,0.866672933,0.837793484
9557,0.019585479,0.842603981,0.823018502
9558,0.01745156,0.671916962,0.654465402
9559,0.001167035,0.629649043,0.628482008
9560,0.007711649,0.72048986,0.712778211
9561,0.007791591,0.956300437,0.948508846
9562,0.004391671,0.620548606,0.616156935
9563,0.000526338,0.265983582,0.265457243
9564,0.000245137,0.084244661,0.083999524
9565,0.003974433,0.783608735,0.779634302
9566,0.002471793,0.611460209,0.608988416
9567,0.004631705,0.809035361,0.804403656
9568,0.006295209,0.673573613,0.667278404
9569,0.091933496,0.91567874,0.823745243
9570,0.099873468,0.977921069,0.8780476
9571,0.004127486,0.838083506,0.83395602
9572,0.015447226,0.729613304,0.714166078
9573,0.056299318,0.948301017,0.8920017
9574,0.01493416,0.813892782,0.798958622
9575,0.002601125,0.279318601,0.276717476
9576,0.007669329,0.515191019,0.507521689
9577,0.005655441,0.197040141,0.191384699
9578,0.014663422,0.954481006,0.939817584
9579,0.344180465,0.949063718,0.604883254
9580,0.001755936,0.372533113,0.370777177
9581,0.020829553,0.894161642,0.873332089
9582,0.013640325,0.910270393,0.896630068
9583,0.040283237,0.857748568,0.817465331
9584,0.002799666,0.321232885,0.318433219
9585,0.00675167,0.677419543,0.670667874
9586,6.03994E-05,0.229454175,0.229393775
9587,0.006026411,0.814846635,0.808820223
9588,0.049384557,0.971764684,0.922380127
9589,0.003934568,0.361038774,0.357104206
9590,0.062455475,0.909910738,0.847455263
9591,0.169897184,0.991278052,0.821380869
9592,0.138119861,0.983044744,0.844924882
9593,0.009388772,0.840774238,0.831385466
9594,0.027564863,0.96937871,0.941813847
9595,0.073966317,0.972376227,0.898409911
9596,0.04502973,0.901905119,0.85687539
9597,0.000724712,0.018722901,0.017998189
9598,0.045859724,0.933352649,0.887492925
9599,0.148705319,0.963158548,0.814453229
9600,0.017318798,0.951067209,0.933748411
9601,0.047806349,0.960538447,0.912732098
9602,0.018483629,0.826864719,0.80838109
9603,0.012960921,0.834808886,0.821847965
9604,0.353258789,0.991151631,0.637892842
9605,0.003689673,0.468024641,0.464334968
9606,0.091896832,0.948501587,0.856604755
9607,0.024612105,0.952976167,0.928364063
9608,0.007705015,0.420805335,0.41310032
9609,0.10749568,0.306920052,0.199424371
9610,0.072063759,0.989419699,0.91735594
9611,0.054469954,0.792141497,0.737671543
9612,0.007542634,0.05353855,0.045995915
9613,0.002191927,0.472771406,0.470579479
9614,0.010260971,0.892421722,0.882160751
9615,0.005095929,0.808486998,0.803391069
9616,0.004420747,0.669056833,0.664636086
9617,0.250011325,0.997634411,0.747623086
9618,0.049053013,0.967101455,0.918048441
9619,0.002075872,0.877205908,0.875130036
9620,0.148013934,0.994787693,0.846773759
9621,0.003553954,0.402070731,0.398516777
9622,0.042821959,0.958229363,0.915407404
9623,0.04811018,0.936968505,0.888858326
9624,0.001431908,0.589791656,0.588359748
9625,0.008878074,0.702056944,0.693178871
9626,0.009322264,0.482201666,0.472879401
9627,0.007338973,0.80918926,0.801850287
9628,0.009133406,0.902760029,0.893626623
9629,0.024044847,0.86530757,0.841262722
9630,0.00067752,0.049994849,0.049317328
9631,0.079996943,0.962707341,0.882710397
9632,0.005952899,0.909407854,0.903454955
9633,0.035771824,0.809500635,0.77372881
9634,0.002552454,0.569708169,0.567155715
9635,0.002548846,0.892208278,0.889659432
9636,0.002791394,0.070032746,0.067241351
9637,0.00372659,0.019815754,0.016089164
9638,0.301808685,0.685600996,0.383792311
9639,0.097523868,0.93364054,0.836116672
9640,0.002480611,0.334757656,0.332277045
9641,0.015961774,0.947338223,0.93137645
9642,0.004617696,0.075205117,0.070587421
9643,0.023985602,0.19676885,0.172783248
9644,0.008916772,0.904181778,0.895265006
9645,0.006147719,0.857843518,0.851695799
9646,0.008055851,0.917915761,0.909859911
9647,0.00044863,0.248072773,0.247624143
9648,0.228529632,0.993894875,0.765365243
9649,0.070252217,0.973190606,0.902938388
9650,0.005229936,0.357702583,0.352472648
9651,0.032922748,0.157305583,0.124382835
9652,0.018095188,0.809914172,0.791818984
9653,0.029175675,0.982171416,0.952995742
9654,0.010455792,0.923543572,0.913087781
9655,0.001108165,0.81092006,0.809811894
9656,0.001249571,0.128853217,0.127603645
9657,0.029942257,0.673232079,0.643289821
9658,0.027574508,0.911395788,0.883821281
9659,0.010281205,0.742446065,0.73216486
9660,0.004590973,0.89037478,0.885783806
9661,0.002874152,0.954358816,0.951484664
9662,0.000430688,0.076845326,0.076414637
9663,0.090916596,0.945270061,0.854353465
9664,0.013540324,0.886873007,0.873332683
9665,0.025717655,0.783390641,0.757672986
9666,0.094496816,0.888036609,0.793539792
9667,0.001868111,0.596042633,0.594174522
9668,0.026229968,0.77519989,0.748969922
9669,0.333540171,0.995543659,0.662003487
9670,0.002551637,0.732071996,0.729520359
9671,0.022265073,0.750786424,0.728521351
9672,0.04983519,0.913979888,0.864144698
9673,0.083628729,0.981957436,0.898328707
9674,0.073532298,0.976300597,0.902768299
9675,0.360759676,0.983604014,0.622844338
9676,0.014006088,0.793119073,0.779112984
9677,0.000572585,0.180222318,0.179649732
9678,0.01470684,0.901081443,0.886374603
9679,0.182728201,0.983816743,0.801088542
9680,0.018149508,0.813200653,0.795051144
9681,0.041160546,0.971257329,0.930096783
9682,0.165009305,0.980456233,0.815446928
9683,0.007653555,0.81477809,0.807124535
9684,0.004121028,0.821311176,0.817190148
9685,0.001290365,0.482444465,0.4811541
9686,0.007522789,0.01223252,0.00470973
9687,0.003894108,0.090317838,0.08642373
9688,0.000545598,0.297092527,0.296546929
9689,0.102768958,0.920291305,0.817522347
9690,0.03400436,0.91579181,0.881787449
9691,0.002260452,0.693749726,0.691489274
9692,0.003739225,0.05201951,0.048280286
9693,0.080939017,0.92961514,0.848676123
9694,0.005350593,0.15990667,0.154556078
9695,0.004583085,0.64729929,0.642716204
9696,0.009026838,0.795961678,0.78693484
9697,0.008611586,0.711861193,0.703249607
9698,0.000699248,0.475569427,0.474870179
9699,0.000156513,0.0073101,0.007153587
9700,0.003051112,0.750095189,0.747044076
9701,0.014731002,0.484238803,0.469507801
9702,0.005789223,0.550639987,0.544850764
9703,0.022810902,0.835701168,0.812890265
9704,0.016999725,0.913337171,0.896337446
9705,0.049416021,0.812989771,0.763573751
9706,0.002405864,0.262213677,0.259807813
9707,0.027025335,0.903491259,0.876465924
9708,0.003326823,0.021172803,0.01784598
9709,0.23039262,0.972747505,0.742354885
9710,0.007111904,0.403774858,0.396662954
9711,0.003819273,0.846782684,0.842963411
9712,0.000806939,0.351006985,0.350200046
9713,0.002419934,0.44378975,0.441369816
9714,0.030587986,0.928109765,0.897521779
9715,0.001951218,0.580696046,0.578744829
9716,0.001611177,0.689549148,0.687937971
9717,0.001461312,0.481879681,0.48041837
9718,0.009846136,0.807320952,0.797474816
9719,0.022211952,0.824331701,0.802119749
9720,0.076781541,0.956673741,0.8798922
9721,0.024556039,0.846638024,0.822081985
9722,0.00282701,0.850944638,0.848117628
9723,0.071716748,0.81021446,0.738497712
9724,0.014599513,0.953050256,0.938450743
9725,0.000959078,0.438524246,0.437565168
9726,0.014946988,0.683878124,0.668931136
9727,0.031247325,0.89215368,0.860906355
9728,0.004919596,0.657306969,0.652387373
9729,0.099555053,0.982090354,0.882535301
9730,0.005067008,0.41701135,0.411944343
9731,0.008920468,0.884659052,0.875738584
9732,0.090834521,0.932452142,0.841617621
9733,0.016068349,0.83980459,0.823736241
9734,0.065164804,0.892320693,0.827155888
9735,0.008242699,0.613069534,0.604826835
9736,0.011273269,0.717560351,0.706287082
9737,0.013675424,0.847746313,0.834070888
9738,0.000879085,0.150348634,0.149469549
9739,0.062828898,0.909555554,0.846726656
9740,0.024467815,0.870825469,0.846357655
9741,0.001003057,0.156124666,0.155121609
9742,0.001735483,0.110309832,0.108574349
9743,0.012168756,0.612287223,0.600118468
9744,0.138026908,0.825601041,0.687574133
9745,0.000821435,0.154443637,0.153622202
9746,0.006396341,0.85731101,0.85091467
9747,0.254840821,0.985908329,0.731067508
9748,0.015012492,0.315697819,0.300685327
9749,0.134852737,0.980963945,0.846111208
9750,0.045096137,0.551950574,0.506854437
9751,0.008868671,0.67124027,0.662371599
9752,0.016863128,0.889959395,0.873096267
9753,0.000453867,0.081831336,0.081377469
9754,0.003830603,0.802672923,0.798842319
9755,0.021952355,0.961834192,0.939881837
9756,0.003411318,0.715864122,0.712452804
9757,0.101322636,0.95781219,0.856489554
9758,0.0019929,0.147062168,0.145069267
9759,0.108681455,0.97802496,0.869343504
9760,0.014912842,0.688102663,0.673189821
9761,0.001799065,0.632201552,0.630402487
9762,0.039934095,0.968311548,0.928377453
9763,0.01427166,0.950860798,0.936589139
9764,0.015726743,0.933819175,0.918092432
9765,0.003092584,0.496575028,0.493482444
9766,0.027192282,0.830842972,0.80365069
9767,0.01162147,0.701883674,0.690262204
9768,0.001776121,0.469625086,0.467848965
9769,0.003513269,0.902758896,0.899245627
9770,0.001357724,0.00133819,-1.95344E-05
9771,0.006471368,0.897215545,0.890744178
9772,0.22725071,0.969125271,0.741874561
9773,0.003457589,0.605108678,0.601651089
9774,0.002767867,0.031593401,0.028825534
9775,0.002725476,0.809193552,0.806468075
9776,0.012606364,0.953050673,0.940444309
9777,0.004628452,0.731234252,0.7266058
9778,0.007994387,0.95844382,0.950449433
9779,0.00218855,0.504666388,0.502477838
9780,0.002876747,0.798448145,0.795571398
9781,0.004548905,0.87135613,0.866807225
9782,0.026184035,0.959161639,0.932977604
9783,0.095232777,0.950537682,0.855304904
9784,0.001072509,0.312441468,0.311368959
9785,0.016498942,0.798097551,0.781598609
9786,0.119727261,0.946796775,0.827069513
9787,0.02152678,0.919277966,0.897751186
9788,0.001832098,0.250943124,0.249111026
9789,0.010015442,0.780209541,0.770194099
9790,0.130567655,0.991789699,0.861222044
9791,0.015650721,0.393858403,0.378207682
9792,0.036551699,0.91842407,0.881872371
9793,0.281947315,0.989762902,0.707815588
9794,0.000442274,0.272289813,0.271847538
9795,0.013512934,0.492390424,0.47887749
9796,0.004307058,0.745068669,0.740761612
9797,0.002954132,0.693473339,0.690519207
9798,0.080384918,0.980648994,0.900264077
9799,0.001055479,0.241755888,0.240700409
9800,0.00122523,0.411732167,0.410506937
9801,0.00103265,0.691176295,0.690143645
9802,0.013404782,0.873844087,0.860439305
9803,0.069788061,0.979954898,0.910166837
9804,0.004438921,0.429713994,0.425275073
9805,0.000630075,0.07284122,0.072211145
9806,0.426300943,0.960876346,0.534575403
9807,0.025712114,0.89832747,0.872615356
9808,0.002483533,0.075746223,0.07326269
9809,0.008091705,0.652733386,0.644641681
9810,0.036653798,0.97337395,0.936720151
9811,0.084039107,0.975858212,0.891819105
9812,0.001493957,0.632080376,0.630586419
9813,0.013846748,0.546170294,0.532323547
9814,0.019819405,0.708317757,0.688498352
9815,0.005669685,0.868306041,0.862636356
9816,0.010560439,0.771521688,0.760961249
9817,0.022362577,0.698676527,0.67631395
9818,0.015955625,0.747143507,0.731187882
9819,0.00721287,0.890471816,0.883258946
9820,0.001301882,0.561038375,0.559736493
9821,0.011978186,0.924100876,0.91212269
9822,0.197396293,0.98027128,0.782874987
9823,0.000835663,0.499374956,0.498539293
9824,0.062871195,0.984114051,0.921242855
9825,0.001935251,0.474149734,0.472214483
9826,0.00301084,0.778722703,0.775711863
9827,0.016025743,0.835237026,0.819211284
9828,0.020187985,0.937679231,0.917491246
9829,0.002379317,0.007381182,0.005001865
9830,0.003628437,0.875054359,0.871425922
9831,0.005598536,0.923653364,0.918054828
9832,0.009742884,0.933843076,0.924100192
9833,0.006633749,0.830469429,0.82383568
9834,0.005196419,0.764111817,0.758915398
9835,0.01607674,0.937446833,0.921370093
9836,0.032106582,0.914057672,0.88195109
9837,0.004770029,0.775899649,0.77112962
9838,0.005640558,0.520721197,0.51508064
9839,0.006801937,0.728892803,0.722090866
9840,0.020870881,0.166739821,0.14586894
9841,0.002365541,0.442787617,0.440422076
9842,0.009785354,0.779875696,0.770090342
9843,0.00494896,0.819624782,0.814675821
9844,0.000950165,0.321428657,0.320478491
9845,0.006704018,0.712652087,0.705948069
9846,0.011356285,0.890389442,0.879033158
9847,0.071064159,0.890434861,0.819370702
9848,0.007649511,0.848371565,0.840722054
9849,0.04876601,0.95696795,0.90820194
9850,0.402801991,0.979560673,0.576758683
9851,0.04714746,0.905946136,0.858798675
9852,0.008990113,0.673000753,0.66401064
9853,0.490511596,0.497627884,0.007116288
9854,0.001814325,0.773266792,0.771452468
9855,0.004745844,0.29447493,0.289729086
9856,0.012580067,0.961489141,0.948909074
9857,0.005315477,0.659417987,0.65410251
9858,0.015950274,0.38019982,0.364249546
9859,0.422525167,0.956930637,0.53440547
9860,0.068844922,0.916496396,0.847651474
9861,0.004075758,0.542191982,0.538116224
9862,0.033474863,0.773802817,0.740327954
9863,0.006335402,0.890537262,0.88420186
9864,0.005770031,0.812663138,0.806893107
9865,0.000969261,0.007518562,0.0065493
9866,0.139117464,0.98412329,0.845005825
9867,0.009831109,0.4992598,0.489428691
9868,0.008634462,0.887830138,0.879195676
9869,0.00976299,0.612573266,0.602810276
9870,0.055713009,0.974709928,0.918996919
9871,0.018973287,0.926591218,0.90761793
9872,0.03449655,0.948597491,0.914100941
9873,0.026294716,0.683288038,0.656993322
9874,0.014684532,0.960782707,0.946098175
9875,0.000489993,0.026756302,0.026266309
9876,0.002698299,0.6592502,0.656551901
9877,0.001706785,0.792375386,0.790668601
9878,0.110107586,0.978401184,0.868293598
9879,0.061323654,0.577084839,0.515761185
9880,0.019376582,0.781027675,0.761651093
9881,0.004153046,0.616716921,0.612563876
9882,0.089380875,0.83580476,0.746423885
9883,0.008236359,0.672100544,0.663864185
9884,0.015118716,0.935903728,0.920785012
9885,0.000751259,0.746514142,0.745762883
9886,0.002931702,0.795462906,0.792531204
9887,0.006528382,0.908355057,0.901826675
9888,0.001564616,0.714417696,0.71285308
9889,0.014850821,0.410562545,0.395711724
9890,0.174818128,0.987839222,0.813021094
9891,0.059949994,0.967607558,0.907657564
9892,0.028385108,0.901811838,0.87342673
9893,0.026510276,0.820137084,0.793626808
9894,0.090710737,0.565427542,0.474716805
9895,0.009674556,0.691668689,0.681994134
9896,0.02886731,0.879697502,0.850830192
9897,0.003690659,0.047229644,0.043538985
9898,0.129136592,0.977627695,0.848491102
9899,0.003978944,0.770677328,0.766698384
9900,0.001231869,0.255367458,0.254135589
9901,0.001357663,0.008258005,0.006900342
9902,0.000654334,0.245374188,0.244719854
9903,0.004263772,0.614228845,0.609965072
9904,0.080344781,0.880322754,0.799977973
9905,0.002827451,0.67273438,0.669906928
9906,0.097962186,0.864465237,0.766503051
9907,0.002625618,0.025126398,0.022500779
9908,0.003360869,0.385394931,0.382034062
9909,0.007605582,0.933521032,0.925915451
9910,0.018667553,0.94989574,0.931228187
9911,0.002952126,0.726674557,0.723722431
9912,0.001382665,0.358150899,0.356768234
9913,0.002994562,0.351184249,0.348189687
9914,0.002435573,0.792106986,0.789671413
9915,0.000669288,0.399004489,0.398335201
9916,0.072911322,0.935973585,0.863062263
9917,0.009773247,0.859697342,0.849924095
9918,0.002882135,0.853054106,0.850171972
9919,0.005785706,0.598906338,0.593120633
9920,0.032858454,0.825665593,0.792807139
9921,0.055949118,0.983323157,0.927374039
9922,0.046436425,0.811865449,0.765429024
9923,0.005294243,0.844588101,0.839293858
9924,0.001189169,0.73923105,0.738041881
9925,0.002048186,0.213755935,0.211707749
9926,0.003074931,0.01221492,0.009139989
9927,0.006965355,0.773588419,0.766623063
9928,0.000820431,0.243012309,0.242191878
9929,0.002443303,0.491422385,0.488979082
9930,0.014752174,0.339580208,0.324828034
9931,0.008650809,0.836999238,0.828348429
9932,0.000568227,0.190815479,0.190247251
9933,0.0018841,0.073614381,0.071730281