Image_ID,MedSAM Dice 50 manual,MedSAM Orig Dice Scores,Diffusion + Unet,Diffusion + Unet_noscale,"max(sclae,noS)",mask_area
0,0.225876242,0.29387325,0.625031233,0.705918193,0.705918193,9257
1,0.510287106,0.19595927,0.66563946,0.653434515,0.66563946,2591
2,0.304165244,0.279931217,0.48293516,0.504448473,0.504448473,6907
3,0.547047794,0.409807235,0.594360113,0.706900001,0.706900001,6404
4,0.347226083,0.11465501,0.08343266,0.140897289,0.140897289,2404
5,0.480148762,0.15652281,0.416766465,0.382771224,0.416766465,1556
6,0.411224127,0.287699044,0.57359308,0.616527617,0.616527617,5307
7,0.376255304,0.179618821,0.453504354,0.484696448,0.484696448,2768
8,0.28484109,0.131916225,0.424140811,0.378915191,0.424140811,1780
9,0.231558144,0.401214391,0.704256475,0.648062944,0.704256475,3378
10,0.521763682,0.306831568,0.50190115,0.461904764,0.50190115,1467
11,0.274119079,0.143599391,0.527084112,0.595681608,0.595681608,4729
12,0.243076921,0.118199393,0.408006161,0.44638297,0.44638297,2550
13,0.704936862,0.68179673,0.62003231,0.670473933,0.670473933,15573
14,0.458993673,0.246885732,0.532079279,0.493967474,0.532079279,8118
15,0.350125939,0.148302183,0.544130266,0.651435018,0.651435018,4269
16,0.222448289,0.336756676,0.684474885,0.688174546,0.688174546,10358
17,0.191978961,0.175265342,0.45388788,0.369747907,0.45388788,3801
18,0.270467222,0.178393558,0.590066254,0.567921996,0.590066254,5157
19,0.392241389,0.434851736,0.512820542,0.474718422,0.512820542,4740
20,0.543433487,0.162586451,0.579820335,0.617504478,0.617504478,5873
21,0.323900968,0.113857917,0.578364134,0.493431598,0.578364134,3788
22,0.536566734,0.189282358,0.587920249,0.562921107,0.587920249,5092
23,0.386229306,0.19816798,0.717512608,0.741904974,0.741904974,7667
24,0.361671478,0.663657248,0.776746035,0.794791639,0.794791639,4902
25,0.371888548,0.539752841,0.641944766,0.818838477,0.818838477,18165
26,0.38260752,0.181930348,0.401028275,0.402488321,0.402488321,3991
27,0.57400614,0.05227695,0.282660335,0.248347491,0.282660335,1226
28,0.667127788,0.259496599,0.278676987,0.189275414,0.278676987,3953
29,0.549758196,0.441751748,0.816326559,0.816638172,0.816638172,12758
30,0.485762149,0.20539239,0.535002291,0.561762393,0.561762393,3988
31,0.252826512,0.130712211,0.400357455,0.408858597,0.408858597,2595
32,0.179230154,0.280567348,0.632356822,0.739088476,0.739088476,8931
33,0.30439952,0.296536088,0.337917477,0.336198658,0.337917477,1178
34,0.62559998,0.350696981,0.24363637,0.238615289,0.24363637,855
35,0.478424788,0.184330031,0.660944223,0.628760993,0.660944223,5600
36,0.48206529,0.394796848,0.731945038,0.596719682,0.731945038,5128
37,0.308114797,0.052334115,0.495677233,0.077434964,0.495677233,1575
38,0.294891536,0.096421376,0.56774807,0.449969083,0.56774807,3586
39,0.732473671,0.152002245,0.437776685,0.431256592,0.437776685,4530
40,0.544930756,0.095773928,0.615999997,0.459254146,0.615999997,2676
41,0.461613029,0.350917429,0.562633812,0.651773632,0.651773632,9459
42,0.357530922,0.249063134,0.614234626,0.647313058,0.647313058,6730
43,0.588100731,0.14632231,0.522666693,0.558402359,0.558402359,4963
44,0.724364817,0.352378488,0.761531353,0.700935721,0.761531353,9718
45,0.492505342,0.269347429,0.685540974,0.559631467,0.685540974,3200
46,0.59366262,0.081992358,0.489777774,0.517480731,0.517480731,2592
47,0.47685647,0.37207818,0.750781238,0.6720137,0.750781238,11282
48,0.510376811,0.177308604,0.347917765,0.253977507,0.347917765,2377
49,0.302135557,0.488943487,0.616621971,0.569672108,0.616621971,540
50,,0.150659442,0.444534421,0.335672796,0.444534421,3305
51,,0.451732755,0.730061352,0.77397114,0.77397114,4332
52,,0.087527484,0.338697314,0.50203371,0.50203371,2670
53,,0.09440802,0.381647557,0.308492213,0.381647557,1201
54,,0.441638529,0.819007695,0.796954334,0.819007695,13285
55,,0.604265273,0.730099082,0.682853878,0.730099082,12847
56,,0.192151487,0.420459867,0.49542734,0.49542734,4469
57,,0.088810161,0.466410756,0.338533551,0.466410756,2578
58,,0.615153611,0.613312185,0.637487948,0.637487948,22578
59,,0.32104966,0.738545537,0.690369785,0.738545537,12541
60,,0.061564293,0.339779019,0,0.339779019,1580
61,,0.370448798,0.676182687,0.680460513,0.680460513,11874
62,,0.130305186,0.496357441,0.60189575,0.60189575,3301
63,,0.117360912,0.537206531,0.514580846,0.537206531,3667
64,,0.456708461,0.382237226,0.386064023,0.386064023,3054
65,,0.574215055,0.661458313,0.682782829,0.682782829,18729
66,,0.047247853,0.400000006,0.340226084,0.400000006,1970
67,,0.229537264,0.547008574,0.531246126,0.547008574,5817
68,,0.095622577,0.352941185,0.363975167,0.363975167,1731
69,,0.317731351,0.742102981,0.565087438,0.742102981,10206
70,,0.437802553,0.468812883,0.494133532,0.494133532,7950
71,,0.412360936,0.34515366,0.385107189,0.385107189,1160
72,,0.291380465,0.438313365,0.458566964,0.458566964,6000
73,,0.323726714,0.804243028,0.749428809,0.804243028,6793
74,,0.10236948,0.367560506,0.369519442,0.369519442,3307
75,,0.229395807,0.703621149,0.620595217,0.703621149,7691
76,,0.161642924,0.346666664,0.335257441,0.346666664,1643
77,,0.173404083,0.523626208,0.634496629,0.634496629,6188
78,,0.129103869,0.68839103,0.720786572,0.720786572,3819
79,,0.30584228,0.578503072,0.642392218,0.642392218,8854
80,,0.198437721,0.264082372,0.242561638,0.264082372,3151
81,,0.243805751,0.590401769,0.529234767,0.590401769,2821
82,,0.452130198,0.4214724,0.575865865,0.575865865,10214
83,,0.136623502,0.583132505,0.540548205,0.583132505,3854
84,,0.584158897,0.597479641,0.65284878,0.65284878,13251
85,,0.264027804,0.019131714,0.329347193,0.329347193,2799
86,,0.165420711,0.380422682,0.353788674,0.380422682,821
87,,0.139147714,0.652291119,0.622347951,0.652291119,1376
88,,0.094488636,0.600527704,0.595307946,0.600527704,2958
89,,0.133691803,0.554710329,0.592818737,0.592818737,3194
90,,0.744186044,0.249609977,0.297761589,0.297761589,369
91,,0.314333498,0.417445481,0.367996991,0.417445481,1521
92,,0.217948303,0.65934068,0.64341259,0.65934068,4080
93,,0.13112013,0.531003356,0.55386579,0.55386579,4472
94,,0.207757711,0.394413412,0.461283326,0.461283326,4847
95,,0.260586143,0.634000599,0.605825782,0.634000599,6087
96,,0.215905711,0.679692507,0.85096544,0.85096544,7931
97,,0.157346264,0.604610682,0.614100397,0.614100397,3735
98,,0.712341189,0.271119833,0.612383366,0.612383366,991
99,,0.342622906,0.639438927,0.663119495,0.663119495,6245
100,,0.050226681,0.255639106,0.270062655,0.270062655,1654
101,,0.480528265,0.528735638,0.366001338,0.528735638,1931
102,,0.17242755,0.689928055,0.672871888,0.689928055,5861
103,,0.032775372,0,0,0,746
104,,0.25363335,0.54995054,0.486646891,0.54995054,2261
105,,0.266534567,0.735361934,0.750904918,0.750904918,9753
106,,0.269251436,0.712857127,0.686599791,0.712857127,3601
107,,0.221028492,0.418644071,0.58084774,0.58084774,2398
108,,0.415325582,0.574430823,0.793167233,0.793167233,4651
109,,0.037143905,0.571839094,0.514018714,0.571839094,1215
110,,0.134439215,0.572242022,0.591802955,0.591802955,4466
111,,0.129876509,0.258064508,0.132182777,0.258064508,1657
112,,0.144937679,0.478861094,0.538091302,0.538091302,3206
113,,0.231393695,0.65882355,0.670555711,0.670555711,2762
114,,0.172718525,0.670569897,0.556116402,0.670569897,5181
115,,0.198251262,0.548490703,0.360872179,0.548490703,4017
116,,0.175807416,0.579839408,0.480783731,0.579839408,2115
117,,0.443542928,0.776119411,0.774117112,0.776119411,4632
118,,0.425806463,0,0,0,151
119,,0.226796195,0.445711315,0.467927575,0.467927575,8320
120,,0.157251358,0.469827592,0.352585614,0.469827592,2292
121,,0.320140302,0.660412729,0.632051289,0.660412729,3808
122,,0.164610133,0.66038847,0.626281857,0.66038847,5802
123,,0.10360907,0.364550591,0.295001864,0.364550591,2754
124,,0.130014658,0.655793965,0.675334215,0.675334215,4377
125,,0.287089199,0.593426406,0.63441211,0.63441211,6266
126,,0.149521291,0.699718297,0.633888066,0.699718297,3557
127,,0.435623646,0.452972978,0.457337886,0.457337886,3320
128,,0.043192092,0.32024169,0.348901093,0.348901093,1149
129,,0.455001384,0.91539824,0.909009755,0.91539824,5975
130,,0.213097051,0.612592816,0.54448539,0.612592816,7830
131,,0.080762453,0.817253113,0.751117706,0.817253113,1958
132,,0.185355157,0.622862875,0.555930912,0.622862875,6284
133,,0.589261115,0.47863248,0.58206898,0.58206898,804
134,,0.391693115,0.669781923,0.663507104,0.669781923,1405
135,,0.335046321,0.764459014,0.774326384,0.774326384,12702
136,,0.099766001,0.513992548,0.531872928,0.531872928,3528
137,,0.323544085,0.706538022,0.725332379,0.725332379,9978
138,,0.456701845,0.389595717,0.593203783,0.593203783,10881
139,,0.264904648,0.726457417,0.694933832,0.726457417,10005
140,,0.150241196,0.699529052,0.506936789,0.699529052,6188
141,,0.219653919,0.635886669,0.629839122,0.635886669,4594
142,,0.572252929,0.472126633,0.404818505,0.472126633,1562
143,,0.142997593,0.391066551,0.333187491,0.391066551,2188
144,,0.17095691,0.448658317,0.419104695,0.448658317,3035
145,,0.038057219,0.409534127,0.439927191,0.439927191,1003
146,,0.226962373,0.588756382,0.667286098,0.667286098,8050
147,,0.454382569,0.796854496,0.853343725,0.853343725,6733
148,,0.364083022,0.612206578,0.633251846,0.633251846,1999
149,,0.35383442,0.441138744,0.482088655,0.482088655,7427
150,,0.470744878,0.495539337,0.55656743,0.55656743,4120
151,,0.354871809,0.450360507,0.557353139,0.557353139,2656
152,,0.342476517,0.60382992,0.642533422,0.642533422,10181
153,,0.228171781,0.59420687,0.620750129,0.620750129,7166
154,,0.397923082,0.848712444,0.836817801,0.848712444,8299
155,,0.433297008,0.624795556,0.564497411,0.624795556,5868
156,,0.144494832,0.487516433,0.560271621,0.560271621,3990
157,,0.182860658,0.163989857,0.208690137,0.208690137,2077
158,,0.601277769,0.771535575,0.756038964,0.771535575,3734
159,,0.089617416,0.43418014,0.360013396,0.43418014,2879
160,,0.242968634,0.587358356,0.622820318,0.622820318,9095
161,,0.572949946,0,0,0,418
162,,0.512733459,0,0,0,248
163,,0.069766037,0.625775337,0.640840948,0.640840948,2258
164,,0.396843284,0.492811114,0.463499725,0.492811114,4281
165,,0.340868741,0.516859353,0.495999992,0.516859353,11385
166,,0.195222214,0.61758244,0.576946795,0.61758244,7281
167,,0.202523753,0.570877552,0.484637678,0.570877552,1482
168,,0.453101724,0.519973516,0.487836808,0.519973516,6787
169,,0.109502561,0.616699517,0.610142946,0.616699517,2983
170,,0.189491317,0.511073232,0.56436044,0.56436044,5692
171,,0.310420424,0.671679199,0.61008215,0.671679199,2996
172,,0.733676314,0.224806204,0.429596424,0.429596424,1061
173,,0.684979558,0.422077924,0.069501601,0.422077924,1405
174,,0.185937896,0.767246187,0.75339365,0.767246187,3530
175,,0.588980377,0.27604872,0.277873069,0.277873069,537
176,,0.515544772,0.328157336,0.344543397,0.344543397,10024
177,,0.662420392,0.512943447,0.588512123,0.588512123,2499
178,,0.409424752,0.616690218,0.527891636,0.616690218,11123
179,,0.357411504,0.834061146,0.852488041,0.852488041,2997
180,,0.149582401,0.598484874,0.596556246,0.598484874,4722
181,,0.436106086,0.81248951,0.657895982,0.81248951,13873
182,,0.658529997,0.589285731,0.329617828,0.589285731,1308
183,,0.188045308,0.759704828,0.683333337,0.759704828,5776
184,,0.342700154,0.606141508,0.59033972,0.606141508,11642
185,,0.058213241,0.396387368,0.434833944,0.434833944,2007
186,,0.304643601,0.18164967,0.187834546,0.187834546,515
187,,0.191261843,0.434886485,0.474815071,0.474815071,1247
188,,0.023833467,0.350980401,0.360585511,0.360585511,1027
189,,0.070319608,0.292906165,0.330048233,0.330048233,1604
190,,0.343825668,0,0.201324508,0.201324508,153
191,,0.157801986,0.768399179,0.655565679,0.768399179,5145
192,,0.176439658,0.657911181,0.688009322,0.688009322,3595
193,,0.035005454,0.354009092,0.356997967,0.356997967,1900
194,,0.409459114,0.537562609,0.319184601,0.537562609,11648
195,,0.12337698,0.58727479,0.58687377,0.58727479,5390
196,,0.28077507,0.528039694,0.347260922,0.528039694,3211
197,,0.236082196,0.460019737,0.683835089,0.683835089,8902
198,,0.606164694,0.633603871,0.778800607,0.778800607,7855
199,,0.499795347,0.668636143,0.659976006,0.668636143,10443
200,,0.377896607,0.436619729,0.35730508,0.436619729,316
201,,0.286967903,0.62945658,0.550319731,0.62945658,9916
202,,0.495865941,0.345534414,0.539087713,0.539087713,3013
203,,0.274574816,0.623131394,0.5048365,0.623131394,4901
204,,0.572424173,0.533750534,0.704866588,0.704866588,17702
205,,0.213493302,0.766566277,0.758324564,0.766566277,5491
206,,0.856665194,0.495246321,0.796525776,0.796525776,5000
207,,0.543488145,0.649909139,0.679026127,0.679026127,8814
208,,0.139587581,0.498277843,0.505356014,0.505356014,2059
209,,0.483359396,0.765232503,0.759918272,0.765232503,17566
210,,0.481600523,0.582980454,0.538998127,0.582980454,20271
211,,0.477900565,0.19921875,0.221386358,0.221386358,704
212,,0.098432809,0.522981346,0.357201904,0.522981346,3386
213,,0.286069334,0.710334003,0.71161145,0.71161145,8475
214,,0.06449081,0.517277479,0.574224353,0.574224353,2511
215,,0.247079611,0.442249238,0.637013733,0.637013733,8562
216,,0.610484779,0.396109641,0.286215991,0.396109641,1198
217,,0.228360191,0.566473961,0.591251552,0.591251552,3553
218,,0.431906909,0.198190436,0.332392931,0.332392931,3406
219,,0.136106536,0.663043499,0.627998352,0.663043499,3215
220,,0.201179489,0.513888896,0.531149507,0.531149507,7653
221,,0.107648335,0.6697613,0.615652204,0.6697613,3306
222,,0.407188416,0.59843266,0.60249263,0.60249263,11178
223,,0.479999989,0.697600007,0.662468493,0.697600007,1470
224,,0.238984928,0.430992723,0.616820455,0.616820455,6427
225,,0.340686113,0.720921278,0.729716957,0.729716957,6660
226,,0.298039228,0,0.152137697,0.152137697,185
227,,0.498536378,0.15625,0.146734744,0.15625,1324
228,,0.485614866,0.788447678,0.787006259,0.788447678,6166
229,,0.552758336,0.421923786,0.759539068,0.759539068,16804
230,,0.221279755,0.74386853,0.67261225,0.74386853,8804
231,,0.094614774,0.355959386,0.374296427,0.374296427,2614
232,,0.324224561,0.364165217,0.753494918,0.753494918,5112
233,,0.133151174,0.533263505,0.533839524,0.533839524,3125
234,,0.637313843,0.571010888,0.730419397,0.730419397,26762
235,,0.118092582,0.314098746,0.264827013,0.314098746,1643
236,,0.529197097,0.394463658,0.400000006,0.400000006,295
237,,0.363714546,0.431952655,0.598161638,0.598161638,5108
238,,0.215854287,0.575636566,0.58659184,0.58659184,7582
239,,0.183827341,0.635872841,0.528644562,0.635872841,3966
240,,0.477361798,0.532304704,0.5871225,0.5871225,14425
241,,0.255068928,0.464757711,0.47401908,0.47401908,2478
242,,0.516917288,0.203069657,0.159584507,0.203069657,352
243,,0.126685336,0.285714298,0.295296699,0.295296699,3834
244,,0.108531095,0.595965445,0.578157723,0.595965445,2844
245,,0.33276847,0.456973284,0.431734324,0.456973284,1924
246,,0.445800066,0.427046269,0.543723047,0.543723047,11824
247,,0.142305344,0.600838721,0.551181078,0.600838721,4254
248,,0.683760703,0.619099915,0.645690858,0.645690858,1978
249,,0.348957866,0.749295771,0.637626529,0.749295771,6865
250,,0.368276089,0.764775872,0.787165761,0.787165761,5914
251,,0.071141027,0.641255617,0.586142004,0.641255617,3053
252,,0.716148436,0.661359489,0.658664227,0.661359489,4089
253,,0.222674087,0.671532869,0.614707172,0.671532869,4016
254,,0.067861959,0.081777781,0.160219312,0.160219312,332
255,,0.747724771,0.055,0,0.055,1244
256,,0.470093429,0.726371706,0.709536612,0.726371706,20300
257,,0.196011454,0.625420868,0.581694782,0.625420868,5006
258,,0.326927304,0.486595839,0.583643138,0.583643138,5687
259,,0.102672227,0.665529013,0.449125707,0.665529013,2924
260,,0.093545996,0.187311172,0.258272797,0.258272797,2198
261,,0.56516844,0.888983786,0.86735642,0.888983786,10149
262,,0.208915696,0.375131726,0.472868204,0.472868204,4230
263,,0.497467697,0.646145761,0.680349886,0.680349886,19596
264,,0.056286365,0.518900335,0.482782364,0.518900335,1199
265,,0.124580942,0.4640311,0.492504686,0.492504686,2434
266,,0.57845062,0.749714315,0.758382976,0.758382976,1845
267,,0.395033717,0.713178277,0.816077948,0.816077948,6312
268,,0.182007596,0.63200587,0.668402314,0.668402314,4666
269,,0.520168304,0.532552063,0.531324089,0.532552063,3881
270,,0.526171923,0.490952194,0.834373474,0.834373474,22507
271,,0.453630686,0.624315441,0.614736855,0.624315441,2769
272,,0.048119783,0.115802169,0,0.115802169,944
273,,0.816426575,0.525506616,0.514921427,0.525506616,1811
274,,0.353056878,0.459847033,0.589628577,0.589628577,11818
275,,0.419013262,0.486486495,0.443394989,0.486486495,5860
276,,0.347682178,0.802471757,0.805676758,0.805676758,9948
277,,0.097901151,0,0.315703154,0.315703154,1335
278,,0.398791552,0.185654014,0.242171183,0.242171183,234
279,,0.336686879,0.748247266,0.71758002,0.748247266,10246
280,,0.189957291,0.597981513,0.659194171,0.659194171,5898
281,,0.218777046,0.472573847,0.479761541,0.479761541,2199
282,,0.067037381,0.098958336,0.185673356,0.185673356,454
283,,0.139904961,0.683453262,0.599926293,0.683453262,4856
284,,0.514753282,0.647506356,0.762568057,0.762568057,9110
285,,0.210084036,0,0,0,61
286,,0.158130452,0.637123168,0.614178002,0.637123168,4467
287,,0.188013509,0.672178268,0.650459826,0.672178268,4814
288,,0.271373183,0.298811555,0.40839529,0.40839529,819
289,,0.257959366,0.638196111,0.514657438,0.638196111,6323
290,,0.150559738,0.467655778,0.454970747,0.467655778,3893
291,,0.093296066,0.383222103,0.502764046,0.502764046,1288
292,,0.353984267,0.513495743,0.499246091,0.513495743,1958
293,,0.180975899,0.64853698,0.614533007,0.64853698,5087
294,,0.46574074,0.399127603,0.434055716,0.434055716,840
295,,0.469993681,0.205518559,0.248009801,0.248009801,544
296,,0.170790851,0.688888907,0.679455638,0.688888907,6361
297,,0.313007385,0.752922416,0.742175281,0.752922416,8060
298,,0.166510522,0.488664985,0.593358397,0.593358397,2098
299,,0.042752225,0.342000008,0.406332463,0.406332463,1156
300,,0.059168976,0.257975042,0.201030925,0.257975042,1254
301,,0.06192787,0.358463734,0.344509482,0.358463734,1943
302,,0.44652909,0.297558218,0.30067113,0.30067113,4411
303,,0.246903881,0.668496907,0.657600284,0.668496907,3897
304,,0.088953018,0.470669419,0.485144496,0.485144496,2350
305,,0.166385114,0.594987869,0.609764636,0.609764636,3749
306,,0.28711319,0.427756667,0.556261659,0.556261659,1099
307,,0.054220963,0,0,0,1884
308,,0.150751993,0.668512642,0.602954865,0.668512642,4405
309,,0.434910119,0.838627696,0.830759466,0.838627696,9055
310,,0.138028651,0.165981919,0.192419827,0.192419827,1569
311,,0.442721307,0.799047351,0.789196074,0.799047351,15156
312,,0.280562848,0.662859678,0.702038348,0.702038348,10172
313,,0.210864782,0.370572209,0.289569646,0.370572209,3541
314,,0.277304381,0.574633837,0.692582905,0.692582905,8609
315,,0.188608587,0.597085953,0.545606256,0.597085953,5841
316,,0.09485279,0.404993057,0.476289093,0.476289093,1635
317,,0.168604836,0.580042481,0.569080889,0.580042481,3283
318,,0.598078549,0.529672623,0.591642141,0.591642141,26677
319,,0.063068524,0.477249742,0.43110919,0.477249742,1820
320,,0.241617084,0.511411965,0.528121114,0.528121114,5938
321,,0.107284218,0.59699893,0.660880983,0.660880983,3105
322,,0.201466933,0.586034894,0.508485973,0.586034894,3859
323,,0.398489147,0.241435558,0.445802212,0.445802212,4127
324,,0.285278201,0.767831504,0.763110518,0.767831504,8348
325,,0.124266535,0.268412441,0.235377699,0.268412441,1465
326,,0.400255352,0.774215341,0.767573118,0.774215341,6852
327,,0.572379351,0.132097334,0,0.132097334,372
328,,0.236128822,0.715581834,0.744524062,0.744524062,4654
329,,0.124401912,0.088677749,0.156609192,0.156609192,4427
330,,0.604178429,0.233421758,0.203957379,0.233421758,593
331,,0.259592652,0.480530232,0.58436501,0.58436501,5685
332,,0.106493227,0.541666687,0.525380135,0.541666687,2126
333,,0.293843091,0.715840936,0.615873396,0.715840936,10744
334,,0.108195819,0.626690209,0.533661485,0.626690209,3494
335,,0.033975825,0.486042678,0.434994757,0.486042678,1111
336,,0.126368552,0.352701336,0.374206662,0.374206662,2181
337,,0.128142178,0.695115685,0.588593841,0.695115685,3619
338,,0.660559118,0.420514405,0.355761468,0.420514405,19933
339,,0.339992464,0.678571403,0.679125369,0.679125369,4612
340,,0.782874644,0.649827778,0.438863724,0.649827778,1375
341,,0.411812991,0.62149334,0.663964689,0.663964689,12177
342,,0.792242527,0.778816223,0.680282056,0.778816223,2140
343,,0.296773672,0.6278826,0.652681231,0.652681231,9049
344,,0.480237275,0.265486717,0.310903519,0.310903519,4614
345,,0.155835435,0.510009527,0.391793132,0.510009527,4855
346,,0.595050633,0.417647064,0.459813088,0.459813088,1443
347,,0.237510771,0.623673916,0.780423641,0.780423641,9142
348,,0.229819044,0.629341304,0.693465889,0.693465889,8444
349,,0.40665701,0.486427784,0.5,0.5,1156
350,,0.113836184,0.477867693,0.49617672,0.49617672,3821
351,,0.451990277,0.852710187,0.828955114,0.852710187,11906
352,,0.309328437,0.71479857,0.66788429,0.71479857,4845
353,,0.07202474,0.203338385,0.310015887,0.310015887,2497
354,,0.12404076,0.494676501,0.364269137,0.494676501,1577
355,,0.409538835,0.497727275,0.357523829,0.497727275,2511
356,,0.120481931,0.58015269,0.614860594,0.614860594,4030
357,,0.656184971,0.760171294,0.760856986,0.760856986,1952
358,,0.118753217,0.395864099,0.697577834,0.697577834,650
359,,0.242138237,0.657291651,0.643488228,0.657291651,3614
360,,0.390819222,0.562180579,0.777669668,0.777669668,5017
361,,0.284965038,0.570329189,0.609051108,0.609051108,4647
362,,0.320682257,0.709046483,0.745305181,0.745305181,3044
363,,0.127887562,0.493695438,0.459334671,0.493695438,2274
364,,0.315910399,0.353481263,0.32311669,0.353481263,1074
365,,0.511664331,0.56833744,0.617577672,0.617577672,18792
366,,0.442729831,0.522255182,0.571863234,0.571863234,7405
367,,0.136325389,0.244548291,0.1410947,0.244548291,1898
368,,0.349139929,0.381188124,0.440227717,0.440227717,4932
369,,0.55438596,0.594417095,0.578536212,0.594417095,1957
370,,0.172213987,0.276646703,0.242202327,0.276646703,1047
371,,0.20171693,0.68305403,0.576701045,0.68305403,5487
372,,0.14373228,0.466372102,0.353470296,0.466372102,4440
373,,0.05121066,0.487106025,0.003962358,0.487106025,1984
374,,0.167205736,0.681127965,0.678832114,0.681127965,4885
375,,0.394978195,0.654687524,0.724697292,0.724697292,3878
376,,0.207436621,0.498772353,0.629782081,0.629782081,4193
377,,0.328661114,0.707154334,0.617485046,0.707154334,10506
378,,0.409012139,0.075201429,0.104705513,0.104705513,218
379,,0.418335348,0.613918006,0.600620687,0.613918006,1882
380,,0.133082464,0.420051873,0.507483363,0.507483363,3897
381,,0.166290373,0.587589979,0.600256979,0.600256979,5472
382,,0.35296604,0.600314319,0.803725719,0.803725719,5289
383,,0.438688785,0.112396695,0.160173163,0.160173163,841
384,,0.444140643,0.592997015,0.814327776,0.814327776,13113
385,,0.142079413,0.698412716,0.632413268,0.698412716,5098
386,,0.141886756,0.513725519,0.492009372,0.513725519,4560
387,,0.337280631,0.616151571,0.533176303,0.616151571,5604
388,,0.10478498,0.469428003,0.558263958,0.558263958,2630
389,,0.160512507,0.621349931,0.577972353,0.621349931,3905
390,,0.245487973,0.610050917,0.590476215,0.610050917,5463
391,,0.081210122,0.496942759,0.479704797,0.496942759,2475
392,,0.162908286,0.372319698,0.357672572,0.372319698,3571
393,,0.621436894,0.646816075,0.674736738,0.674736738,21792
394,,0.238678738,0.479338855,0.285294116,0.479338855,894
395,,0.372926354,0.352136761,0.314391941,0.352136761,612
396,,0.17001617,0.628162801,0.725450873,0.725450873,3503
397,,0.280887306,0.412644655,0.251236856,0.412644655,10719
398,,0.266048402,0.68351233,0.638499856,0.68351233,7305
399,,0.366932392,0.578804374,0.592146039,0.592146039,4058
400,,0.317424983,0.605613828,0.741538465,0.741538465,9017
401,,0.151969478,0.66416508,0.586898386,0.66416508,4906
402,,0.145776451,0.407660753,0.447737426,0.447737426,3191
403,,0.273695409,0.729794383,0.796931803,0.796931803,9373
404,,0.586587071,0.590210557,0.728195667,0.728195667,8626
405,,0.327695549,0.604737818,0.586497068,0.604737818,8562
406,,0.636717916,0.590275228,0.843027949,0.843027949,22112
407,,0.223307237,0.673267305,0.62743324,0.673267305,5981
408,,0.17049776,0.573643386,0.595941961,0.595941961,5256
409,,0.362907082,0.028384279,0,0.028384279,2361
410,,0.786634207,0.657039702,0.838999808,0.838999808,4753
411,,0.279080689,0.01904762,0.03528893,0.03528893,795
412,,0.090309396,0.299581587,0.276824534,0.299581587,1242
413,,0.380150646,0.767790258,0.684066355,0.767790258,3167
414,,0.075371839,0.374864578,0.238225773,0.374864578,1321
415,,0.227578074,0.410410404,0.463547587,0.463547587,6385
416,,0.55965066,0.802575111,0.787104785,0.802575111,7788
417,,0.477440536,0.679546952,0.624978602,0.679546952,3852
418,,0.419729352,0.544120073,0.648806393,0.648806393,14466
419,,0.223161027,0.29128316,0.287686676,0.29128316,1230
420,,0.557919621,0.08219178,0.006944444,0.08219178,1742
421,,0.134540036,0.460540533,0.382302552,0.460540533,3374
422,,0.203399375,0.389194131,0.307307184,0.389194131,6564
423,,0.154581159,0.579086125,0.4890351,0.579086125,5155
424,,0.227327526,0.383032352,0.425940752,0.425940752,6160
425,,0.259916782,0.659841776,0.581637383,0.659841776,3795
426,,0.249671549,0.644255638,0.547527909,0.644255638,6126
427,,0.106344901,0.548274159,0.585543871,0.585543871,2605
428,,0.239886805,0.372926354,0.372881353,0.372926354,2365
429,,0.356736243,0,0.076369673,0.076369673,258
430,,0.146448582,0.411167502,0.550724626,0.550724626,1430
431,,0.195776135,0.629213512,0.6271258,0.629213512,6915
432,,0.224709958,0.589484334,0.590743005,0.590743005,8505
433,,0.375787497,0.641516507,0.497560978,0.641516507,13174
434,,0.404465824,0.699496627,0.677406907,0.699496627,10903
435,,0.310760826,0.321088433,0.284951627,0.321088433,1322
436,,0.288946599,0.123031855,0.465284437,0.465284437,10204
437,,0.380151987,0.644944489,0.552226067,0.644944489,15689
438,,0.386677086,0.371300459,0.369714409,0.371300459,915
439,,0.545214713,0.536912739,0.54588908,0.54588908,5941
440,,0.124668263,0.55300355,0.563311875,0.563311875,3355
441,,0.428443998,0.822734356,0.794097841,0.822734356,13228
442,,0.173977613,0.724544466,0.724907637,0.724907637,3874
443,,0.467555374,0.20583941,0.480112821,0.480112821,2923
444,,0.179708958,0.276295125,0.390086561,0.390086561,3068
445,,0.353344232,0.719749928,0.672629356,0.719749928,13477
446,,0.061042931,0.339140534,0.309890717,0.339140534,1336
447,,0.386466742,0.493355483,0.362527937,0.493355483,2984
448,,0.103688523,0.55350554,0.501305461,0.55350554,3116
449,,0.33612597,0.630341887,0.627699435,0.630341887,7146
450,,0.128020227,0.266304344,0.330928177,0.330928177,2234
451,,0.157410294,0.260363638,0.267719895,0.267719895,1579
452,,0.16424723,0.565044403,0.621190786,0.621190786,5944
453,,0.437866122,0.700386763,0.726725876,0.726725876,8049
454,,0.33729744,0.314242661,0.52343452,0.52343452,5501
455,,0.37434876,0.721347511,0.657329977,0.721347511,6375
456,,0.278502107,0.544675648,0.672119796,0.672119796,4649
457,,0.267431915,0.495185703,0.488844335,0.495185703,4373
458,,0.231025189,0.481707305,0.611664295,0.611664295,4190
459,,0.165074408,0.351209939,0.332492173,0.351209939,4506
460,,0.169224784,0.470046073,0.44198525,0.470046073,5257
461,,0.20386827,0.705660403,0.753886402,0.753886402,6749
462,,0.20067668,0.769607842,0.759045959,0.769607842,5762
463,,0.03963891,0.236263737,0.276662499,0.276662499,2023
464,,0.300903857,0.508592546,0.53913933,0.53913933,10088
465,,0.519033968,0.427138656,0.702916205,0.702916205,5160
466,,0.20591189,0.679657042,0.698130012,0.698130012,2030
467,,0.317391992,0.599463046,0.641543984,0.641543984,9559
468,,0.2542274,0.683874726,0.685066283,0.685066283,7702
469,,0.135759234,0.534308195,0.38950491,0.534308195,3296
470,,0.120251954,0.67952013,0.722350776,0.722350776,4416
471,,0.376330793,0.738725841,0.714518189,0.738725841,7008
472,,0.568306029,0.162790701,0,0.162790701,285
473,,0.25022307,0.739556491,0.712434888,0.739556491,8303
474,,0.182195246,0.634187341,0.632106304,0.634187341,6112
475,,0.376409769,0.351810783,0.378863811,0.378863811,1134
476,,0.216511175,0.252123386,0.242985487,0.252123386,3024
477,,0.047812473,0.551620185,0.451705009,0.551620185,1677
478,,0.325028569,0.523560226,0.41366908,0.523560226,2636
479,,0.376990557,0.606060624,0.639937997,0.639937997,8911
480,,0.341452241,0.637484908,0.591426432,0.637484908,8971
481,,0.472349674,0.611201048,0.857912302,0.857912302,8255
482,,0.379232496,0.510344803,0.645085037,0.645085037,5292
483,,0.533070505,0.727639198,0.751852632,0.751852632,18779
484,,0.08424402,0.651817143,0.637681186,0.651817143,1811
485,,0.481997132,0.433035702,0.446115285,0.446115285,1316
486,,0.31210807,0.582662702,0.615241885,0.615241885,10165
487,,0.160469577,0.631323338,0.536381721,0.631323338,4777
488,,0.190068498,0.492768079,0.465211898,0.492768079,3403
489,,0.320443451,0,0,0,1587
490,,0.518484473,0.661166906,0.703676343,0.703676343,20685
491,,0.109487198,0.63983053,0.534734607,0.63983053,2946
492,,0.228797421,0.59620595,0.631893516,0.631893516,3884
493,,0.188516751,0.507239997,0.486277342,0.507239997,4406
494,,0.344120473,0.410169482,0.453867674,0.453867674,683
495,,0.37342909,0.6734007,0.661598027,0.6734007,8966
496,,0.06595511,0.686853766,0.694499671,0.694499671,2335
497,,0.803350866,0.779922783,0.831632674,0.831632674,3102
498,,0.536021292,0.792422831,0.82259047,0.82259047,16632
499,,0.132614091,0.248131543,0.316343874,0.316343874,3331
500,,0.319349527,0.705310106,0.792838275,0.792838275,3873
501,,0.760255933,0.617671371,0.53722626,0.617671371,1587
502,,0.248205453,0.601445258,0.569519043,0.601445258,3049
503,,0.246050909,0.644144118,0.714999974,0.714999974,5699
504,,0.229574203,0.607601881,0.609238267,0.609238267,7908
505,,0.206559554,0.398373991,0.427959114,0.427959114,6535
506,,0.187332064,0.629101753,0.609720826,0.629101753,5247
507,,0.14875342,0.412213743,0.325233638,0.412213743,2189
508,,0.097257808,0.425142854,0.417318434,0.425142854,1355
509,,0.579710126,0.06845966,0,0.06845966,792
510,,0.342413157,0.300228298,0.400654435,0.400654435,2340
511,,0.186006442,0.616279066,0.632283926,0.632283926,7064
512,,0.289013028,0.275362313,0.294799864,0.294799864,878
513,,0.129826277,0.339233041,0.302962959,0.339233041,1996
514,,0.230914205,0.372907162,0.207800716,0.372907162,4739
515,,0.608336091,0.638329327,0.609239101,0.638329327,12306
516,,0.263879806,0.54971081,0.567820191,0.567820191,9365
517,,0.128367305,0.280117542,0.364542544,0.364542544,765
518,,0.547162235,0.689933538,0.746326149,0.746326149,21686
519,,0.114616059,0.591269851,0.525438249,0.591269851,3086
520,,0.467291653,0.561712861,0.514040053,0.561712861,13179
521,,0.068296522,0.201486379,0.189868376,0.201486379,976
522,,0.350291163,0.623633146,0.582414746,0.623633146,7378
523,,0.230066612,0.635737002,0.592719316,0.635737002,8681
524,,0.410026968,0.839540243,0.832318485,0.839540243,4351
525,,0.254773498,0.350877196,0.019119497,0.350877196,2640
526,,0.654568553,0.249795914,0.03530005,0.249795914,2707
527,,0.250803411,0.732984304,0.703445375,0.732984304,4490
528,,0.311707944,0.588907003,0.569278061,0.588907003,12439
529,,0.258543819,0.296961337,0.28248778,0.296961337,971
530,,0.607168972,0.06959153,0.293628812,0.293628812,636
531,,0.135210291,0.572614133,0.52374047,0.572614133,3459
532,,0.272791177,0.557670772,0.539791405,0.557670772,2636
533,,0.187221393,0.470689654,0.429841697,0.470689654,1892
534,,0.167968377,0.505865812,0.440947026,0.505865812,3584
535,,0.10754846,0.550218344,0.506177008,0.550218344,3541
536,,0.853436768,0.605909288,0.836920321,0.836920321,4587
537,,0.174460649,0.617736995,0.539919734,0.617736995,4346
538,,0.185290635,0.57535851,0.578109264,0.578109264,6669
539,,0.077855244,0.55829078,0.565966547,0.565966547,3351
540,,0.334856093,0.509698987,0.542904019,0.542904019,1987
541,,0.214635313,0.674953938,0.588219941,0.674953938,5368
542,,0.33899644,0.465075165,0.524873078,0.524873078,1142
543,,0.188134894,0.706093192,0.626016259,0.706093192,2722
544,,0.453985065,0.876051605,0.886722505,0.886722505,3964
545,,0.097058088,0.546748936,0.477167904,0.546748936,3360
546,,0.120423712,0.334412068,0.307753474,0.334412068,1131
547,,0.718718708,0.380348653,0.310033619,0.380348653,1265
548,,0.418000013,0.276729554,0.590636253,0.590636253,338
549,,0.371140391,0.746321917,0.751291871,0.751291871,5535
550,,0.100064903,0.517482519,0.492892623,0.517482519,2384
551,,0.106511258,0.654523373,0.694592774,0.694592774,2616
552,,0.120734759,0.421336949,0.587426305,0.587426305,2692
553,,0.042087354,0.444444448,0.570037246,0.570037246,1607
554,,0.596630931,0.746177375,0.675159216,0.746177375,1284
555,,0.230467424,0.709289014,0.688716531,0.709289014,7456
556,,0.343686253,0.345337033,0.265519351,0.345337033,1186
557,,0.660456479,0.477024078,0.321123332,0.477024078,875
558,,0.469809055,0.81155163,0.804509878,0.81155163,9134
559,,0.181909293,0.637436748,0.681642115,0.681642115,2189
560,,0.042051427,0.025284451,0,0.025284451,928
561,,0.201480582,0.580405414,0.416823387,0.580405414,5377
562,,0.575975537,0.514360905,0.745122313,0.745122313,23934
563,,0.132721797,0.533528745,0.43666026,0.533528745,4439
564,,0.158973381,0.697490096,0.629583418,0.697490096,4182
565,,0.136223942,0.4944897,0.517828286,0.517828286,4256
566,,0.544101298,0.524068952,0.766954839,0.766954839,23394
567,,0.260911942,0.602591813,0.539521217,0.602591813,3507
568,,0.504459023,0.699047625,0.694396019,0.699047625,3577
569,,0.205437064,0.616648436,0.626331091,0.626331091,3183
570,,0.109753996,0.613212287,0.489160478,0.613212287,3968
571,,0.081669509,0.480132461,0.493691504,0.493691504,2413
572,,0.106274039,0.56893903,0.576636314,0.576636314,3056
573,,0.130424082,0.667571247,0.453911692,0.667571247,4588
574,,0.262414902,0.810424089,0.771479607,0.810424089,9266
575,,0.235157326,0.401119411,0.594312012,0.594312012,6437
576,,0.171572983,0.507115126,0.450186998,0.507115126,2084
577,,0.609632015,0.552793741,0.517058313,0.552793741,27243
578,,0.214315727,0.375246882,0.267005473,0.375246882,4078
579,,0.189968884,0.461266041,0.579813898,0.579813898,4189
580,,0.13467823,0.044619422,0.221011207,0.221011207,5098
581,,0.303034574,0.633165836,0.5547809,0.633165836,2438
582,,0.577667296,0.789542496,0.704935253,0.789542496,1850
583,,0.445208699,0.729649127,0.779469311,0.779469311,16153
584,,0.190963671,0.678924084,0.648079336,0.678924084,6165
585,,0.263043493,0.559963524,0.527926564,0.559963524,2872
586,,0.140209913,0.575082481,0.565041661,0.575082481,3675
587,,0.138252527,0.592417061,0.564251184,0.592417061,777
588,,0.357848376,0.507692337,0.68653208,0.68653208,13757
589,,0.109727956,0.400523573,0.503268003,0.503268003,2650
590,,0.454887211,0.43575418,0.532069981,0.532069981,613
591,,0.263237715,0.736881256,0.723041117,0.736881256,5713
592,,0.775481105,0.405697435,0.279804021,0.405697435,2242
593,,0.252335399,0.490223467,0.619865894,0.619865894,7690
594,,0.077927627,0.523449302,0.476580024,0.523449302,3307
595,,0.14970094,0.612008274,0.713217556,0.713217556,3821
596,,0.077170223,0.465558201,0.349137932,0.465558201,1940
597,,0.278469592,0.52470839,0.624905229,0.624905229,10408
598,,0.224157795,0.472636819,0.538011074,0.538011074,7621
599,,0.258403569,0.614953816,0.655585766,0.655585766,8196
600,,0.248067439,0.587683678,0.654575169,0.654575169,8583
601,,0.639376223,0.341948301,0.004069176,0.341948301,564
602,,0.117614768,0.20793651,0.134426236,0.20793651,2243
603,,0.132406443,0.531849086,0.406848192,0.531849086,4135
604,,0.420136929,0.616894841,0.688896835,0.688896835,10007
605,,0.404329896,0.396762997,0.45220831,0.45220831,13282
606,,0.183511764,0.528695643,0.473498225,0.528695643,3153
607,,0.25926277,0.410226613,0.488218904,0.488218904,5226
608,,0.172458604,0.579889834,0.606128156,0.606128156,2170
609,,0.115491889,0.537037015,0.528955758,0.537037015,4406
610,,0.441420585,0.802122831,0.792140245,0.802122831,5821
611,,0.268312603,0.635019064,0.624653041,0.635019064,8505
612,,0.276327699,0.492374718,0.579447627,0.579447627,7178
613,,0.098749779,0.755197883,0.684921503,0.755197883,3212
614,,0.36631906,0.712324023,0.597302318,0.712324023,14369
615,,0.617757916,0.545612812,0.650048971,0.650048971,14498
616,,0.343628168,0.533333361,0.685222626,0.685222626,11801
617,,0.150485441,0.258064508,0.164593995,0.258064508,602
618,,0.40503791,0.578836441,0.576118588,0.578836441,13384
619,,0.324033558,0.420301348,0.517548144,0.517548144,4681
620,,0.350460589,0.472372711,0.360439569,0.472372711,1266
621,,0.297136635,0.45039767,0.460000008,0.460000008,3587
622,,0.184398472,0.572164953,0.50248754,0.572164953,3781
623,,0.624578714,0.797229946,0.784357727,0.797229946,8673
624,,0.208284393,0.569739938,0.559590161,0.569739938,6274
625,,0.050734188,0.330086589,0.31831336,0.330086589,1905
626,,0.31374985,0.668909431,0.647012055,0.668909431,7995
627,,0.360495687,0.194379389,0.367218286,0.367218286,1912
628,,0.301050037,0.639532387,0.603906631,0.639532387,10698
629,,0.03534282,0.421134412,0.422875553,0.422875553,1390
630,,0.103652298,0.411103755,0.346416652,0.411103755,3645
631,,0.525743723,0.846292973,0.771822333,0.846292973,1141
632,,0.241313875,0.637848854,0.588955998,0.637848854,6854
633,,0.603658557,0.476595759,0.466278106,0.476595759,2740
634,,0.111762255,0.442489862,0.523774445,0.523774445,2327
635,,0.048003919,0.190169215,0.268746257,0.268746257,661
636,,0.353007644,0.766673505,0.731955051,0.766673505,11420
637,,0.084859736,0.4148148,0.464127302,0.464127302,2677
638,,0.33338502,0.78732425,0.759808302,0.78732425,10182
639,,0.381027043,0.672544062,0.632567167,0.672544062,2100
640,,0.414191425,0.59105432,0.685305536,0.685305536,17240
641,,0.48717615,0.785958886,0.684435725,0.785958886,16168
642,,0.165107533,0.377450973,0.568675876,0.568675876,2169
643,,0.649616361,0,0,0,211
644,,0.577986121,0.768920302,0.769270062,0.769270062,2088
645,,0.537008047,0.307315886,0.414552242,0.414552242,10704
646,,0.392310828,0.597374201,0.653241038,0.653241038,1616
647,,0.07495594,0.617563725,0.363741338,0.617563725,1719
648,,0.242751345,0.37212196,0.378972679,0.378972679,1433
649,,0.579151809,0.605388284,0.274809152,0.605388284,2107
650,,0.147699758,0.298807293,0.346475154,0.346475154,4806
651,,0.332226753,0.369300216,0.561056733,0.561056733,6568
652,,0.304556966,0.769382536,0.680150449,0.769382536,11386
653,,0.411637932,0.222222224,0,0.222222224,204
654,,0.340083629,0.872264624,0.849365711,0.872264624,4266
655,,0.173832178,0.74181819,0.730682254,0.74181819,5926
656,,0.279597491,0.670109749,0.65318501,0.670109749,6627
657,,0.029006884,0.393801272,0.450515449,0.450515449,1188
658,,0.185928777,0.044776119,0,0.044776119,1563
659,,0.430980474,0.614811361,0.476718098,0.614811361,4381
660,,0.173689172,0.497120917,0.60235846,0.60235846,5861
661,,0.697722554,0.313725501,0.462962955,0.462962955,425
662,,0.231774747,0.680746853,0.664895833,0.680746853,8093
663,,0.186052278,0.523904383,0.5898031,0.5898031,6223
664,,0.113322787,0.554550946,0.59465307,0.59465307,3194
665,,0.365075171,0.432524979,0.451995134,0.451995134,10259
666,,0.372478217,0.274747461,0.250903457,0.274747461,3388
667,,0.335892618,0.653930604,0.690234959,0.690234959,10814
668,,0.256684482,0.23222439,0.102437302,0.23222439,3997
669,,0.525252521,0.07067138,0.200772196,0.200772196,174
670,,0.402428806,0.834688365,0.831947565,0.834688365,11424
671,,0.593886435,0.145833328,0.048278082,0.145833328,320
672,,0.527054131,0.466346145,0.531813145,0.531813145,1989
673,,0.415900379,0.565587759,0.51755929,0.565587759,3377
674,,0.212995172,0.469304234,0.430983961,0.469304234,4153
675,,0.211224407,0.516783774,0.633205235,0.633205235,6534
676,,0.360942423,0.604719758,0.56954807,0.604719758,1033
677,,0.356936336,0.589473665,0.612436831,0.612436831,8504
678,,0.047891013,0.270481139,0.175261199,0.270481139,904
679,,0.393294573,0.642258465,0.751088619,0.751088619,11244
680,,0.471935064,0.772369564,0.745457232,0.772369564,6676
681,,0.090875231,0.196601942,0.370338619,0.370338619,2754
682,,0.447482914,0.234417349,0.105242565,0.234417349,4061
683,,0.364803106,0.379118532,0.402267992,0.402267992,2783
684,,0.477625757,0.569525421,0.735175848,0.735175848,15346
685,,0.167275533,0.477908015,0.444059163,0.477908015,5042
686,,0.518363178,0.888285816,0.851184189,0.888285816,9029
687,,0.202086672,0.664034724,0.667878807,0.667878807,4178
688,,0.155159399,0.645602942,0.630272329,0.645602942,3419
689,,0.2101475,0.679245293,0.563541174,0.679245293,2392
690,,0.25,0.269565225,0,0.269565225,191
691,,0.680870771,0.57331574,0.581893563,0.581893563,900
692,,0.132995456,0.4108527,0.431926847,0.431926847,1325
693,,0.405724913,0.501795471,0.596136749,0.596136749,17218
694,,0.170816332,0.451378822,0.249878705,0.451378822,2108
695,,0.118998989,0.647798717,0.548329592,0.647798717,3933
696,,0.114618182,0.410067528,0.427443415,0.427443415,1794
697,,0.105373628,0.570677876,0.483688682,0.570677876,3619
698,,0.197642893,0.503081262,0.603143394,0.603143394,2310
699,,0.392767161,0.679245293,0.793237209,0.793237209,9631
700,,0.51493746,0.506383002,0.502838314,0.506383002,3802
701,,0.234025359,0.659021378,0.635119498,0.659021378,6388
702,,0.338333726,0.356312931,0.328767121,0.356312931,1134
703,,0.336917549,0.216634423,0.219718307,0.219718307,315
704,,0.19248949,0.608940125,0.597506762,0.608940125,7811
705,,0.172114015,0.555555582,0.533111155,0.555555582,4899
706,,0.21924302,0.456338018,0.426370472,0.456338018,4017
707,,0.343545824,0.633085907,0.611450493,0.633085907,3174
708,,0.121798955,0.501754403,0.375833333,0.501754403,1439
709,,0.221362963,0.679173291,0.720561326,0.720561326,6898
710,,0.410687715,0.706378222,0.622628391,0.706378222,7816
711,,0.257784694,0.608212411,0.544582307,0.608212411,7506
712,,0.201833889,0.670413911,0.68531841,0.68531841,4714
713,,0.222496986,0.477763653,0.533780456,0.533780456,4322
714,,0.142994076,0.525394022,0.545699179,0.545699179,4786
715,,0.350026935,0.586219728,0.58929944,0.58929944,3772
716,,0.281258613,0.62031287,0.690615952,0.690615952,8940
717,,0.363256961,0.381294966,0.561876953,0.561876953,5078
718,,0.222185031,0.420752555,0.53396523,0.53396523,5515
719,,0.427562565,0.719762743,0.72379142,0.72379142,10368
720,,0.12024112,0.665248215,0.376897126,0.665248215,3151
721,,0.277578026,0.616655171,0.655164838,0.655164838,9751
722,,0.166640893,0.470081776,0.446670592,0.470081776,5805
723,,0.334913701,0.706276536,0.66352427,0.706276536,8279
724,,0.266574889,0.777285218,0.682177603,0.777285218,9739
725,,0.369334221,0.694489002,0.381701738,0.694489002,3796
726,,0.085369192,0.444622785,0.411874622,0.444622785,3254
727,,0.510413587,0.391866922,0.467628121,0.467628121,983
728,,0.369975388,0.185414091,0,0.185414091,533
729,,0.166883752,0.480964959,0.429721475,0.480964959,3129
730,,0.482746482,0.615795493,0.696214676,0.696214676,7135
731,,0.334813863,0.715143442,0.707413316,0.715143442,10414
732,,0.369871289,0.248571426,0.247410655,0.248571426,2429
733,,0.122262418,0.489256203,0.356314659,0.489256203,3708
734,,0.177245572,0.591782451,0.538562298,0.591782451,4965
735,,0.177735895,0.703018486,0.732120872,0.732120872,3922
736,,0.117769495,0.520496905,0.506825447,0.520496905,4084
737,,0.668480098,0.277647048,0.310861409,0.310861409,1365
738,,0.532426476,0.686287642,0.789521992,0.789521992,22310
739,,0.308820158,0.487097919,0.413328201,0.487097919,3710
740,,0.401363134,0.140679955,0.133373573,0.140679955,1912
741,,0.009702566,0.129894942,0.18676278,0.18676278,860
742,,0.325193584,0.62289995,0.608465612,0.62289995,9326
743,,0.745833337,0.202816904,0.53776437,0.53776437,206
744,,0.23557426,0.585776508,0.741920888,0.741920888,9234
745,,0.226532057,0.488767117,0.709995806,0.709995806,4520
746,,0.344013184,0.603548288,0.691735804,0.691735804,14564
747,,0.545897663,0.397404701,0.46824646,0.46824646,1221
748,,0.222511053,0.535194874,0.556520522,0.556520522,7687
749,,0.470437318,0.90885669,0.771869659,0.90885669,6638
750,,0.081712767,0.501882076,0.516675651,0.516675651,2309
751,,0.467774749,0.485928714,0.504128218,0.504128218,1902
752,,0.37082842,0.442671537,0.592923701,0.592923701,12919
753,,0.167732865,0.556572676,0.54000783,0.556572676,5037
754,,0.445809573,0.672619045,0.78729701,0.78729701,13878
755,,0.208206043,0.749540448,0.768206298,0.768206298,7755
756,,0.034396823,0.316916496,0.138541356,0.316916496,1180
757,,0.52864784,0.279158711,0.274509817,0.279158711,422
758,,0.213705391,0.529920459,0.535971224,0.535971224,5537
759,,0.0681412,0.682692289,0.642813265,0.682692289,2555
760,,0.302299708,0.738219917,0.744042337,0.744042337,5803
761,,0.144224122,0.486539394,0.380006313,0.486539394,3536
762,,0.412375778,0.587013006,0.764804721,0.764804721,5074
763,,0.191915974,0.445859879,0.473020822,0.473020822,4812
764,,0.327086985,0.595210969,0.5562675,0.595210969,6468
765,,0.100553721,0.74650991,0.658526659,0.74650991,3148
766,,0.643894196,0.875672877,0.889201283,0.889201283,7954
767,,0.585288286,0.532632053,0.488267422,0.532632053,12007
768,,0.356097162,0.782006919,0.784105241,0.784105241,10381
769,,0.462835371,0.655916095,0.652507126,0.655916095,13068
770,,0.0890738,0.503713727,0.45850727,0.503713727,2591
771,,0.59833014,0.60946095,0.501179218,0.60946095,2542
772,,0.391118705,0.182926834,0,0.182926834,260
773,,0.36457175,0.604468822,0.675947189,0.675947189,12616
774,,0.915003479,0.425398141,0.592085898,0.592085898,11630
775,,0.309870929,0.532893062,0.524485707,0.532893062,10383
776,,0.473919868,0.297069043,0.295211405,0.297069043,3091
777,,0.11881423,0.561746478,0.499647468,0.561746478,4054
778,,0.666666687,0.327433616,0.42464456,0.42464456,389
779,,0.403609633,0.610804498,0.682592571,0.682592571,14145
780,,0.260869563,0.005869406,0.006145442,0.006145442,36
781,,0.347397834,0.822775781,0.833754063,0.833754063,2828
782,,0.155389965,0.64355433,0.652297139,0.652297139,4843
783,,0.629983544,0.359240055,0.222632229,0.359240055,1223
784,,0.016494054,0.439585745,0.515037596,0.515037596,1516
785,,0.311959654,0.608695626,0.357199669,0.608695626,1652
786,,0.090179436,0.359223306,0.388195932,0.388195932,1735
787,,0.093139611,0.44879052,0.465188533,0.465188533,2575
788,,0.369169444,0.503265917,0.577974081,0.577974081,8244
789,,0.294445753,0.636103153,0.649776995,0.649776995,3678
790,,0.268401474,0.385507256,0.37574482,0.385507256,1227
791,,0.211865872,0.05422058,0.378104955,0.378104955,2667
792,,0.146917611,0.56284529,0.533208787,0.56284529,5384
793,,0.545652926,0.478417277,0.418474317,0.478417277,3735
794,,0.187301591,0.668687999,0.603066444,0.668687999,5959
795,,0.312178493,0.584130883,0.733733416,0.733733416,7094
796,,0.466969162,0.766477287,0.815069914,0.815069914,8376
797,,0.61056751,0.159126371,0.305642635,0.305642635,270
798,,0.110160105,0.604414284,0.615361571,0.615361571,3540
799,,0.146823868,0.630642056,0.641294658,0.641294658,2943
800,,0.134138867,0.617702425,0.609876275,0.617702425,3130
801,,0.471033931,0.404907972,0.650689721,0.650689721,6066
802,,0.116007917,0.193467334,0.166992456,0.193467334,1078
803,,0.219107732,0.610782862,0.663270056,0.663270056,5910
804,,0.485701174,0.775216758,0.757327557,0.775216758,11260
805,,0.25565505,0.662962973,0.582014263,0.662962973,5956
806,,0.146985933,0.63775903,0.505677223,0.63775903,5150
807,,0.625154555,0.741292059,0.914213657,0.914213657,8329
808,,0.111996002,0.444111019,0.472409159,0.472409159,2077
809,,0.732038498,0.605721414,0.599294543,0.605721414,2272
810,,0.31027925,0.329792619,0.467334658,0.467334658,3813
811,,0.233170941,0.380527377,0.451637089,0.451637089,4355
812,,0.075367808,0.420736283,0.446109027,0.446109027,1584
813,,0.221030325,0.667587459,0.726728082,0.726728082,4610
814,,0.29024148,0.495640188,0.401980519,0.495640188,3715
815,,0.081176549,0.390633315,0.362010896,0.390633315,2694
816,,0.33176586,0.708574414,0.752104759,0.752104759,8184
817,,0.279459447,0.720019937,0.635241449,0.720019937,8575
818,,0.345062971,0.726459324,0.75185895,0.75185895,11665
819,,0.236528307,0.296928316,0.398554474,0.398554474,2001
820,,0.530140221,0.793205082,0.745721102,0.793205082,16814
821,,0.153442055,0.563692331,0.520463049,0.563692331,4058
822,,0.298153669,0.474693775,0.630182564,0.630182564,10238
823,,0.24855651,0.373707533,0.353183508,0.373707533,4267
824,,0.416859269,0.55682683,0.62261951,0.62261951,13720
825,,0.59375,0.183941603,0.103084736,0.183941603,559
826,,0.199244067,0.321212113,0.373999357,0.373999357,771
827,,0.248912603,0.62724638,0.493471891,0.62724638,3072
828,,0.367332369,0.769618452,0.741663635,0.769618452,6404
829,,0.230860293,0.482274741,0.541580975,0.541580975,6048
830,,0.106943212,0.607348382,0.511542201,0.607348382,3499
831,,0.367662191,0.426619142,0.345048994,0.426619142,2231
832,,0.591961801,0.368006021,0.598785937,0.598785937,8403
833,,0.108747691,0.524150252,0.461743176,0.524150252,4011
834,,0.127884567,0.530439377,0.644953489,0.644953489,4830
835,,0.29284218,0.607739329,0.516348779,0.607739329,3494
836,,0.494955152,0.372583479,0.5,0.5,1195
837,,0.343308449,0.460601449,0.516573191,0.516573191,4093
838,,0.185450599,0.58679086,0.545843959,0.58679086,5327
839,,0.105777279,0.488405794,0.51508975,0.51508975,3782
840,,0.441390485,0.56940937,0.626756012,0.626756012,13637
841,,0.205577314,0.531263888,0.590102911,0.590102911,4530
842,,0.552597523,0.850093603,0.820334733,0.850093603,20220
843,,0.248005643,0.663865566,0.639217913,0.663865566,5527
844,,0.464968145,0.232437119,0.312070668,0.312070668,570
845,,0.512597442,0.414022446,0.389802694,0.414022446,21317
846,,0.031882897,0,0.019277109,0.019277109,544
847,,0.419958025,0.593374372,0.431101114,0.593374372,5525
848,,0.311197907,0.570566952,0.719383478,0.719383478,8949
849,,0.004249243,0.119601332,0.17401886,0.17401886,696
850,,0.315326124,0.010033445,0.222574607,0.222574607,1762
851,,0.147225052,0.691077113,0.641313374,0.691077113,5374
852,,0.18976292,0.51859957,0.459880233,0.51859957,4812
853,,0.468844026,0.759622931,0.737044752,0.759622931,10911
854,,0.306012452,0.753828585,0.628413558,0.753828585,9701
855,,0.16210337,0.411657572,0.438530743,0.438530743,2492
856,,0.068043038,0.266251117,0.330722809,0.330722809,2110
857,,0.645406246,0.01923077,0,0.01923077,665
858,,0.294445634,0.468768597,0.549105525,0.549105525,1881
859,,0.786967397,0.209072977,0.584045589,0.584045589,219
860,,0.330400318,0.695369601,0.635006785,0.695369601,8772
861,,0.188380286,0.473273933,0.633914888,0.633914888,3511
862,,0.411646783,0.778477371,0.787364006,0.787364006,7097
863,,0.223788932,0.368932039,0.485267907,0.485267907,4301
864,,0.201769203,0.55634594,0.444864661,0.55634594,5323
865,,0.147058234,0.653496623,0.563431144,0.653496623,5026
866,,0.90776968,0.713107228,0.7449857,0.7449857,1762
867,,0.190705404,0.621881008,0.602083147,0.621881008,5493
868,,0.410579115,0.616904914,0.644679964,0.644679964,14500
869,,0.333830118,0.228412256,0.231556267,0.231556267,229
870,,0.166954339,0.559834957,0.578152418,0.578152418,3469
871,,0.526754379,0.487379104,0.755277336,0.755277336,11544
872,,0.534932256,0.734933734,0.73259747,0.734933734,17494
873,,0.366377771,0.521658957,0.531458795,0.531458795,11115
874,,0.163408756,0.43514964,0.34438023,0.43514964,4389
875,,0.126541406,0.613511384,0.497829229,0.613511384,3840
876,,0.232120946,0.560076594,0.522045016,0.560076594,5511
877,,0.148404568,0.761747718,0.656419933,0.761747718,5428
878,,0.302676916,0.5865345,0.623425722,0.623425722,11318
879,,0.273624301,0.668341696,0.622299314,0.668341696,3758
880,,0.499514043,0.767975986,0.867455721,0.867455721,10405
881,,0.632314384,0.621681392,0.650674641,0.650674641,1798
882,,0.396346092,0.249589488,0.257183492,0.257183492,1728
883,,0.513194084,0.52594173,0.46386227,0.52594173,2038
884,,0.43206507,0.571965456,0.818306744,0.818306744,13274
885,,0.452535808,0.793560922,0.791881502,0.793560922,12448
886,,0.138366744,0.674846649,0.716385603,0.716385603,3416
887,,0.322897494,0.354260087,0.330810815,0.354260087,729
888,,0.595351279,0.398111731,0.472668797,0.472668797,1468
889,,0.264250755,0.672131121,0.609024048,0.672131121,2831
890,,0.175971597,0.626334548,0.536469817,0.626334548,3592
891,,0.278195769,0.583158553,0.612007737,0.612007737,4701
892,,0.444165617,0.32625699,0.392236978,0.392236978,691
893,,0.489780337,0.837357223,0.876894534,0.876894534,15681
894,,0.396139234,0.608253956,0.640225708,0.640225708,2551
895,,0.72868216,0.314035088,0.37448132,0.37448132,804
896,,0.469899297,0.522217333,0.802388906,0.802388906,12328
897,,0.478146404,0.611786723,0.570573568,0.611786723,2062
898,,0.217019364,0.621082604,0.661087871,0.661087871,5510
899,,0.649068296,0.069868997,0,0.069868997,276
900,,0.274086773,0.662510753,0.673089921,0.673089921,10496
901,,0.151999235,0.631310999,0.509120286,0.631310999,4328
902,,0.398873985,0.225506291,0.267141789,0.267141789,2207
903,,0.236814663,0.466027886,0.538492322,0.538492322,6581
904,,0.746800721,0.190476194,0,0.190476194,1110
905,,0.236760542,0.629508197,0.575093031,0.629508197,4406
906,,0.267180949,0.601818204,0.545037448,0.601818204,8822
907,,0.372959584,0.714811563,0.727441549,0.727441549,12833
908,,0.154774651,0.708126009,0.702474117,0.708126009,2185
909,,0.278473467,0.239837393,0.294054508,0.294054508,808
910,,0.47426188,0.337781489,0.331341654,0.337781489,3199
911,,0.494089842,0.549019635,0.559567571,0.559567571,21161
912,,0.516765296,0.280314952,0.484149843,0.484149843,493
913,,0.509244382,0.383017153,0.591675639,0.591675639,10030
914,,0.478335828,0.609756112,0.542806387,0.609756112,5477
915,,0.748947501,0.452546626,0.473241687,0.473241687,10623
916,,0.214071676,0.256735355,0.351216912,0.351216912,4628
917,,0.470172673,0.539944887,0.331515163,0.539944887,1361
918,,0.241947562,0.606147945,0.604290962,0.606147945,2934
919,,0.174765944,0.5530864,0.564811051,0.564811051,870
920,,0.184650704,0.714427888,0.724521816,0.724521816,1753
921,,0.06851358,0.549661398,0.515529275,0.549661398,2952
922,,0.47755447,0.767386079,0.752891064,0.767386079,2049
923,,0.083909258,0.689177513,0.599265635,0.689177513,2283
924,,0.106611811,0.236570805,0.102194168,0.236570805,2004
925,,0.74443841,0.574344039,0.408801705,0.574344039,1023
926,,0.06766437,0.389776349,0.521057785,0.521057785,646
927,,0.214114204,0.575500488,0.573218107,0.575500488,6269
928,,0.341835976,0.604153275,0.654776037,0.654776037,12648
929,,0.288213164,0.389099181,0.25722599,0.389099181,3740
930,,0.393264592,0.480716258,0.347222209,0.480716258,3587
931,,0.38131842,0.187179491,0.390201718,0.390201718,2461
932,,0.199246794,0.610191941,0.554959536,0.610191941,7173
933,,0.286852151,0.561371863,0.282656431,0.561371863,3129
934,,0.4838624,0.277298838,0.511694491,0.511694491,3156
935,,0.546786547,0.637716591,0.7899459,0.7899459,23854
936,,0.270146817,0.230683088,0.248211384,0.248211384,7791
937,,0.035820626,0.49358061,0.417613626,0.49358061,1376
938,,0.404524297,0.094522968,0.144046202,0.144046202,537
939,,0.506882608,0.232517481,0.265491307,0.265491307,626
940,,0.075659923,0.366767973,0.461775571,0.461775571,884
941,,0.391639411,0.550362051,0.582474232,0.582474232,2145
942,,0.072855137,0.395284325,0.323202908,0.395284325,2440
943,,0.389973998,0.601751685,0.500641525,0.601751685,3009
944,,0.152445853,0.617647052,0.676825762,0.676825762,3955
945,,0.381521881,0.683076918,0.723142028,0.723142028,9293
946,,0.338641465,0.267317086,0.232521906,0.267317086,1595
947,,0.241674304,0.388984501,0.444330692,0.444330692,1091
948,,0.181252301,0.579620063,0.544479072,0.579620063,6698
949,,0.105759397,0.426858515,0.388054311,0.426858515,1251
950,,0.400237799,0.232673272,0.39392662,0.39392662,2074
951,,0.152335048,0.346354157,0.232448161,0.346354157,1869
952,,0.463985771,0.675468683,0.726132452,0.726132452,18342
953,,0.29142946,0.567129076,0.667874813,0.667874813,10939
954,,0.159083277,0.577368796,0.565493762,0.577368796,5615
955,,0.262276322,0.744166493,0.762759089,0.762759089,9791
956,,0.28214395,0.604040384,0.339038849,0.604040384,4265
957,,0.24830927,0.667697728,0.684302092,0.684302092,9496
958,,0.243905813,0.499523342,0.440894574,0.499523342,5999
959,,0.104523122,0.514782608,0.447911054,0.514782608,3119
960,,0.12382815,0.615581095,0.612493455,0.615581095,3952
961,,0.328256041,0.639376223,0.610079587,0.639376223,1169
962,,0.110255875,0.649831653,0.608414233,0.649831653,3042
963,,0.157750294,0.657913387,0.707424343,0.707424343,5744
964,,0.23808822,0.609195411,0.497976899,0.609195411,5153
965,,0.152615562,0.260547757,0.291820794,0.291820794,1712
966,,0.611219525,0.228851661,0.38624686,0.38624686,8247
967,,0.447172195,0.699230433,0.680288374,0.699230433,15259
968,,0.107411444,0.476357281,0.484948009,0.484948009,3078
969,,0.40460825,0.501639366,0.528607368,0.528607368,7349
970,,0.241582423,0.702360392,0.629483223,0.702360392,6269
971,,0.158436969,0.65625,0.611993968,0.65625,3555
972,,0.226189405,0.64858073,0.661281228,0.661281228,8242
973,,0.133804426,0.543275654,0.520805359,0.543275654,3169
974,,0.334170848,0.137440756,0,0.137440756,176
975,,0.623889208,0.561889052,0.727946699,0.727946699,25449
976,,0.313723683,0.488212168,0.436181366,0.488212168,3556
977,,0.406442642,0.493427694,0.451557577,0.493427694,1259
978,,0.171557039,0.57869935,0.690036178,0.690036178,5017
979,,0.166444913,0.372256368,0.413680375,0.413680375,3158
980,,0.15599376,0.633289397,0.604544461,0.633289397,4045
981,,0.390727699,0.653263569,0.591743767,0.653263569,9439
982,,0.162792116,0.570264757,0.463823676,0.570264757,2176
983,,0.138949648,0.534872055,0.562366188,0.562366188,3456
984,,0.427706867,0.504128635,0.761875033,0.761875033,12877
985,,0.327032864,0.538831592,0.604300559,0.604300559,10040
986,,0.569879591,0.732174516,0.75985074,0.75985074,26876
987,,0.259647667,0.520655453,0.45667088,0.520655453,10247
988,,0.382803649,0.161904767,0.263183922,0.263183922,9604
989,,0.269288957,0.628539979,0.606109083,0.628539979,9257
990,,0.618850589,0.647608578,0.757552505,0.757552505,3273
991,,0.078751661,0.403225809,0.35812214,0.403225809,2077
992,,0.473041147,0.705078125,0.664482296,0.705078125,6250
993,,0.134275332,0.644095123,0.577981651,0.644095123,4491
994,,0.437423795,0.642375171,0.60935092,0.642375171,18797
995,,0.350192338,0.766702414,0.77800858,0.77800858,13720
996,,0.588303626,0.753262162,0.774616361,0.774616361,3287
997,,0.431812227,0.590079427,0.763171673,0.763171673,11182
998,,0.320308208,0.414358974,0,0.414358974,1089
999,,0.049273532,0.516914725,0.503875971,0.516914725,1059
1000,,0.403009176,0.746650815,0.778893352,0.778893352,7436
1001,,0.157798737,0.42640692,0.432081342,0.432081342,4067
1002,,0.160107881,0.382047057,0.373301119,0.382047057,2458
1003,,0.170558095,0.535387576,0.554194868,0.554194868,4461
1004,,0.267691761,0.468546629,0.543500185,0.543500185,960
1005,,0.037451737,0.049079753,0,0.049079753,361
1006,,0.424885064,0.550243914,0.571496904,0.571496904,2946
1007,,0.751710236,0,0,0,1106
1008,,0.194606379,0.479272723,0.481121689,0.481121689,5503
1009,,0.54955399,0.519521892,0.675650954,0.675650954,5125
1010,,0.695979893,0.257756561,0.26944226,0.26944226,802
1011,,0.214647532,0.495911211,0.518830299,0.518830299,7690
1012,,0.188206613,0.585406303,0.598629832,0.598629832,2497
1013,,0.352005959,0.455709159,0.624778748,0.624778748,5885
1014,,0.536900222,0.74068439,0.764811039,0.764811039,9733
1015,,0.431578934,0.553539038,0.569202542,0.569202542,5641
1016,,0.131581262,0.600000024,0.679241002,0.679241002,4624
1017,,0.298726052,0.604162097,0.604991734,0.604991734,11908
1018,,0.096477479,0.527612567,0.511627913,0.527612567,2716
1019,,0.236959442,0.498307377,0.570013702,0.570013702,7356
1020,,0.478678584,0.608314097,0.650622189,0.650622189,10101
1021,,0.236667186,0.547873616,0.594150841,0.594150841,8810
1022,,0.787917554,0.735177875,0.774445534,0.774445534,3622
1023,,0.422070086,0.421961755,0.426718533,0.426718533,1602
1024,,0.526623964,0.894104779,0.883310556,0.894104779,7212
1025,,0.252344489,0.284170717,0.156482652,0.284170717,3824
1026,,0.08926215,0.362637371,0.400992841,0.400992841,1335
1027,,0.065336645,0.422297299,0.428943008,0.428943008,2505
1028,,0.189838633,0.57107234,0.423468828,0.57107234,6594
1029,,0.413245261,0.598738194,0.630079627,0.630079627,5772
1030,,0.074312173,0,0.030184461,0.030184461,847
1031,,0.22258772,0.263335586,0.362238765,0.362238765,888
1032,,0.453828633,0.813418031,0.786397755,0.813418031,11413
1033,,0.170064226,0.57754308,0.589469254,0.589469254,5223
1034,,0.50612247,0.393617034,0.397707224,0.397707224,661
1035,,0.160129696,0.662760437,0.637724578,0.662760437,5367
1036,,0.109275371,0.366118014,0.390092134,0.390092134,4036
1037,,0.311506391,0.616550446,0.807082236,0.807082236,7908
1038,,0.169768974,0.588016391,0.682647109,0.682647109,4950
1039,,0.411508739,0.481684655,0.605326295,0.605326295,16995
1040,,0.649638653,0.465635747,0.423287362,0.465635747,2988
1041,,0.396145612,0,0,0,374
1042,,0.35431391,0.592488587,0.471079946,0.592488587,15187
1043,,0.784952879,0.562525272,0.845907092,0.845907092,5333
1044,,0.381278217,0.607750833,0.665604949,0.665604949,14924
1045,,0.318591803,0.565193057,0.684237957,0.684237957,9518
1046,,0.302547157,0.549533546,0.695902705,0.695902705,11445
1047,,0.25014475,0.644602835,0.614246488,0.644602835,3863
1048,,0.232170597,0.62176168,0.437016398,0.62176168,984
1049,,0.174666122,0.228672981,0.105285779,0.228672981,1225
1050,,0.215102658,0.369302332,0.27505976,0.369302332,3756
1051,,0.256391436,0.632335305,0.651094437,0.651094437,3695
1052,,0.85547632,0.575829387,0.573875785,0.575829387,1417
1053,,0.33571282,0.573932111,0.420788974,0.573932111,1462
1054,,0.613903761,0.179810733,0.213727191,0.213727191,362
1055,,0.250257522,0.613846183,0.621912599,0.621912599,2590
1056,,0.508332849,0.22287105,0.441394091,0.441394091,5002
1057,,0.411751121,0.833762407,0.807663441,0.833762407,12673
1058,,0.232110322,0.668485701,0.67021817,0.67021817,6487
1059,,0.269403785,0.739676833,0.74592936,0.74592936,2804
1060,,0.501039803,0.462073773,0.622079551,0.622079551,7024
1061,,0.166829392,0.504057705,0.510543585,0.510543585,3716
1062,,0.272362649,0.481617659,0.656785846,0.656785846,2974
1063,,0.178166583,0.591800332,0.558254838,0.591800332,1215
1064,,0.191681415,0.345712364,0.493715644,0.493715644,3100
1065,,0.072440639,0.479830146,0.511317492,0.511317492,2065
1066,,0.154163972,0.632883728,0.531840324,0.632883728,5289
1067,,0.276085824,0.641201913,0.767382443,0.767382443,9159
1068,,0.210922062,0.581778288,0.409882963,0.581778288,2082
1069,,0.161166355,0.513866246,0.536946297,0.536946297,5489
1070,,0.183732122,0.582417607,0.569114089,0.582417607,3639
1071,,0.624742329,0.600792766,0.583081543,0.600792766,28290
1072,,0.196102127,0.573551238,0.509358287,0.573551238,929
1073,,0.326732665,0.264758497,0.236060232,0.264758497,387
1074,,0.164226547,0.003021148,0.167591348,0.167591348,4078
1075,,0.332936972,0.69590646,0.66692549,0.69590646,1288
1076,,0.09245266,0.661953747,0.595744669,0.661953747,2582
1077,,0.352767915,0.587661088,0.548813701,0.587661088,14374
1078,,0.339132518,0.451157331,0.463439375,0.463439375,4964
1079,,0.193685055,0.116030537,0,0.116030537,1074
1080,,0.265194237,0.357088119,0.340264261,0.357088119,4486
1081,,0.302079409,0,0,0,2112
1082,,0.271590233,0.419032991,0.488582313,0.488582313,1370
1083,,0.508436441,0.299212605,0.433411211,0.433411211,468
1084,,0.158022106,0.481520593,0.601852834,0.601852834,5636
1085,,0.151183054,0.631678462,0.666871965,0.666871965,4829
1086,,0.134919256,0.417127073,0.481481493,0.481481493,1451
1087,,0.296804726,0.566709816,0.565238655,0.566709816,4230
1088,,0.384409159,0.553106189,0.361238897,0.553106189,1420
1089,,0.293790251,0.462786257,0.519630969,0.519630969,3335
1090,,0.214715242,0.534553766,0.590736032,0.590736032,4036
1091,,0.168282002,0.521660626,0.572171628,0.572171628,1645
1092,,0.429927379,0.562907755,0.506302178,0.562907755,18184
1093,,0.572602749,0.196943969,0.194942534,0.196943969,239
1094,,0.175873816,0.734344602,0.632911384,0.734344602,5657
1095,,0.343082398,0.672387481,0.769102752,0.769102752,12225
1096,,0.152873397,0.572778821,0.606697321,0.606697321,4855
1097,,0.107395485,0.476527005,0.589386463,0.589386463,4211
1098,,0.132179976,0.594313204,0.529281974,0.594313204,4964
1099,,0.160243496,0.735496581,0.72758919,0.735496581,6124
1100,,0.430143714,0.535349429,0.563125372,0.563125372,3748
1101,,0.06881281,0.140939593,0.212027282,0.212027282,425
1102,,0.121431515,0.542902946,0.481141686,0.542902946,3581
1103,,0.428125709,0.715095341,0.661046445,0.715095341,5003
1104,,0.206657782,0.600000024,0.598025739,0.600000024,6121
1105,,0.145192623,0.491655976,0.442016214,0.491655976,3524
1106,,0.427600026,0.755375504,0.78367275,0.78367275,5836
1107,,0.26329881,0.706013381,0.68901062,0.706013381,10315
1108,,0.226814702,0.592555583,0.545130253,0.592555583,9051
1109,,0.21373947,0.558254123,0.716498852,0.716498852,5938
1110,,0.071245536,0.469208211,0.395643622,0.469208211,1750
1111,,0.288981467,0.562338352,0.559099674,0.562338352,8463
1112,,0.164521277,0.690909088,0.37355718,0.690909088,775
1113,,0.618885994,0.198547214,0.232135803,0.232135803,1812
1114,,0.239365891,0.516946256,0.574474931,0.574474931,8549
1115,,0.386161357,0.808243752,0.81825316,0.81825316,5222
1116,,0.414975137,0.722962976,0.748978674,0.748978674,10461
1117,,0.144750684,0.058638744,0.138650969,0.138650969,1819
1118,,0.22556214,0.527366638,0.598095238,0.598095238,5480
1119,,0.207812086,0.58088696,0.602249622,0.602249622,5350
1120,,0.500863552,0.002344666,0,0.002344666,209
1121,,0.581625938,0.242130756,0.305590063,0.305590063,1153
1122,,0.177717596,0.643241525,0.588132381,0.643241525,6548
1123,,0.601803541,0.422794104,0.437682569,0.437682569,1018
1124,,0.505004346,0.428724557,0.459056318,0.459056318,2904
1125,,0.46114412,0.605162144,0.689890921,0.689890921,20096
1126,,0.450758725,0.604126692,0.610367179,0.610367179,11675
1127,,0.468853861,0.405139178,0.836730123,0.836730123,6925
1128,,0.122017547,0.637342095,0.644720972,0.644720972,3649
1129,,0.61285907,0.115264796,0.155240104,0.155240104,379
1130,,0.457639039,0.508972287,0.700753093,0.700753093,1174
1131,,0.260817528,0.693756223,0.659008443,0.693756223,9257
1132,,0.200874642,0.651667953,0.648071229,0.651667953,3109
1133,,0.667167544,0.552739143,0.575843334,0.575843334,1437
1134,,0.192893744,0.529107392,0.483816296,0.529107392,4185
1135,,0.283636183,0.616237342,0.704535127,0.704535127,8141
1136,,0.481953293,0.398406386,0.429931253,0.429931253,1061
1137,,0.237883538,0.58472085,0.557310641,0.58472085,9249
1138,,0.169191867,0.685586274,0.521045268,0.685586274,5043
1139,,0.149411634,0.387308538,0.447495371,0.447495371,933
1140,,0.348397225,0.150433943,0.393151373,0.393151373,11121
1141,,0.172455087,0.212121218,0.244700626,0.244700626,439
1142,,0.562740445,0.500682116,0.619022012,0.619022012,2649
1143,,0.41200012,0.699826479,0.75729239,0.75729239,8115
1144,,0.199456736,0.57876581,0.595915198,0.595915198,4855
1145,,0.177490488,0.4173913,0.348121494,0.4173913,3752
1146,,0.307416648,0.704034269,0.662941575,0.704034269,5108
1147,,0.09667512,0.419902921,0.446508169,0.446508169,1527
1148,,0.113493361,0.683478236,0.67687887,0.683478236,2598
1149,,0.238437206,0.627370179,0.6476807,0.6476807,4007
1150,,0.133275524,0.691142201,0.6734128,0.691142201,3406
1151,,0.33649087,0.365493745,0.340924233,0.365493745,1574
1152,,0.671999991,0.460052669,0.56307435,0.56307435,1356
1153,,0.115085535,0.304968029,0.313123554,0.313123554,1503
1154,,0.176014021,0.649802864,0.64626509,0.649802864,6078
1155,,0.578794479,0.888193905,0.893393099,0.893393099,2682
1156,,0.461188316,0.573215604,0.473510712,0.573215604,3648
1157,,0.389312983,0.03206997,0.011235955,0.03206997,344
1158,,0.250533283,0.629169047,0.595662296,0.629169047,9123
1159,,0.533369482,0.656479895,0.697057962,0.697057962,3354
1160,,0.110222988,0.538498819,0.460841775,0.538498819,3494
1161,,0.566153109,0.609691143,0.853589892,0.853589892,18750
1162,,0.142789468,0.586966276,0.536960065,0.586966276,3363
1163,,0.394974709,0.768377244,0.628398776,0.768377244,1570
1164,,0.243445963,0.465009212,0.600737691,0.600737691,4620
1165,,0.317402363,0.642642617,0.777721524,0.777721524,12227
1166,,0.26592797,0.477037042,0.395731449,0.477037042,1607
1167,,0.127021462,0.652837098,0.643643141,0.652837098,3004
1168,,0.350852877,0.438779444,0.319353223,0.438779444,2883
1169,,0.118364736,0.284600377,0.314089805,0.314089805,1780
1170,,0.266728312,0.332829058,0.483663082,0.483663082,6528
1171,,0.550413251,0.229729727,0,0.229729727,369
1172,,0.215854213,0.368678629,0.538620114,0.538620114,4008
1173,,0.166681528,0.523578346,0.534165204,0.534165204,5123
1174,,0.551188231,0.457705319,0.591463804,0.591463804,8144
1175,,0.338819534,0.734513283,0.542969942,0.734513283,1514
1176,,0.662006974,0.642377734,0.578320265,0.642377734,1793
1177,,0.132805467,0.476966977,0.433826566,0.476966977,4667
1178,,0.071138732,0.570349395,0.558278561,0.570349395,1539
1179,,0.531137347,0.553818464,0.638342381,0.638342381,24728
1180,,0.311425716,0.618189633,0.725944996,0.725944996,11068
1181,,0.347305387,0.691347539,0.676100373,0.691347539,14197
1182,,0.133428156,0.430139005,0.566448033,0.566448033,2876
1183,,0.272383481,0.462641686,0.598459423,0.598459423,9497
1184,,0.187583432,0.673559844,0.677260637,0.677260637,6246
1185,,0.194409013,0.526952684,0.4169074,0.526952684,4610
1186,,0.214681625,0.455525607,0.444444448,0.455525607,1967
1187,,0.660217106,0.590923488,0.664864838,0.664864838,7625
1188,,0.191480011,0.662229598,0.664464176,0.664464176,2790
1189,,0.154316276,0.523955166,0.488601118,0.523955166,3762
1190,,0.393081576,0.727492929,0.667705476,0.727492929,11713
1191,,0.131688654,0.423127472,0.254947871,0.423127472,3821
1192,,0.278419137,0.749066472,0.729750335,0.749066472,5221
1193,,0.504898906,0.663812101,0.753847063,0.753847063,19227
1194,,0.206842214,0.651829481,0.614910662,0.651829481,4358
1195,,0.31458652,0.725050926,0.668437958,0.725050926,2775
1196,,0.130618915,0.5123384,0.308113396,0.5123384,2894
1197,,0.380208343,0.524946451,0.587798595,0.587798595,16390
1198,,0.305491835,0.529554665,0.688985825,0.688985825,9921
1199,,0.475642502,0.415300548,0.46430099,0.46430099,807
1200,,0.084017925,0.434017599,0.498453379,0.498453379,2689
1201,,0.315584511,0.82307148,0.766201019,0.82307148,6157
1202,,0.012167952,0.348484844,0.344578326,0.348484844,1130
1203,,0.518516481,0.382990867,0.697721124,0.697721124,10705
1204,,0.144921586,0.682722509,0.672027886,0.682722509,3417
1205,,0.173242316,0.482471764,0.407306522,0.482471764,4699
1206,,0.262463868,0.641155601,0.654812872,0.654812872,9669
1207,,0.428432792,0.436571419,0.484461218,0.484461218,1110
1208,,0.210468397,0.297276258,0.440917104,0.440917104,3618
1209,,0.146960959,0.387344211,0.35305047,0.387344211,1839
1210,,0.419698328,0.692022741,0.649750054,0.692022741,10651
1211,,0.292383969,0.620046616,0.809236944,0.809236944,3172
1212,,0.172865063,0.643253207,0.640007615,0.643253207,6081
1213,,0.115340531,0.644284546,0.568352044,0.644284546,2658
1214,,0.166112572,0.139267012,0.175139919,0.175139919,5887
1215,,0.333333343,0.103448279,0.10781078,0.10781078,103
1216,,0.165622011,0.455924183,0.324710697,0.455924183,3476
1217,,0.064873055,0.379642367,0.559829056,0.559829056,1497
1218,,0.094390713,0.090225562,0.207868472,0.207868472,1327
1219,,0.118509553,0.574172914,0.589332581,0.589332581,2392
1220,,0.135610059,0.601324499,0.630508482,0.630508482,2426
1221,,0.865596771,0,0,0,1076
1222,,0.215234339,0.695121944,0.663511574,0.695121944,6118
1223,,0.098191336,0.729842067,0.670461714,0.729842067,2662
1224,,0.414634138,0.082940623,0.097300507,0.097300507,248
1225,,0.516303778,0.480053186,0.393253624,0.480053186,2999
1226,,0.155496955,0.563713074,0.59132123,0.59132123,5382
1227,,0.521717966,0.579729736,0.538051188,0.579729736,13898
1228,,0.181221083,0.583412766,0.58348155,0.58348155,1872
1229,,0.522568226,0.550226271,0.571035743,0.571035743,6109
1230,,0.549974024,0.538461566,0.590914845,0.590914845,13806
1231,,0.291525424,0.715604603,0.675059676,0.715604603,9740
1232,,0.459056288,0.317721993,0.479602128,0.479602128,4993
1233,,0.510720015,0.438502669,0.462962955,0.462962955,1019
1234,,0.302400321,0.623112798,0.621089518,0.623112798,8293
1235,,0.174406365,0.569908082,0.588871002,0.588871002,5258
1236,,0.131900892,0.715206683,0.721055925,0.721055925,4886
1237,,0.102649093,0.582449377,0.441185266,0.582449377,2340
1238,,0.33244592,0.73078692,0.81205821,0.81205821,5306
1239,,0.163531631,0.607980251,0.625293016,0.625293016,3575
1240,,0.370755881,0.615474463,0.621759415,0.621759415,8642
1241,,0.128525347,0.626953125,0.654634953,0.654634953,3506
1242,,0.010533527,0.518943727,0.539218605,0.539218605,1357
1243,,0.166056558,0.658595622,0.635257244,0.658595622,5688
1244,,0.125160322,0.600902617,0.553372085,0.600902617,4413
1245,,0.276469529,0.472590894,0.531530917,0.531530917,8820
1246,,0.127416074,0.551373363,0.535833716,0.551373363,4116
1247,,0.147637919,0.489196211,0.468912512,0.489196211,1572
1248,,0.164462984,0.569568217,0.611717999,0.611717999,5429
1249,,0.447552443,0.233830839,0.151351348,0.233830839,227
1250,,0.298897386,0.664615393,0.670581818,0.670581818,12190
1251,,0.278063208,0.550089777,0.552997172,0.552997172,3625
1252,,0.178926215,0.633310497,0.713613033,0.713613033,2126
1253,,0.33124879,0.580949366,0.615535736,0.615535736,4376
1254,,0.147516876,0.335691333,0.612342,0.612342,4168
1255,,0.344550371,0.184484392,0.530434072,0.530434072,6068
1256,,0.156493455,0.612491608,0.618108809,0.618108809,2650
1257,,0.407968134,0.157635465,0.162215635,0.162215635,309
1258,,0.356752604,0.607371449,0.715411603,0.715411603,11882
1259,,0.191240281,0.240506336,0.241573036,0.241573036,2673
1260,,0.480166793,0.58186543,0.558962524,0.58186543,19224
1261,,0.159872189,0.625891924,0.536746323,0.625891924,5900
1262,,0.111188434,0.477477491,0.474570394,0.477477491,2832
1263,,0.539518893,0.273318887,0.386247247,0.386247247,358
1264,,0.088799059,0.649289072,0.646387815,0.649289072,2287
1265,,0.414279729,0.327924848,0.280596465,0.327924848,3707
1266,,0.619286358,0.42096436,0.215666622,0.42096436,3060
1267,,0.170211107,0.697202802,0.604032338,0.697202802,5676
1268,,0.233906284,0.689215064,0.542263269,0.689215064,6829
1269,,0.632430077,0.465863466,0.446659684,0.465863466,1864
1270,,0.672220051,0.521205902,0.758027494,0.758027494,4448
1271,,0.134135187,0.461733073,0.38374719,0.461733073,2498
1272,,0.466186911,0.609226584,0.731891572,0.731891572,20031
1273,,0.60711062,0.733714283,0.735677063,0.735677063,1884
1274,,0.247685403,0.619047642,0.529799581,0.619047642,3076
1275,,0.80287534,0.68562144,0.763443351,0.763443351,1718
1276,,0.449859172,0.824437737,0.725830555,0.824437737,13724
1277,,0.096845709,0.344669104,0.360637456,0.360637456,2177
1278,,0.343064517,0.69207567,0.698754609,0.698754609,9253
1279,,0.05945766,0.398904115,0.315749079,0.398904115,2442
1280,,0.077561401,0.415601879,0.468513846,0.468513846,1442
1281,,0.462171018,0.619907618,0.761975884,0.761975884,19033
1282,,0.238344207,0.590572059,0.640484452,0.640484452,8979
1283,,0.540848851,0.632683635,0.575270593,0.632683635,10713
1284,,0.167824209,0.515926421,0.600217402,0.600217402,4540
1285,,0.590886176,0.520157874,0.699968159,0.699968159,19266
1286,,0.081382461,0.27696079,0.34926942,0.34926942,2807
1287,,0.359386414,0.610591888,0.612270296,0.612270296,4117
1288,,0.497427106,0,0.185514614,0.185514614,382
1289,,0.558192074,0.121654503,0.111111112,0.121654503,335
1290,,0.204047039,0.28877005,0.354721546,0.354721546,2617
1291,,0.314702898,0.559402227,0.690159082,0.690159082,9413
1292,,0.126012683,0.506414592,0.504633129,0.506414592,3201
1293,,0.25559631,0.58405894,0.582627475,0.58405894,2157
1294,,0.495925844,0.49143064,0.634699702,0.634699702,15345
1295,,0.200563356,0.66797334,0.663289607,0.66797334,4486
1296,,0.549375534,0.641796887,0.546545923,0.641796887,13452
1297,,0.522268236,0.424420297,0.327420324,0.424420297,21140
1298,,0.055769667,0.454225361,0.489123255,0.489123255,1790
1299,,0.546448112,0.108910888,0,0.108910888,194
1300,,0.219472244,0.324234903,0.372287154,0.372287154,1016
1301,,0.736175954,0.338248849,0.476514339,0.476514339,6911
1302,,0.441901982,0.734601617,0.731099069,0.734601617,10775
1303,,0.305682033,0.478754729,0.465945423,0.478754729,2866
1304,,0.249677569,0.671218872,0.632596672,0.671218872,5750
1305,,0.191091031,0.368955702,0.45721519,0.45721519,2001
1306,,0.129675806,0.324786335,0.586931169,0.586931169,681
1307,,0.178222716,0.643618762,0.585255086,0.643618762,5315
1308,,0.408366442,0.52687943,0.724067748,0.724067748,12479
1309,,0.102655895,0.499401212,0.449208349,0.499401212,3675
1310,,0.489230186,0.346910119,0.108073741,0.346910119,3683
1311,,0.624548733,0.234404534,0,0.234404534,736
1312,,0.364067584,0.605564654,0.684268653,0.684268653,8779
1313,,0.336465836,0.66235292,0.566265047,0.66235292,2661
1314,,0.514556289,0.547476947,0.619197071,0.619197071,9186
1315,,0.413864553,0.742740691,0.757408321,0.757408321,4909
1316,,0.15664266,0.528252304,0.505705833,0.528252304,4109
1317,,0.458823532,0.049382716,0,0.049382716,82
1318,,0.288676739,0.813566566,0.750394046,0.813566566,11089
1319,,0.137622952,0.675540745,0.630040526,0.675540745,4678
1320,,0.396481305,0.527243972,0.590240479,0.590240479,12986
1321,,0.141247526,0.378406703,0.260098815,0.378406703,4141
1322,,0.156886965,0.487953842,0.460333169,0.487953842,5236
1323,,0.116631597,0.538595498,0.551813066,0.551813066,3229
1324,,0.108540654,0.510261178,0.490656555,0.510261178,2766
1325,,0.166992322,0.522471905,0.497749776,0.522471905,3537
1326,,0.187943965,0.664298415,0.662825465,0.664298415,7106
1327,,0.446900904,0.149253726,0,0.149253726,576
1328,,0.556291401,0.203517586,0.326881707,0.326881707,407
1329,,0.253406435,0.434573829,0.454184532,0.454184532,1971
1330,,0.510076702,0.541704834,0.576079428,0.576079428,5982
1331,,0.221390948,0.741541982,0.744862378,0.744862378,8479
1332,,0.390013188,0.425882339,0.429768056,0.429768056,2417
1333,,0.157245472,0.52430886,0.440005362,0.52430886,3679
1334,,0.660326242,0.372660697,0.405441344,0.405441344,7392
1335,,0.204123214,0.283563375,0.353770703,0.353770703,4082
1336,,0.183846295,0.566284776,0.405810267,0.566284776,5035
1337,,0.139518082,0.395461917,0.477376372,0.477376372,3736
1338,,0.203732342,0.610655725,0.624831498,0.624831498,7796
1339,,0.325960159,0.73301214,0.725804687,0.73301214,13203
1340,,0.209434032,0.589678824,0.424195111,0.589678824,6114
1341,,0.45261845,0.33287102,0.373737365,0.373737365,544
1342,,0.150276646,0.032310177,0.309412181,0.309412181,3844
1343,,0.066393957,0.172043011,0.241537049,0.241537049,593
1344,,0.414646715,0.495297819,0.706790268,0.706790268,14223
1345,,0.091679692,0.665914237,0.577599525,0.665914237,1933
1346,,0.249571741,0.586387455,0.608135045,0.608135045,5812
1347,,0.429095685,0.547811985,0.518732011,0.547811985,6104
1348,,0.154067174,0.567132115,0.518743396,0.567132115,4916
1349,,0.413354546,0.274853796,0.226740599,0.274853796,422
1350,,0.18909286,0.574257433,0.641473413,0.641473413,3894
1351,,0.106686614,0.336134464,0.389727414,0.389727414,1192
1352,,0.244105235,0.727680385,0.784878254,0.784878254,8533
1353,,0.345272154,0.673697293,0.806407094,0.806407094,4085
1354,,0.228383303,0.727387726,0.719146907,0.727387726,3831
1355,,0.247317895,0.389574766,0.508486807,0.508486807,1727
1356,,0.364271879,0.816747546,0.838008225,0.838008225,11234
1357,,0.261755109,0.537296355,0.623952746,0.623952746,8057
1358,,0.133550197,0.514365137,0.521053255,0.521053255,3409
1359,,0.42564103,0,0,0,83
1360,,0.115710117,0.580261588,0.469643444,0.580261588,4055
1361,,0.02033787,0.364312261,0.400419295,0.400419295,367
1362,,0.413008481,0.48682043,0.633214235,0.633214235,6285
1363,,0.144329891,0,0,0,42
1364,,0.130001038,0.70543009,0.708697319,0.708697319,4034
1365,,0.678176045,0.895122588,0.857610881,0.895122588,8595
1366,,0.316113263,0.592852712,0.762681782,0.762681782,12151
1367,,0.063341789,0.209693372,0.246514216,0.246514216,2361
1368,,0.204562902,0.089647815,0.047019444,0.089647815,3631
1369,,0.242817983,0.49304989,0.487989277,0.49304989,5293
1370,,0.187884584,0.743429303,0.624277472,0.743429303,5131
1371,,0.45441103,0,0,0,922
1372,,0.409604937,0.659132004,0.718289256,0.718289256,3436
1373,,0.255778998,0.501399696,0.607350588,0.607350588,9213
1374,,0.165921524,0.477821022,0.419667959,0.477821022,5363
1375,,0.461447656,0.561181426,0.555345178,0.561181426,3974
1376,,0.313286275,0.543018341,0.436716646,0.543018341,2302
1377,,0.203679562,0.623750508,0.661173224,0.661173224,5504
1378,,0.448938966,0.795779943,0.829645455,0.829645455,15127
1379,,0.298249066,0.701852202,0.659318507,0.701852202,9923
1380,,0.456386477,0.739130437,0.379703134,0.739130437,5310
1381,,0.517111778,0.791322291,0.746044517,0.791322291,9347
1382,,0.374870211,0.636636615,0.65535444,0.65535444,1783
1383,,0.697831511,0.594059408,0.567071915,0.594059408,2804
1384,,0.200828329,0.450950563,0.310575992,0.450950563,3995
1385,,0.07232295,0.230103806,0.28946811,0.28946811,2267
1386,,0.454245239,0.615342081,0.773639143,0.773639143,19417
1387,,0.48168838,0.667808235,0.604227662,0.667808235,4156
1388,,0.361623228,0.700268805,0.651089251,0.700268805,3756
1389,,0.267339975,0.665671647,0.657287538,0.665671647,3579
1390,,0.106254853,0.388598025,0.335615546,0.388598025,2111
1391,,0.343969256,0.687649906,0.670987427,0.687649906,5790
1392,,0.465036333,0.40438357,0.532036722,0.532036722,3446
1393,,0.348217607,0.697989583,0.717256546,0.717256546,10267
1394,,0.247745872,0.350190848,0.283123016,0.350190848,3706
1395,,0.325505883,0.376482219,0.439434379,0.439434379,3245
1396,,0.398635149,0.658057868,0.681351542,0.681351542,15300
1397,,0.454675943,0.435499847,0.543638945,0.543638945,7584
1398,,0.123232692,0.368848026,0.388129443,0.388129443,2258
1399,,0.13123931,0.490968049,0.493955493,0.493955493,3038
1400,,0.392273217,0.434222221,0.556230366,0.556230366,12881
1401,,0.051549088,0.491963655,0.554048955,0.554048955,1834
1402,,0.20721589,0.664044559,0.622956038,0.664044559,4753
1403,,0.074609376,0.508444428,0.502755165,0.508444428,1991
1404,,0.41085881,0.623673499,0.617455125,0.623673499,3390
1405,,0.346264511,0.444562614,0.543629348,0.543629348,9910
1406,,0.483419299,0.009269988,0,0.009269988,416
1407,,0.189916894,0.151878491,0.243081525,0.243081525,1077
1408,,0.421306491,0.739282429,0.774087071,0.774087071,11188
1409,,0.412272394,0.817400634,0.796210468,0.817400634,8729
1410,,0.127528682,0.776992917,0.756320059,0.776992917,3797
1411,,0.350603819,0.562770545,0.537061989,0.562770545,3387
1412,,0.354161501,0.430593699,0.523996115,0.523996115,12945
1413,,0.228703395,0.502197087,0.222475752,0.502197087,3911
1414,,0.200827971,0.654444814,0.588893771,0.654444814,5203
1415,,0.08682014,0.362718076,0.536200583,0.536200583,3529
1416,,0.114639871,0.62799263,0.580452383,0.62799263,1975
1417,,0.226219118,0.464321613,0.316820264,0.464321613,4492
1418,,0.51507771,0.692563176,0.793337584,0.793337584,14903
1419,,0.535583258,0.740174651,0.753218293,0.753218293,1974
1420,,0.801530361,0.079999998,0.28125,0.28125,1004
1421,,0.036531791,0.235976785,0.263693124,0.263693124,1026
1422,,0.10153424,0.346857607,0.343343347,0.346857607,1129
1423,,0.097289488,0.268770397,0.282281518,0.282281518,2262
1424,,0.229831859,0.618705034,0.704173326,0.704173326,7369
1425,,0.335244894,0.604662597,0.559701502,0.604662597,8178
1426,,0.452748477,0.87152034,0.889328063,0.889328063,4144
1427,,0.139333501,0.405339807,0.318376899,0.405339807,1548
1428,,0.20926021,0.194539249,0.135478407,0.194539249,3303
1429,,0.270466506,0.647686839,0.615384638,0.647686839,4490
1430,,0.494168997,0.675966203,0.761659741,0.761659741,19905
1431,,0.555251122,0.559278369,0.545003533,0.559278369,3431
1432,,0.25488168,0.489749432,0.344953448,0.489749432,2289
1433,,0.259567082,0.514482737,0.411017746,0.514482737,8147
1434,,0.310598373,0.733352542,0.659163773,0.733352542,7394
1435,,0.34041512,0.683636367,0.692688704,0.692688704,4351
1436,,0.2336694,0.656396866,0.607587397,0.656396866,8283
1437,,0.558853626,0.722041249,0.68824029,0.722041249,9291
1438,,0.100919373,0.606187701,0.536411166,0.606187701,2928
1439,,0.445820838,0.645698428,0.623794913,0.645698428,4176
1440,,0.195612371,0.286415726,0.212341577,0.286415726,3500
1441,,0.374892533,0.209068015,0.273056775,0.273056775,406
1442,,0.336181998,0.540399671,0.548601687,0.548601687,9235
1443,,0.125911072,0.186770424,0.11392244,0.186770424,1895
1444,,0.140458316,0.453837603,0.466954023,0.466954023,2667
1445,,0.097715266,0.65947789,0.772479773,0.772479773,2928
1446,,0.079106078,0.329207927,0.206612512,0.329207927,1851
1447,,0.436045051,0,0,0,871
1448,,0.227149785,0.30905512,0.206297189,0.30905512,5025
1449,,0.262697279,0.434919804,0.475626409,0.475626409,7977
1450,,0.119184107,0.518981695,0.480338275,0.518981695,3140
1451,,0.360441238,0.585919738,0.607753634,0.607753634,7826
1452,,0.456960678,0.724409461,0.778142095,0.778142095,402
1453,,0.653971732,0.522045851,0.512358904,0.522045851,2307
1454,,0.582943082,0.521171331,0.53577435,0.53577435,14610
1455,,0.034910426,0,0,0,156
1456,,0.394957989,0.673084319,0.76966244,0.76966244,6520
1457,,0.347788364,0.643701434,0.610926867,0.643701434,7496
1458,,0.12210235,0.612374902,0.642115176,0.642115176,3476
1459,,0.261482626,0.789426923,0.69690305,0.789426923,9766
1460,,0.364136457,0.77084446,0.810714304,0.810714304,12317
1461,,0.122666389,0.563476563,0.619288146,0.619288146,3346
1462,,0.389615715,0.669992328,0.784066737,0.784066737,6711
1463,,0.498746872,0.3573201,0.449658692,0.449658692,622
1464,,0.201084659,0.572246075,0.531854272,0.572246075,5419
1465,,0.564827025,0.691456676,0.827035367,0.827035367,7743
1466,,0.078038834,0.358789623,0.363879353,0.363879353,1279
1467,,0.692339182,0.423728824,0.489182413,0.489182413,1332
1468,,0.572995722,0.480412364,0.726060212,0.726060212,12574
1469,,0.303643912,0.788544178,0.78161782,0.788544178,3841
1470,,0.121848553,0.780692577,0.678503811,0.780692577,3703
1471,,0.048008278,0.387513459,0.390076548,0.390076548,990
1472,,0.293649137,0.705244124,0.688357532,0.705244124,6733
1473,,0.130025268,0.450777203,0.363683254,0.450777203,2728
1474,,0.217217222,0.14713493,0.278574795,0.278574795,4193
1475,,0.208651394,0,0,0,185
1476,,0.294928879,0.744661093,0.720182955,0.744661093,5029
1477,,0.640141487,0.007092198,0,0.007092198,847
1478,,0.36404109,0.810344815,0.64565587,0.810344815,1486
1479,,0.383954167,0.088669948,0.161500812,0.161500812,164
1480,,0.106982246,0.359696627,0.383679867,0.383679867,937
1481,,0.235222295,0.580750406,0.3493357,0.580750406,3042
1482,,0.413022041,0.711472034,0.68798542,0.711472034,13807
1483,,0.41934979,0.685714304,0.785305917,0.785305917,3902
1484,,0.555962324,0.556768537,0.779666483,0.779666483,17519
1485,,0.240267828,0.662962973,0.685936332,0.685936332,8430
1486,,0.536082447,0,0,0,306
1487,,0.253560424,0.746634007,0.729869425,0.746634007,9649
1488,,0.154220462,0.357624829,0.340214074,0.357624829,3689
1489,,0.073023573,0.498905897,0.521981299,0.521981299,2568
1490,,0.634262919,0.280657381,0.266377896,0.280657381,1559
1491,,0.382296622,0.622412562,0.629155517,0.629155517,4253
1492,,0.443556219,0.376506031,0.296448559,0.376506031,2574
1493,,0.375540018,0.760195732,0.774128497,0.774128497,15594
1494,,0.447993279,0.660968661,0.680939317,0.680939317,6481
1495,,0.106783196,0.665806472,0.517968297,0.665806472,2634
1496,,0.121870972,0.494451851,0.421008229,0.494451851,3721
1497,,0.082934752,0.326708078,0.269589812,0.326708078,1617
1498,,0.243358344,0.393953711,0.458155572,0.458155572,6591
1499,,0.390253812,0.731638432,0.732696891,0.732696891,5292
1500,,0.06235012,0.281553388,0,0.281553388,1286
1501,,0.385532379,0.728728712,0.713882744,0.728728712,11941
1502,,0.346965075,0.568815351,0.641347587,0.641347587,11781
1503,,0.342354268,0.567276657,0.522364199,0.567276657,4522
1504,,0.218575001,0.372904092,0.310449898,0.372904092,4252
1505,,0.248968408,0.645425856,0.539102077,0.645425856,5579
1506,,0.199264139,0.495075494,0.569740832,0.569740832,5511
1507,,0.304549873,0.628389835,0.712361932,0.712361932,11137
1508,,0.470724374,0.457516342,0.842165411,0.842165411,7376
1509,,0.46569559,0.615247428,0.718539119,0.718539119,11401
1510,,0.268189877,0.672501802,0.628699243,0.672501802,2423
1511,,0.220902175,0.486332566,0.47555238,0.486332566,2563
1512,,0.341019481,0.640379727,0.651610553,0.651610553,7493
1513,,0.318139374,0.700403214,0.666492939,0.700403214,10077
1514,,0.07994695,0.478476822,0.48780489,0.48780489,3301
1515,,0.079944171,0.65625,0.498428375,0.65625,1568
1516,,0.301678926,0.650874197,0.620928288,0.650874197,5920
1517,,0.374696463,0.78172189,0.768033862,0.78172189,10890
1518,,0.283607066,0.459299684,0.425098389,0.459299684,6246
1519,,0.501022696,0.71216619,0.842184305,0.842184305,11812
1520,,0.090465248,0.485714287,0.365084857,0.485714287,1944
1521,,0.492462307,0,0,0,294
1522,,0.174672097,0.534701288,0.53383255,0.534701288,2644
1523,,0.113411836,0.208432779,0.192085564,0.208432779,4097
1524,,0.648135602,0.452887535,0.519326091,0.519326091,758
1525,,0.096539378,0.641730011,0.600693941,0.641730011,3311
1526,,0.390029579,0.465313643,0.609674931,0.609674931,12379
1527,,0.259029508,0.575216472,0.536617577,0.575216472,9750
1528,,0.197804645,0.429278642,0.479510128,0.479510128,4582
1529,,0.224543735,0.67157191,0.715179682,0.715179682,6443
1530,,0.143729389,0.544818521,0.516373873,0.544818521,3425
1531,,0.190363377,0.589485466,0.660552979,0.660552979,3210
1532,,0.158384949,0.53480804,0.595512152,0.595512152,5989
1533,,0.216028169,0.601162791,0.553239524,0.601162791,6371
1534,,0.088617496,0.504347801,0.432980061,0.504347801,3041
1535,,0.492524177,0.369098723,0.312331527,0.369098723,1600
1536,,0.293766618,0.38904494,0.421325564,0.421325564,4003
1537,,0.329266965,0.604688764,0.522584856,0.604688764,3384
1538,,0.226950347,0.168486744,0.147254571,0.168486744,627
1539,,0.2545394,0.599131703,0.370370358,0.599131703,3436
1540,,0.130643412,0.37511605,0.101388052,0.37511605,2898
1541,,0.359552652,0.771543086,0.742991805,0.771543086,14566
1542,,0.158469945,0,0,0,58
1543,,0.337330133,0.386317909,0.482240438,0.482240438,2046
1544,,0.6913656,0.339370817,0.371436477,0.371436477,2714
1545,,0.054113936,0.206060603,0.210294768,0.210294768,1754
1546,,0.114108525,0.466960341,0.515322089,0.515322089,1181
1547,,0.172843531,0.590493619,0.549900949,0.590493619,4743
1548,,0.435795307,0.500459552,0.430478781,0.500459552,11358
1549,,0.423529416,0.29207921,0.358846366,0.358846366,779
1550,,0.171676353,0.585556269,0.559600413,0.585556269,6120
1551,,0.240116626,0.707901061,0.681501269,0.707901061,4994
1552,,0.179033861,0.613418519,0.529573619,0.613418519,3730
1553,,0.170992061,0.454921424,0.509890139,0.509890139,2838
1554,,0.111471057,0.490272373,0.544614553,0.544614553,4077
1555,,0.394921422,0.609511077,0.644824684,0.644824684,16098
1556,,0.049276303,0.48154363,0.515043855,0.515043855,1203
1557,,0.068325691,0.497859329,0.480347991,0.497859329,1994
1558,,0.213531092,0.726086974,0.697520137,0.726086974,6248
1559,,0.2787911,0.447798729,0.12311095,0.447798729,4497
1560,,0.151290819,0.569682181,0.590571642,0.590571642,2448
1561,,0.262652338,0.157961786,0.154802606,0.157961786,927
1562,,0.459139645,0.802347124,0.771528602,0.802347124,7539
1563,,0.415952593,0.721488595,0.720339,0.721488595,4228
1564,,0.256654412,0.666155398,0.687564611,0.687564611,7599
1565,,0.256067932,0.581890464,0.589302063,0.589302063,5372
1566,,0.405876189,0.33073324,0.364455223,0.364455223,1349
1567,,0.687878788,0,0,0,299
1568,,0.052275326,0.59126538,0.529138148,0.59126538,1516
1569,,0.200105324,0.036697246,0.134204268,0.134204268,421
1570,,0.282471567,0.753804862,0.68859458,0.753804862,8767
1571,,0.213595822,0.513846159,0.439548522,0.513846159,5142
1572,,0.089450501,0.448623866,0.390090555,0.448623866,3560
1573,,0.196014509,0.526710391,0.526392281,0.526710391,1972
1574,,0.526458621,0.394004285,0.530763507,0.530763507,622
1575,,0.030010333,0.352720439,0.155819476,0.352720439,960
1576,,0.090313807,0.542772889,0.635265708,0.635265708,3096
1577,,0.073507883,0.608579099,0.644246638,0.644246638,3393
1578,,0.433823526,0.195767194,0.219458669,0.219458669,412
1579,,0.149762452,0.589869261,0.498490244,0.589869261,2632
1580,,0.319973171,0.665644169,0.548911393,0.665644169,1349
1581,,0.294103056,0.587823629,0.574775338,0.587823629,2178
1582,,0.385611653,0.645596564,0.55593282,0.645596564,5420
1583,,0.757326365,0.499089241,0.809203863,0.809203863,5465
1584,,0.11168611,0.397941679,0.381368756,0.397941679,2692
1585,,0.145969123,0.506849289,0.457621515,0.506849289,4988
1586,,0.384654909,0.168765739,0.260275602,0.260275602,1386
1587,,0.335662454,0.424818844,0.514549553,0.514549553,5754
1588,,0.248934492,0.742527544,0.731262445,0.742527544,7803
1589,,0.769091725,0.464114845,0.476171315,0.476171315,1332
1590,,0.120872788,0.473367304,0.43946287,0.473367304,4220
1591,,0.169142723,0.410353541,0.328037918,0.410353541,1902
1592,,0.28082481,0.721348286,0.716820657,0.721348286,3532
1593,,0.187955499,0.485228956,0.423552275,0.485228956,3292
1594,,0.284005791,0.613378704,0.622241974,0.622241974,2542
1595,,0.274265021,0.779484868,0.738221526,0.779484868,9201
1596,,0.520084739,0.705195546,0.62561208,0.705195546,7498
1597,,0.403862476,0.784537017,0.762007773,0.784537017,6875
1598,,0.593607306,0.183421522,0,0.183421522,672
1599,,0.285055667,0.678700387,0.671026349,0.678700387,3544
1600,,0.257321417,0.130185068,0.178297698,0.178297698,1300
1601,,0.454832762,0.408624232,0.54306823,0.54306823,7918
1602,,0.120399468,0.595588207,0.666112959,0.666112959,2136
1603,,0.761069715,0.495069027,0.523480356,0.523480356,1248
1604,,0.06529329,0.316346794,0.367261291,0.367261291,2025
1605,,0.290534824,0.59103334,0.603566527,0.603566527,9805
1606,,0.350192875,0.496945024,0.328249335,0.496945024,1899
1607,,0.418287456,0.754491031,0.750697851,0.754491031,5759
1608,,0.496203154,0.540856779,0.766269028,0.766269028,13181
1609,,0.316135228,0.754995883,0.760582745,0.760582745,8213
1610,,0.088811837,0.405749023,0.418742865,0.418742865,3042
1611,,0.455683947,0.508657992,0.482507199,0.508657992,13594
1612,,0.427218437,0.48216483,0.259491324,0.48216483,2407
1613,,0.406104267,0.287534118,0.488606662,0.488606662,3235
1614,,0.123549975,0.600562036,0.671957135,0.671957135,4248
1615,,0.083136968,0.643132925,0.615623236,0.643132925,2950
1616,,0.413597047,0.656466305,0.546924114,0.656466305,14165
1617,,0.413685411,0.596491218,0.638118207,0.638118207,4075
1618,,0.220113859,0.607378662,0.552663922,0.607378662,5078
1619,,0.150555521,0.698982656,0.724723518,0.724723518,5588
1620,,0.330612004,0.700555325,0.742731512,0.742731512,3796
1621,,0.233851328,0.634048641,0.62371099,0.634048641,7529
1622,,0.496169627,0.343324244,0.096590906,0.343324244,4065
1623,,0.090329319,0.321462959,0.466960341,0.466960341,2119
1624,,0.395721912,0.798146904,0.784659803,0.798146904,7050
1625,,0.57429719,0.241234228,0.238505751,0.241234228,449
1626,,0.033204723,0.266836077,0.329521388,0.329521388,521
1627,,0.165324122,0.709226906,0.70052278,0.709226906,5212
1628,,0.1683743,0.619556904,0.647071064,0.647071064,4311
1629,,0.252744675,0.635352314,0.59149909,0.635352314,4603
1630,,0.467550308,0.568102419,0.721465051,0.721465051,12124
1631,,0.357960105,0.559168458,0.549432158,0.559168458,8280
1632,,0.875427127,0.640425503,0.680826306,0.680826306,1512
1633,,0.273123801,0.361798882,0.35345456,0.361798882,1735
1634,,0.203965351,0.754689038,0.740777552,0.754689038,8033
1635,,0.146551207,0.625766873,0.476095229,0.625766873,4759
1636,,0.257623047,0.740787804,0.66635102,0.740787804,2850
1637,,0.067874692,0.30613333,0.248882264,0.30613333,2323
1638,,0.354778618,0.805770576,0.801205873,0.805770576,6053
1639,,0.311637074,0.569134712,0.54155761,0.569134712,7667
1640,,0.128603727,0.460654795,0.526754022,0.526754022,3633
1641,,0.161415398,0.757360399,0.754955173,0.757360399,4906
1642,,0.409989715,0.823140502,0.808368981,0.823140502,9500
1643,,0.060703389,0.438931286,0.406333745,0.438931286,1899
1644,,0.130794704,0.598393559,0.555640519,0.598393559,4733
1645,,0.32433781,0.585624099,0.643719554,0.643719554,13090
1646,,0.359248549,0.725168765,0.649700582,0.725168765,5207
1647,,0.426278234,0.492520124,0.434310526,0.492520124,1130
1648,,0.017900895,0.502958596,0.461386144,0.502958596,686
1649,,0.453163803,0.553389847,0.230166376,0.553389847,5102
1650,,0.152483746,0.57835561,0.518069386,0.57835561,4130
1651,,0.252660066,0.779295444,0.637245715,0.779295444,9089
1652,,0.327263564,0.695075274,0.616778553,0.695075274,7700
1653,,0.174690142,0.659636796,0.705379725,0.705379725,2587
1654,,0.093944646,0.481720418,0.385204941,0.481720418,2156
1655,,0.148595348,0.159618825,0.161655843,0.161655843,4181
1656,,0.615933418,0.187433437,0.215364829,0.215364829,364
1657,,0.192631945,0.590780795,0.543001413,0.590780795,6799
1658,,0.211831748,0.573619604,0.616490483,0.616490483,950
1659,,0.196769387,0.492681175,0.444786936,0.492681175,5947
1660,,0.39693439,0.196059108,0.279254705,0.279254705,1680
1661,,0.455754578,0.563714921,0.790736139,0.790736139,13700
1662,,0.174521521,0.569335938,0.425897032,0.569335938,3839
1663,,0.419155985,0.755271256,0.76779449,0.76779449,10147
1664,,0.409132898,0.51754874,0.714912832,0.714912832,9915
1665,,0.284738392,0.38429752,0.407753557,0.407753557,1238
1666,,0.315841317,0.766936541,0.7370947,0.766936541,8605
1667,,0.383021742,0.636320949,0.665118694,0.665118694,3096
1668,,0.233728722,0.295095265,0.356947541,0.356947541,1634
1669,,0.239703104,0.490621567,0.681520522,0.681520522,7757
1670,,0.094606094,0.60752964,0.516402125,0.60752964,3606
1671,,0.0272875,0.021276595,0,0.021276595,977
1672,,0.169469848,0.39812097,0.424023837,0.424023837,1989
1673,,0.392600566,0.454545468,0.36091724,0.454545468,1316
1674,,0.203728169,0.509368479,0.524138927,0.524138927,5042
1675,,0.308475018,0.70017004,0.649028718,0.70017004,11273
1676,,0.265486717,0.396119654,0.410008788,0.410008788,1331
1677,,0.505278468,0.738461554,0.53420198,0.738461554,1800
1678,,0.13166064,0.528066516,0.477434367,0.528066516,4668
1679,,0.474814773,0.733627677,0.737423003,0.737423003,6864
1680,,0.410865873,0,0,0,278
1681,,0.374672115,0.690303504,0.647341669,0.690303504,9431
1682,,0.439854711,0.212841153,0.474635631,0.474635631,17805
1683,,0.454863638,0.699865401,0.636226356,0.699865401,7370
1684,,0.493753642,0.735130131,0.713429272,0.735130131,3874
1685,,0.34059307,0.833625197,0.833113194,0.833625197,2418
1686,,0.215747938,0.592503965,0.537582934,0.592503965,6423
1687,,0.665747166,0.613418519,0.561074018,0.613418519,8971
1688,,0.593719065,0.568962514,0.530043185,0.568962514,16288
1689,,0.376039714,0.442192525,0.53995055,0.53995055,12312
1690,,0.134714037,0.570580781,0.549850941,0.570580781,3376
1691,,0.227639496,0.430711597,0.380701035,0.430711597,9810
1692,,0.163032949,0.363636374,0.428344786,0.428344786,3030
1693,,0.37712729,0.466230929,0.49888733,0.49888733,1597
1694,,0.15922381,0.633993089,0.619616628,0.633993089,5933
1695,,0.102568537,0.711132467,0.686335385,0.711132467,3593
1696,,0.152078792,0.222222224,0.266993254,0.266993254,4619
1697,,0.480475396,0.525925934,0.642167807,0.642167807,20322
1698,,0.171275482,0.595836937,0.607464015,0.607464015,5225
1699,,0.099480085,0.655030787,0.639310122,0.655030787,3907
1700,,0.353661746,0.686444163,0.671291888,0.686444163,12103
1701,,0.174506724,0.596069872,0.63885355,0.63885355,4872
1702,,0.364536166,0.667108774,0.819888234,0.819888234,3688
1703,,0.134757459,0.716861069,0.754370034,0.754370034,3989
1704,,0.242592782,0.566502452,0.583887219,0.583887219,5394
1705,,0.493483305,0.743069947,0.69232434,0.743069947,6048
1706,,0.4484815,0.56576401,0.625673473,0.625673473,5867
1707,,0.104674235,0.622047246,0.563986123,0.622047246,3366
1708,,0.169774532,0.413881749,0.376026601,0.413881749,2678
1709,,0.233655632,0.707357883,0.707762539,0.707762539,2718
1710,,0.45348838,0.175908223,0,0.175908223,693
1711,,0.09497156,0.475762129,0.447299421,0.475762129,2617
1712,,0.150528848,0.565314293,0.595525622,0.595525622,4108
1713,,0.081748649,0.503541529,0.472047567,0.503541529,2115
1714,,0.544014096,0.105594955,0.164520368,0.164520368,522
1715,,0.105225354,0.69039911,0.393894255,0.69039911,2039
1716,,0.191500545,0.467942595,0.491782397,0.491782397,5225
1717,,0.121833906,0.596440613,0.574851871,0.596440613,3386
1718,,0.613569319,0,0,0,235
1719,,0.375180364,0.035714287,0,0.035714287,182
1720,,0.188936904,0.635637403,0.558678329,0.635637403,4916
1721,,0.19226642,0.701203942,0.658341765,0.701203942,5859
1722,,0.4207609,0.504364669,0.534130096,0.534130096,1840
1723,,0.399813563,0.614326656,0.49753809,0.614326656,9287
1724,,0.324599624,0.483944952,0.680895627,0.680895627,3221
1725,,0.249545217,0.697461009,0.678639352,0.697461009,5972
1726,,0.611236095,0.483563334,0.760320365,0.760320365,25454
1727,,0.116916507,0.496738583,0.499934256,0.499934256,3474
1728,,0.117308371,0.598607898,0.50582397,0.598607898,4194
1729,,0.421167135,0.644413531,0.733811021,0.733811021,3326
1730,,0.197211966,0.704438627,0.695645928,0.704438627,8279
1731,,0.167800263,0.541998208,0.590988874,0.590988874,5250
1732,,0.493791074,0.202127665,0.252631575,0.252631575,338
1733,,0.336054951,0.605488837,0.626790226,0.626790226,2987
1734,,0.037330378,0.16776076,0.147288457,0.16776076,1211
1735,,0.1033981,0.492773563,0.560950577,0.560950577,3365
1736,,0.127030477,0.545454562,0.647773266,0.647773266,835
1737,,0.332211882,0.636925638,0.683999836,0.683999836,13493
1738,,0.251594007,0.7779544,0.677518249,0.7779544,7995
1739,,0.150373459,0.475400448,0.46372667,0.475400448,4644
1740,,0.558580995,0.354043394,0.364351243,0.364351243,19725
1741,,0.495761156,0.659286618,0.642989516,0.659286618,1644
1742,,0.294146091,0.439260572,0.432432443,0.439260572,5000
1743,,0.187190577,0.423863649,0.445412129,0.445412129,2213
1744,,0.226793915,0.439708948,0.482414573,0.482414573,5619
1745,,0.074133635,0.625623941,0.580340624,0.625623941,2348
1746,,0.442953557,0.798076928,0.749331832,0.798076928,5910
1747,,0.643022358,0.387700528,0.514678895,0.514678895,733
1748,,0.15869768,0.449515104,0.458560526,0.458560526,4364
1749,,0.484087914,0.286883146,0.542382896,0.542382896,10216
1750,,0.08160276,0.342569262,0.337291121,0.342569262,1347
1751,,0.377428293,0.639068544,0.716670454,0.716670454,8418
1752,,0.151357666,0.606568336,0.514691353,0.606568336,4717
1753,,0.51041019,0.654456675,0.700540543,0.700540543,9606
1754,,0.409041822,0.68650794,0.79167968,0.79167968,6810
1755,,0.479427546,0.468165994,0.608099699,0.608099699,5708
1756,,0.056482144,0.350678742,0.272679031,0.350678742,874
1757,,0.088211708,0,0,0,1258
1758,,0.068214729,0,0,0,1080
1759,,0.162976921,0.468719929,0.501157403,0.501157403,4756
1760,,0.196337342,0.653615415,0.683783352,0.683783352,5908
1761,,0.466460496,0.58019352,0.661483109,0.661483109,11737
1762,,0.361362427,0.38854295,0.456941992,0.456941992,815
1763,,0.313692629,0.627123237,0.663307667,0.663307667,6170
1764,,0.243037164,0.686135709,0.737809598,0.737809598,8508
1765,,0.24084419,0.438376397,0.539515674,0.539515674,3173
1766,,0.302483082,0.581986129,0.555177093,0.581986129,1581
1767,,0.175588071,0.593896687,0.571161628,0.593896687,6312
1768,,0.273877174,0,0,0,782
1769,,0.351375341,0.09765625,0.112323582,0.112323582,485
1770,,0.138920367,0.564832628,0.552067697,0.564832628,5087
1771,,0.032039013,0.511756599,0.498543501,0.511756599,1374
1772,,0.216144875,0.648216069,0.629334629,0.648216069,7519
1773,,0.234467939,0.685620904,0.47678405,0.685620904,5415
1774,,0.419447303,0.609771967,0.672844052,0.672844052,4525
1775,,0.601650774,0.523927212,0.725554705,0.725554705,12476
1776,,0.28159681,0.306238174,0.438599825,0.438599825,2125
1777,,0.209821627,0.589059055,0.435097903,0.589059055,3884
1778,,0.218592465,0.248062015,0.226199001,0.248062015,689
1779,,0.320765525,0.698113203,0.706366062,0.706366062,3175
1780,,0.136244118,0.470380187,0.233258575,0.470380187,3361
1781,,0.091666028,0.405693948,0.440634698,0.440634698,1883
1782,,0.085515998,0.629898429,0.598896503,0.629898429,3210
1783,,0.292898566,0.644067824,0.764108956,0.764108956,10037
1784,,0.232767314,0.439790577,0.444010407,0.444010407,1794
1785,,0.420496792,0.525963128,0.678384721,0.678384721,14490
1786,,0.337723434,0.599287152,0.73514533,0.73514533,9934
1787,,0.431302428,0.761303902,0.761260867,0.761303902,7054
1788,,0.112128988,0.284916192,0.452170163,0.452170163,1505
1789,,0.180198506,0.604866743,0.320706129,0.604866743,3135
1790,,0.212862894,0.554496467,0.602527499,0.602527499,6110
1791,,0.117810704,0.519290924,0.563664258,0.563664258,4170
1792,,0.0150015,0.247598723,0.282744288,0.282744288,761
1793,,0.387126029,0.700220406,0.698417187,0.700220406,12861
1794,,0.104995243,0.479324132,0.401696593,0.479324132,2906
1795,,0.169241488,0.60011375,0.563665986,0.60011375,6158
1796,,0.726696253,0.1875,0,0.1875,722
1797,,0.627812922,0.481002748,0.841162622,0.841162622,7396
1798,,0.316672951,0.66892767,0.597639859,0.66892767,12535
1799,,0.148507118,0.611600578,0.642171085,0.642171085,4532
1800,,0.198423192,0.424522072,0.308043867,0.424522072,2625
1801,,0.294398874,0.449756712,0.601847827,0.601847827,11392
1802,,0.016280577,0.387543261,0.375659734,0.387543261,1103
1803,,0.172985226,0.635831356,0.59886843,0.635831356,3350
1804,,0.079646841,0.369266063,0.425810486,0.425810486,1618
1805,,0.48091498,0.589825094,0.431818187,0.589825094,2117
1806,,0.618296504,0.337078661,0.213709682,0.337078661,2012
1807,,0.210627362,0.753635228,0.678833723,0.753635228,5539
1808,,0.030928303,0.382978737,0.41127038,0.41127038,1121
1809,,0.156897634,0.531624615,0.571605325,0.571605325,4962
1810,,0.601530433,0.736702144,0.773491919,0.773491919,8483
1811,,0.086253859,0.269185364,0.294117659,0.294117659,656
1812,,0.182354257,0.508137405,0.284739971,0.508137405,2361
1813,,0.286851734,0.406957924,0.388260484,0.406957924,7840
1814,,0.198114395,0.426464021,0.42923218,0.42923218,2882
1815,,0.327353835,0.259303719,0.507723451,0.507723451,4105
1816,,0.373704135,0.541712224,0.461812586,0.541712224,15370
1817,,0.484329611,0.842782021,0.756927967,0.842782021,3902
1818,,0.242556036,0.233755276,0.167213112,0.233755276,1766
1819,,0.28236261,0.577133477,0.562458277,0.577133477,6655
1820,,0.347348392,0.54838711,0.522696018,0.54838711,11561
1821,,0.259010911,0.63939476,0.617444575,0.63939476,6142
1822,,0.466469526,0.688162148,0.699879825,0.699879825,15897
1823,,0.469896197,0.654929578,0.699166656,0.699166656,1558
1824,,0.136043102,0.506314576,0.630225062,0.630225062,3372
1825,,0.081843942,0.567979693,0.47296837,0.567979693,3361
1826,,0.5437693,0,0,0,350
1827,,0.130193233,0.486938357,0.551988184,0.551988184,4665
1828,,0.126482934,0.561777771,0.631985843,0.631985843,3731
1829,,0.156690061,0.572465956,0.485153854,0.572465956,5618
1830,,0.290771186,0.168855533,0.271761745,0.271761745,6545
1831,,0.287448525,0.12486545,0.176361829,0.176361829,4863
1832,,0.151819825,0.348514855,0.354953676,0.354953676,1239
1833,,0.570257545,0.533391535,0.729204178,0.729204178,12890
1834,,0.320636153,0.605146408,0.452533215,0.605146408,3146
1835,,0.194072515,0.357333332,0.268202066,0.357333332,2316
1836,,0.599264443,0.476383537,0.737816453,0.737816453,12998
1837,,0.076488562,0.492335439,0.444177091,0.492335439,2772
1838,,0.333952963,0.697283328,0.712444961,0.712444961,10838
1839,,0.152664259,0.410384417,0.488971025,0.488971025,5607
1840,,0.539296508,0.655058801,0.624847472,0.655058801,10877
1841,,0.137439743,0.535573125,0.618961155,0.618961155,4875
1842,,0.139539659,0.63973695,0.567829728,0.63973695,4056
1843,,0.318337411,0.073260076,0,0.073260076,2630
1844,,0.41911149,0.243727595,0.403421253,0.403421253,710
1845,,0.395372063,0.903083682,0.907257617,0.907257617,4582
1846,,0.195411801,0.619778335,0.622716427,0.622716427,3962
1847,,0.131534576,0.077064224,0.068771929,0.077064224,848
1848,,0.618296504,0.221948206,0.209267557,0.221948206,479
1849,,0.676689088,0.557667911,0.545954704,0.557667911,2183
1850,,0.217740208,0.648734152,0.625992358,0.648734152,6127
1851,,0.771151185,0.427419364,0.023703704,0.427419364,699
1852,,0.374518245,0.655737698,0.659625947,0.659625947,2075
1853,,0.249323398,0.458244115,0.428097516,0.458244115,3895
1854,,0.174724802,0.525619864,0.543337047,0.543337047,1733
1855,,0.197871998,0.673702717,0.704815388,0.704815388,7618
1856,,0.179477781,0.628639817,0.53702873,0.628639817,6342
1857,,0.274849564,0.696498036,0.689265549,0.696498036,4057
1858,,0.126178056,0.508932471,0.510837972,0.510837972,3781
1859,,0.332247555,0.416842103,0.402564108,0.416842103,997
1860,,0.819867551,0.349614382,0.320905715,0.349614382,876
1861,,0.250284016,0.738955796,0.686168313,0.738955796,9241
1862,,0.837453485,0.370149255,0.375114113,0.375114113,2388
1863,,0.622583926,0.327765226,0.373014838,0.373014838,1629
1864,,0.218900934,0.629136801,0.633923471,0.633923471,6557
1865,,0.366992056,0.234291807,0.265886039,0.265886039,4966
1866,,0.637945294,0.404929578,0.489167631,0.489167631,534
1867,,0.298590362,0.380650282,0.448869884,0.448869884,12169
1868,,0.324211597,0.598883212,0.618721604,0.618721604,10382
1869,,0.225468963,0.639077723,0.555484056,0.639077723,6801
1870,,0.11748109,0.378835976,0.419946104,0.419946104,2802
1871,,0.278856456,0.704428434,0.678970635,0.704428434,2541
1872,,0.048059661,0.342368037,0.349496812,0.349496812,1239
1873,,0.168576106,0.210838273,0.253768831,0.253768831,3720
1874,,0.409558654,0.64812237,0.668686867,0.668686867,1977
1875,,0.146484613,0.447616339,0.364130437,0.447616339,4022
1876,,0.060760543,0.571428597,0.482428104,0.571428597,1767
1877,,0.544647694,0.753398061,0.718733788,0.753398061,3612
1878,,0.03862549,0.235849053,0.040123455,0.235849053,413
1879,,0.10000331,0.431034476,0.438058734,0.438058734,2257
1880,,0.390292376,0.672518134,0.711304665,0.711304665,16115
1881,,0.108542711,0.543289065,0.499659479,0.543289065,3090
1882,,0.05301683,0.418840587,0.453173459,0.453173459,1826
1883,,0.452554733,0,0,0,124
1884,,0.189600557,0.583901763,0.662845016,0.662845016,2073
1885,,0.0829513,0.683818579,0.708141625,0.708141625,3112
1886,,0.583811104,0.55142504,0.560166657,0.560166657,2257
1887,,0.464770019,0.590011597,0.692126572,0.692126572,13110
1888,,0.126275763,0.232558146,0.222328708,0.232558146,4921
1889,,0.562326491,0.448881775,0.490220547,0.490220547,2369
1890,,0.206425801,0.675072372,0.763040781,0.763040781,7850
1891,,0.221099839,0.358481497,0.399298251,0.399298251,6636
1892,,0.24852933,0.621621609,0.692866981,0.692866981,2263
1893,,0.323374867,0.693886578,0.683442056,0.693886578,9964
1894,,0.373463988,0.861096323,0.845068514,0.861096323,8423
1895,,0.329272985,0.529700279,0.539096355,0.539096355,4544
1896,,0.236534432,0.332015812,0.290260524,0.332015812,2172
1897,,0.045565501,0.136696503,0.163233787,0.163233787,363
1898,,0.655970395,0.552454293,0.532561481,0.552454293,1232
1899,,0.336658359,0.735532045,0.68857795,0.735532045,4025
1900,,0.285901606,0.473911613,0.767876804,0.767876804,8359
1901,,0.356544763,0.545302033,0.49246338,0.545302033,13744
1902,,0.240357712,0.43245846,0.454307765,0.454307765,8695
1903,,0.501166046,0.762736559,0.759366333,0.762736559,3804
1904,,0.759744108,0.615458131,0.762445509,0.762445509,21078
1905,,0.269349903,0.588885069,0.669831038,0.669831038,6973
1906,,0.207118526,0.417853743,0.570047557,0.570047557,5646
1907,,0.316294789,0.584948182,0.544912398,0.584948182,3378
1908,,0.280792415,0.392424256,0.382634848,0.392424256,1253
1909,,0.492536843,0.868218958,0.771032929,0.868218958,17742
1910,,0.075048432,0.309004754,0.38542825,0.38542825,1077
1911,,0.463675827,0.636118591,0.707423568,0.707423568,1255
1912,,0.13952598,0.520562232,0.674413145,0.674413145,4924
1913,,0.375,0.27519381,0.289375335,0.289375335,711
1914,,0.173593342,0.57398808,0.527768672,0.57398808,6523
1915,,0.111572608,0.514578402,0.661864877,0.661864877,3150
1916,,0.359711528,0.646801412,0.627137482,0.646801412,12659
1917,,0.321755469,0.611205459,0.605192006,0.611205459,9931
1918,,0.364491433,0.41553399,0.330609024,0.41553399,10707
1919,,0.064552277,0.444249332,0.326749563,0.444249332,2240
1920,,0.353798121,0.76491648,0.764470756,0.76491648,4163
1921,,0.232292369,0.478496343,0.437701076,0.478496343,7071
1922,,0.087044135,0.610510051,0.509911895,0.610510051,2594
1923,,0.535867691,0.652474105,0.627288818,0.652474105,3001
1924,,0.188640624,0.623343289,0.430853605,0.623343289,5048
1925,,0.24904573,0.787032127,0.668555677,0.787032127,8493
1926,,0.404660255,0.567720115,0.710965693,0.710965693,13604
1927,,0.658759117,0.622180462,0.612988234,0.622180462,1849
1928,,0.28057006,0.671897292,0.649837732,0.671897292,3355
1929,,0.078717113,0.504150927,0.427638739,0.504150927,1833
1930,,0.111794278,0.560606062,0.551319659,0.560606062,3360
1931,,0.384510577,0.851440251,0.833362341,0.851440251,10014
1932,,0.444262058,0.799475729,0.869225979,0.869225979,6657
1933,,0.150246352,0.61046958,0.637422621,0.637422621,5197
1934,,0.67950964,0.24203822,0.05408971,0.24203822,1184
1935,,0.017889369,0.118518516,0.15578635,0.15578635,385
1936,,0.197028935,0.595494628,0.501947701,0.595494628,1875
1937,,0.273626387,0.390448272,0.424038559,0.424038559,2088
1938,,0.272690564,0.764745295,0.741773486,0.764745295,5749
1939,,0.149355486,0.627073288,0.617011368,0.627073288,3968
1940,,0.163505659,0.55651027,0.397722811,0.55651027,4537
1941,,0.008404267,0.42433697,0.356926203,0.42433697,829
1942,,0.243242472,0.594580233,0.538311958,0.594580233,9524
1943,,0.499566734,0.247702762,0.240492716,0.247702762,1426
1944,,0.062088087,0.449664444,0.42290923,0.449664444,1582
1945,,0.662350953,0.427895993,0.474208683,0.474208683,1111
1946,,0.322809637,0.40502888,0.458534688,0.458534688,4151
1947,,0.401597857,0.774277091,0.808228433,0.808228433,16492
1948,,0.38566494,0.428348571,0.463738322,0.463738322,13146
1949,,0.157651499,0.449869215,0.382345885,0.449869215,3093
1950,,0.518716574,0,0,0,388
1951,,0.219644234,0.22168383,0.261221439,0.261221439,4086
1952,,0.423682809,0.773012042,0.745302975,0.773012042,9402
1953,,0.399097145,0.557468951,0.742159843,0.742159843,13155
1954,,0.112105682,0.605242252,0.523697495,0.605242252,2375
1955,,0.203091159,0.557159603,0.479343176,0.557159603,6236
1956,,0.117253929,0.669241905,0.601524591,0.669241905,4385
1957,,0.292061299,0.514685333,0.507846534,0.514685333,8748
1958,,0.0842316,0.538832366,0.519827247,0.538832366,2517
1959,,0.706675649,0.44367817,0.553128481,0.553128481,948
1960,,0.148810595,0.268041223,0.343899935,0.343899935,6244
1961,,0.239069656,0.434983343,0.676438391,0.676438391,9009
1962,,0.537309885,0.559348345,0.472066313,0.559348345,14624
1963,,0.52840215,0.842359066,0.804766119,0.842359066,10496
1964,,0.406974345,0.645947099,0.642040789,0.645947099,5924
1965,,0.108391337,0.199559793,0.22593154,0.22593154,1113
1966,,0.285647273,0.637608945,0.746209085,0.746209085,1398
1967,,0.404643595,0.625,0.609009027,0.625,5923
1968,,0.20982103,0.580068707,0.577530801,0.580068707,2755
1969,,0.519896328,0.524064183,0.564191639,0.564191639,10413
1970,,0.213927165,0.612587392,0.708661437,0.708661437,1388
1971,,0.30357793,0.676035523,0.636297047,0.676035523,7029
1972,,0.163216785,0.372446001,0.186464086,0.372446001,4983
1973,,0.561236739,0.483532667,0.706239998,0.706239998,15015
1974,,0.377964616,0.578519642,0.660333276,0.660333276,12254
1975,,0.414021671,0.539799333,0.63292259,0.63292259,5217
1976,,0.243066296,0.453348935,0.350121111,0.453348935,4126
1977,,0.226823032,0.60168469,0.461056113,0.60168469,4132
1978,,0.250988156,0.071493216,0.092255995,0.092255995,420
1979,,0.264577359,0.333761245,0.257891208,0.333761245,1050
1980,,0.407217622,0.723378241,0.731774867,0.731774867,5623
1981,,0.204663441,0.589769304,0.421512902,0.589769304,5404
1982,,0.11283838,0.388318866,0.331496954,0.388318866,3431
1983,,0.242554158,0.399132311,0.314390659,0.399132311,1633
1984,,0.593611479,0.747588933,0.824492574,0.824492574,21878
1985,,0.191920012,0.552238822,0.495049506,0.552238822,1463
1986,,0.125763506,0.267639905,0.291698605,0.291698605,2741
1987,,0.386781275,0.391930848,0.518768549,0.518768549,2999
1988,,0.443230152,0.587785065,0.721217275,0.721217275,18011
1989,,0.412532479,0.485011518,0.693050921,0.693050921,14407
1990,,0.0483559,0.636036038,0.579363465,0.636036038,1848
1991,,0.173105255,0.247491643,0.113619812,0.247491643,1891
1992,,0.217719138,0.525688767,0.562768996,0.562768996,6847
1993,,0.221350014,0.640518844,0.679614902,0.679614902,5951
1994,,0.63772738,0.535078883,0.595645785,0.595645785,15757
1995,,0.507369101,0.480704129,0.375392348,0.480704129,4031
1996,,0.605335951,0.573447764,0.793117523,0.793117523,10126
1997,,0.099737532,0.295816153,0.228597179,0.295816153,2985
1998,,0.368726939,0.632090747,0.712802768,0.712802768,11494
1999,,0.171588957,0.650054991,0.608459651,0.650054991,6051
2000,,0.573634028,0.808238208,0.848801792,0.848801792,21439
2001,,0.286201894,0.565329432,0.556298971,0.565329432,3602
2002,,0.234498858,0.492349237,0.558105409,0.558105409,6502
2003,,0.18678169,0.53376466,0.491489589,0.53376466,4010
2004,,0.319771975,0.778179169,0.803221464,0.803221464,6072
2005,,0.167679504,0.328116566,0.343011677,0.343011677,2149
2006,,0.269191206,0.562282562,0.568146229,0.568146229,2722
2007,,0.154322401,0.619892061,0.538722873,0.619892061,5275
2008,,0.239981413,0.593248129,0.606623173,0.606623173,5994
2009,,0.480113626,0.387279153,0.414586574,0.414586574,1647
2010,,0.071915448,0.457172334,0.442397505,0.457172334,2379
2011,,0.129159853,0.369770586,0.416282654,0.416282654,1675
2012,,0.214102119,0.695020735,0.695328176,0.695328176,3200
2013,,0.189177737,0.821484983,0.740090847,0.821484983,5449
2014,,0.242468938,0.560860217,0.592048764,0.592048764,5301
2015,,0.123936415,0.664989531,0.55512619,0.664989531,4710
2016,,0.275566995,0.479217619,0.50909704,0.50909704,8075
2017,,0.228343397,0.539426506,0.537382603,0.539426506,4366
2018,,0.167592078,0.45948717,0.436373562,0.45948717,2697
2019,,0.355198264,0.555028677,0.557251394,0.557251394,7504
2020,,0.297884494,0.010060363,0,0.010060363,640
2021,,0.318716437,0.698426545,0.770135522,0.770135522,3619
2022,,0.162795231,0.353735387,0.419869214,0.419869214,4746
2023,,0.175426334,0.456269115,0.462292224,0.462292224,3230
2024,,0.269751728,0.381952554,0.444811136,0.444811136,6768
2025,,0.317367047,0.300542206,0.375,0.375,4381
2026,,0.129346311,0.460202605,0.185851827,0.460202605,1438
2027,,0.301337898,0.769365668,0.709598064,0.769365668,7965
2028,,0.384842336,0.857200503,0.852187335,0.857200503,10969
2029,,0.583379805,0.544444442,0.637231529,0.637231529,685
2030,,0.170646206,0.58948338,0.586189866,0.58948338,3903
2031,,0.402515709,0.7697649,0.708544016,0.7697649,13816
2032,,0.299936593,0.34728235,0.434859455,0.434859455,4091
2033,,0.417761266,0.478594959,0.566799223,0.566799223,3962
2034,,0.778894484,0.047430828,0,0.047430828,606
2035,,0.142402545,0.192139745,0.201652899,0.201652899,468
2036,,0.401500404,0.603644669,0.568414688,0.603644669,1569
2037,,0.317257166,0.712169647,0.731198311,0.731198311,7481
2038,,0.218165353,0.721448481,0.665869355,0.721448481,7332
2039,,0.21444343,0.688224196,0.599440873,0.688224196,6021
2040,,0.161103114,0.542222202,0.514731646,0.542222202,3034
2041,,0.112701908,0.531309307,0.506378531,0.531309307,2914
2042,,0.616708875,0.364672363,0.493740618,0.493740618,706
2043,,0.099747956,0.653448284,0.660926223,0.660926223,2763
2044,,0.324195594,0.621128201,0.656950474,0.656950474,12757
2045,,0.111398749,0,0,0,1028
2046,,0.098248817,0.644251645,0.526242316,0.644251645,3455
2047,,0.070747159,0.453995973,0.496721625,0.496721625,2344
2048,,0.090347745,0.120547943,0,0.120547943,479
2049,,0.458936483,0.542837203,0.624304652,0.624304652,19526
2050,,0.460394055,0.582008064,0.58924377,0.58924377,12010
2051,,0.304626495,0.349193215,0.437300742,0.437300742,1918
2052,,0.309112757,0.458441556,0.576576591,0.576576591,4309
2053,,0.188007683,0.582225919,0.594548523,0.594548523,5570
2054,,0.576659799,0.804405093,0.831772447,0.831772447,9746
2055,,0.349084646,0.527999997,0.436350524,0.527999997,3821
2056,,0.100863129,0.474999994,0.582037449,0.582037449,1085
2057,,0.183733389,0.525099099,0.496760994,0.525099099,5850
2058,,0.128008679,0.374796748,0.524504125,0.524504125,4178
2059,,0.217136145,0.736055195,0.73402369,0.736055195,3432
2060,,0.431502581,0.418816984,0.588322878,0.588322878,12214
2061,,0.120414376,0.333821386,0.399508506,0.399508506,4287
2062,,0.18515794,0.485533744,0.523452044,0.523452044,6160
2063,,0.261610627,0.521951199,0.535826921,0.535826921,1886
2064,,0.227137432,0.61394769,0.581041038,0.61394769,5844
2065,,0.40357998,0.466970384,0.446764082,0.466970384,4320
2066,,0.655555546,0.242622957,0.21654135,0.242622957,623
2067,,0.12066181,0.493482888,0.535758972,0.535758972,4017
2068,,0.149760246,0.592448413,0.656425476,0.656425476,5222
2069,,0.260041356,0.747663558,0.778147459,0.778147459,2895
2070,,0.235322833,0.532299757,0.547722161,0.547722161,2192
2071,,0.628749132,0.5177055,0.677629113,0.677629113,12265
2072,,0.37263906,0.663399935,0.789450765,0.789450765,4366
2073,,0.549812317,0.734528601,0.719273508,0.734528601,3188
2074,,0.16881454,0.407725334,0.424861491,0.424861491,2641
2075,,0.173758864,0.503703713,0.564716935,0.564716935,1756
2076,,0.295448452,0.458049893,0.342296749,0.458049893,2598
2077,,0.165487245,0.406369418,0.407712519,0.407712519,2672
2078,,0.100949273,0.303434134,0.351758808,0.351758808,2877
2079,,0.102020204,0.56124723,0.555147707,0.56124723,3262
2080,,0.667609632,0.32850942,0.359188318,0.359188318,1235
2081,,0.138517424,0.324225873,0.231003046,0.324225873,1471
2082,,0.365355104,0.653167367,0.605830789,0.653167367,14301
2083,,0.410309285,0.191279888,0.198304459,0.198304459,398
2084,,0.693190277,0.482946783,0.551008284,0.551008284,2871
2085,,0.684684694,0.056179777,0,0.056179777,991
2086,,0.320919394,0.693777204,0.775191784,0.775191784,12830
2087,,0.149665073,0.541072309,0.508788645,0.541072309,3497
2088,,0.246037856,0.392288357,0.475376099,0.475376099,2137
2089,,0.332768619,0.784832835,0.793965697,0.793965697,7506
2090,,0.506250024,0.090949617,0.12748614,0.12748614,504
2091,,0.436251402,0.394395441,0.386527658,0.394395441,3075
2092,,0.113185219,0.678141117,0.696847618,0.696847618,2092
2093,,0.444444448,0.127931774,0.204753205,0.204753205,132
2094,,0.116094001,0.515750945,0.615518391,0.615518391,2301
2095,,0.548031509,0.221757323,0.42492339,0.42492339,225
2096,,0.361439168,0.662486494,0.750113964,0.750113964,11621
2097,,0.203161761,0.595650554,0.561203837,0.595650554,6168
2098,,0.212104872,0.752362967,0.700289607,0.752362967,4825
2099,,0.434782594,0.196078435,0.219500706,0.219500706,294
2100,,0.093475558,0.543778777,0.332013398,0.543778777,1893
2101,,0.477380842,0.580284119,0.555641353,0.580284119,6201
2102,,0.217349783,0.414168924,0.381513655,0.414168924,4008
2103,,0.729166687,0,0,0,415
2104,,0.194535851,0.580627382,0.633586764,0.633586764,7907
2105,,0.39252764,0.647207439,0.674262822,0.674262822,7173
2106,,0.130628824,0.486759156,0.4756971,0.486759156,4192
2107,,0.144157216,0.538554966,0.578086436,0.578086436,4541
2108,,0.332150906,0.680969775,0.671092331,0.680969775,11582
2109,,0.406973243,0.605603456,0.597172141,0.605603456,1635
2110,,0.138700843,0.456230044,0.443385363,0.456230044,2917
2111,,0.119513854,0.538587868,0.473653048,0.538587868,2767
2112,,0.500261843,0.516831398,0.508492589,0.516831398,20329
2113,,0.387451679,0.683970869,0.613247335,0.683970869,4871
2114,,0.262445509,0.407794029,0.430976421,0.430976421,1418
2115,,0.131851301,0.531340778,0.486136049,0.531340778,3428
2116,,0.231467918,0.658211768,0.703806996,0.703806996,6491
2117,,0.237219408,0.534653485,0.543935657,0.543935657,5650
2118,,0.181095183,0.607970357,0.585290968,0.607970357,5073
2119,,0.165322125,0.571428597,0.607230902,0.607230902,4138
2120,,0.156302035,0.594142258,0.568537831,0.594142258,4224
2121,,0.126461715,0.464656979,0.465729982,0.465729982,2802
2122,,0.383483618,0.369272232,0.336633652,0.369272232,612
2123,,0.647372544,0.511611283,0.595840156,0.595840156,15137
2124,,0.585601389,0.635547578,0.770973682,0.770973682,4983
2125,,0.06581986,0.147819653,0.164192945,0.164192945,448
2126,,0.296918929,0.576177299,0.647657394,0.647657394,10672
2127,,0.195288882,0.454116404,0.530776381,0.530776381,2073
2128,,0.462045252,0.43299374,0.606470764,0.606470764,12363
2129,,0.138723999,0.53125,0.461538464,0.53125,1850
2130,,0.13259685,0.641240299,0.557659447,0.641240299,5370
2131,,0.391561806,0.339080453,0.311669648,0.339080453,602
2132,,0.421094358,0.593117833,0.778538585,0.778538585,11387
2133,,0.149710581,0.531395018,0.446980208,0.531395018,4830
2134,,0.43926692,0.787276328,0.790197551,0.790197551,4292
2135,,0.211094484,0.797101438,0.766138375,0.797101438,4999
2136,,0.56912744,0.505885065,0.726558864,0.726558864,12448
2137,,0.406634003,0.752110541,0.805892408,0.805892408,5741
2138,,0.462544799,0.663836479,0.687145472,0.687145472,15592
2139,,0.129876599,0.41449815,0.194611728,0.41449815,2661
2140,,0.433220357,0.576678216,0.594069064,0.594069064,13160
2141,,0.06882064,0.562030077,0.503367782,0.562030077,1919
2142,,0.491672456,0.561812937,0.717463613,0.717463613,15778
2143,,0.112079151,0.513808608,0.530440032,0.530440032,2720
2144,,0.41576606,0.26546213,0.301534623,0.301534623,1907
2145,,0.199442148,0.592352927,0.602519691,0.602519691,5063
2146,,0.538327515,0.291457295,0.279367805,0.291457295,347
2147,,0.314019233,0.771865726,0.756658256,0.771865726,8750
2148,,0.250557601,0.688022971,0.614376605,0.688022971,9776
2149,,0.12712644,0.372658223,0.478712142,0.478712142,5610
2150,,0.13162221,0.65119046,0.662635267,0.662635267,2778
2151,,0.314450026,0.596814334,0.701037645,0.701037645,10477
2152,,0.247606888,0.617160439,0.633781493,0.633781493,6592
2153,,0.290349424,0.682022452,0.687875688,0.687875688,3348
2154,,0.35646531,0.509117424,0.585567832,0.585567832,3049
2155,,0.517672062,0.441285551,0.597266316,0.597266316,6901
2156,,0.507160723,0.585621595,0.806367993,0.806367993,10434
2157,,0.107476495,0.519999981,0.430827171,0.519999981,2535
2158,,0.325028062,0.669405222,0.617720902,0.669405222,12971
2159,,0.365215272,0.191348597,0.332297713,0.332297713,1569
2160,,0.279675871,0.522700131,0.758050561,0.758050561,8968
2161,,0.187884405,0.284716159,0.319951326,0.319951326,1466
2162,,0.491879344,0.184873953,0.299589604,0.299589604,278
2163,,0.195504859,0.467937618,0.468451679,0.468451679,2237
2164,,0.572987735,0.55541718,0.553565741,0.55541718,2221
2165,,0.219846755,0.782718539,0.721431255,0.782718539,7084
2166,,0.373438954,0.721212149,0.499938726,0.721212149,4178
2167,,0.227935225,0.546204627,0.446067423,0.546204627,5620
2168,,0.107408963,0.477205455,0.501788676,0.501788676,3520
2169,,0.318395227,0.558181822,0.518475771,0.558181822,1998
2170,,0.724108636,0.360836089,0.435535043,0.435535043,2212
2171,,0.219632134,0.637989938,0.662062883,0.662062883,9359
2172,,0.312857985,0.2556701,0.414888799,0.414888799,1688
2173,,0.132976502,0.664147794,0.549680412,0.664147794,4750
2174,,0.4976587,0.449474543,0.344916344,0.449474543,2368
2175,,0.42591548,0.699240983,0.722341895,0.722341895,3514
2176,,0.093558155,0.514982224,0.475275785,0.514982224,2663
2177,,0.159590483,0.767830908,0.757566214,0.767830908,6133
2178,,0.217778951,0.264970064,0.19327262,0.264970064,3709
2179,,0.169616431,0.546684682,0.613495529,0.613495529,3927
2180,,0.17687656,0.333716929,0.34622249,0.34622249,1675
2181,,0.170272157,0.352941185,0.501042604,0.501042604,1760
2182,,0.540368557,0.451335579,0.714919329,0.714919329,16919
2183,,0.176936269,0.624468982,0.59399724,0.624468982,4596
2184,,0.595041335,0.447004616,0.441494793,0.447004616,1314
2185,,0.464388728,0.746286392,0.694852948,0.746286392,16224
2186,,0.187343433,0.681734562,0.632711947,0.681734562,7418
2187,,0.684931517,0.003189793,0,0.003189793,161
2188,,0.357923388,0.580527067,0.519769728,0.580527067,5594
2189,,0.198446706,0.579409897,0.637514174,0.637514174,5664
2190,,0.168623552,0.316043437,0.20600073,0.316043437,2311
2191,,0.351293117,0.591137946,0.609863102,0.609863102,3767
2192,,0.182889864,0.714819431,0.686350048,0.714819431,4380
2193,,0.547747731,0,0,0,158
2194,,0.098289795,0.473684222,0.285714298,0.473684222,739
2195,,0.417776525,0.532591403,0.527870238,0.532591403,1723
2196,,0.430437028,0.675238371,0.689891279,0.689891279,18046
2197,,0.49153176,0.67335844,0.812575281,0.812575281,5212
2198,,0.680387437,0,0,0,401
2199,,0.75133127,0.426470578,0.553915143,0.553915143,7153
2200,,0.733910441,0,0.095271952,0.095271952,1174
2201,,0.609569669,0.552555978,0.492821068,0.552555978,14808
2202,,0.147458121,0.497154832,0.497578502,0.497578502,4753
2203,,0.232177839,0.581423402,0.542671025,0.581423402,1774
2204,,0.448813111,0.620457828,0.666952729,0.666952729,15737
2205,,0.563532412,0.354240268,0.561734617,0.561734617,7058
2206,,0.525593221,0.562283754,0.265245706,0.562283754,2075
2207,,0.210728258,0.51393187,0.52812326,0.52812326,4678
2208,,0.348565757,0.615087807,0.580886304,0.615087807,13634
2209,,0.457680255,0.08574491,0.127559051,0.127559051,183
2210,,0.326025844,0.789105058,0.786655128,0.789105058,5771
2211,,0.195974439,0.647691309,0.654694378,0.654694378,6412
2212,,0.237771079,0.646330953,0.629826546,0.646330953,8743
2213,,0.230688393,0.587554276,0.35522905,0.587554276,1704
2214,,0.089102566,0.560646892,0.478455603,0.560646892,2460
2215,,0.138330489,0.247807011,0.082966223,0.247807011,1640
2216,,0.403634906,0.630909681,0.698825061,0.698825061,16442
2217,,0.58633095,0.370083809,0.458021432,0.458021432,1487
2218,,0.241539136,0.628019333,0.419636369,0.628019333,1928
2219,,0.241042346,0.637475848,0.42447418,0.637475848,3768
2220,,0.290235639,0.291992784,0.436595857,0.436595857,10776
2221,,0.27970171,0.412640542,0.434009433,0.434009433,7400
2222,,0.399717391,0.742905557,0.756624997,0.756624997,5278
2223,,0.071839824,0.454106271,0.489661664,0.489661664,1274
2224,,0.091546312,0.554770291,0.506489158,0.554770291,3648
2225,,0.113394089,0.484399796,0.490098387,0.490098387,2621
2226,,0.289413571,0.742779493,0.763595998,0.763595998,11583
2227,,0.162985817,0,0.005163511,0.005163511,1131
2228,,0.382583588,0.635957062,0.703119099,0.703119099,11581
2229,,0.528174043,0.637145579,0.656366467,0.656366467,8366
2230,,0.145534202,0.450459152,0.427875102,0.450459152,5169
2231,,0.335159063,0.761041403,0.758562565,0.761041403,8999
2232,,0.171940982,0.631784439,0.573135555,0.631784439,4147
2233,,0.577656507,0.780839682,0.784431696,0.784431696,9446
2234,,0.736758888,0.55751586,0.600737691,0.600737691,1900
2235,,0.322609216,0.490134984,0.431095392,0.490134984,1541
2236,,0.329572678,0.538752377,0.601023257,0.601023257,4706
2237,,0.164681405,0.650883615,0.639464259,0.650883615,5184
2238,,0.747133851,0.242942691,0.428800613,0.428800613,7893
2239,,0.494442314,0.235476375,0.286532938,0.286532938,735
2240,,0.605300307,0.645220578,0.607973397,0.645220578,2805
2241,,0.523207068,0.740594089,0.722029626,0.740594089,8107
2242,,0.46891281,0.765706599,0.794331968,0.794331968,13367
2243,,0.379232496,0.248348743,0.258743882,0.258743882,472
2244,,0.324384779,0.707468331,0.758785665,0.758785665,7884
2245,,0.100207955,0.315088749,0.416364074,0.416364074,1302
2246,,0.041462403,0.346289754,0.296238244,0.346289754,934
2247,,0.213924974,0.566277862,0.530540049,0.566277862,5060
2248,,0.256234348,0.737797976,0.748892188,0.748892188,5582
2249,,0.51173085,0.398826987,0,0.398826987,759
2250,,0.323574811,0.463108778,0.598846138,0.598846138,8531
2251,,0.467488229,0.724498451,0.811498165,0.811498165,8320
2252,,0.499242723,0.729100525,0.741031885,0.741031885,8132
2253,,0.182681069,0.702998817,0.604133785,0.702998817,5966
2254,,0.057085607,0.315789461,0.027676027,0.315789461,2277
2255,,0.135927737,0.544659615,0.635951877,0.635951877,3173
2256,,0.293488145,0.666123807,0.604651153,0.666123807,2960
2257,,0.07030645,0.610433936,0.574084997,0.610433936,3299
2258,,0.102806523,0.526315808,0.526724994,0.526724994,2918
2259,,0.347958863,0.692706287,0.806785345,0.806785345,3939
2260,,0.058757115,0.4906542,0.461079478,0.4906542,2340
2261,,0.288576126,0.137805983,0.118223757,0.137805983,3958
2262,,0.123382449,0.534399986,0.522515118,0.534399986,3633
2263,,0.322825551,0.42173481,0.542670131,0.542670131,5089
2264,,0.282229394,0.626163661,0.750989795,0.750989795,9760
2265,,0.166294768,0.564994097,0.551986635,0.564994097,4687
2266,,0.167775273,0.080971658,0.447068095,0.447068095,1867
2267,,0.540557981,0.639497757,0.623013139,0.639497757,24356
2268,,0.699227571,0.651362956,0.608173072,0.651362956,3548
2269,,0.193633467,0.700033605,0.617158413,0.700033605,6550
2270,,0.302553296,0.407232702,0.45100385,0.45100385,12073
2271,,0.585274696,0.593019605,0.769375026,0.769375026,25973
2272,,0.26738748,0.489262372,0.359061271,0.489262372,5844
2273,,0.267279506,0.626295209,0.644393086,0.644393086,8654
2274,,0.169082776,0.641826928,0.488991141,0.641826928,1202
2275,,0.711211622,0.739196837,0.76844728,0.76844728,26716
2276,,0.29856801,0.288098693,0.392672867,0.392672867,1744
2277,,0.186368451,0.63518995,0.575117588,0.63518995,6289
2278,,0.233570963,0.382923663,0.292409927,0.382923663,4817
2279,,0.186935619,0.621353209,0.553084731,0.621353209,6850
2280,,0.321835309,0.590241611,0.590474069,0.590474069,4239
2281,,0.529197097,0.1281216,0.024505708,0.1281216,320
2282,,0.290095568,0.431647927,0.589039743,0.589039743,5754
2283,,0.360213608,0.401206642,0.47404775,0.47404775,5272
2284,,0.344406545,0.792702079,0.657820046,0.792702079,5939
2285,,0.14396812,0.50771153,0.553916752,0.553916752,3498
2286,,0.337804168,0.48271364,0.325694054,0.48271364,4493
2287,,0.322985947,0.366375893,0.232779905,0.366375893,4521
2288,,0.470939189,0.350442469,0.337890923,0.350442469,2914
2289,,0.323740482,0.617807388,0.561110258,0.617807388,4562
2290,,0.354653865,0.652972996,0.679072261,0.679072261,1776
2291,,0.184060633,0.550898194,0.516900837,0.550898194,4469
2292,,0.101503089,0.620954454,0.569999993,0.620954454,3289
2293,,0.107579559,0.605363965,0.617568195,0.617568195,3608
2294,,0.323846161,0.787757814,0.74866128,0.787757814,3549
2295,,0.562875152,0.478953809,0.714622021,0.714622021,13042
2296,,0.13653627,0.43188405,0.46412465,0.46412465,921
2297,,0.198603064,0.752653062,0.728406787,0.752653062,4517
2298,,0.315011889,0.562406003,0.23877652,0.562406003,1442
2299,,0.624119222,0.898606181,0.879679501,0.898606181,7701
2300,,0.128444448,0.397142857,0.365317076,0.397142857,1463
2301,,0.136893839,0.491428584,0.450662732,0.491428584,1374
2302,,0.270652622,0.678925693,0.602428854,0.678925693,9331
2303,,0.302002668,0.387572408,0.364127278,0.387572408,11457
2304,,0.326637,0.679765224,0.636731029,0.679765224,9382
2305,,0.446439207,0.162856609,0.446768433,0.446768433,18901
2306,,0.324542075,0.635553658,0.627646565,0.635553658,3851
2307,,0.369203269,0.676635504,0.571234345,0.676635504,4506
2308,,0.078015313,0.328125,0,0.328125,1358
2309,,0.50666666,0.701916695,0.736314952,0.736314952,2375
2310,,0.107132718,0.572033882,0.564829826,0.572033882,2701
2311,,0.777495742,0.353561997,0.365407079,0.365407079,1195
2312,,0.149791807,0.563352823,0.580624223,0.580624223,5581
2313,,0.265251487,0.634386778,0.658675909,0.658675909,5431
2314,,0.197842896,0.381846637,0.362474322,0.381846637,2444
2315,,0.045717288,0.174358979,0.200000003,0.200000003,476
2316,,0.625600755,0.466223538,0.396549642,0.466223538,19314
2317,,0.440129936,0.623931646,0.695363045,0.695363045,10210
2318,,0.229984283,0.605515957,0.70617038,0.70617038,8397
2319,,0.055797536,0.25,0,0.25,960
2320,,0.382392466,0.793741107,0.67585665,0.793741107,3327
2321,,0.138896093,0.750281215,0.764942586,0.764942586,3335
2322,,0.534634829,0.773225605,0.736662507,0.773225605,3358
2323,,0.175067604,0.591738701,0.576286614,0.591738701,3777
2324,,0.259824783,0.702734828,0.78585875,0.78585875,7910
2325,,0.357741714,0.426594168,0.469830722,0.469830722,4846
2326,,0.137805074,0.341678947,0.441658616,0.441658616,961
2327,,0.207499012,0.65576452,0.56774193,0.65576452,4811
2328,,0.176835254,0.444643646,0.480857968,0.480857968,2842
2329,,0.683743834,0.272727281,0.007269423,0.272727281,522
2330,,0.12931034,0.198514521,0.420968801,0.420968801,3788
2331,,0.106431179,0.382063895,0.371471018,0.382063895,1914
2332,,0.230525687,0.767880976,0.71787256,0.767880976,9801
2333,,0.748805106,0.572778821,0.544154763,0.572778821,1433
2334,,0.21899353,0.60443902,0.528660595,0.60443902,7700
2335,,0.110080756,0.559902191,0.505376339,0.559902191,3983
2336,,0.244521186,0.564406753,0.626304448,0.626304448,5315
2337,,0.320238292,0.505211532,0.463644952,0.505211532,4803
2338,,0.402428359,0.827911377,0.806267083,0.827911377,4267
2339,,0.221078128,0.69365561,0.635188043,0.69365561,6749
2340,,0.160411566,0.165388823,0.377420485,0.377420485,4911
2341,,0.308568597,0.154557467,0.333730221,0.333730221,4211
2342,,0.107038043,0.544959128,0.627320766,0.627320766,3585
2343,,0.143006966,0.064748198,0.134743556,0.134743556,4848
2344,,0.093534075,0.465696454,0.351839006,0.465696454,1007
2345,,0.265641481,0.648354352,0.618999243,0.648354352,9602
2346,,0.348568618,0.659418762,0.754374027,0.754374027,10759
2347,,0.398099273,0.285046726,0.313279122,0.313279122,402
2348,,0.121411659,0.656233728,0.547001183,0.656233728,4386
2349,,0.16030252,0.621474087,0.561072767,0.621474087,3990
2350,,0.239787027,0.478625655,0.445958555,0.478625655,3420
2351,,0.276991248,0.431967616,0.341664225,0.431967616,3564
2352,,0.253060013,0.684133887,0.647090435,0.684133887,2496
2353,,0.225048393,0.465944827,0.417240769,0.465944827,8315
2354,,0.334969997,0.412416846,0.577651501,0.577651501,422
2355,,0.63369453,0.666320682,0.786127865,0.786127865,9605
2356,,0.340236217,0.815884471,0.780532479,0.815884471,6694
2357,,0.266627759,0.611924291,0.586504221,0.611924291,4743
2358,,0.44933784,0.678633451,0.739232063,0.739232063,7728
2359,,0.258848697,0.506493509,0.409675539,0.506493509,10559
2360,,0.410171986,0.471451879,0.526854217,0.526854217,1365
2361,,0.268870115,0.604836226,0.618547738,0.618547738,8551
2362,,0.394027859,0.83000797,0.824960768,0.83000797,2595
2363,,0.572563052,0.553758323,0.617534935,0.617534935,2119
2364,,0.292145908,0.486749113,0.451424211,0.486749113,5258
2365,,0.066852629,0.530731678,0.514182568,0.530731678,1874
2366,,0.148955181,0.545030355,0.528522074,0.545030355,5269
2367,,0.177994043,0.272617608,0.100379586,0.272617608,1043
2368,,0.34500581,0.715268254,0.717865825,0.717865825,4882
2369,,0.433530301,0.630914807,0.611700058,0.630914807,5977
2370,,0.58029592,0.563357532,0.542291522,0.563357532,1891
2371,,0.493768185,0.626621187,0.534181237,0.626621187,6470
2372,,0.127950445,0.545187354,0.500278354,0.545187354,2947
2373,,0.428601027,0.65443331,0.722993731,0.722993731,17394
2374,,0.592758179,0.571608067,0.514071286,0.571608067,3481
2375,,0.260147959,0.588235319,0.596114099,0.596114099,2854
2376,,0.263102323,0.63202548,0.665497124,0.665497124,10066
2377,,0.54857856,0.342642754,0.576917112,0.576917112,2182
2378,,0.272917151,0.630036652,0.697984815,0.697984815,3374
2379,,0.080832779,0.398563743,0.43221885,0.43221885,1765
2380,,0.4639754,0.590343595,0.693155706,0.693155706,17467
2381,,0.202790409,0.664833009,0.652026057,0.664833009,5876
2382,,0.614322126,0.876879692,0.59486109,0.876879692,4680
2383,,0.325732887,0.156177163,0.169445395,0.169445395,294
2384,,0.121369794,0.631332099,0.617429495,0.631332099,3159
2385,,0.241713136,0.597572386,0.197112367,0.597572386,5262
2386,,0.069500372,0.215367362,0.229179144,0.229179144,882
2387,,0.193541884,0.680466473,0.639832258,0.680466473,6660
2388,,0.138763383,0.64328897,0.611668348,0.64328897,4619
2389,,0.098959975,0.182361737,0.213322088,0.213322088,531
2390,,0.177737057,0.324974924,0.302721083,0.324974924,1861
2391,,0.115722694,0.685195088,0.601917326,0.685195088,3899
2392,,0.501771748,0.651709378,0.738366485,0.738366485,21609
2393,,0.455185741,0.888084292,0.87712574,0.888084292,6154
2394,,0.27226311,0.544114351,0.583649337,0.583649337,9955
2395,,0.305101037,0.307514459,0.41886723,0.41886723,8169
2396,,0.850335658,0.413082987,0.724925518,0.724925518,4174
2397,,0.245108947,0.710743785,0.707898676,0.710743785,7365
2398,,0.322445005,0.540246189,0.546470761,0.546470761,7766
2399,,0.339141309,0.516399682,0.535633147,0.535633147,3411
2400,,0.497355193,0.5977723,0.814736068,0.814736068,8175
2401,,0.568414927,0.53454721,0.528225124,0.53454721,16649
2402,,0.400015652,0.523915946,0.612651706,0.612651706,12313
2403,,0.739904583,0.612509012,0.660608292,0.660608292,3390
2404,,0.055030227,0.629126191,0.673191965,0.673191965,1401
2405,,0.086790301,0.171220407,0.299499303,0.299499303,2103
2406,,0.148208588,0.367139965,0.497491419,0.497491419,2454
2407,,0.291984856,0.600701392,0.746500254,0.746500254,10683
2408,,0.618703663,0.271651685,0.512574375,0.512574375,7309
2409,,0.237731636,0.674643159,0.7150473,0.7150473,9252
2410,,0.316475183,0.793749988,0.801133692,0.801133692,3279
2411,,0.171524063,0.553206503,0.626394033,0.626394033,4618
2412,,0.230746001,0.571222007,0.28080228,0.571222007,6465
2413,,0.502412736,0.508724809,0.620070696,0.620070696,5387
2414,,0.18391259,0.403981268,0.431921124,0.431921124,7470
2415,,0.218090817,0.566280544,0.641778886,0.641778886,2281
2416,,0.192152917,0.669820249,0.66132313,0.669820249,3708
2417,,0.437625498,0.756447017,0.697132289,0.756447017,3297
2418,,0.557015657,0.613390923,0.684948981,0.684948981,846
2419,,0.087237768,0.307086617,0.49588868,0.49588868,3440
2420,,0.202798352,0.787634432,0.644124329,0.787634432,4879
2421,,0.137831956,0.60101378,0.69302547,0.69302547,3394
2422,,0.163342461,0.575505376,0.255244762,0.575505376,1811
2423,,0.926340878,0.727199376,0.676936746,0.727199376,4400
2424,,0.334496915,0.679588616,0.624753177,0.679588616,12806
2425,,0.548342645,0.560188472,0.727340639,0.727340639,11660
2426,,0.399161011,0.535211265,0.660857558,0.660857558,13891
2427,,0.310986966,0.576687098,0.576549768,0.576687098,4152
2428,,0.2005523,0.391441166,0.437275976,0.437275976,2548
2429,,0.105019264,0.540511727,0.521632075,0.540511727,2372
2430,,0.171888158,0.574766338,0.579779565,0.579779565,4500
2431,,0.285185874,0.462441325,0.408764929,0.462441325,1084
2432,,0.081750989,0.433079422,0.39555636,0.433079422,1889
2433,,0.331022471,0.546116948,0.706070662,0.706070662,13339
2434,,0.12109451,0.647427857,0.642966568,0.647427857,2971
2435,,0.153530106,0.459034801,0.51446414,0.51446414,4305
2436,,0.291152745,0.122330099,0.255017161,0.255017161,11320
2437,,0.304874897,0.717705488,0.709808707,0.717705488,9636
2438,,0.255329907,0.644249499,0.652101696,0.652101696,3201
2439,,0.135955185,0.350914955,0.250409395,0.350914955,4897
2440,,0.46894601,0.48964861,0.588989139,0.588989139,14218
2441,,0.149304748,0.338755995,0.472955137,0.472955137,1154
2442,,0.076727785,0.404655337,0.297430277,0.404655337,2607
2443,,0.408818215,0.718770444,0.724685431,0.724685431,6483
2444,,0.112425253,0.449357331,0.530497193,0.530497193,3863
2445,,0.301212519,0.516287625,0.511083364,0.516287625,4550
2446,,0.124766961,0.703957796,0.673583865,0.703957796,3467
2447,,0.256929964,0.522842646,0.511808455,0.522842646,1116
2448,,0.810420334,0.528082609,0.501884401,0.528082609,2418
2449,,0.619805157,0.604825497,0.813076377,0.813076377,11241
2450,,0.223768368,0.442512065,0.60746783,0.60746783,4191
2451,,0.175382853,0.673675716,0.644190967,0.673675716,4279
2452,,0.205187231,0.525114179,0.397472352,0.525114179,3672
2453,,0.44055599,0.585962892,0.738535285,0.738535285,12923
2454,,0.407750756,0.624804854,0.694510639,0.694510639,14267
2455,,0.159854874,0.529411793,0.473913044,0.529411793,3581
2456,,0.113785453,0.240266964,0.456532538,0.456532538,2836
2457,,0.13870576,0.49147442,0.504132211,0.504132211,2844
2458,,0.152252257,0.20478943,0.24380374,0.24380374,610
2459,,0.250609249,0.61210376,0.618328273,0.618328273,3698
2460,,0.195146874,0.687408864,0.663494945,0.687408864,4436
2461,,0.110775128,0.600306273,0.643279314,0.643279314,2815
2462,,0.532091022,0.308843344,0.331266463,0.331266463,21947
2463,,0.555332243,0.746334314,0.61966145,0.746334314,5945
2464,,0.430002272,0.816756606,0.800464332,0.816756606,8679
2465,,0.229817376,0.690930784,0.666763306,0.690930784,2874
2466,,0.25307557,0.088428974,0.110270955,0.110270955,210
2467,,0.219854519,0.693512321,0.545684993,0.693512321,4378
2468,,0.468773246,0.380530983,0.423888654,0.423888654,3445
2469,,0.413256794,0.596135855,0.593246043,0.596135855,13573
2470,,0.120001234,0.470705062,0.475081921,0.475081921,3221
2471,,0.248347327,0.572317243,0.589966536,0.589966536,4123
2472,,0.214438677,0.744248986,0.687701881,0.744248986,7036
2473,,0.462100059,0.822878242,0.502082109,0.822878242,1215
2474,,0.311595529,0.575907111,0.728275657,0.728275657,9298
2475,,0.430787742,0.774075449,0.76826638,0.774075449,5441
2476,,0.650038183,0.64385438,0.526783824,0.64385438,8852
2477,,0.230878904,0.608312964,0.654013276,0.654013276,3562
2478,,0.179041684,0.417009592,0.323476702,0.417009592,1335
2479,,0.217896372,0.676347375,0.701634645,0.701634645,7141
2480,,0.171136647,0.722566128,0.745298028,0.745298028,2877
2481,,0.374898314,0.541744769,0.588353932,0.588353932,13231
2482,,0.256969154,0.743243217,0.694258213,0.743243217,5340
2483,,0.204128444,0.138390571,0.276881725,0.276881725,1871
2484,,0.39964202,0.659145832,0.757148206,0.757148206,3706
2485,,0.414010495,0.653543293,0.599729538,0.653543293,2071
2486,,0.103288934,0.338476866,0.314479649,0.338476866,3022
2487,,0.139373928,0.67469877,0.69479686,0.69479686,3018
2488,,0.078255847,0.483847797,0.413477391,0.483847797,2711
2489,,0.440501034,0.09672831,0.156488553,0.156488553,214
2490,,0.471369773,0.514411509,0.712997735,0.712997735,13026
2491,,0.043767985,0,0,0,815
2492,,0.324657679,0.716272593,0.71233356,0.716272593,3284
2493,,0.517124832,0.172332019,0.038507249,0.172332019,4035
2494,,0.08181946,0.491159141,0.445441782,0.491159141,2262
2495,,0.155172899,0.621359229,0.603753924,0.621359229,3591
2496,,0.361653149,0.283268481,0.284425348,0.284425348,3884
2497,,0.473592401,0.718377948,0.700062335,0.718377948,20168
2498,,0.37081638,0.800630391,0.807049334,0.807049334,5393
2499,,0.243392959,0.686348855,0.619461536,0.686348855,8894
2500,,0.787750065,0.537387848,0.406750381,0.537387848,11001
2501,,0.247816771,0.329875529,0.325943679,0.329875529,1195
2502,,0.141042575,0.472803354,0.466973156,0.472803354,2248
2503,,0.214172542,0.6528337,0.591418505,0.6528337,6762
2504,,0.350335687,0.470484585,0.511130154,0.511130154,2445
2505,,0.271854341,0.587412596,0,0.587412596,1825
2506,,0.254178107,0.612585306,0.613321066,0.613321066,6852
2507,,0.173936903,0.470133215,0.435964912,0.470133215,6036
2508,,0.164153919,0.470836252,0.434703618,0.470836252,2076
2509,,0.115628742,0.321762353,0.478537351,0.478537351,1923
2510,,0.320924371,0.508179963,0.476842523,0.508179963,4826
2511,,0.075730413,0.699805081,0.458946079,0.699805081,2287
2512,,0.143881172,0.446808517,0.522273421,0.522273421,2251
2513,,0.719923019,0.156996593,0.016105417,0.156996593,908
2514,,0.151872739,0.349879503,0.510954738,0.510954738,5096
2515,,0.174678504,0.366213143,0.409890443,0.409890443,5682
2516,,0.37380445,0.750360131,0.826173306,0.826173306,11825
2517,,0.225664094,0.727740407,0.698715448,0.727740407,8520
2518,,0.462875456,0.58268708,0.716349483,0.716349483,11694
2519,,0.625664413,0.41538462,0.392592579,0.41538462,473
2520,,0.384331912,0.559011519,0.804202676,0.804202676,5092
2521,,0.521226406,0.419551939,0.474959612,0.474959612,729
2522,,0.127500594,0.704892159,0.643376172,0.704892159,4629
2523,,0.132464111,0.681405425,0.682306051,0.682306051,4768
2524,,0.183489189,0.596768677,0.504486203,0.596768677,5854