Case,ID,size,pixel_num_lung,pixel_num_fibrosis
1_0000,1_0000_044,256,33,0
1_0000,1_0000_045,256,144,0
1_0000,1_0000_046,256,213,0
1_0000,1_0000_047,256,234,0
1_0000,1_0000_048,256,288,8
1_0000,1_0000_049,256,384,108
1_0000,1_0000_050,256,456,160
1_0000,1_0000_051,256,558,248
1_0000,1_0000_052,256,648,280
1_0000,1_0000_053,256,765,324
1_0000,1_0000_054,256,888,332
1_0000,1_0000_055,256,1083,344
1_0000,1_0000_056,256,1329,364
1_0000,1_0000_057,256,1599,548
1_0000,1_0000_058,256,1758,616
1_0000,1_0000_059,256,2133,720
1_0000,1_0000_060,256,2553,748
1_0000,1_0000_061,256,3024,1000
1_0000,1_0000_062,256,3450,1132
1_0000,1_0000_063,256,3969,1336
1_0000,1_0000_064,256,4437,1676
1_0000,1_0000_065,256,5115,1776
1_0000,1_0000_066,256,5580,2112
1_0000,1_0000_067,256,6126,2384
1_0000,1_0000_068,256,6588,2540
1_0000,1_0000_069,256,7170,2792
1_0000,1_0000_070,256,7737,3012
1_0000,1_0000_071,256,8250,3112
1_0000,1_0000_072,256,8964,3140
1_0000,1_0000_073,256,9711,3580
1_0000,1_0000_074,256,10491,3656
1_0000,1_0000_075,256,11346,3816
1_0000,1_0000_076,256,12225,3576
1_0000,1_0000_077,256,13107,3584
1_0000,1_0000_078,256,14070,4288
1_0000,1_0000_079,256,15105,4540
1_0000,1_0000_080,256,16170,5104
1_0000,1_0000_081,256,17163,4816
1_0000,1_0000_082,256,18120,4672
1_0000,1_0000_083,256,19689,5368
1_0000,1_0000_084,256,21051,5268
1_0000,1_0000_085,256,21936,6396
1_0000,1_0000_086,256,23001,6752
1_0000,1_0000_087,256,24309,7236
1_0000,1_0000_088,256,25383,7544
1_0000,1_0000_089,256,26556,7256
1_0000,1_0000_090,256,27672,6884
1_0000,1_0000_091,256,28779,6540
1_0000,1_0000_092,256,29880,6496
1_0000,1_0000_093,256,31143,7048
1_0000,1_0000_094,256,32520,7720
1_0000,1_0000_095,256,33678,7328
1_0000,1_0000_096,256,34854,7180
1_0000,1_0000_097,256,36096,6912
1_0000,1_0000_098,256,37443,6916
1_0000,1_0000_099,256,38823,8040
1_0000,1_0000_100,256,40149,7848
1_0000,1_0000_101,256,41622,7004
1_0000,1_0000_102,256,42909,6720
1_0000,1_0000_103,256,44211,6532
1_0000,1_0000_104,256,46197,6568
1_0000,1_0000_105,256,47448,7060
1_0000,1_0000_106,256,48819,5980
1_0000,1_0000_107,256,50670,5980
1_0000,1_0000_108,256,52227,6328
1_0000,1_0000_109,256,53715,6896
1_0000,1_0000_110,256,54999,7092
1_0000,1_0000_111,256,56016,7796
1_0000,1_0000_112,256,57105,7568
1_0000,1_0000_113,256,58026,7192
1_0000,1_0000_114,256,58650,6528
1_0000,1_0000_115,256,59139,6568
1_0000,1_0000_116,256,59391,6732
1_0000,1_0000_117,256,59385,6780
1_0000,1_0000_118,256,59382,6992
1_0000,1_0000_119,256,59775,7468
1_0000,1_0000_120,256,59973,7624
1_0000,1_0000_121,256,60252,8780
1_0000,1_0000_122,256,60555,8960
1_0000,1_0000_123,256,60972,9936
1_0000,1_0000_124,256,61395,10356
1_0000,1_0000_125,256,61659,10204
1_0000,1_0000_126,256,61935,9584
1_0000,1_0000_127,256,62292,9020
1_0000,1_0000_128,256,62688,8608
1_0000,1_0000_129,256,63264,6908
1_0000,1_0000_130,256,63810,6108
1_0000,1_0000_131,256,64200,5868
1_0000,1_0000_132,256,64668,5956
1_0000,1_0000_133,256,65301,6468
1_0000,1_0000_134,256,65871,6288
1_0000,1_0000_135,256,66318,5984
1_0000,1_0000_136,256,66759,5252
1_0000,1_0000_137,256,67215,4660
1_0000,1_0000_138,256,67638,5036
1_0000,1_0000_139,256,68115,5064
1_0000,1_0000_140,256,68433,5116
1_0000,1_0000_141,256,68727,5640
1_0000,1_0000_142,256,69225,5596
1_0000,1_0000_143,256,69762,5584
1_0000,1_0000_144,256,70638,4696
1_0000,1_0000_145,256,71415,4572
1_0000,1_0000_146,256,71940,4760
1_0000,1_0000_147,256,72822,4760
1_0000,1_0000_148,256,73647,5124
1_0000,1_0000_149,256,74706,5728
1_0000,1_0000_150,256,75603,6432
1_0000,1_0000_151,256,76284,6480
1_0000,1_0000_152,256,77007,6088
1_0000,1_0000_153,256,77736,5876
1_0000,1_0000_154,256,78483,5376
1_0000,1_0000_155,256,79002,6272
1_0000,1_0000_156,256,79710,7128
1_0000,1_0000_157,256,80412,6776
1_0000,1_0000_158,256,81399,6280
1_0000,1_0000_159,256,82509,6432
1_0000,1_0000_160,256,83361,5836
1_0000,1_0000_161,256,84276,6176
1_0000,1_0000_162,256,85770,7264
1_0000,1_0000_163,256,87525,7740
1_0000,1_0000_164,256,88782,6424
1_0000,1_0000_165,256,88722,6096
1_0000,1_0000_166,256,88617,6960
1_0000,1_0000_167,256,88638,7452
1_0000,1_0000_168,256,88629,7020
1_0000,1_0000_169,256,88602,7072
1_0000,1_0000_170,256,88470,7508
1_0000,1_0000_171,256,88488,8304
1_0000,1_0000_172,256,88446,7748
1_0000,1_0000_173,256,88188,7440
1_0000,1_0000_174,256,88302,6900
1_0000,1_0000_175,256,88320,6060
1_0000,1_0000_176,256,88269,5496
1_0000,1_0000_177,256,88446,5440
1_0000,1_0000_178,256,88332,6132
1_0000,1_0000_179,256,88113,5288
1_0000,1_0000_180,256,87999,4656
1_0000,1_0000_181,256,87762,5100
1_0000,1_0000_182,256,87987,6060
1_0000,1_0000_183,256,88440,6008
1_0000,1_0000_184,256,88587,5956
1_0000,1_0000_185,256,88278,5604
1_0000,1_0000_186,256,88404,5152
1_0000,1_0000_187,256,88356,5384
1_0000,1_0000_188,256,88269,6024
1_0000,1_0000_189,256,88377,5188
1_0000,1_0000_190,256,88635,4912
1_0000,1_0000_191,256,88179,5804
1_0000,1_0000_192,256,88026,5796
1_0000,1_0000_193,256,87588,5320
1_0000,1_0000_194,256,87378,4624
1_0000,1_0000_195,256,87285,3280
1_0000,1_0000_196,256,87303,2568
1_0000,1_0000_197,256,87435,2776
1_0000,1_0000_198,256,87564,3468
1_0000,1_0000_199,256,87984,3948
1_0000,1_0000_200,256,88044,4188
1_0000,1_0000_201,256,88233,3832
1_0000,1_0000_202,256,88620,3036
1_0000,1_0000_203,256,88542,3272
1_0000,1_0000_204,256,88779,4556
1_0000,1_0000_205,256,88401,4756
1_0000,1_0000_206,256,88209,4532
1_0000,1_0000_207,256,88293,4436
1_0000,1_0000_208,256,88224,5156
1_0000,1_0000_209,256,88398,5992
1_0000,1_0000_210,256,88515,5276
1_0000,1_0000_211,256,88992,4668
1_0000,1_0000_212,256,89145,4348
1_0000,1_0000_213,256,89430,4180
1_0000,1_0000_214,256,90138,3472
1_0000,1_0000_215,256,91026,3064
1_0000,1_0000_216,256,91437,2736
1_0000,1_0000_217,256,91764,2860
1_0000,1_0000_218,256,91710,2816
1_0000,1_0000_219,256,92025,3196
1_0000,1_0000_220,256,92202,3420
1_0000,1_0000_221,256,91854,3252
1_0000,1_0000_222,256,91632,3144
1_0000,1_0000_223,256,91188,3856
1_0000,1_0000_224,256,91155,4516
1_0000,1_0000_225,256,91344,5000
1_0000,1_0000_226,256,91860,4556
1_0000,1_0000_227,256,92400,3852
1_0000,1_0000_228,256,92985,4056
1_0000,1_0000_229,256,93027,3976
1_0000,1_0000_230,256,92937,4016
1_0000,1_0000_231,256,93018,3516
1_0000,1_0000_232,256,93147,3480
1_0000,1_0000_233,256,93075,3644
1_0000,1_0000_234,256,93486,4220
1_0000,1_0000_235,256,93456,4132
1_0000,1_0000_236,256,93159,3748
1_0000,1_0000_237,256,92841,3532
1_0000,1_0000_238,256,92982,3436
1_0000,1_0000_239,256,93039,3112
1_0000,1_0000_240,256,92676,2548
1_0000,1_0000_241,256,92208,3216
1_0000,1_0000_242,256,91788,3772
1_0000,1_0000_243,256,91992,4340
1_0000,1_0000_244,256,92256,4808
1_0000,1_0000_245,256,92004,5436
1_0000,1_0000_246,256,92247,5008
1_0000,1_0000_247,256,92310,4908
1_0000,1_0000_248,256,92703,4392
1_0000,1_0000_249,256,92862,3988
1_0000,1_0000_250,256,92844,4144
1_0000,1_0000_251,256,92853,4084
1_0000,1_0000_252,256,92535,3968
1_0000,1_0000_253,256,92331,3792
1_0000,1_0000_254,256,92322,3164
1_0000,1_0000_255,256,92772,3100
1_0000,1_0000_256,256,92874,2816
1_0000,1_0000_257,256,92460,3600
1_0000,1_0000_258,256,92640,4284
1_0000,1_0000_259,256,92430,3572
1_0000,1_0000_260,256,91842,3100
1_0000,1_0000_261,256,91710,3464
1_0000,1_0000_262,256,91359,3640
1_0000,1_0000_263,256,91476,3696
1_0000,1_0000_264,256,91614,3844
1_0000,1_0000_265,256,91644,3720
1_0000,1_0000_266,256,91608,3512
1_0000,1_0000_267,256,91629,3220
1_0000,1_0000_268,256,91836,3236
1_0000,1_0000_269,256,91839,2888
1_0000,1_0000_270,256,91620,2924
1_0000,1_0000_271,256,91578,3164
1_0000,1_0000_272,256,91254,3216
1_0000,1_0000_273,256,91284,3248
1_0000,1_0000_274,256,90954,2076
1_0000,1_0000_275,256,90741,1900
1_0000,1_0000_276,256,90699,1660
1_0000,1_0000_277,256,90369,1608
1_0000,1_0000_278,256,90147,1768
1_0000,1_0000_279,256,90135,1468
1_0000,1_0000_280,256,90030,920
1_0000,1_0000_281,256,90003,1648
1_0000,1_0000_282,256,89919,1984
1_0000,1_0000_283,256,90036,2440
1_0000,1_0000_284,256,90066,1508
1_0000,1_0000_285,256,90669,1552
1_0000,1_0000_286,256,90789,1420
1_0000,1_0000_287,256,90723,1208
1_0000,1_0000_288,256,90594,928
1_0000,1_0000_289,256,90429,1260
1_0000,1_0000_290,256,90333,876
1_0000,1_0000_291,256,90177,1236
1_0000,1_0000_292,256,90045,1124
1_0000,1_0000_293,256,89523,1592
1_0000,1_0000_294,256,89169,1112
1_0000,1_0000_295,256,88977,576
1_0000,1_0000_296,256,88473,412
1_0000,1_0000_297,256,88335,484
1_0000,1_0000_298,256,88056,540
1_0000,1_0000_299,256,87615,520
1_0000,1_0000_300,256,87465,348
1_0000,1_0000_301,256,87003,348
1_0000,1_0000_302,256,86748,552
1_0000,1_0000_303,256,86487,572
1_0000,1_0000_304,256,86523,528
1_0000,1_0000_305,256,86166,532
1_0000,1_0000_306,256,85764,412
1_0000,1_0000_307,256,85467,336
1_0000,1_0000_308,256,84951,340
1_0000,1_0000_309,256,84417,852
1_0000,1_0000_310,256,84036,908
1_0000,1_0000_311,256,83391,768
1_0000,1_0000_312,256,82884,872
1_0000,1_0000_313,256,82296,840
1_0000,1_0000_314,256,81654,880
1_0000,1_0000_315,256,81153,920
1_0000,1_0000_316,256,80163,1064
1_0000,1_0000_317,256,79608,1156
1_0000,1_0000_318,256,78936,1024
1_0000,1_0000_319,256,78615,976
1_0000,1_0000_320,256,78072,1220
1_0000,1_0000_321,256,77538,1388
1_0000,1_0000_322,256,77082,1272
1_0000,1_0000_323,256,76443,968
1_0000,1_0000_324,256,75966,920
1_0000,1_0000_325,256,75090,1196
1_0000,1_0000_326,256,74364,880
1_0000,1_0000_327,256,74142,932
1_0000,1_0000_328,256,73563,1136
1_0000,1_0000_329,256,72876,1160
1_0000,1_0000_330,256,72513,1340
1_0000,1_0000_331,256,71931,1160
1_0000,1_0000_332,256,71373,1148
1_0000,1_0000_333,256,71139,1900
1_0000,1_0000_334,256,70599,2312
1_0000,1_0000_335,256,69939,2124
1_0000,1_0000_336,256,69492,1944
1_0000,1_0000_337,256,69045,1484
1_0000,1_0000_338,256,68589,852
1_0000,1_0000_339,256,68352,1092
1_0000,1_0000_340,256,67959,1056
1_0000,1_0000_341,256,67395,1368
1_0000,1_0000_342,256,66909,1220
1_0000,1_0000_343,256,66384,1816
1_0000,1_0000_344,256,65880,1568
1_0000,1_0000_345,256,65076,1444
1_0000,1_0000_346,256,64404,1384
1_0000,1_0000_347,256,63441,1644
1_0000,1_0000_348,256,62580,1872
1_0000,1_0000_349,256,61830,1620
1_0000,1_0000_350,256,60786,1484
1_0000,1_0000_351,256,60090,1860
1_0000,1_0000_352,256,58989,1520
1_0000,1_0000_353,256,58020,784
1_0000,1_0000_354,256,57261,904
1_0000,1_0000_355,256,56361,912
1_0000,1_0000_356,256,55260,1300
1_0000,1_0000_357,256,54372,1560
1_0000,1_0000_358,256,53286,1336
1_0000,1_0000_359,256,52209,1156
1_0000,1_0000_360,256,51312,1300
1_0000,1_0000_361,256,50418,1632
1_0000,1_0000_362,256,49470,1636
1_0000,1_0000_363,256,48405,1516
1_0000,1_0000_364,256,47217,1508
1_0000,1_0000_365,256,46212,1380
1_0000,1_0000_366,256,45087,1644
1_0000,1_0000_367,256,43947,1764
1_0000,1_0000_368,256,42831,1416
1_0000,1_0000_369,256,42021,1624
1_0000,1_0000_370,256,40911,1348
1_0000,1_0000_371,256,39636,1440
1_0000,1_0000_372,256,38565,2004
1_0000,1_0000_373,256,37413,2060
1_0000,1_0000_374,256,36435,2196
1_0000,1_0000_375,256,35316,2104
1_0000,1_0000_376,256,34230,1820
1_0000,1_0000_377,256,33135,1880
1_0000,1_0000_378,256,32103,1720
1_0000,1_0000_379,256,31101,1728
1_0000,1_0000_380,256,29928,1476
1_0000,1_0000_381,256,28635,1512
1_0000,1_0000_382,256,27315,1988
1_0000,1_0000_383,256,26124,1964
1_0000,1_0000_384,256,24867,1668
1_0000,1_0000_385,256,23634,1540
1_0000,1_0000_386,256,22416,1352
1_0000,1_0000_387,256,21177,1588
1_0000,1_0000_388,256,19914,1632
1_0000,1_0000_389,256,18684,1660
1_0000,1_0000_390,256,17424,1284
1_0000,1_0000_391,256,16041,1068
1_0000,1_0000_392,256,14814,1408
1_0000,1_0000_393,256,13152,1528
1_0000,1_0000_394,256,11673,1592
1_0000,1_0000_395,256,10431,1480
1_0000,1_0000_396,256,9312,1812
1_0000,1_0000_397,256,8202,2128
1_0000,1_0000_398,256,6468,2108
1_0000,1_0000_399,256,5469,1788
1_0000,1_0000_400,256,3855,1256
1_0000,1_0000_401,256,1161,452
2_0000,2_0000_053,256,27,0
2_0000,2_0000_054,256,357,88
2_0000,2_0000_055,256,597,260
2_0000,2_0000_056,256,711,384
2_0000,2_0000_057,256,807,404
2_0000,2_0000_058,256,933,456
2_0000,2_0000_059,256,1101,460
2_0000,2_0000_060,256,1284,480
2_0000,2_0000_061,256,1509,484
2_0000,2_0000_062,256,1611,460
2_0000,2_0000_063,256,1827,528
2_0000,2_0000_064,256,1995,536
2_0000,2_0000_065,256,2157,584
2_0000,2_0000_066,256,2337,736
2_0000,2_0000_067,256,2466,816
2_0000,2_0000_068,256,2655,952
2_0000,2_0000_069,256,2793,1012
2_0000,2_0000_070,256,2895,1032
2_0000,2_0000_071,256,3054,1108
2_0000,2_0000_072,256,3228,1164
2_0000,2_0000_073,256,3441,1144
2_0000,2_0000_074,256,3600,1276
2_0000,2_0000_075,256,3729,1408
2_0000,2_0000_076,256,3870,1492
2_0000,2_0000_077,256,4020,1512
2_0000,2_0000_078,256,4191,1636
2_0000,2_0000_079,256,4296,1648
2_0000,2_0000_080,256,4521,1736
2_0000,2_0000_081,256,4692,1788
2_0000,2_0000_082,256,4935,1868
2_0000,2_0000_083,256,5154,2020
2_0000,2_0000_084,256,5355,2072
2_0000,2_0000_085,256,5568,2188
2_0000,2_0000_086,256,5745,2268
2_0000,2_0000_087,256,5889,2244
2_0000,2_0000_088,256,6036,2356
2_0000,2_0000_089,256,6207,2440
2_0000,2_0000_090,256,6489,2504
2_0000,2_0000_091,256,6888,2604
2_0000,2_0000_092,256,7317,2516
2_0000,2_0000_093,256,7551,2452
2_0000,2_0000_094,256,7758,2512
2_0000,2_0000_095,256,8151,2612
2_0000,2_0000_096,256,8349,2828
2_0000,2_0000_097,256,8625,2952
2_0000,2_0000_098,256,8988,2960
2_0000,2_0000_099,256,9258,2956
2_0000,2_0000_100,256,9675,2676
2_0000,2_0000_101,256,10137,2756
2_0000,2_0000_102,256,10503,2776
2_0000,2_0000_103,256,10698,2808
2_0000,2_0000_104,256,11205,3368
2_0000,2_0000_105,256,11577,3516
2_0000,2_0000_106,256,12042,3684
2_0000,2_0000_107,256,12714,3748
2_0000,2_0000_108,256,13203,4072
2_0000,2_0000_109,256,13587,4292
2_0000,2_0000_110,256,13974,4828
2_0000,2_0000_111,256,14436,4820
2_0000,2_0000_112,256,14958,4980
2_0000,2_0000_113,256,15576,5284
2_0000,2_0000_114,256,16122,5504
2_0000,2_0000_115,256,16638,5848
2_0000,2_0000_116,256,17136,5864
2_0000,2_0000_117,256,17580,5832
2_0000,2_0000_118,256,18297,6100
2_0000,2_0000_119,256,18867,6180
2_0000,2_0000_120,256,19473,6484
2_0000,2_0000_121,256,19998,6764
2_0000,2_0000_122,256,20505,7012
2_0000,2_0000_123,256,21108,6708
2_0000,2_0000_124,256,21750,7088
2_0000,2_0000_125,256,22530,7184
2_0000,2_0000_126,256,23337,7004
2_0000,2_0000_127,256,24000,6636
2_0000,2_0000_128,256,24753,6800
2_0000,2_0000_129,256,25350,7536
2_0000,2_0000_130,256,26055,7100
2_0000,2_0000_131,256,26760,6936
2_0000,2_0000_132,256,27249,6984
2_0000,2_0000_133,256,27867,6572
2_0000,2_0000_134,256,28554,6392
2_0000,2_0000_135,256,29361,6724
2_0000,2_0000_136,256,30234,6436
2_0000,2_0000_137,256,30828,6908
2_0000,2_0000_138,256,31581,6784
2_0000,2_0000_139,256,32526,7356
2_0000,2_0000_140,256,33213,7840
2_0000,2_0000_141,256,34293,8344
2_0000,2_0000_142,256,35316,8324
2_0000,2_0000_143,256,36195,9292
2_0000,2_0000_144,256,37155,9308
2_0000,2_0000_145,256,38211,10012
2_0000,2_0000_146,256,39039,10408
2_0000,2_0000_147,256,39891,9556
2_0000,2_0000_148,256,40524,9080
2_0000,2_0000_149,256,41268,9236
2_0000,2_0000_150,256,41931,8536
2_0000,2_0000_151,256,42840,8100
2_0000,2_0000_152,256,43620,8128
2_0000,2_0000_153,256,44097,8476
2_0000,2_0000_154,256,44448,8980
2_0000,2_0000_155,256,45249,8628
2_0000,2_0000_156,256,46137,8292
2_0000,2_0000_157,256,47016,8084
2_0000,2_0000_158,256,47913,7564
2_0000,2_0000_159,256,48438,6828
2_0000,2_0000_160,256,49116,6724
2_0000,2_0000_161,256,49671,7640
2_0000,2_0000_162,256,50505,8412
2_0000,2_0000_163,256,51585,7720
2_0000,2_0000_164,256,52752,6380
2_0000,2_0000_165,256,53610,6328
2_0000,2_0000_166,256,54522,5864
2_0000,2_0000_167,256,55380,5324
2_0000,2_0000_168,256,56340,5096
2_0000,2_0000_169,256,57597,5016
2_0000,2_0000_170,256,59634,5432
2_0000,2_0000_171,256,60633,6084
2_0000,2_0000_172,256,61425,8188
2_0000,2_0000_173,256,62001,8684
2_0000,2_0000_174,256,62604,8712
2_0000,2_0000_175,256,62850,8748
2_0000,2_0000_176,256,63033,9120
2_0000,2_0000_177,256,63258,9140
2_0000,2_0000_178,256,63294,9092
2_0000,2_0000_179,256,63417,8532
2_0000,2_0000_180,256,63651,7928
2_0000,2_0000_181,256,64341,7820
2_0000,2_0000_182,256,64998,6748
2_0000,2_0000_183,256,64980,6844
2_0000,2_0000_184,256,64566,7508
2_0000,2_0000_185,256,64059,7832
2_0000,2_0000_186,256,63831,7188
2_0000,2_0000_187,256,64077,5080
2_0000,2_0000_188,256,64641,4328
2_0000,2_0000_189,256,65223,4532
2_0000,2_0000_190,256,65850,4032
2_0000,2_0000_191,256,66198,4044
2_0000,2_0000_192,256,66147,5056
2_0000,2_0000_193,256,66306,5124
2_0000,2_0000_194,256,66942,3632
2_0000,2_0000_195,256,67941,4340
2_0000,2_0000_196,256,68553,5528
2_0000,2_0000_197,256,69024,6476
2_0000,2_0000_198,256,70038,5252
2_0000,2_0000_199,256,70659,4728
2_0000,2_0000_200,256,71370,4544
2_0000,2_0000_201,256,71961,4792
2_0000,2_0000_202,256,72543,5164
2_0000,2_0000_203,256,73359,5800
2_0000,2_0000_204,256,73620,6376
2_0000,2_0000_205,256,74262,6508
2_0000,2_0000_206,256,74667,6848
2_0000,2_0000_207,256,74136,7832
2_0000,2_0000_208,256,74598,6316
2_0000,2_0000_209,256,75663,5292
2_0000,2_0000_210,256,76230,5344
2_0000,2_0000_211,256,76404,5604
2_0000,2_0000_212,256,77223,5736
2_0000,2_0000_213,256,77445,6860
2_0000,2_0000_214,256,77979,7748
2_0000,2_0000_215,256,78930,8280
2_0000,2_0000_216,256,79899,7432
2_0000,2_0000_217,256,80655,7192
2_0000,2_0000_218,256,81141,7008
2_0000,2_0000_219,256,81774,6116
2_0000,2_0000_220,256,82128,7444
2_0000,2_0000_221,256,83172,7908
2_0000,2_0000_222,256,83427,8024
2_0000,2_0000_223,256,84228,7520
2_0000,2_0000_224,256,85182,7764
2_0000,2_0000_225,256,86070,6752
2_0000,2_0000_226,256,87324,7572
2_0000,2_0000_227,256,89016,7032
2_0000,2_0000_228,256,89577,7208
2_0000,2_0000_229,256,89802,6900
2_0000,2_0000_230,256,89874,7364
2_0000,2_0000_231,256,89808,7856
2_0000,2_0000_232,256,89730,8172
2_0000,2_0000_233,256,89844,7672
2_0000,2_0000_234,256,89784,5728
2_0000,2_0000_235,256,89871,5000
2_0000,2_0000_236,256,89772,4852
2_0000,2_0000_237,256,89619,4432
2_0000,2_0000_238,256,90057,3896
2_0000,2_0000_239,256,89937,3896
2_0000,2_0000_240,256,89961,4000
2_0000,2_0000_241,256,89964,3944
2_0000,2_0000_242,256,90189,5028
2_0000,2_0000_243,256,90357,4680
2_0000,2_0000_244,256,90849,3148
2_0000,2_0000_245,256,91566,2788
2_0000,2_0000_246,256,92133,1680
2_0000,2_0000_247,256,92388,2080
2_0000,2_0000_248,256,92643,1964
2_0000,2_0000_249,256,92790,1988
2_0000,2_0000_250,256,93051,2252
2_0000,2_0000_251,256,93432,2440
2_0000,2_0000_252,256,93741,2240
2_0000,2_0000_253,256,94023,2612
2_0000,2_0000_254,256,94407,2660
2_0000,2_0000_255,256,94548,2756
2_0000,2_0000_256,256,94656,3192
2_0000,2_0000_257,256,94692,3672
2_0000,2_0000_258,256,94932,3700
2_0000,2_0000_259,256,95274,3188
2_0000,2_0000_260,256,95535,3424
2_0000,2_0000_261,256,95769,3100
2_0000,2_0000_262,256,95988,3116
2_0000,2_0000_263,256,96129,3480
2_0000,2_0000_264,256,96216,3356
2_0000,2_0000_265,256,96546,4000
2_0000,2_0000_266,256,96636,4336
2_0000,2_0000_267,256,96372,3800
2_0000,2_0000_268,256,96195,3280
2_0000,2_0000_269,256,95850,3424
2_0000,2_0000_270,256,95508,2656
2_0000,2_0000_271,256,95331,3336
2_0000,2_0000_272,256,95088,3092
2_0000,2_0000_273,256,94773,3312
2_0000,2_0000_274,256,94587,3584
2_0000,2_0000_275,256,93825,3212
2_0000,2_0000_276,256,93669,2836
2_0000,2_0000_277,256,93915,2324
2_0000,2_0000_278,256,93933,2764
2_0000,2_0000_279,256,93813,2528
2_0000,2_0000_280,256,93840,2284
2_0000,2_0000_281,256,93822,1948
2_0000,2_0000_282,256,93492,1652
2_0000,2_0000_283,256,93288,1596
2_0000,2_0000_284,256,92976,1844
2_0000,2_0000_285,256,92838,1828
2_0000,2_0000_286,256,92694,2040
2_0000,2_0000_287,256,92481,2304
2_0000,2_0000_288,256,92067,2152
2_0000,2_0000_289,256,91902,2688
2_0000,2_0000_290,256,91944,3148
2_0000,2_0000_291,256,91752,2512
2_0000,2_0000_292,256,91668,2560
2_0000,2_0000_293,256,91554,2128
2_0000,2_0000_294,256,91272,3040
2_0000,2_0000_295,256,90993,3648
2_0000,2_0000_296,256,90819,3076
2_0000,2_0000_297,256,90498,2252
2_0000,2_0000_298,256,90582,2092
2_0000,2_0000_299,256,90633,2588
2_0000,2_0000_300,256,90180,3044
2_0000,2_0000_301,256,89982,2980
2_0000,2_0000_302,256,89835,2692
2_0000,2_0000_303,256,89358,2452
2_0000,2_0000_304,256,88848,2432
2_0000,2_0000_305,256,88626,2300
2_0000,2_0000_306,256,88428,2276
2_0000,2_0000_307,256,88179,2432
2_0000,2_0000_308,256,87963,2636
2_0000,2_0000_309,256,87600,2952
2_0000,2_0000_310,256,87450,3588
2_0000,2_0000_311,256,87282,3060
2_0000,2_0000_312,256,86652,2620
2_0000,2_0000_313,256,86148,2824
2_0000,2_0000_314,256,85650,2384
2_0000,2_0000_315,256,85161,2348
2_0000,2_0000_316,256,84711,2288
2_0000,2_0000_317,256,84153,2320
2_0000,2_0000_318,256,83691,2384
2_0000,2_0000_319,256,83235,2316
2_0000,2_0000_320,256,82794,2440
2_0000,2_0000_321,256,82119,2512
2_0000,2_0000_322,256,81492,2336
2_0000,2_0000_323,256,80937,1980
2_0000,2_0000_324,256,80160,1868
2_0000,2_0000_325,256,79521,1808
2_0000,2_0000_326,256,78816,2112
2_0000,2_0000_327,256,77940,2176
2_0000,2_0000_328,256,77124,2404
2_0000,2_0000_329,256,76287,2368
2_0000,2_0000_330,256,75423,2188
2_0000,2_0000_331,256,74460,2008
2_0000,2_0000_332,256,73410,2064
2_0000,2_0000_333,256,72393,1872
2_0000,2_0000_334,256,71508,1568
2_0000,2_0000_335,256,70341,1408
2_0000,2_0000_336,256,69429,1344
2_0000,2_0000_337,256,68397,1544
2_0000,2_0000_338,256,67212,1548
2_0000,2_0000_339,256,65760,1408
2_0000,2_0000_340,256,64380,1340
2_0000,2_0000_341,256,62880,1220
2_0000,2_0000_342,256,61323,820
2_0000,2_0000_343,256,59865,1012
2_0000,2_0000_344,256,58380,1108
2_0000,2_0000_345,256,56769,932
2_0000,2_0000_346,256,55107,996
2_0000,2_0000_347,256,53292,588
2_0000,2_0000_348,256,51423,768
2_0000,2_0000_349,256,49917,568
2_0000,2_0000_350,256,48354,424
2_0000,2_0000_351,256,46746,980
2_0000,2_0000_352,256,45240,700
2_0000,2_0000_353,256,43791,784
2_0000,2_0000_354,256,42132,796
2_0000,2_0000_355,256,40503,836
2_0000,2_0000_356,256,38967,564
2_0000,2_0000_357,256,37431,584
2_0000,2_0000_358,256,35955,580
2_0000,2_0000_359,256,34485,880
2_0000,2_0000_360,256,32940,948
2_0000,2_0000_361,256,31467,1064
2_0000,2_0000_362,256,30063,1388
2_0000,2_0000_363,256,28590,1288
2_0000,2_0000_364,256,27285,1480
2_0000,2_0000_365,256,25971,1560
2_0000,2_0000_366,256,24726,1508
2_0000,2_0000_367,256,23502,1952
2_0000,2_0000_368,256,22224,1656
2_0000,2_0000_369,256,20793,1500
2_0000,2_0000_370,256,19638,1612
2_0000,2_0000_371,256,18465,1360
2_0000,2_0000_372,256,17265,1620
2_0000,2_0000_373,256,16050,1712
2_0000,2_0000_374,256,14778,1396
2_0000,2_0000_375,256,13590,1776
2_0000,2_0000_376,256,12570,2024
2_0000,2_0000_377,256,11553,1940
2_0000,2_0000_378,256,10434,1608
2_0000,2_0000_379,256,9180,1400
2_0000,2_0000_380,256,8097,1456
2_0000,2_0000_381,256,7038,1264
2_0000,2_0000_382,256,6066,1336
2_0000,2_0000_383,256,5172,1400
2_0000,2_0000_384,256,4275,1260
2_0000,2_0000_385,256,3465,1112
2_0000,2_0000_386,256,2682,856
2_0000,2_0000_387,256,1782,676
2_0000,2_0000_388,256,1194,520
2_0000,2_0000_389,256,831,368
2_0000,2_0000_390,256,534,264
3_0000,3_0000_048,256,81,0
3_0000,3_0000_049,256,48,0
3_0000,3_0000_050,256,186,48
3_0000,3_0000_051,256,249,112
3_0000,3_0000_052,256,324,172
3_0000,3_0000_053,256,351,128
3_0000,3_0000_054,256,540,220
3_0000,3_0000_055,256,732,316
3_0000,3_0000_056,256,924,280
3_0000,3_0000_057,256,1218,388
3_0000,3_0000_058,256,1509,480
3_0000,3_0000_059,256,1755,548
3_0000,3_0000_060,256,2058,564
3_0000,3_0000_061,256,2217,700
3_0000,3_0000_062,256,2337,900
3_0000,3_0000_063,256,2631,1004
3_0000,3_0000_064,256,2955,788
3_0000,3_0000_065,256,3282,832
3_0000,3_0000_066,256,3615,968
3_0000,3_0000_067,256,3990,1032
3_0000,3_0000_068,256,4314,1132
3_0000,3_0000_069,256,4713,1384
3_0000,3_0000_070,256,4914,1312
3_0000,3_0000_071,256,5184,1640
3_0000,3_0000_072,256,5619,1620
3_0000,3_0000_073,256,5916,1804
3_0000,3_0000_074,256,6312,1952
3_0000,3_0000_075,256,6771,2508
3_0000,3_0000_076,256,7029,2812
3_0000,3_0000_077,256,7314,2968
3_0000,3_0000_078,256,7737,3028
3_0000,3_0000_079,256,7938,3184
3_0000,3_0000_080,256,8361,3248
3_0000,3_0000_081,256,8745,3356
3_0000,3_0000_082,256,9018,3400
3_0000,3_0000_083,256,9462,3324
3_0000,3_0000_084,256,9924,3200
3_0000,3_0000_085,256,10134,3444
3_0000,3_0000_086,256,10656,3604
3_0000,3_0000_087,256,11028,3764
3_0000,3_0000_088,256,11496,3868
3_0000,3_0000_089,256,11670,3932
3_0000,3_0000_090,256,11976,3796
3_0000,3_0000_091,256,12369,3680
3_0000,3_0000_092,256,12723,4004
3_0000,3_0000_093,256,13203,3524
3_0000,3_0000_094,256,13575,3344
3_0000,3_0000_095,256,14247,3164
3_0000,3_0000_096,256,14670,3228
3_0000,3_0000_097,256,15120,2728
3_0000,3_0000_098,256,15654,2648
3_0000,3_0000_099,256,16275,2692
3_0000,3_0000_100,256,16713,2920
3_0000,3_0000_101,256,17340,2848
3_0000,3_0000_102,256,17829,2872
3_0000,3_0000_103,256,18357,2996
3_0000,3_0000_104,256,18870,2824
3_0000,3_0000_105,256,19257,2968
3_0000,3_0000_106,256,19692,2948
3_0000,3_0000_107,256,20148,3012
3_0000,3_0000_108,256,20520,3780
3_0000,3_0000_109,256,20967,3496
3_0000,3_0000_110,256,21528,2988
3_0000,3_0000_111,256,22218,2980
3_0000,3_0000_112,256,22590,3216
3_0000,3_0000_113,256,23280,3388
3_0000,3_0000_114,256,23826,3268
3_0000,3_0000_115,256,24453,3376
3_0000,3_0000_116,256,24963,2976
3_0000,3_0000_117,256,25413,3156
3_0000,3_0000_118,256,25878,3544
3_0000,3_0000_119,256,26382,3008
3_0000,3_0000_120,256,26934,2904
3_0000,3_0000_121,256,27225,3360
3_0000,3_0000_122,256,27996,3744
3_0000,3_0000_123,256,28587,4224
3_0000,3_0000_124,256,29223,4068
3_0000,3_0000_125,256,29862,4360
3_0000,3_0000_126,256,30642,4276
3_0000,3_0000_127,256,31350,3948
3_0000,3_0000_128,256,31968,3580
3_0000,3_0000_129,256,32493,3552
3_0000,3_0000_130,256,33171,3832
3_0000,3_0000_131,256,34209,4316
3_0000,3_0000_132,256,35019,4816
3_0000,3_0000_133,256,35913,4800
3_0000,3_0000_134,256,36963,4276
3_0000,3_0000_135,256,37680,3888
3_0000,3_0000_136,256,38517,4480
3_0000,3_0000_137,256,39324,4480
3_0000,3_0000_138,256,40278,4032
3_0000,3_0000_139,256,40857,3180
3_0000,3_0000_140,256,41799,2904
3_0000,3_0000_141,256,42891,2180
3_0000,3_0000_142,256,43923,2684
3_0000,3_0000_143,256,45006,2468
3_0000,3_0000_144,256,46098,2116
3_0000,3_0000_145,256,47952,2284
3_0000,3_0000_146,256,49047,2104
3_0000,3_0000_147,256,50244,3160
3_0000,3_0000_148,256,51639,3916
3_0000,3_0000_149,256,52785,4372
3_0000,3_0000_150,256,54183,3364
3_0000,3_0000_151,256,55758,2024
3_0000,3_0000_152,256,57267,2752
3_0000,3_0000_153,256,59112,3740
3_0000,3_0000_154,256,60885,3140
3_0000,3_0000_155,256,62457,2004
3_0000,3_0000_156,256,64026,2204
3_0000,3_0000_157,256,65589,2200
3_0000,3_0000_158,256,67395,2368
3_0000,3_0000_159,256,69441,2848
3_0000,3_0000_160,256,71064,2736
3_0000,3_0000_161,256,72183,2604
3_0000,3_0000_162,256,73287,3144
3_0000,3_0000_163,256,74325,3040
3_0000,3_0000_164,256,75477,4012
3_0000,3_0000_165,256,77187,3104
3_0000,3_0000_166,256,78828,3176
3_0000,3_0000_167,256,80970,2664
3_0000,3_0000_168,256,83013,1860
3_0000,3_0000_169,256,84801,1904
3_0000,3_0000_170,256,86778,1516
3_0000,3_0000_171,256,88386,1672
3_0000,3_0000_172,256,88791,1040
3_0000,3_0000_173,256,89307,904
3_0000,3_0000_174,256,90039,796
3_0000,3_0000_175,256,90531,328
3_0000,3_0000_176,256,91335,280
3_0000,3_0000_177,256,92082,116
3_0000,3_0000_178,256,92043,348
3_0000,3_0000_179,256,92715,76
3_0000,3_0000_180,256,92703,492
3_0000,3_0000_181,256,92286,196
3_0000,3_0000_182,256,92847,408
3_0000,3_0000_183,256,92901,160
3_0000,3_0000_184,256,92817,180
3_0000,3_0000_185,256,92928,364
3_0000,3_0000_186,256,93051,84
3_0000,3_0000_187,256,93045,68
3_0000,3_0000_188,256,93120,0
3_0000,3_0000_189,256,93066,0
3_0000,3_0000_190,256,93042,0
3_0000,3_0000_191,256,92940,0
3_0000,3_0000_192,256,92748,0
3_0000,3_0000_193,256,92541,0
3_0000,3_0000_194,256,92529,192
3_0000,3_0000_195,256,92490,268
3_0000,3_0000_196,256,92076,0
3_0000,3_0000_197,256,91998,84
3_0000,3_0000_198,256,91893,176
3_0000,3_0000_199,256,91791,320
3_0000,3_0000_200,256,92025,740
3_0000,3_0000_201,256,92139,716
3_0000,3_0000_202,256,92190,524
3_0000,3_0000_203,256,92472,652
3_0000,3_0000_204,256,92481,696
3_0000,3_0000_205,256,92310,632
3_0000,3_0000_206,256,92145,720
3_0000,3_0000_207,256,91911,708
3_0000,3_0000_208,256,91833,1280
3_0000,3_0000_209,256,91710,1632
3_0000,3_0000_210,256,91437,1340
3_0000,3_0000_211,256,91311,948
3_0000,3_0000_212,256,91293,1312
3_0000,3_0000_213,256,91788,468
3_0000,3_0000_214,256,91728,232
3_0000,3_0000_215,256,91419,140
3_0000,3_0000_216,256,90927,316
3_0000,3_0000_217,256,90909,548
3_0000,3_0000_218,256,90972,432
3_0000,3_0000_219,256,90612,592
3_0000,3_0000_220,256,90024,840
3_0000,3_0000_221,256,89769,948
3_0000,3_0000_222,256,89496,828
3_0000,3_0000_223,256,89043,872
3_0000,3_0000_224,256,88869,1184
3_0000,3_0000_225,256,88518,1088
3_0000,3_0000_226,256,88191,512
3_0000,3_0000_227,256,88038,384
3_0000,3_0000_228,256,88023,120
3_0000,3_0000_229,256,87897,612
3_0000,3_0000_230,256,87774,16
3_0000,3_0000_231,256,87495,0
3_0000,3_0000_232,256,87075,264
3_0000,3_0000_233,256,86748,352
3_0000,3_0000_234,256,86409,332
3_0000,3_0000_235,256,86181,380
3_0000,3_0000_236,256,86163,728
3_0000,3_0000_237,256,86112,340
3_0000,3_0000_238,256,85908,0
3_0000,3_0000_239,256,85791,28
3_0000,3_0000_240,256,85302,136
3_0000,3_0000_241,256,84912,0
3_0000,3_0000_242,256,84690,0
3_0000,3_0000_243,256,84324,0
3_0000,3_0000_244,256,84024,48
3_0000,3_0000_245,256,83736,0
3_0000,3_0000_246,256,83583,0
3_0000,3_0000_247,256,83136,0
3_0000,3_0000_248,256,83043,0
3_0000,3_0000_249,256,82995,388
3_0000,3_0000_250,256,82422,652
3_0000,3_0000_251,256,81909,716
3_0000,3_0000_252,256,81405,312
3_0000,3_0000_253,256,80769,64
3_0000,3_0000_254,256,80337,0
3_0000,3_0000_255,256,79785,0
3_0000,3_0000_256,256,79227,0
3_0000,3_0000_257,256,79014,224
3_0000,3_0000_258,256,78828,152
3_0000,3_0000_259,256,78855,272
3_0000,3_0000_260,256,78807,340
3_0000,3_0000_261,256,78531,200
3_0000,3_0000_262,256,78210,12
3_0000,3_0000_263,256,77568,220
3_0000,3_0000_264,256,76965,492
3_0000,3_0000_265,256,76350,600
3_0000,3_0000_266,256,75816,856
3_0000,3_0000_267,256,75279,912
3_0000,3_0000_268,256,74874,812
3_0000,3_0000_269,256,74364,728
3_0000,3_0000_270,256,73887,436
3_0000,3_0000_271,256,73404,260
3_0000,3_0000_272,256,72900,256
3_0000,3_0000_273,256,72588,260
3_0000,3_0000_274,256,72123,264
3_0000,3_0000_275,256,71772,412
3_0000,3_0000_276,256,71106,408
3_0000,3_0000_277,256,70623,664
3_0000,3_0000_278,256,70188,1424
3_0000,3_0000_279,256,69693,1256
3_0000,3_0000_280,256,69018,1144
3_0000,3_0000_281,256,68298,696
3_0000,3_0000_282,256,67692,684
3_0000,3_0000_283,256,66975,816
3_0000,3_0000_284,256,66378,620
3_0000,3_0000_285,256,65481,1032
3_0000,3_0000_286,256,64689,788
3_0000,3_0000_287,256,64041,944
3_0000,3_0000_288,256,63261,1004
3_0000,3_0000_289,256,62445,764
3_0000,3_0000_290,256,61791,800
3_0000,3_0000_291,256,61062,908
3_0000,3_0000_292,256,60147,724
3_0000,3_0000_293,256,59436,744
3_0000,3_0000_294,256,58782,736
3_0000,3_0000_295,256,58074,864
3_0000,3_0000_296,256,57474,868
3_0000,3_0000_297,256,56772,700
3_0000,3_0000_298,256,56040,540
3_0000,3_0000_299,256,55332,620
3_0000,3_0000_300,256,54639,1016
3_0000,3_0000_301,256,53808,672
3_0000,3_0000_302,256,53040,1084
3_0000,3_0000_303,256,52089,1060
3_0000,3_0000_304,256,51246,928
3_0000,3_0000_305,256,50505,1296
3_0000,3_0000_306,256,49572,1396
3_0000,3_0000_307,256,48663,1220
3_0000,3_0000_308,256,47622,1224
3_0000,3_0000_309,256,46626,1192
3_0000,3_0000_310,256,45540,1260
3_0000,3_0000_311,256,44553,964
3_0000,3_0000_312,256,43548,1620
3_0000,3_0000_313,256,42648,1888
3_0000,3_0000_314,256,41670,1924
3_0000,3_0000_315,256,40773,2184
3_0000,3_0000_316,256,39759,2208
3_0000,3_0000_317,256,38853,2164
3_0000,3_0000_318,256,37812,1828
3_0000,3_0000_319,256,36729,1788
3_0000,3_0000_320,256,35868,1940
3_0000,3_0000_321,256,34740,2196
3_0000,3_0000_322,256,33864,2376
3_0000,3_0000_323,256,32904,2536
3_0000,3_0000_324,256,31980,2412
3_0000,3_0000_325,256,30960,2428
3_0000,3_0000_326,256,30117,2212
3_0000,3_0000_327,256,29223,1580
3_0000,3_0000_328,256,28245,1140
3_0000,3_0000_329,256,27243,1148
3_0000,3_0000_330,256,26457,1064
3_0000,3_0000_331,256,25725,804
3_0000,3_0000_332,256,24837,1016
3_0000,3_0000_333,256,23520,772
3_0000,3_0000_334,256,21825,820
3_0000,3_0000_335,256,20649,1144
3_0000,3_0000_336,256,19644,1164
3_0000,3_0000_337,256,18783,1388
3_0000,3_0000_338,256,17895,1588
3_0000,3_0000_339,256,16938,1504
3_0000,3_0000_340,256,16047,1644
3_0000,3_0000_341,256,15159,1564
3_0000,3_0000_342,256,14238,1624
3_0000,3_0000_343,256,13383,1556
3_0000,3_0000_344,256,12516,1716
3_0000,3_0000_345,256,11739,2004
3_0000,3_0000_346,256,10977,2304
3_0000,3_0000_347,256,10164,2188
3_0000,3_0000_348,256,9318,2064
3_0000,3_0000_349,256,8490,1756
3_0000,3_0000_350,256,7389,2108
3_0000,3_0000_351,256,6435,2176
3_0000,3_0000_352,256,5598,1900
3_0000,3_0000_353,256,4596,1620
3_0000,3_0000_354,256,3399,1156
3_0000,3_0000_355,256,2310,844
5_0000,5_0000_037,256,15,0
5_0000,5_0000_038,256,90,0
5_0000,5_0000_039,256,150,48
5_0000,5_0000_040,256,330,168
5_0000,5_0000_041,256,498,244
5_0000,5_0000_042,256,669,316
5_0000,5_0000_043,256,774,368
5_0000,5_0000_044,256,930,416
5_0000,5_0000_045,256,1152,464
5_0000,5_0000_046,256,1536,644
5_0000,5_0000_047,256,1836,800
5_0000,5_0000_048,256,2139,896
5_0000,5_0000_049,256,2613,972
5_0000,5_0000_050,256,2862,968
5_0000,5_0000_051,256,3420,1228
5_0000,5_0000_052,256,3927,1440
5_0000,5_0000_053,256,4341,1676
5_0000,5_0000_054,256,5034,1844
5_0000,5_0000_055,256,5862,1800
5_0000,5_0000_056,256,6363,1968
5_0000,5_0000_057,256,7146,1968
5_0000,5_0000_058,256,7650,2056
5_0000,5_0000_059,256,8010,1916
5_0000,5_0000_060,256,8508,1820
5_0000,5_0000_061,256,9072,2048
5_0000,5_0000_062,256,9519,2508
5_0000,5_0000_063,256,10167,2740
5_0000,5_0000_064,256,10944,2832
5_0000,5_0000_065,256,11664,3148
5_0000,5_0000_066,256,12408,3128
5_0000,5_0000_067,256,13068,3648
5_0000,5_0000_068,256,13797,3872
5_0000,5_0000_069,256,14514,3784
5_0000,5_0000_070,256,15255,3800
5_0000,5_0000_071,256,16059,4144
5_0000,5_0000_072,256,16968,4324
5_0000,5_0000_073,256,17817,4648
5_0000,5_0000_074,256,18648,4672
5_0000,5_0000_075,256,19455,4796
5_0000,5_0000_076,256,20190,4892
5_0000,5_0000_077,256,21066,5120
5_0000,5_0000_078,256,21786,5100
5_0000,5_0000_079,256,22848,4868
5_0000,5_0000_080,256,23604,4852
5_0000,5_0000_081,256,24516,5252
5_0000,5_0000_082,256,25425,5992
5_0000,5_0000_083,256,26265,5868
5_0000,5_0000_084,256,27153,5552
5_0000,5_0000_085,256,28077,5540
5_0000,5_0000_086,256,28707,5892
5_0000,5_0000_087,256,29790,6148
5_0000,5_0000_088,256,30774,6468
5_0000,5_0000_089,256,31842,7072
5_0000,5_0000_090,256,32883,7240
5_0000,5_0000_091,256,34008,7700
5_0000,5_0000_092,256,34974,7748
5_0000,5_0000_093,256,36015,7296
5_0000,5_0000_094,256,37071,7260
5_0000,5_0000_095,256,38250,7544
5_0000,5_0000_096,256,39282,7944
5_0000,5_0000_097,256,40479,7512
5_0000,5_0000_098,256,41595,7156
5_0000,5_0000_099,256,42624,7224
5_0000,5_0000_100,256,43395,7280
5_0000,5_0000_101,256,44511,7616
5_0000,5_0000_102,256,45723,7656
5_0000,5_0000_103,256,46947,8176
5_0000,5_0000_104,256,48063,9124
5_0000,5_0000_105,256,49122,8756
5_0000,5_0000_106,256,50583,8668
5_0000,5_0000_107,256,51696,8492
5_0000,5_0000_108,256,52917,8028
5_0000,5_0000_109,256,54237,8280
5_0000,5_0000_110,256,55338,9220
5_0000,5_0000_111,256,56460,9864
5_0000,5_0000_112,256,58131,9988
5_0000,5_0000_113,256,59268,9764
5_0000,5_0000_114,256,60417,8928
5_0000,5_0000_115,256,61797,8972
5_0000,5_0000_116,256,63330,8412
5_0000,5_0000_117,256,65076,7744
5_0000,5_0000_118,256,66555,8600
5_0000,5_0000_119,256,67836,9132
5_0000,5_0000_120,256,69549,10592
5_0000,5_0000_121,256,71610,11204
5_0000,5_0000_122,256,73128,12152
5_0000,5_0000_123,256,74826,12024
5_0000,5_0000_124,256,75972,11712
5_0000,5_0000_125,256,77133,9988
5_0000,5_0000_126,256,78240,11016
5_0000,5_0000_127,256,79398,11856
5_0000,5_0000_128,256,80448,13636
5_0000,5_0000_129,256,80892,13696
5_0000,5_0000_130,256,81378,12904
5_0000,5_0000_131,256,81783,12700
5_0000,5_0000_132,256,82371,13240
5_0000,5_0000_133,256,82959,12744
5_0000,5_0000_134,256,83103,12712
5_0000,5_0000_135,256,83430,11252
5_0000,5_0000_136,256,83481,11656
5_0000,5_0000_137,256,83613,11936
5_0000,5_0000_138,256,83370,12296
5_0000,5_0000_139,256,83004,11924
5_0000,5_0000_140,256,82323,11696
5_0000,5_0000_141,256,81765,11136
5_0000,5_0000_142,256,81057,10568
5_0000,5_0000_143,256,80652,10420
5_0000,5_0000_144,256,79938,10552
5_0000,5_0000_145,256,79572,10248
5_0000,5_0000_146,256,79044,10012
5_0000,5_0000_147,256,78333,9332
5_0000,5_0000_148,256,78120,9572
5_0000,5_0000_149,256,77145,9424
5_0000,5_0000_150,256,76602,9352
5_0000,5_0000_151,256,76212,9140
5_0000,5_0000_152,256,75795,8796
5_0000,5_0000_153,256,75744,7764
5_0000,5_0000_154,256,75651,7332
5_0000,5_0000_155,256,75639,7612
5_0000,5_0000_156,256,75414,7628
5_0000,5_0000_157,256,75159,6420
5_0000,5_0000_158,256,75180,6212
5_0000,5_0000_159,256,74883,7088
5_0000,5_0000_160,256,74577,7148
5_0000,5_0000_161,256,74610,6404
5_0000,5_0000_162,256,74655,6108
5_0000,5_0000_163,256,74559,5780
5_0000,5_0000_164,256,74274,5884
5_0000,5_0000_165,256,74013,6608
5_0000,5_0000_166,256,73791,7056
5_0000,5_0000_167,256,73302,7244
5_0000,5_0000_168,256,72786,7468
5_0000,5_0000_169,256,72369,7068
5_0000,5_0000_170,256,71781,6984
5_0000,5_0000_171,256,71397,7376
5_0000,5_0000_172,256,71028,7072
5_0000,5_0000_173,256,71109,6756
5_0000,5_0000_174,256,70701,6904
5_0000,5_0000_175,256,71031,5380
5_0000,5_0000_176,256,70701,5968
5_0000,5_0000_177,256,70260,5784
5_0000,5_0000_178,256,70254,6184
5_0000,5_0000_179,256,70035,6308
5_0000,5_0000_180,256,69942,6140
5_0000,5_0000_181,256,69975,4896
5_0000,5_0000_182,256,69720,4472
5_0000,5_0000_183,256,69408,4400
5_0000,5_0000_184,256,69258,4656
5_0000,5_0000_185,256,69081,4844
5_0000,5_0000_186,256,68859,4696
5_0000,5_0000_187,256,68862,4148
5_0000,5_0000_188,256,68556,4332
5_0000,5_0000_189,256,68523,4148
5_0000,5_0000_190,256,68487,4412
5_0000,5_0000_191,256,68754,4360
5_0000,5_0000_192,256,68505,4260
5_0000,5_0000_193,256,68373,4804
5_0000,5_0000_194,256,68187,5028
5_0000,5_0000_195,256,68232,5000
5_0000,5_0000_196,256,68574,5096
5_0000,5_0000_197,256,69003,5872
5_0000,5_0000_198,256,69363,6388
5_0000,5_0000_199,256,69234,6836
5_0000,5_0000_200,256,69129,6700
5_0000,5_0000_201,256,69207,6068
5_0000,5_0000_202,256,69270,6396
5_0000,5_0000_203,256,69480,6292
5_0000,5_0000_204,256,69447,5968
5_0000,5_0000_205,256,69459,5856
5_0000,5_0000_206,256,69717,6188
5_0000,5_0000_207,256,69816,6244
5_0000,5_0000_208,256,70128,5316
5_0000,5_0000_209,256,69939,5008
5_0000,5_0000_210,256,69933,5096
5_0000,5_0000_211,256,70314,5364
5_0000,5_0000_212,256,70182,5176
5_0000,5_0000_213,256,70593,4632
5_0000,5_0000_214,256,70581,4240
5_0000,5_0000_215,256,70485,4388
5_0000,5_0000_216,256,70476,4772
5_0000,5_0000_217,256,70626,5192
5_0000,5_0000_218,256,70767,4836
5_0000,5_0000_219,256,70629,4528
5_0000,5_0000_220,256,70584,4344
5_0000,5_0000_221,256,70524,4148
5_0000,5_0000_222,256,70374,4016
5_0000,5_0000_223,256,70434,4004
5_0000,5_0000_224,256,70800,3960
5_0000,5_0000_225,256,70731,3684
5_0000,5_0000_226,256,71067,3696
5_0000,5_0000_227,256,71133,3416
5_0000,5_0000_228,256,71076,3220
5_0000,5_0000_229,256,70998,3000
5_0000,5_0000_230,256,70797,2776
5_0000,5_0000_231,256,70830,2616
5_0000,5_0000_232,256,70824,2516
5_0000,5_0000_233,256,70788,2540
5_0000,5_0000_234,256,70698,2268
5_0000,5_0000_235,256,70701,2476
5_0000,5_0000_236,256,70845,2668
5_0000,5_0000_237,256,70701,2576
5_0000,5_0000_238,256,70425,2496
5_0000,5_0000_239,256,70413,2288
5_0000,5_0000_240,256,70143,2420
5_0000,5_0000_241,256,70182,2524
5_0000,5_0000_242,256,69879,2404
5_0000,5_0000_243,256,69855,2484
5_0000,5_0000_244,256,69687,2332
5_0000,5_0000_245,256,69636,2604
5_0000,5_0000_246,256,69642,2920
5_0000,5_0000_247,256,69591,3104
5_0000,5_0000_248,256,69708,2824
5_0000,5_0000_249,256,69693,2676
5_0000,5_0000_250,256,69531,2804
5_0000,5_0000_251,256,69468,2372
5_0000,5_0000_252,256,69396,2300
5_0000,5_0000_253,256,69486,2460
5_0000,5_0000_254,256,69567,2640
5_0000,5_0000_255,256,69390,2024
5_0000,5_0000_256,256,69402,1364
5_0000,5_0000_257,256,69285,1120
5_0000,5_0000_258,256,69168,1360
5_0000,5_0000_259,256,69168,1416
5_0000,5_0000_260,256,69294,1532
5_0000,5_0000_261,256,69024,1592
5_0000,5_0000_262,256,68802,1448
5_0000,5_0000_263,256,68445,1716
5_0000,5_0000_264,256,68163,2064
5_0000,5_0000_265,256,67830,1844
5_0000,5_0000_266,256,67497,1740
5_0000,5_0000_267,256,67227,1780
5_0000,5_0000_268,256,67047,1808
5_0000,5_0000_269,256,66630,1668
5_0000,5_0000_270,256,66300,1700
5_0000,5_0000_271,256,66162,2020
5_0000,5_0000_272,256,65733,2268
5_0000,5_0000_273,256,65550,2468
5_0000,5_0000_274,256,65289,2376
5_0000,5_0000_275,256,65013,2404
5_0000,5_0000_276,256,64890,2300
5_0000,5_0000_277,256,64749,2120
5_0000,5_0000_278,256,64644,2212
5_0000,5_0000_279,256,64503,2616
5_0000,5_0000_280,256,64230,2584
5_0000,5_0000_281,256,63966,2876
5_0000,5_0000_282,256,63882,2808
5_0000,5_0000_283,256,63684,2888
5_0000,5_0000_284,256,63669,3044
5_0000,5_0000_285,256,63447,3348
5_0000,5_0000_286,256,63231,3028
5_0000,5_0000_287,256,63048,3104
5_0000,5_0000_288,256,62802,3148
5_0000,5_0000_289,256,62520,3032
5_0000,5_0000_290,256,62247,3268
5_0000,5_0000_291,256,61893,3436
5_0000,5_0000_292,256,61521,3536
5_0000,5_0000_293,256,61089,3844
5_0000,5_0000_294,256,60687,4088
5_0000,5_0000_295,256,60372,3960
5_0000,5_0000_296,256,59877,3988
5_0000,5_0000_297,256,59331,4072
5_0000,5_0000_298,256,58998,3904
5_0000,5_0000_299,256,58590,3508
5_0000,5_0000_300,256,58071,3812
5_0000,5_0000_301,256,57600,4172
5_0000,5_0000_302,256,57063,4156
5_0000,5_0000_303,256,56499,3832
5_0000,5_0000_304,256,55833,3656
5_0000,5_0000_305,256,55380,3540
5_0000,5_0000_306,256,54816,3804
5_0000,5_0000_307,256,54246,3732
5_0000,5_0000_308,256,53703,3736
5_0000,5_0000_309,256,53001,3572
5_0000,5_0000_310,256,52611,3404
5_0000,5_0000_311,256,51807,3116
5_0000,5_0000_312,256,51114,2972
5_0000,5_0000_313,256,50460,2920
5_0000,5_0000_314,256,49806,2844
5_0000,5_0000_315,256,49095,2768
5_0000,5_0000_316,256,48255,2648
5_0000,5_0000_317,256,47331,2432
5_0000,5_0000_318,256,46500,2636
5_0000,5_0000_319,256,45807,2780
5_0000,5_0000_320,256,44814,2748
5_0000,5_0000_321,256,43992,2668
5_0000,5_0000_322,256,43107,2444
5_0000,5_0000_323,256,42285,2416
5_0000,5_0000_324,256,41346,2292
5_0000,5_0000_325,256,40512,2164
5_0000,5_0000_326,256,39462,1964
5_0000,5_0000_327,256,38619,1940
5_0000,5_0000_328,256,37797,1684
5_0000,5_0000_329,256,36639,1600
5_0000,5_0000_330,256,35472,1664
5_0000,5_0000_331,256,34572,1608
5_0000,5_0000_332,256,33402,1496
5_0000,5_0000_333,256,32448,1876
5_0000,5_0000_334,256,31566,2060
5_0000,5_0000_335,256,30609,2048
5_0000,5_0000_336,256,29679,2216
5_0000,5_0000_337,256,28641,2308
5_0000,5_0000_338,256,27729,2260
5_0000,5_0000_339,256,26835,2084
5_0000,5_0000_340,256,25902,1852
5_0000,5_0000_341,256,24915,1976
5_0000,5_0000_342,256,23742,1960
5_0000,5_0000_343,256,22791,1864
5_0000,5_0000_344,256,21732,1916
5_0000,5_0000_345,256,20664,1752
5_0000,5_0000_346,256,19581,1900
5_0000,5_0000_347,256,18624,2172
5_0000,5_0000_348,256,17625,2164
5_0000,5_0000_349,256,16749,1980
5_0000,5_0000_350,256,15945,1844
5_0000,5_0000_351,256,15162,1828
5_0000,5_0000_352,256,14463,1844
5_0000,5_0000_353,256,13608,1776
5_0000,5_0000_354,256,12747,1444
5_0000,5_0000_355,256,11955,1476
5_0000,5_0000_356,256,10962,1164
5_0000,5_0000_357,256,10128,1016
5_0000,5_0000_358,256,9309,888
5_0000,5_0000_359,256,8484,756
5_0000,5_0000_360,256,7410,600
5_0000,5_0000_361,256,6600,592
5_0000,5_0000_362,256,5829,1428
5_0000,5_0000_363,256,5259,1664
5_0000,5_0000_364,256,4701,1324
5_0000,5_0000_365,256,4287,1032
5_0000,5_0000_366,256,3846,1012
5_0000,5_0000_367,256,3429,828
5_0000,5_0000_368,256,3033,1040
5_0000,5_0000_369,256,2640,972
5_0000,5_0000_370,256,2301,864
5_0000,5_0000_371,256,1953,748
5_0000,5_0000_372,256,1614,684
5_0000,5_0000_373,256,1311,584
5_0000,5_0000_374,256,1041,452
5_0000,5_0000_375,256,681,304
AIIB23_145_0000,AIIB23_145_0000_037,256,237,88
AIIB23_145_0000,AIIB23_145_0000_038,256,630,80
AIIB23_145_0000,AIIB23_145_0000_039,256,987,100
AIIB23_145_0000,AIIB23_145_0000_040,256,1977,652
AIIB23_145_0000,AIIB23_145_0000_041,256,3054,1012
AIIB23_145_0000,AIIB23_145_0000_042,256,4149,1316
AIIB23_145_0000,AIIB23_145_0000_043,256,5571,1564
AIIB23_145_0000,AIIB23_145_0000_044,256,5811,1608
AIIB23_145_0000,AIIB23_145_0000_045,256,7437,1884
AIIB23_145_0000,AIIB23_145_0000_046,256,9282,2840
AIIB23_145_0000,AIIB23_145_0000_047,256,15756,4976
AIIB23_145_0000,AIIB23_145_0000_048,256,22098,7576
AIIB23_145_0000,AIIB23_145_0000_049,256,27738,7068
AIIB23_145_0000,AIIB23_145_0000_050,256,32664,6884
AIIB23_145_0000,AIIB23_145_0000_051,256,34326,7248
AIIB23_145_0000,AIIB23_145_0000_052,256,35253,9004
AIIB23_145_0000,AIIB23_145_0000_053,256,37206,7936
AIIB23_145_0000,AIIB23_145_0000_054,256,40443,8436
AIIB23_145_0000,AIIB23_145_0000_055,256,43695,8888
AIIB23_145_0000,AIIB23_145_0000_056,256,46872,10160
AIIB23_145_0000,AIIB23_145_0000_057,256,50253,10044
AIIB23_145_0000,AIIB23_145_0000_058,256,53448,10908
AIIB23_145_0000,AIIB23_145_0000_059,256,57099,11876
AIIB23_145_0000,AIIB23_145_0000_060,256,61593,10656
AIIB23_145_0000,AIIB23_145_0000_061,256,65331,10812
AIIB23_145_0000,AIIB23_145_0000_062,256,69306,8680
AIIB23_145_0000,AIIB23_145_0000_063,256,72000,9244
AIIB23_145_0000,AIIB23_145_0000_064,256,72009,8592
AIIB23_145_0000,AIIB23_145_0000_065,256,72558,8656
AIIB23_145_0000,AIIB23_145_0000_066,256,72915,7300
AIIB23_145_0000,AIIB23_145_0000_067,256,72702,5248
AIIB23_145_0000,AIIB23_145_0000_068,256,73053,4636
AIIB23_145_0000,AIIB23_145_0000_069,256,73143,4732
AIIB23_145_0000,AIIB23_145_0000_070,256,73041,5324
AIIB23_145_0000,AIIB23_145_0000_071,256,74172,4944
AIIB23_145_0000,AIIB23_145_0000_072,256,75138,6120
AIIB23_145_0000,AIIB23_145_0000_073,256,75807,5824
AIIB23_145_0000,AIIB23_145_0000_074,256,75030,5496
AIIB23_145_0000,AIIB23_145_0000_075,256,74379,4496
AIIB23_145_0000,AIIB23_145_0000_076,256,75336,4472
AIIB23_145_0000,AIIB23_145_0000_077,256,75282,5232
AIIB23_145_0000,AIIB23_145_0000_078,256,75645,5668
AIIB23_145_0000,AIIB23_145_0000_079,256,76143,4580
AIIB23_145_0000,AIIB23_145_0000_080,256,77907,2768
AIIB23_145_0000,AIIB23_145_0000_081,256,78579,2792
AIIB23_145_0000,AIIB23_145_0000_082,256,78108,3024
AIIB23_145_0000,AIIB23_145_0000_083,256,77904,4328
AIIB23_145_0000,AIIB23_145_0000_084,256,77934,5424
AIIB23_145_0000,AIIB23_145_0000_085,256,77124,6116
AIIB23_145_0000,AIIB23_145_0000_086,256,75972,4672
AIIB23_145_0000,AIIB23_145_0000_087,256,74556,5444
AIIB23_145_0000,AIIB23_145_0000_088,256,73071,5328
AIIB23_145_0000,AIIB23_145_0000_089,256,71946,6536
AIIB23_145_0000,AIIB23_145_0000_090,256,69963,6740
AIIB23_145_0000,AIIB23_145_0000_091,256,68838,5504
AIIB23_145_0000,AIIB23_145_0000_092,256,68649,7328
AIIB23_145_0000,AIIB23_145_0000_093,256,67269,6376
AIIB23_145_0000,AIIB23_145_0000_094,256,65616,5512
AIIB23_145_0000,AIIB23_145_0000_095,256,63654,6140
AIIB23_145_0000,AIIB23_145_0000_096,256,62031,8180
AIIB23_145_0000,AIIB23_145_0000_097,256,60819,7052
AIIB23_145_0000,AIIB23_145_0000_098,256,60129,6676
AIIB23_145_0000,AIIB23_145_0000_099,256,59079,6720
AIIB23_145_0000,AIIB23_145_0000_100,256,57360,6976
AIIB23_145_0000,AIIB23_145_0000_101,256,55578,6200
AIIB23_145_0000,AIIB23_145_0000_102,256,54135,4716
AIIB23_145_0000,AIIB23_145_0000_103,256,52341,3468
AIIB23_145_0000,AIIB23_145_0000_104,256,50223,3204
AIIB23_145_0000,AIIB23_145_0000_105,256,47370,3512
AIIB23_145_0000,AIIB23_145_0000_106,256,44436,3768
AIIB23_145_0000,AIIB23_145_0000_107,256,42105,3852
AIIB23_145_0000,AIIB23_145_0000_108,256,40188,3396
AIIB23_145_0000,AIIB23_145_0000_109,256,37884,3352
AIIB23_145_0000,AIIB23_145_0000_110,256,35760,3572
AIIB23_145_0000,AIIB23_145_0000_111,256,33711,2968
AIIB23_145_0000,AIIB23_145_0000_112,256,31941,3544
AIIB23_145_0000,AIIB23_145_0000_113,256,30033,4504
AIIB23_145_0000,AIIB23_145_0000_114,256,28287,3968
AIIB23_145_0000,AIIB23_145_0000_115,256,26835,2660
AIIB23_145_0000,AIIB23_145_0000_116,256,25152,3260
AIIB23_145_0000,AIIB23_145_0000_117,256,23169,3672
AIIB23_145_0000,AIIB23_145_0000_118,256,20967,2572
AIIB23_145_0000,AIIB23_145_0000_119,256,18852,2788
AIIB23_145_0000,AIIB23_145_0000_120,256,16914,2668
AIIB23_145_0000,AIIB23_145_0000_121,256,14790,2828
AIIB23_145_0000,AIIB23_145_0000_122,256,12699,3056
AIIB23_145_0000,AIIB23_145_0000_123,256,10491,2756
AIIB23_145_0000,AIIB23_145_0000_124,256,8100,2108
AIIB23_145_0000,AIIB23_145_0000_125,256,5184,1788
AIIB23_145_0000,AIIB23_145_0000_126,256,3999,1388
AIIB23_145_0000,AIIB23_145_0000_127,256,2913,1140
AIIB23_145_0000,AIIB23_145_0000_128,256,1806,720
AIIB23_146_0000,AIIB23_146_0000_023,256,6,0
AIIB23_146_0000,AIIB23_146_0000_024,256,78,0
AIIB23_146_0000,AIIB23_146_0000_025,256,249,132
AIIB23_146_0000,AIIB23_146_0000_026,256,540,232
AIIB23_146_0000,AIIB23_146_0000_027,256,912,400
AIIB23_146_0000,AIIB23_146_0000_028,256,1164,604
AIIB23_146_0000,AIIB23_146_0000_029,256,1530,720
AIIB23_146_0000,AIIB23_146_0000_030,256,1869,780
AIIB23_146_0000,AIIB23_146_0000_031,256,2223,884
AIIB23_146_0000,AIIB23_146_0000_032,256,2517,932
AIIB23_146_0000,AIIB23_146_0000_033,256,2820,1048
AIIB23_146_0000,AIIB23_146_0000_034,256,3033,1172
AIIB23_146_0000,AIIB23_146_0000_035,256,3228,1292
AIIB23_146_0000,AIIB23_146_0000_036,256,3657,1364
AIIB23_146_0000,AIIB23_146_0000_037,256,4065,1564
AIIB23_146_0000,AIIB23_146_0000_038,256,4296,1660
AIIB23_146_0000,AIIB23_146_0000_039,256,4617,1748
AIIB23_146_0000,AIIB23_146_0000_040,256,4977,1832
AIIB23_146_0000,AIIB23_146_0000_041,256,5493,1768
AIIB23_146_0000,AIIB23_146_0000_042,256,5934,1620
AIIB23_146_0000,AIIB23_146_0000_043,256,6273,1728
AIIB23_146_0000,AIIB23_146_0000_044,256,6570,1804
AIIB23_146_0000,AIIB23_146_0000_045,256,6975,1792
AIIB23_146_0000,AIIB23_146_0000_046,256,7302,2036
AIIB23_146_0000,AIIB23_146_0000_047,256,7782,2144
AIIB23_146_0000,AIIB23_146_0000_048,256,8298,2624
AIIB23_146_0000,AIIB23_146_0000_049,256,8733,2752
AIIB23_146_0000,AIIB23_146_0000_050,256,9126,2740
AIIB23_146_0000,AIIB23_146_0000_051,256,9462,2808
AIIB23_146_0000,AIIB23_146_0000_052,256,9789,2620
AIIB23_146_0000,AIIB23_146_0000_053,256,10263,2664
AIIB23_146_0000,AIIB23_146_0000_054,256,10929,3232
AIIB23_146_0000,AIIB23_146_0000_055,256,11472,3500
AIIB23_146_0000,AIIB23_146_0000_056,256,12015,3812
AIIB23_146_0000,AIIB23_146_0000_057,256,12570,3624
AIIB23_146_0000,AIIB23_146_0000_058,256,13044,3156
AIIB23_146_0000,AIIB23_146_0000_059,256,13548,2848
AIIB23_146_0000,AIIB23_146_0000_060,256,14067,2536
AIIB23_146_0000,AIIB23_146_0000_061,256,14565,2424
AIIB23_146_0000,AIIB23_146_0000_062,256,15198,2652
AIIB23_146_0000,AIIB23_146_0000_063,256,15969,3192
AIIB23_146_0000,AIIB23_146_0000_064,256,16659,3228
AIIB23_146_0000,AIIB23_146_0000_065,256,17358,3284
AIIB23_146_0000,AIIB23_146_0000_066,256,18129,3252
AIIB23_146_0000,AIIB23_146_0000_067,256,18624,2652
AIIB23_146_0000,AIIB23_146_0000_068,256,19470,2512
AIIB23_146_0000,AIIB23_146_0000_069,256,20151,2580
AIIB23_146_0000,AIIB23_146_0000_070,256,20967,3244
AIIB23_146_0000,AIIB23_146_0000_071,256,21759,3264
AIIB23_146_0000,AIIB23_146_0000_072,256,22491,3180
AIIB23_146_0000,AIIB23_146_0000_073,256,23097,3476
AIIB23_146_0000,AIIB23_146_0000_074,256,23568,3608
AIIB23_146_0000,AIIB23_146_0000_075,256,24282,3820
AIIB23_146_0000,AIIB23_146_0000_076,256,25089,4324
AIIB23_146_0000,AIIB23_146_0000_077,256,25617,4308
AIIB23_146_0000,AIIB23_146_0000_078,256,26436,4596
AIIB23_146_0000,AIIB23_146_0000_079,256,27231,4396
AIIB23_146_0000,AIIB23_146_0000_080,256,28044,4268
AIIB23_146_0000,AIIB23_146_0000_081,256,29001,5028
AIIB23_146_0000,AIIB23_146_0000_082,256,29835,5588
AIIB23_146_0000,AIIB23_146_0000_083,256,30528,5304
AIIB23_146_0000,AIIB23_146_0000_084,256,31188,5840
AIIB23_146_0000,AIIB23_146_0000_085,256,31782,5648
AIIB23_146_0000,AIIB23_146_0000_086,256,32598,5968
AIIB23_146_0000,AIIB23_146_0000_087,256,33513,6172
AIIB23_146_0000,AIIB23_146_0000_088,256,34407,5572
AIIB23_146_0000,AIIB23_146_0000_089,256,35322,5652
AIIB23_146_0000,AIIB23_146_0000_090,256,36396,6512
AIIB23_146_0000,AIIB23_146_0000_091,256,37332,6372
AIIB23_146_0000,AIIB23_146_0000_092,256,38577,6112
AIIB23_146_0000,AIIB23_146_0000_093,256,39525,6584
AIIB23_146_0000,AIIB23_146_0000_094,256,40413,7900
AIIB23_146_0000,AIIB23_146_0000_095,256,41130,8408
AIIB23_146_0000,AIIB23_146_0000_096,256,42063,9032
AIIB23_146_0000,AIIB23_146_0000_097,256,43023,8300
AIIB23_146_0000,AIIB23_146_0000_098,256,43908,8012
AIIB23_146_0000,AIIB23_146_0000_099,256,45057,7136
AIIB23_146_0000,AIIB23_146_0000_100,256,45990,5996
AIIB23_146_0000,AIIB23_146_0000_101,256,47160,6248
AIIB23_146_0000,AIIB23_146_0000_102,256,48240,6252
AIIB23_146_0000,AIIB23_146_0000_103,256,49497,6560
AIIB23_146_0000,AIIB23_146_0000_104,256,50682,7812
AIIB23_146_0000,AIIB23_146_0000_105,256,51594,8792
AIIB23_146_0000,AIIB23_146_0000_106,256,52377,7964
AIIB23_146_0000,AIIB23_146_0000_107,256,52914,7760
AIIB23_146_0000,AIIB23_146_0000_108,256,53781,5276
AIIB23_146_0000,AIIB23_146_0000_109,256,54819,4568
AIIB23_146_0000,AIIB23_146_0000_110,256,55668,4376
AIIB23_146_0000,AIIB23_146_0000_111,256,56268,3504
AIIB23_146_0000,AIIB23_146_0000_112,256,57342,3688
AIIB23_146_0000,AIIB23_146_0000_113,256,58554,4400
AIIB23_146_0000,AIIB23_146_0000_114,256,59529,4268
AIIB23_146_0000,AIIB23_146_0000_115,256,60618,4844
AIIB23_146_0000,AIIB23_146_0000_116,256,61866,4236
AIIB23_146_0000,AIIB23_146_0000_117,256,62934,3364
AIIB23_146_0000,AIIB23_146_0000_118,256,64311,3404
AIIB23_146_0000,AIIB23_146_0000_119,256,65625,3468
AIIB23_146_0000,AIIB23_146_0000_120,256,67005,3820
AIIB23_146_0000,AIIB23_146_0000_121,256,68673,3808
AIIB23_146_0000,AIIB23_146_0000_122,256,69894,3940
AIIB23_146_0000,AIIB23_146_0000_123,256,71589,3124
AIIB23_146_0000,AIIB23_146_0000_124,256,73287,3544
AIIB23_146_0000,AIIB23_146_0000_125,256,74520,4492
AIIB23_146_0000,AIIB23_146_0000_126,256,76326,6088
AIIB23_146_0000,AIIB23_146_0000_127,256,78468,6284
AIIB23_146_0000,AIIB23_146_0000_128,256,80973,6992
AIIB23_146_0000,AIIB23_146_0000_129,256,82806,7348
AIIB23_146_0000,AIIB23_146_0000_130,256,84516,7728
AIIB23_146_0000,AIIB23_146_0000_131,256,86472,6976
AIIB23_146_0000,AIIB23_146_0000_132,256,87756,7872
AIIB23_146_0000,AIIB23_146_0000_133,256,88587,7420
AIIB23_146_0000,AIIB23_146_0000_134,256,89133,7068
AIIB23_146_0000,AIIB23_146_0000_135,256,89133,6984
AIIB23_146_0000,AIIB23_146_0000_136,256,90714,6012
AIIB23_146_0000,AIIB23_146_0000_137,256,90348,5908
AIIB23_146_0000,AIIB23_146_0000_138,256,89481,5656
AIIB23_146_0000,AIIB23_146_0000_139,256,89361,5044
AIIB23_146_0000,AIIB23_146_0000_140,256,88917,5512
AIIB23_146_0000,AIIB23_146_0000_141,256,88335,6084
AIIB23_146_0000,AIIB23_146_0000_142,256,87747,6160
AIIB23_146_0000,AIIB23_146_0000_143,256,87531,6316
AIIB23_146_0000,AIIB23_146_0000_144,256,87162,6608
AIIB23_146_0000,AIIB23_146_0000_145,256,86595,6156
AIIB23_146_0000,AIIB23_146_0000_146,256,86118,6520
AIIB23_146_0000,AIIB23_146_0000_147,256,85188,6244
AIIB23_146_0000,AIIB23_146_0000_148,256,84435,5344
AIIB23_146_0000,AIIB23_146_0000_149,256,83622,5720
AIIB23_146_0000,AIIB23_146_0000_150,256,83043,5296
AIIB23_146_0000,AIIB23_146_0000_151,256,82209,4720
AIIB23_146_0000,AIIB23_146_0000_152,256,81489,4292
AIIB23_146_0000,AIIB23_146_0000_153,256,80553,4400
AIIB23_146_0000,AIIB23_146_0000_154,256,80073,4196
AIIB23_146_0000,AIIB23_146_0000_155,256,79530,5144
AIIB23_146_0000,AIIB23_146_0000_156,256,79014,4492
AIIB23_146_0000,AIIB23_146_0000_157,256,78183,5024
AIIB23_146_0000,AIIB23_146_0000_158,256,77352,4884
AIIB23_146_0000,AIIB23_146_0000_159,256,76767,5016
AIIB23_146_0000,AIIB23_146_0000_160,256,76254,5604
AIIB23_146_0000,AIIB23_146_0000_161,256,75762,4928
AIIB23_146_0000,AIIB23_146_0000_162,256,75540,4560
AIIB23_146_0000,AIIB23_146_0000_163,256,75273,3480
AIIB23_146_0000,AIIB23_146_0000_164,256,74535,3312
AIIB23_146_0000,AIIB23_146_0000_165,256,74313,4112
AIIB23_146_0000,AIIB23_146_0000_166,256,73794,4156
AIIB23_146_0000,AIIB23_146_0000_167,256,73143,4192
AIIB23_146_0000,AIIB23_146_0000_168,256,72510,4060
AIIB23_146_0000,AIIB23_146_0000_169,256,71901,3948
AIIB23_146_0000,AIIB23_146_0000_170,256,71424,4272
AIIB23_146_0000,AIIB23_146_0000_171,256,70869,4236
AIIB23_146_0000,AIIB23_146_0000_172,256,70170,4340
AIIB23_146_0000,AIIB23_146_0000_173,256,68883,4552
AIIB23_146_0000,AIIB23_146_0000_174,256,68130,4400
AIIB23_146_0000,AIIB23_146_0000_175,256,67764,4300
AIIB23_146_0000,AIIB23_146_0000_176,256,67404,4868
AIIB23_146_0000,AIIB23_146_0000_177,256,67305,4752
AIIB23_146_0000,AIIB23_146_0000_178,256,66861,4340
AIIB23_146_0000,AIIB23_146_0000_179,256,66426,5320
AIIB23_146_0000,AIIB23_146_0000_180,256,66060,5712
AIIB23_146_0000,AIIB23_146_0000_181,256,65751,5840
AIIB23_146_0000,AIIB23_146_0000_182,256,65391,5756
AIIB23_146_0000,AIIB23_146_0000_183,256,64659,5308
AIIB23_146_0000,AIIB23_146_0000_184,256,64551,5356
AIIB23_146_0000,AIIB23_146_0000_185,256,64140,5908
AIIB23_146_0000,AIIB23_146_0000_186,256,64188,6044
AIIB23_146_0000,AIIB23_146_0000_187,256,64023,6344
AIIB23_146_0000,AIIB23_146_0000_188,256,63729,5904
AIIB23_146_0000,AIIB23_146_0000_189,256,63072,5620
AIIB23_146_0000,AIIB23_146_0000_190,256,62532,5516
AIIB23_146_0000,AIIB23_146_0000_191,256,61767,4700
AIIB23_146_0000,AIIB23_146_0000_192,256,61611,3932
AIIB23_146_0000,AIIB23_146_0000_193,256,61467,3384
AIIB23_146_0000,AIIB23_146_0000_194,256,61173,3724
AIIB23_146_0000,AIIB23_146_0000_195,256,61347,4452
AIIB23_146_0000,AIIB23_146_0000_196,256,61251,4660
AIIB23_146_0000,AIIB23_146_0000_197,256,60789,4000
AIIB23_146_0000,AIIB23_146_0000_198,256,60207,4432
AIIB23_146_0000,AIIB23_146_0000_199,256,60108,5412
AIIB23_146_0000,AIIB23_146_0000_200,256,60327,4972
AIIB23_146_0000,AIIB23_146_0000_201,256,60264,4620
AIIB23_146_0000,AIIB23_146_0000_202,256,60231,4784
AIIB23_146_0000,AIIB23_146_0000_203,256,59943,5344
AIIB23_146_0000,AIIB23_146_0000_204,256,60048,5256
AIIB23_146_0000,AIIB23_146_0000_205,256,59940,4064
AIIB23_146_0000,AIIB23_146_0000_206,256,59178,3504
AIIB23_146_0000,AIIB23_146_0000_207,256,58728,3296
AIIB23_146_0000,AIIB23_146_0000_208,256,58764,3796
AIIB23_146_0000,AIIB23_146_0000_209,256,58860,4328
AIIB23_146_0000,AIIB23_146_0000_210,256,58674,4668
AIIB23_146_0000,AIIB23_146_0000_211,256,58185,4884
AIIB23_146_0000,AIIB23_146_0000_212,256,57759,4788
AIIB23_146_0000,AIIB23_146_0000_213,256,57516,4464
AIIB23_146_0000,AIIB23_146_0000_214,256,57804,4628
AIIB23_146_0000,AIIB23_146_0000_215,256,58287,4328
AIIB23_146_0000,AIIB23_146_0000_216,256,58779,4712
AIIB23_146_0000,AIIB23_146_0000_217,256,59241,4744
AIIB23_146_0000,AIIB23_146_0000_218,256,59244,4580
AIIB23_146_0000,AIIB23_146_0000_219,256,59052,4556
AIIB23_146_0000,AIIB23_146_0000_220,256,59097,4972
AIIB23_146_0000,AIIB23_146_0000_221,256,59340,4972
AIIB23_146_0000,AIIB23_146_0000_222,256,59535,5144
AIIB23_146_0000,AIIB23_146_0000_223,256,59295,5232
AIIB23_146_0000,AIIB23_146_0000_224,256,59892,5892
AIIB23_146_0000,AIIB23_146_0000_225,256,60561,6504
AIIB23_146_0000,AIIB23_146_0000_226,256,60384,6016
AIIB23_146_0000,AIIB23_146_0000_227,256,60147,6032
AIIB23_146_0000,AIIB23_146_0000_228,256,59880,5016
AIIB23_146_0000,AIIB23_146_0000_229,256,59499,5000
AIIB23_146_0000,AIIB23_146_0000_230,256,59283,4676
AIIB23_146_0000,AIIB23_146_0000_231,256,59187,4028
AIIB23_146_0000,AIIB23_146_0000_232,256,58758,3344
AIIB23_146_0000,AIIB23_146_0000_233,256,58599,3652
AIIB23_146_0000,AIIB23_146_0000_234,256,58440,3640
AIIB23_146_0000,AIIB23_146_0000_235,256,57945,3372
AIIB23_146_0000,AIIB23_146_0000_236,256,57624,3680
AIIB23_146_0000,AIIB23_146_0000_237,256,57213,4264
AIIB23_146_0000,AIIB23_146_0000_238,256,56997,4668
AIIB23_146_0000,AIIB23_146_0000_239,256,56643,4656
AIIB23_146_0000,AIIB23_146_0000_240,256,56241,4308
AIIB23_146_0000,AIIB23_146_0000_241,256,55830,4416
AIIB23_146_0000,AIIB23_146_0000_242,256,55098,4460
AIIB23_146_0000,AIIB23_146_0000_243,256,54651,4188
AIIB23_146_0000,AIIB23_146_0000_244,256,54384,3780
AIIB23_146_0000,AIIB23_146_0000_245,256,53823,3964
AIIB23_146_0000,AIIB23_146_0000_246,256,53505,3696
AIIB23_146_0000,AIIB23_146_0000_247,256,53001,3472
AIIB23_146_0000,AIIB23_146_0000_248,256,52707,3716
AIIB23_146_0000,AIIB23_146_0000_249,256,52173,3248
AIIB23_146_0000,AIIB23_146_0000_250,256,51663,3248
AIIB23_146_0000,AIIB23_146_0000_251,256,51477,3368
AIIB23_146_0000,AIIB23_146_0000_252,256,51117,3868
AIIB23_146_0000,AIIB23_146_0000_253,256,50802,3636
AIIB23_146_0000,AIIB23_146_0000_254,256,50424,3392
AIIB23_146_0000,AIIB23_146_0000_255,256,49884,3684
AIIB23_146_0000,AIIB23_146_0000_256,256,49338,4132
AIIB23_146_0000,AIIB23_146_0000_257,256,48738,4444
AIIB23_146_0000,AIIB23_146_0000_258,256,48231,4160
AIIB23_146_0000,AIIB23_146_0000_259,256,47841,4020
AIIB23_146_0000,AIIB23_146_0000_260,256,47295,3492
AIIB23_146_0000,AIIB23_146_0000_261,256,46683,3604
AIIB23_146_0000,AIIB23_146_0000_262,256,46053,3088
AIIB23_146_0000,AIIB23_146_0000_263,256,45315,2396
AIIB23_146_0000,AIIB23_146_0000_264,256,44628,2796
AIIB23_146_0000,AIIB23_146_0000_265,256,44172,2644
AIIB23_146_0000,AIIB23_146_0000_266,256,43632,2564
AIIB23_146_0000,AIIB23_146_0000_267,256,43140,2192
AIIB23_146_0000,AIIB23_146_0000_268,256,42702,2128
AIIB23_146_0000,AIIB23_146_0000_269,256,42354,2208
AIIB23_146_0000,AIIB23_146_0000_270,256,42000,2440
AIIB23_146_0000,AIIB23_146_0000_271,256,41526,2644
AIIB23_146_0000,AIIB23_146_0000_272,256,41010,2728
AIIB23_146_0000,AIIB23_146_0000_273,256,40455,2628
AIIB23_146_0000,AIIB23_146_0000_274,256,39621,2424
AIIB23_146_0000,AIIB23_146_0000_275,256,38769,2164
AIIB23_146_0000,AIIB23_146_0000_276,256,37992,2440
AIIB23_146_0000,AIIB23_146_0000_277,256,37392,2228
AIIB23_146_0000,AIIB23_146_0000_278,256,36840,2248
AIIB23_146_0000,AIIB23_146_0000_279,256,36258,2084
AIIB23_146_0000,AIIB23_146_0000_280,256,35526,2344
AIIB23_146_0000,AIIB23_146_0000_281,256,34884,2428
AIIB23_146_0000,AIIB23_146_0000_282,256,34122,2460
AIIB23_146_0000,AIIB23_146_0000_283,256,33360,2364
AIIB23_146_0000,AIIB23_146_0000_284,256,32673,1952
AIIB23_146_0000,AIIB23_146_0000_285,256,31878,1844
AIIB23_146_0000,AIIB23_146_0000_286,256,31260,2472
AIIB23_146_0000,AIIB23_146_0000_287,256,30444,2276
AIIB23_146_0000,AIIB23_146_0000_288,256,29574,2056
AIIB23_146_0000,AIIB23_146_0000_289,256,28680,2184
AIIB23_146_0000,AIIB23_146_0000_290,256,27843,2084
AIIB23_146_0000,AIIB23_146_0000_291,256,27042,1952
AIIB23_146_0000,AIIB23_146_0000_292,256,26061,1792
AIIB23_146_0000,AIIB23_146_0000_293,256,25266,1900
AIIB23_146_0000,AIIB23_146_0000_294,256,24552,1528
AIIB23_146_0000,AIIB23_146_0000_295,256,23880,1596
AIIB23_146_0000,AIIB23_146_0000_296,256,23169,1824
AIIB23_146_0000,AIIB23_146_0000_297,256,22302,1580
AIIB23_146_0000,AIIB23_146_0000_298,256,21513,1636
AIIB23_146_0000,AIIB23_146_0000_299,256,20652,2092
AIIB23_146_0000,AIIB23_146_0000_300,256,19812,2568
AIIB23_146_0000,AIIB23_146_0000_301,256,18963,2416
AIIB23_146_0000,AIIB23_146_0000_302,256,17997,2240
AIIB23_146_0000,AIIB23_146_0000_303,256,17124,2012
AIIB23_146_0000,AIIB23_146_0000_304,256,16329,1968
AIIB23_146_0000,AIIB23_146_0000_305,256,15576,1780
AIIB23_146_0000,AIIB23_146_0000_306,256,14727,1896
AIIB23_146_0000,AIIB23_146_0000_307,256,13944,1580
AIIB23_146_0000,AIIB23_146_0000_308,256,13167,1272
AIIB23_146_0000,AIIB23_146_0000_309,256,12279,1280
AIIB23_146_0000,AIIB23_146_0000_310,256,11277,1396
AIIB23_146_0000,AIIB23_146_0000_311,256,10401,1496
AIIB23_146_0000,AIIB23_146_0000_312,256,9438,1452
AIIB23_146_0000,AIIB23_146_0000_313,256,8625,1420
AIIB23_146_0000,AIIB23_146_0000_314,256,7881,1344
AIIB23_146_0000,AIIB23_146_0000_315,256,7200,1140
AIIB23_146_0000,AIIB23_146_0000_316,256,6282,892
AIIB23_146_0000,AIIB23_146_0000_317,256,5220,568
AIIB23_146_0000,AIIB23_146_0000_318,256,4461,500
AIIB23_146_0000,AIIB23_146_0000_319,256,3786,564
AIIB23_146_0000,AIIB23_146_0000_320,256,2973,916
AIIB23_146_0000,AIIB23_146_0000_321,256,2367,932
AIIB23_146_0000,AIIB23_146_0000_322,256,1908,748
AIIB23_146_0000,AIIB23_146_0000_323,256,1455,524
AIIB23_146_0000,AIIB23_146_0000_324,256,681,304
AIIB23_147_0000,AIIB23_147_0000_013,256,84,0
AIIB23_147_0000,AIIB23_147_0000_014,256,267,152
AIIB23_147_0000,AIIB23_147_0000_015,256,426,264
AIIB23_147_0000,AIIB23_147_0000_016,256,732,336
AIIB23_147_0000,AIIB23_147_0000_017,256,1215,476
AIIB23_147_0000,AIIB23_147_0000_018,256,1947,768
AIIB23_147_0000,AIIB23_147_0000_019,256,2436,936
AIIB23_147_0000,AIIB23_147_0000_020,256,2982,1108
AIIB23_147_0000,AIIB23_147_0000_021,256,4002,1444
AIIB23_147_0000,AIIB23_147_0000_022,256,6024,1952
AIIB23_147_0000,AIIB23_147_0000_023,256,7059,2552
AIIB23_147_0000,AIIB23_147_0000_024,256,8772,3048
AIIB23_147_0000,AIIB23_147_0000_025,256,10482,3732
AIIB23_147_0000,AIIB23_147_0000_026,256,12480,4380
AIIB23_147_0000,AIIB23_147_0000_027,256,14205,4852
AIIB23_147_0000,AIIB23_147_0000_028,256,16263,4788
AIIB23_147_0000,AIIB23_147_0000_029,256,18648,4644
AIIB23_147_0000,AIIB23_147_0000_030,256,21204,3936
AIIB23_147_0000,AIIB23_147_0000_031,256,23751,4392
AIIB23_147_0000,AIIB23_147_0000_032,256,26295,5616
AIIB23_147_0000,AIIB23_147_0000_033,256,29100,5704
AIIB23_147_0000,AIIB23_147_0000_034,256,31914,7344
AIIB23_147_0000,AIIB23_147_0000_035,256,35418,7796
AIIB23_147_0000,AIIB23_147_0000_036,256,38196,9048
AIIB23_147_0000,AIIB23_147_0000_037,256,40377,9172
AIIB23_147_0000,AIIB23_147_0000_038,256,42210,8868
AIIB23_147_0000,AIIB23_147_0000_039,256,45450,10364
AIIB23_147_0000,AIIB23_147_0000_040,256,48702,9008
AIIB23_147_0000,AIIB23_147_0000_041,256,52500,8172
AIIB23_147_0000,AIIB23_147_0000_042,256,54798,7324
AIIB23_147_0000,AIIB23_147_0000_043,256,56679,7380
AIIB23_147_0000,AIIB23_147_0000_044,256,58062,7340
AIIB23_147_0000,AIIB23_147_0000_045,256,61005,6552
AIIB23_147_0000,AIIB23_147_0000_046,256,64008,7076
AIIB23_147_0000,AIIB23_147_0000_047,256,67533,8584
AIIB23_147_0000,AIIB23_147_0000_048,256,69942,8364
AIIB23_147_0000,AIIB23_147_0000_049,256,72231,7776
AIIB23_147_0000,AIIB23_147_0000_050,256,74622,6712
AIIB23_147_0000,AIIB23_147_0000_051,256,76887,7356
AIIB23_147_0000,AIIB23_147_0000_052,256,78999,7312
AIIB23_147_0000,AIIB23_147_0000_053,256,81255,6212
AIIB23_147_0000,AIIB23_147_0000_054,256,82512,6004
AIIB23_147_0000,AIIB23_147_0000_055,256,82383,7252
AIIB23_147_0000,AIIB23_147_0000_056,256,82314,6192
AIIB23_147_0000,AIIB23_147_0000_057,256,82104,5000
AIIB23_147_0000,AIIB23_147_0000_058,256,81204,5068
AIIB23_147_0000,AIIB23_147_0000_059,256,80601,4956
AIIB23_147_0000,AIIB23_147_0000_060,256,80163,5476
AIIB23_147_0000,AIIB23_147_0000_061,256,79980,5892
AIIB23_147_0000,AIIB23_147_0000_062,256,79254,5296
AIIB23_147_0000,AIIB23_147_0000_063,256,78372,4764
AIIB23_147_0000,AIIB23_147_0000_064,256,78450,4016
AIIB23_147_0000,AIIB23_147_0000_065,256,79164,5156
AIIB23_147_0000,AIIB23_147_0000_066,256,79368,5756
AIIB23_147_0000,AIIB23_147_0000_067,256,78696,5572
AIIB23_147_0000,AIIB23_147_0000_068,256,78738,6404
AIIB23_147_0000,AIIB23_147_0000_069,256,79053,5740
AIIB23_147_0000,AIIB23_147_0000_070,256,79596,4924
AIIB23_147_0000,AIIB23_147_0000_071,256,80430,5064
AIIB23_147_0000,AIIB23_147_0000_072,256,81006,5156
AIIB23_147_0000,AIIB23_147_0000_073,256,80925,6472
AIIB23_147_0000,AIIB23_147_0000_074,256,80778,5708
AIIB23_147_0000,AIIB23_147_0000_075,256,81228,5452
AIIB23_147_0000,AIIB23_147_0000_076,256,81291,4716
AIIB23_147_0000,AIIB23_147_0000_077,256,81732,3924
AIIB23_147_0000,AIIB23_147_0000_078,256,81357,4416
AIIB23_147_0000,AIIB23_147_0000_079,256,80445,4212
AIIB23_147_0000,AIIB23_147_0000_080,256,79992,4348
AIIB23_147_0000,AIIB23_147_0000_081,256,79719,4240
AIIB23_147_0000,AIIB23_147_0000_082,256,78480,5240
AIIB23_147_0000,AIIB23_147_0000_083,256,78090,5420
AIIB23_147_0000,AIIB23_147_0000_084,256,78111,5124
AIIB23_147_0000,AIIB23_147_0000_085,256,77835,5832
AIIB23_147_0000,AIIB23_147_0000_086,256,77241,6784
AIIB23_147_0000,AIIB23_147_0000_087,256,77391,7416
AIIB23_147_0000,AIIB23_147_0000_088,256,77187,7808
AIIB23_147_0000,AIIB23_147_0000_089,256,77211,7064
AIIB23_147_0000,AIIB23_147_0000_090,256,76863,7856
AIIB23_147_0000,AIIB23_147_0000_091,256,76218,7340
AIIB23_147_0000,AIIB23_147_0000_092,256,75588,7200
AIIB23_147_0000,AIIB23_147_0000_093,256,74823,6156
AIIB23_147_0000,AIIB23_147_0000_094,256,73797,5728
AIIB23_147_0000,AIIB23_147_0000_095,256,72882,5320
AIIB23_147_0000,AIIB23_147_0000_096,256,73020,5336
AIIB23_147_0000,AIIB23_147_0000_097,256,73362,4004
AIIB23_147_0000,AIIB23_147_0000_098,256,73164,4712
AIIB23_147_0000,AIIB23_147_0000_099,256,71895,4340
AIIB23_147_0000,AIIB23_147_0000_100,256,70770,3404
AIIB23_147_0000,AIIB23_147_0000_101,256,70080,3592
AIIB23_147_0000,AIIB23_147_0000_102,256,68520,3844
AIIB23_147_0000,AIIB23_147_0000_103,256,67158,3748
AIIB23_147_0000,AIIB23_147_0000_104,256,66186,4384
AIIB23_147_0000,AIIB23_147_0000_105,256,64848,3788
AIIB23_147_0000,AIIB23_147_0000_106,256,63531,2952
AIIB23_147_0000,AIIB23_147_0000_107,256,62274,2676
AIIB23_147_0000,AIIB23_147_0000_108,256,61065,3372
AIIB23_147_0000,AIIB23_147_0000_109,256,59514,3436
AIIB23_147_0000,AIIB23_147_0000_110,256,57627,3104
AIIB23_147_0000,AIIB23_147_0000_111,256,55566,3840
AIIB23_147_0000,AIIB23_147_0000_112,256,53532,4532
AIIB23_147_0000,AIIB23_147_0000_113,256,51456,3660
AIIB23_147_0000,AIIB23_147_0000_114,256,49566,3516
AIIB23_147_0000,AIIB23_147_0000_115,256,47958,3476
AIIB23_147_0000,AIIB23_147_0000_116,256,46251,2892
AIIB23_147_0000,AIIB23_147_0000_117,256,44523,3052
AIIB23_147_0000,AIIB23_147_0000_118,256,43005,3568
AIIB23_147_0000,AIIB23_147_0000_119,256,40647,4216
AIIB23_147_0000,AIIB23_147_0000_120,256,38496,4592
AIIB23_147_0000,AIIB23_147_0000_121,256,36792,4132
AIIB23_147_0000,AIIB23_147_0000_122,256,34500,4272
AIIB23_147_0000,AIIB23_147_0000_123,256,32307,3744
AIIB23_147_0000,AIIB23_147_0000_124,256,29913,3796
AIIB23_147_0000,AIIB23_147_0000_125,256,27471,3456
AIIB23_147_0000,AIIB23_147_0000_126,256,25446,2768
AIIB23_147_0000,AIIB23_147_0000_127,256,22356,2188
AIIB23_147_0000,AIIB23_147_0000_128,256,20262,1768
AIIB23_147_0000,AIIB23_147_0000_129,256,17934,2404
AIIB23_147_0000,AIIB23_147_0000_130,256,15933,3004
AIIB23_147_0000,AIIB23_147_0000_131,256,13632,2032
AIIB23_147_0000,AIIB23_147_0000_132,256,11376,1424
AIIB23_147_0000,AIIB23_147_0000_133,256,8718,1244
AIIB23_147_0000,AIIB23_147_0000_134,256,5988,1252
AIIB23_147_0000,AIIB23_147_0000_135,256,3888,912
AIIB23_147_0000,AIIB23_147_0000_136,256,1272,412
AIIB23_159_0000,AIIB23_159_0000_067,256,159,28
AIIB23_159_0000,AIIB23_159_0000_068,256,225,80
AIIB23_159_0000,AIIB23_159_0000_069,256,267,112
AIIB23_159_0000,AIIB23_159_0000_070,256,315,72
AIIB23_159_0000,AIIB23_159_0000_071,256,384,64
AIIB23_159_0000,AIIB23_159_0000_072,256,501,180
AIIB23_159_0000,AIIB23_159_0000_073,256,648,340
AIIB23_159_0000,AIIB23_159_0000_074,256,999,384
AIIB23_159_0000,AIIB23_159_0000_075,256,1341,632
AIIB23_159_0000,AIIB23_159_0000_076,256,1548,700
AIIB23_159_0000,AIIB23_159_0000_077,256,1761,776
AIIB23_159_0000,AIIB23_159_0000_078,256,1827,620
AIIB23_159_0000,AIIB23_159_0000_079,256,2094,844
AIIB23_159_0000,AIIB23_159_0000_080,256,2625,984
AIIB23_159_0000,AIIB23_159_0000_081,256,2709,960
AIIB23_159_0000,AIIB23_159_0000_082,256,2850,904
AIIB23_159_0000,AIIB23_159_0000_083,256,2805,924
AIIB23_159_0000,AIIB23_159_0000_084,256,2976,860
AIIB23_159_0000,AIIB23_159_0000_085,256,3171,876
AIIB23_159_0000,AIIB23_159_0000_086,256,3651,984
AIIB23_159_0000,AIIB23_159_0000_087,256,4104,1072
AIIB23_159_0000,AIIB23_159_0000_088,256,4596,1384
AIIB23_159_0000,AIIB23_159_0000_089,256,5097,1580
AIIB23_159_0000,AIIB23_159_0000_090,256,5442,1700
AIIB23_159_0000,AIIB23_159_0000_091,256,5655,1860
AIIB23_159_0000,AIIB23_159_0000_092,256,5982,1980
AIIB23_159_0000,AIIB23_159_0000_093,256,6486,2256
AIIB23_159_0000,AIIB23_159_0000_094,256,7035,2496
AIIB23_159_0000,AIIB23_159_0000_095,256,7368,2480
AIIB23_159_0000,AIIB23_159_0000_096,256,7713,2676
AIIB23_159_0000,AIIB23_159_0000_097,256,8223,2932
AIIB23_159_0000,AIIB23_159_0000_098,256,8628,3112
AIIB23_159_0000,AIIB23_159_0000_099,256,9042,3164
AIIB23_159_0000,AIIB23_159_0000_100,256,9408,3092
AIIB23_159_0000,AIIB23_159_0000_101,256,9822,3184
AIIB23_159_0000,AIIB23_159_0000_102,256,10704,3192
AIIB23_159_0000,AIIB23_159_0000_103,256,11604,3336
AIIB23_159_0000,AIIB23_159_0000_104,256,12399,3596
AIIB23_159_0000,AIIB23_159_0000_105,256,13002,3744
AIIB23_159_0000,AIIB23_159_0000_106,256,13728,3940
AIIB23_159_0000,AIIB23_159_0000_107,256,14496,4052
AIIB23_159_0000,AIIB23_159_0000_108,256,15354,4272
AIIB23_159_0000,AIIB23_159_0000_109,256,16131,4528
AIIB23_159_0000,AIIB23_159_0000_110,256,17034,5216
AIIB23_159_0000,AIIB23_159_0000_111,256,17907,5328
AIIB23_159_0000,AIIB23_159_0000_112,256,18786,5224
AIIB23_159_0000,AIIB23_159_0000_113,256,19296,5092
AIIB23_159_0000,AIIB23_159_0000_114,256,19833,5068
AIIB23_159_0000,AIIB23_159_0000_115,256,20583,5032
AIIB23_159_0000,AIIB23_159_0000_116,256,21264,4692
AIIB23_159_0000,AIIB23_159_0000_117,256,21960,4552
AIIB23_159_0000,AIIB23_159_0000_118,256,22578,5036
AIIB23_159_0000,AIIB23_159_0000_119,256,23088,5196
AIIB23_159_0000,AIIB23_159_0000_120,256,23619,5352
AIIB23_159_0000,AIIB23_159_0000_121,256,23952,5416
AIIB23_159_0000,AIIB23_159_0000_122,256,24291,5632
AIIB23_159_0000,AIIB23_159_0000_123,256,24894,5868
AIIB23_159_0000,AIIB23_159_0000_124,256,25473,5588
AIIB23_159_0000,AIIB23_159_0000_125,256,26136,5572
AIIB23_159_0000,AIIB23_159_0000_126,256,26574,5632
AIIB23_159_0000,AIIB23_159_0000_127,256,27198,6348
AIIB23_159_0000,AIIB23_159_0000_128,256,27831,6768
AIIB23_159_0000,AIIB23_159_0000_129,256,28410,6888
AIIB23_159_0000,AIIB23_159_0000_130,256,29382,6960
AIIB23_159_0000,AIIB23_159_0000_131,256,30210,7264
AIIB23_159_0000,AIIB23_159_0000_132,256,30897,7156
AIIB23_159_0000,AIIB23_159_0000_133,256,31464,7000
AIIB23_159_0000,AIIB23_159_0000_134,256,32127,6920
AIIB23_159_0000,AIIB23_159_0000_135,256,32589,7016
AIIB23_159_0000,AIIB23_159_0000_136,256,33195,7192
AIIB23_159_0000,AIIB23_159_0000_137,256,33954,7268
AIIB23_159_0000,AIIB23_159_0000_138,256,34563,7516
AIIB23_159_0000,AIIB23_159_0000_139,256,35109,7524
AIIB23_159_0000,AIIB23_159_0000_140,256,35796,7640
AIIB23_159_0000,AIIB23_159_0000_141,256,36750,6992
AIIB23_159_0000,AIIB23_159_0000_142,256,37482,7268
AIIB23_159_0000,AIIB23_159_0000_143,256,38082,7072
AIIB23_159_0000,AIIB23_159_0000_144,256,38850,7116
AIIB23_159_0000,AIIB23_159_0000_145,256,39507,6792
AIIB23_159_0000,AIIB23_159_0000_146,256,40251,6556
AIIB23_159_0000,AIIB23_159_0000_147,256,40926,6552
AIIB23_159_0000,AIIB23_159_0000_148,256,41571,6760
AIIB23_159_0000,AIIB23_159_0000_149,256,42036,6692
AIIB23_159_0000,AIIB23_159_0000_150,256,42648,6720
AIIB23_159_0000,AIIB23_159_0000_151,256,43209,6912
AIIB23_159_0000,AIIB23_159_0000_152,256,43767,7036
AIIB23_159_0000,AIIB23_159_0000_153,256,44292,7180
AIIB23_159_0000,AIIB23_159_0000_154,256,44796,6788
AIIB23_159_0000,AIIB23_159_0000_155,256,45477,7196
AIIB23_159_0000,AIIB23_159_0000_156,256,46317,7600
AIIB23_159_0000,AIIB23_159_0000_157,256,47037,7888
AIIB23_159_0000,AIIB23_159_0000_158,256,47517,7872
AIIB23_159_0000,AIIB23_159_0000_159,256,48051,8036
AIIB23_159_0000,AIIB23_159_0000_160,256,48429,7848
AIIB23_159_0000,AIIB23_159_0000_161,256,48918,7580
AIIB23_159_0000,AIIB23_159_0000_162,256,49389,7804
AIIB23_159_0000,AIIB23_159_0000_163,256,49908,8180
AIIB23_159_0000,AIIB23_159_0000_164,256,50364,8356
AIIB23_159_0000,AIIB23_159_0000_165,256,51072,8908
AIIB23_159_0000,AIIB23_159_0000_166,256,51768,9236
AIIB23_159_0000,AIIB23_159_0000_167,256,52341,9428
AIIB23_159_0000,AIIB23_159_0000_168,256,52920,9568
AIIB23_159_0000,AIIB23_159_0000_169,256,53343,9844
AIIB23_159_0000,AIIB23_159_0000_170,256,53754,10264
AIIB23_159_0000,AIIB23_159_0000_171,256,54144,10240
AIIB23_159_0000,AIIB23_159_0000_172,256,54846,10256
AIIB23_159_0000,AIIB23_159_0000_173,256,55491,9584
AIIB23_159_0000,AIIB23_159_0000_174,256,56223,9304
AIIB23_159_0000,AIIB23_159_0000_175,256,56559,8556
AIIB23_159_0000,AIIB23_159_0000_176,256,56859,7548
AIIB23_159_0000,AIIB23_159_0000_177,256,57714,6484
AIIB23_159_0000,AIIB23_159_0000_178,256,58275,6928
AIIB23_159_0000,AIIB23_159_0000_179,256,59175,7352
AIIB23_159_0000,AIIB23_159_0000_180,256,59856,7732
AIIB23_159_0000,AIIB23_159_0000_181,256,60255,7852
AIIB23_159_0000,AIIB23_159_0000_182,256,60300,7440
AIIB23_159_0000,AIIB23_159_0000_183,256,60375,7252
AIIB23_159_0000,AIIB23_159_0000_184,256,60471,7392
AIIB23_159_0000,AIIB23_159_0000_185,256,60633,6980
AIIB23_159_0000,AIIB23_159_0000_186,256,60942,6988
AIIB23_159_0000,AIIB23_159_0000_187,256,61170,7192
AIIB23_159_0000,AIIB23_159_0000_188,256,61128,6656
AIIB23_159_0000,AIIB23_159_0000_189,256,61737,6260
AIIB23_159_0000,AIIB23_159_0000_190,256,62385,6052
AIIB23_159_0000,AIIB23_159_0000_191,256,63186,6000
AIIB23_159_0000,AIIB23_159_0000_192,256,64095,5992
AIIB23_159_0000,AIIB23_159_0000_193,256,65274,6536
AIIB23_159_0000,AIIB23_159_0000_194,256,66306,7116
AIIB23_159_0000,AIIB23_159_0000_195,256,67329,7336
AIIB23_159_0000,AIIB23_159_0000_196,256,67890,7496
AIIB23_159_0000,AIIB23_159_0000_197,256,67971,7396
AIIB23_159_0000,AIIB23_159_0000_198,256,68505,7456
AIIB23_159_0000,AIIB23_159_0000_199,256,69123,8276
AIIB23_159_0000,AIIB23_159_0000_200,256,69708,8684
AIIB23_159_0000,AIIB23_159_0000_201,256,70485,9028
AIIB23_159_0000,AIIB23_159_0000_202,256,70941,8468
AIIB23_159_0000,AIIB23_159_0000_203,256,71688,8840
AIIB23_159_0000,AIIB23_159_0000_204,256,72651,9136
AIIB23_159_0000,AIIB23_159_0000_205,256,73923,9432
AIIB23_159_0000,AIIB23_159_0000_206,256,74808,9876
AIIB23_159_0000,AIIB23_159_0000_207,256,76116,9420
AIIB23_159_0000,AIIB23_159_0000_208,256,77703,9356
AIIB23_159_0000,AIIB23_159_0000_209,256,77703,9632
AIIB23_159_0000,AIIB23_159_0000_210,256,77790,9360
AIIB23_159_0000,AIIB23_159_0000_211,256,77403,9720
AIIB23_159_0000,AIIB23_159_0000_212,256,76980,9408
AIIB23_159_0000,AIIB23_159_0000_213,256,76614,8092
AIIB23_159_0000,AIIB23_159_0000_214,256,76617,7084
AIIB23_159_0000,AIIB23_159_0000_215,256,76866,7268
AIIB23_159_0000,AIIB23_159_0000_216,256,76593,8012
AIIB23_159_0000,AIIB23_159_0000_217,256,76593,8796
AIIB23_159_0000,AIIB23_159_0000_218,256,77013,8952
AIIB23_159_0000,AIIB23_159_0000_219,256,77514,9084
AIIB23_159_0000,AIIB23_159_0000_220,256,77517,8056
AIIB23_159_0000,AIIB23_159_0000_221,256,77232,6888
AIIB23_159_0000,AIIB23_159_0000_222,256,77367,6464
AIIB23_159_0000,AIIB23_159_0000_223,256,77589,6536
AIIB23_159_0000,AIIB23_159_0000_224,256,77556,7456
AIIB23_159_0000,AIIB23_159_0000_225,256,77295,8544
AIIB23_159_0000,AIIB23_159_0000_226,256,76758,8676
AIIB23_159_0000,AIIB23_159_0000_227,256,75627,10064
AIIB23_159_0000,AIIB23_159_0000_228,256,75723,10456
AIIB23_159_0000,AIIB23_159_0000_229,256,75702,10100
AIIB23_159_0000,AIIB23_159_0000_230,256,75891,9456
AIIB23_159_0000,AIIB23_159_0000_231,256,76377,9220
AIIB23_159_0000,AIIB23_159_0000_232,256,76461,9176
AIIB23_159_0000,AIIB23_159_0000_233,256,76356,9440
AIIB23_159_0000,AIIB23_159_0000_234,256,75921,9436
AIIB23_159_0000,AIIB23_159_0000_235,256,75609,8928
AIIB23_159_0000,AIIB23_159_0000_236,256,75636,9124
AIIB23_159_0000,AIIB23_159_0000_237,256,75483,9252
AIIB23_159_0000,AIIB23_159_0000_238,256,75387,8480
AIIB23_159_0000,AIIB23_159_0000_239,256,75219,7992
AIIB23_159_0000,AIIB23_159_0000_240,256,74784,7564
AIIB23_159_0000,AIIB23_159_0000_241,256,74589,7712
AIIB23_159_0000,AIIB23_159_0000_242,256,74535,7464
AIIB23_159_0000,AIIB23_159_0000_243,256,74403,7120
AIIB23_159_0000,AIIB23_159_0000_244,256,74415,7272
AIIB23_159_0000,AIIB23_159_0000_245,256,74634,7800
AIIB23_159_0000,AIIB23_159_0000_246,256,74529,8240
AIIB23_159_0000,AIIB23_159_0000_247,256,74628,8872
AIIB23_159_0000,AIIB23_159_0000_248,256,74661,8856
AIIB23_159_0000,AIIB23_159_0000_249,256,74655,8956
AIIB23_159_0000,AIIB23_159_0000_250,256,74523,7796
AIIB23_159_0000,AIIB23_159_0000_251,256,74085,6936
AIIB23_159_0000,AIIB23_159_0000_252,256,73818,7488
AIIB23_159_0000,AIIB23_159_0000_253,256,73533,7060
AIIB23_159_0000,AIIB23_159_0000_254,256,73638,6508
AIIB23_159_0000,AIIB23_159_0000_255,256,73431,6964
AIIB23_159_0000,AIIB23_159_0000_256,256,73233,7644
AIIB23_159_0000,AIIB23_159_0000_257,256,73200,7884
AIIB23_159_0000,AIIB23_159_0000_258,256,73020,7448
AIIB23_159_0000,AIIB23_159_0000_259,256,72765,6992
AIIB23_159_0000,AIIB23_159_0000_260,256,72504,6512
AIIB23_159_0000,AIIB23_159_0000_261,256,72843,6224
AIIB23_159_0000,AIIB23_159_0000_262,256,72879,6536
AIIB23_159_0000,AIIB23_159_0000_263,256,72672,6328
AIIB23_159_0000,AIIB23_159_0000_264,256,72246,7128
AIIB23_159_0000,AIIB23_159_0000_265,256,72051,6768
AIIB23_159_0000,AIIB23_159_0000_266,256,72096,6548
AIIB23_159_0000,AIIB23_159_0000_267,256,72180,6136
AIIB23_159_0000,AIIB23_159_0000_268,256,72003,6200
AIIB23_159_0000,AIIB23_159_0000_269,256,71826,6460
AIIB23_159_0000,AIIB23_159_0000_270,256,71709,6572
AIIB23_159_0000,AIIB23_159_0000_271,256,71439,7508
AIIB23_159_0000,AIIB23_159_0000_272,256,71880,8244
AIIB23_159_0000,AIIB23_159_0000_273,256,72000,8912
AIIB23_159_0000,AIIB23_159_0000_274,256,71859,8244
AIIB23_159_0000,AIIB23_159_0000_275,256,71688,8076
AIIB23_159_0000,AIIB23_159_0000_276,256,71436,6580
AIIB23_159_0000,AIIB23_159_0000_277,256,70791,7260
AIIB23_159_0000,AIIB23_159_0000_278,256,70197,7964
AIIB23_159_0000,AIIB23_159_0000_279,256,69759,8212
AIIB23_159_0000,AIIB23_159_0000_280,256,69147,7840
AIIB23_159_0000,AIIB23_159_0000_281,256,68592,7148
AIIB23_159_0000,AIIB23_159_0000_282,256,68253,6628
AIIB23_159_0000,AIIB23_159_0000_283,256,67833,6392
AIIB23_159_0000,AIIB23_159_0000_284,256,67248,6288
AIIB23_159_0000,AIIB23_159_0000_285,256,66594,6632
AIIB23_159_0000,AIIB23_159_0000_286,256,66351,6564
AIIB23_159_0000,AIIB23_159_0000_287,256,66105,7476
AIIB23_159_0000,AIIB23_159_0000_288,256,65781,7196
AIIB23_159_0000,AIIB23_159_0000_289,256,65259,6932
AIIB23_159_0000,AIIB23_159_0000_290,256,64881,7112
AIIB23_159_0000,AIIB23_159_0000_291,256,64398,6748
AIIB23_159_0000,AIIB23_159_0000_292,256,63774,6168
AIIB23_159_0000,AIIB23_159_0000_293,256,63294,6536
AIIB23_159_0000,AIIB23_159_0000_294,256,62760,7152
AIIB23_159_0000,AIIB23_159_0000_295,256,62301,7332
AIIB23_159_0000,AIIB23_159_0000_296,256,61785,7376
AIIB23_159_0000,AIIB23_159_0000_297,256,61311,6988
AIIB23_159_0000,AIIB23_159_0000_298,256,60429,7224
AIIB23_159_0000,AIIB23_159_0000_299,256,59334,6636
AIIB23_159_0000,AIIB23_159_0000_300,256,58587,6512
AIIB23_159_0000,AIIB23_159_0000_301,256,57591,6532
AIIB23_159_0000,AIIB23_159_0000_302,256,56820,5672
AIIB23_159_0000,AIIB23_159_0000_303,256,55809,5516
AIIB23_159_0000,AIIB23_159_0000_304,256,54990,5560
AIIB23_159_0000,AIIB23_159_0000_305,256,53937,6020
AIIB23_159_0000,AIIB23_159_0000_306,256,52974,6144
AIIB23_159_0000,AIIB23_159_0000_307,256,51984,6200
AIIB23_159_0000,AIIB23_159_0000_308,256,50964,6240
AIIB23_159_0000,AIIB23_159_0000_309,256,49698,5612
AIIB23_159_0000,AIIB23_159_0000_310,256,48711,5832
AIIB23_159_0000,AIIB23_159_0000_311,256,47505,7040
AIIB23_159_0000,AIIB23_159_0000_312,256,46335,6248
AIIB23_159_0000,AIIB23_159_0000_313,256,45396,6208
AIIB23_159_0000,AIIB23_159_0000_314,256,44274,5516
AIIB23_159_0000,AIIB23_159_0000_315,256,43380,5092
AIIB23_159_0000,AIIB23_159_0000_316,256,42450,5576
AIIB23_159_0000,AIIB23_159_0000_317,256,41604,6176
AIIB23_159_0000,AIIB23_159_0000_318,256,40650,6256
AIIB23_159_0000,AIIB23_159_0000_319,256,39738,6088
AIIB23_159_0000,AIIB23_159_0000_320,256,38925,5468
AIIB23_159_0000,AIIB23_159_0000_321,256,38010,5644
AIIB23_159_0000,AIIB23_159_0000_322,256,37098,5952
AIIB23_159_0000,AIIB23_159_0000_323,256,36237,6072
AIIB23_159_0000,AIIB23_159_0000_324,256,35196,5408
AIIB23_159_0000,AIIB23_159_0000_325,256,34128,4680
AIIB23_159_0000,AIIB23_159_0000_326,256,33129,4328
AIIB23_159_0000,AIIB23_159_0000_327,256,31914,4348
AIIB23_159_0000,AIIB23_159_0000_328,256,30966,4500
AIIB23_159_0000,AIIB23_159_0000_329,256,30015,4068
AIIB23_159_0000,AIIB23_159_0000_330,256,28887,3784
AIIB23_159_0000,AIIB23_159_0000_331,256,27774,3788
AIIB23_159_0000,AIIB23_159_0000_332,256,26790,3464
AIIB23_159_0000,AIIB23_159_0000_333,256,25713,3364
AIIB23_159_0000,AIIB23_159_0000_334,256,25008,3020
AIIB23_159_0000,AIIB23_159_0000_335,256,23883,3364
AIIB23_159_0000,AIIB23_159_0000_336,256,22806,3440
AIIB23_159_0000,AIIB23_159_0000_337,256,21546,3404
AIIB23_159_0000,AIIB23_159_0000_338,256,20382,3452
AIIB23_159_0000,AIIB23_159_0000_339,256,19188,3052
AIIB23_159_0000,AIIB23_159_0000_340,256,17727,3152
AIIB23_159_0000,AIIB23_159_0000_341,256,16416,3080
AIIB23_159_0000,AIIB23_159_0000_342,256,15066,3080
AIIB23_159_0000,AIIB23_159_0000_343,256,13821,2948
AIIB23_159_0000,AIIB23_159_0000_344,256,12525,2872
AIIB23_159_0000,AIIB23_159_0000_345,256,11256,2816
AIIB23_159_0000,AIIB23_159_0000_346,256,10146,3076
AIIB23_159_0000,AIIB23_159_0000_347,256,9045,3040
AIIB23_159_0000,AIIB23_159_0000_348,256,7410,2504
AIIB23_159_0000,AIIB23_159_0000_349,256,6060,2080
AIIB23_159_0000,AIIB23_159_0000_350,256,4848,1712
AIIB23_159_0000,AIIB23_159_0000_351,256,3762,1220
AIIB23_159_0000,AIIB23_159_0000_352,256,3066,768
AIIB23_159_0000,AIIB23_159_0000_353,256,2445,588
AIIB23_159_0000,AIIB23_159_0000_354,256,1752,384
AIIB23_159_0000,AIIB23_159_0000_355,256,1323,284
AIIB23_159_0000,AIIB23_159_0000_356,256,699,236
AIIB23_18_0000,AIIB23_18_0000_041,256,72,0
AIIB23_18_0000,AIIB23_18_0000_042,256,261,96
AIIB23_18_0000,AIIB23_18_0000_043,256,489,180
AIIB23_18_0000,AIIB23_18_0000_044,256,579,248
AIIB23_18_0000,AIIB23_18_0000_045,256,651,296
AIIB23_18_0000,AIIB23_18_0000_046,256,720,304
AIIB23_18_0000,AIIB23_18_0000_047,256,921,352
AIIB23_18_0000,AIIB23_18_0000_048,256,1260,300
AIIB23_18_0000,AIIB23_18_0000_049,256,2145,420
AIIB23_18_0000,AIIB23_18_0000_050,256,3129,524
AIIB23_18_0000,AIIB23_18_0000_051,256,4242,808
AIIB23_18_0000,AIIB23_18_0000_052,256,5178,988
AIIB23_18_0000,AIIB23_18_0000_053,256,5919,1332
AIIB23_18_0000,AIIB23_18_0000_054,256,6465,1516
AIIB23_18_0000,AIIB23_18_0000_055,256,7098,1720
AIIB23_18_0000,AIIB23_18_0000_056,256,7764,2152
AIIB23_18_0000,AIIB23_18_0000_057,256,8298,2180
AIIB23_18_0000,AIIB23_18_0000_058,256,9045,2432
AIIB23_18_0000,AIIB23_18_0000_059,256,9612,2512
AIIB23_18_0000,AIIB23_18_0000_060,256,10308,2452
AIIB23_18_0000,AIIB23_18_0000_061,256,11184,2572
AIIB23_18_0000,AIIB23_18_0000_062,256,12267,2788
AIIB23_18_0000,AIIB23_18_0000_063,256,13173,3500
AIIB23_18_0000,AIIB23_18_0000_064,256,14145,3592
AIIB23_18_0000,AIIB23_18_0000_065,256,15303,4072
AIIB23_18_0000,AIIB23_18_0000_066,256,16851,4280
AIIB23_18_0000,AIIB23_18_0000_067,256,18177,4500
AIIB23_18_0000,AIIB23_18_0000_068,256,20040,4416
AIIB23_18_0000,AIIB23_18_0000_069,256,21483,4328
AIIB23_18_0000,AIIB23_18_0000_070,256,23097,4780
AIIB23_18_0000,AIIB23_18_0000_071,256,24699,5304
AIIB23_18_0000,AIIB23_18_0000_072,256,26412,6340
AIIB23_18_0000,AIIB23_18_0000_073,256,28551,5836
AIIB23_18_0000,AIIB23_18_0000_074,256,30267,5844
AIIB23_18_0000,AIIB23_18_0000_075,256,32004,6004
AIIB23_18_0000,AIIB23_18_0000_076,256,34233,6584
AIIB23_18_0000,AIIB23_18_0000_077,256,35985,6988
AIIB23_18_0000,AIIB23_18_0000_078,256,38097,8052
AIIB23_18_0000,AIIB23_18_0000_079,256,39843,8344
AIIB23_18_0000,AIIB23_18_0000_080,256,41382,7296
AIIB23_18_0000,AIIB23_18_0000_081,256,42588,7900
AIIB23_18_0000,AIIB23_18_0000_082,256,43923,8800
AIIB23_18_0000,AIIB23_18_0000_083,256,45657,8800
AIIB23_18_0000,AIIB23_18_0000_084,256,47493,7488
AIIB23_18_0000,AIIB23_18_0000_085,256,49731,6256
AIIB23_18_0000,AIIB23_18_0000_086,256,51942,7428
AIIB23_18_0000,AIIB23_18_0000_087,256,53865,8076
AIIB23_18_0000,AIIB23_18_0000_088,256,56019,8064
AIIB23_18_0000,AIIB23_18_0000_089,256,59019,8472
AIIB23_18_0000,AIIB23_18_0000_090,256,60567,8528
AIIB23_18_0000,AIIB23_18_0000_091,256,61650,9860
AIIB23_18_0000,AIIB23_18_0000_092,256,62346,9196
AIIB23_18_0000,AIIB23_18_0000_093,256,63120,9564
AIIB23_18_0000,AIIB23_18_0000_094,256,64038,8832
AIIB23_18_0000,AIIB23_18_0000_095,256,64863,9048
AIIB23_18_0000,AIIB23_18_0000_096,256,65835,9288
AIIB23_18_0000,AIIB23_18_0000_097,256,66588,9164
AIIB23_18_0000,AIIB23_18_0000_098,256,67623,9688
AIIB23_18_0000,AIIB23_18_0000_099,256,68829,9216
AIIB23_18_0000,AIIB23_18_0000_100,256,70149,8240
AIIB23_18_0000,AIIB23_18_0000_101,256,71820,8520
AIIB23_18_0000,AIIB23_18_0000_102,256,73299,8404
AIIB23_18_0000,AIIB23_18_0000_103,256,74931,8760
AIIB23_18_0000,AIIB23_18_0000_104,256,76167,8672
AIIB23_18_0000,AIIB23_18_0000_105,256,77814,8448
AIIB23_18_0000,AIIB23_18_0000_106,256,79503,8560
AIIB23_18_0000,AIIB23_18_0000_107,256,81327,8216
AIIB23_18_0000,AIIB23_18_0000_108,256,83136,8248
AIIB23_18_0000,AIIB23_18_0000_109,256,85383,7904
AIIB23_18_0000,AIIB23_18_0000_110,256,87702,8248
AIIB23_18_0000,AIIB23_18_0000_111,256,88953,8068
AIIB23_18_0000,AIIB23_18_0000_112,256,88947,8532
AIIB23_18_0000,AIIB23_18_0000_113,256,89160,8852
AIIB23_18_0000,AIIB23_18_0000_114,256,89325,8044
AIIB23_18_0000,AIIB23_18_0000_115,256,89139,7640
AIIB23_18_0000,AIIB23_18_0000_116,256,89145,7480
AIIB23_18_0000,AIIB23_18_0000_117,256,89523,7528
AIIB23_18_0000,AIIB23_18_0000_118,256,89265,7264
AIIB23_18_0000,AIIB23_18_0000_119,256,89250,6128
AIIB23_18_0000,AIIB23_18_0000_120,256,88569,5380
AIIB23_18_0000,AIIB23_18_0000_121,256,87840,5856
AIIB23_18_0000,AIIB23_18_0000_122,256,87537,6176
AIIB23_18_0000,AIIB23_18_0000_123,256,87300,5276
AIIB23_18_0000,AIIB23_18_0000_124,256,87216,5556
AIIB23_18_0000,AIIB23_18_0000_125,256,87006,5392
AIIB23_18_0000,AIIB23_18_0000_126,256,87132,6404
AIIB23_18_0000,AIIB23_18_0000_127,256,87369,6220
AIIB23_18_0000,AIIB23_18_0000_128,256,87558,6164
AIIB23_18_0000,AIIB23_18_0000_129,256,87321,5916
AIIB23_18_0000,AIIB23_18_0000_130,256,87354,6732
AIIB23_18_0000,AIIB23_18_0000_131,256,87273,6724
AIIB23_18_0000,AIIB23_18_0000_132,256,87453,6036
AIIB23_18_0000,AIIB23_18_0000_133,256,87591,5252
AIIB23_18_0000,AIIB23_18_0000_134,256,87948,5404
AIIB23_18_0000,AIIB23_18_0000_135,256,88122,5804
AIIB23_18_0000,AIIB23_18_0000_136,256,88068,6152
AIIB23_18_0000,AIIB23_18_0000_137,256,87825,5796
AIIB23_18_0000,AIIB23_18_0000_138,256,87357,4748
AIIB23_18_0000,AIIB23_18_0000_139,256,87609,3980
AIIB23_18_0000,AIIB23_18_0000_140,256,87624,3316
AIIB23_18_0000,AIIB23_18_0000_141,256,87588,3248
AIIB23_18_0000,AIIB23_18_0000_142,256,87633,2892
AIIB23_18_0000,AIIB23_18_0000_143,256,87792,3080
AIIB23_18_0000,AIIB23_18_0000_144,256,87963,3264
AIIB23_18_0000,AIIB23_18_0000_145,256,88101,3588
AIIB23_18_0000,AIIB23_18_0000_146,256,88200,5124
AIIB23_18_0000,AIIB23_18_0000_147,256,88068,5504
AIIB23_18_0000,AIIB23_18_0000_148,256,88182,5216
AIIB23_18_0000,AIIB23_18_0000_149,256,87732,5188
AIIB23_18_0000,AIIB23_18_0000_150,256,87714,5196
AIIB23_18_0000,AIIB23_18_0000_151,256,87711,5380
AIIB23_18_0000,AIIB23_18_0000_152,256,87708,4992
AIIB23_18_0000,AIIB23_18_0000_153,256,87654,4596
AIIB23_18_0000,AIIB23_18_0000_154,256,87567,4380
AIIB23_18_0000,AIIB23_18_0000_155,256,87405,3992
AIIB23_18_0000,AIIB23_18_0000_156,256,87462,3840
AIIB23_18_0000,AIIB23_18_0000_157,256,87309,3548
AIIB23_18_0000,AIIB23_18_0000_158,256,87102,3516
AIIB23_18_0000,AIIB23_18_0000_159,256,86844,3520
AIIB23_18_0000,AIIB23_18_0000_160,256,86463,4196
AIIB23_18_0000,AIIB23_18_0000_161,256,86253,4284
AIIB23_18_0000,AIIB23_18_0000_162,256,85788,4068
AIIB23_18_0000,AIIB23_18_0000_163,256,85554,3944
AIIB23_18_0000,AIIB23_18_0000_164,256,84924,4128
AIIB23_18_0000,AIIB23_18_0000_165,256,84441,4932
AIIB23_18_0000,AIIB23_18_0000_166,256,84366,5336
AIIB23_18_0000,AIIB23_18_0000_167,256,84300,5672
AIIB23_18_0000,AIIB23_18_0000_168,256,83850,5864
AIIB23_18_0000,AIIB23_18_0000_169,256,83124,5896
AIIB23_18_0000,AIIB23_18_0000_170,256,82809,5660
AIIB23_18_0000,AIIB23_18_0000_171,256,82602,5728
AIIB23_18_0000,AIIB23_18_0000_172,256,82185,6168
AIIB23_18_0000,AIIB23_18_0000_173,256,81549,6848
AIIB23_18_0000,AIIB23_18_0000_174,256,81297,7208
AIIB23_18_0000,AIIB23_18_0000_175,256,80898,7292
AIIB23_18_0000,AIIB23_18_0000_176,256,80196,7068
AIIB23_18_0000,AIIB23_18_0000_177,256,79323,7392
AIIB23_18_0000,AIIB23_18_0000_178,256,78735,6888
AIIB23_18_0000,AIIB23_18_0000_179,256,78381,6328
AIIB23_18_0000,AIIB23_18_0000_180,256,78591,7156
AIIB23_18_0000,AIIB23_18_0000_181,256,79542,7860
AIIB23_18_0000,AIIB23_18_0000_182,256,79059,8008
AIIB23_18_0000,AIIB23_18_0000_183,256,78300,7396
AIIB23_18_0000,AIIB23_18_0000_184,256,77502,7224
AIIB23_18_0000,AIIB23_18_0000_185,256,76632,7236
AIIB23_18_0000,AIIB23_18_0000_186,256,76074,7192
AIIB23_18_0000,AIIB23_18_0000_187,256,75897,7488
AIIB23_18_0000,AIIB23_18_0000_188,256,75726,7388
AIIB23_18_0000,AIIB23_18_0000_189,256,75225,7880
AIIB23_18_0000,AIIB23_18_0000_190,256,74616,7520
AIIB23_18_0000,AIIB23_18_0000_191,256,74166,6988
AIIB23_18_0000,AIIB23_18_0000_192,256,73743,6700
AIIB23_18_0000,AIIB23_18_0000_193,256,73068,6492
AIIB23_18_0000,AIIB23_18_0000_194,256,72441,5940
AIIB23_18_0000,AIIB23_18_0000_195,256,71763,5496
AIIB23_18_0000,AIIB23_18_0000_196,256,70809,5860
AIIB23_18_0000,AIIB23_18_0000_197,256,69864,5716
AIIB23_18_0000,AIIB23_18_0000_198,256,69006,6052
AIIB23_18_0000,AIIB23_18_0000_199,256,67926,6268
AIIB23_18_0000,AIIB23_18_0000_200,256,66873,7000
AIIB23_18_0000,AIIB23_18_0000_201,256,65655,6968
AIIB23_18_0000,AIIB23_18_0000_202,256,64494,7348
AIIB23_18_0000,AIIB23_18_0000_203,256,63246,7636
AIIB23_18_0000,AIIB23_18_0000_204,256,62061,7484
AIIB23_18_0000,AIIB23_18_0000_205,256,60756,7820
AIIB23_18_0000,AIIB23_18_0000_206,256,59526,7996
AIIB23_18_0000,AIIB23_18_0000_207,256,58050,7940
AIIB23_18_0000,AIIB23_18_0000_208,256,56598,8104
AIIB23_18_0000,AIIB23_18_0000_209,256,55119,9000
AIIB23_18_0000,AIIB23_18_0000_210,256,53892,8596
AIIB23_18_0000,AIIB23_18_0000_211,256,52707,7644
AIIB23_18_0000,AIIB23_18_0000_212,256,51513,7156
AIIB23_18_0000,AIIB23_18_0000_213,256,50313,7172
AIIB23_18_0000,AIIB23_18_0000_214,256,48960,7488
AIIB23_18_0000,AIIB23_18_0000_215,256,47544,7292
AIIB23_18_0000,AIIB23_18_0000_216,256,46149,6856
AIIB23_18_0000,AIIB23_18_0000_217,256,44691,6676
AIIB23_18_0000,AIIB23_18_0000_218,256,42903,6484
AIIB23_18_0000,AIIB23_18_0000_219,256,41478,6184
AIIB23_18_0000,AIIB23_18_0000_220,256,40263,5848
AIIB23_18_0000,AIIB23_18_0000_221,256,38796,5704
AIIB23_18_0000,AIIB23_18_0000_222,256,37206,5672
AIIB23_18_0000,AIIB23_18_0000_223,256,35415,5956
AIIB23_18_0000,AIIB23_18_0000_224,256,33765,6116
AIIB23_18_0000,AIIB23_18_0000_225,256,32262,5580
AIIB23_18_0000,AIIB23_18_0000_226,256,30960,4688
AIIB23_18_0000,AIIB23_18_0000_227,256,29661,4712
AIIB23_18_0000,AIIB23_18_0000_228,256,28152,4484
AIIB23_18_0000,AIIB23_18_0000_229,256,26655,5140
AIIB23_18_0000,AIIB23_18_0000_230,256,25272,4712
AIIB23_18_0000,AIIB23_18_0000_231,256,23898,4080
AIIB23_18_0000,AIIB23_18_0000_232,256,22353,3776
AIIB23_18_0000,AIIB23_18_0000_233,256,21006,3944
AIIB23_18_0000,AIIB23_18_0000_234,256,19743,4032
AIIB23_18_0000,AIIB23_18_0000_235,256,18411,3716
AIIB23_18_0000,AIIB23_18_0000_236,256,17151,3492
AIIB23_18_0000,AIIB23_18_0000_237,256,15843,3484
AIIB23_18_0000,AIIB23_18_0000_238,256,14754,3328
AIIB23_18_0000,AIIB23_18_0000_239,256,13593,2952
AIIB23_18_0000,AIIB23_18_0000_240,256,12519,2768
AIIB23_18_0000,AIIB23_18_0000_241,256,11223,2712
AIIB23_18_0000,AIIB23_18_0000_242,256,10044,2272
AIIB23_18_0000,AIIB23_18_0000_243,256,8655,1728
AIIB23_18_0000,AIIB23_18_0000_244,256,7437,2064
AIIB23_18_0000,AIIB23_18_0000_245,256,5967,1688
AIIB23_18_0000,AIIB23_18_0000_246,256,4575,1096
AIIB23_18_0000,AIIB23_18_0000_247,256,2937,612
AIIB23_18_0000,AIIB23_18_0000_248,256,1362,440
AIIB23_33_0000,AIIB23_33_0000_012,256,114,0
AIIB23_33_0000,AIIB23_33_0000_013,256,291,0
AIIB23_33_0000,AIIB23_33_0000_014,256,621,192
AIIB23_33_0000,AIIB23_33_0000_015,256,1077,556
AIIB23_33_0000,AIIB23_33_0000_016,256,1527,716
AIIB23_33_0000,AIIB23_33_0000_017,256,1827,816
AIIB23_33_0000,AIIB23_33_0000_018,256,2313,1108
AIIB23_33_0000,AIIB23_33_0000_019,256,2715,1116
AIIB23_33_0000,AIIB23_33_0000_020,256,3378,1284
AIIB23_33_0000,AIIB23_33_0000_021,256,3897,1480
AIIB23_33_0000,AIIB23_33_0000_022,256,4401,1732
AIIB23_33_0000,AIIB23_33_0000_023,256,4950,1804
AIIB23_33_0000,AIIB23_33_0000_024,256,6258,2084
AIIB23_33_0000,AIIB23_33_0000_025,256,7404,1956
AIIB23_33_0000,AIIB23_33_0000_026,256,8664,2628
AIIB23_33_0000,AIIB23_33_0000_027,256,10104,3096
AIIB23_33_0000,AIIB23_33_0000_028,256,11520,3896
AIIB23_33_0000,AIIB23_33_0000_029,256,13479,4288
AIIB23_33_0000,AIIB23_33_0000_030,256,15390,4552
AIIB23_33_0000,AIIB23_33_0000_031,256,17661,4016
AIIB23_33_0000,AIIB23_33_0000_032,256,19659,3800
AIIB23_33_0000,AIIB23_33_0000_033,256,21630,3248
AIIB23_33_0000,AIIB23_33_0000_034,256,23520,3520
AIIB23_33_0000,AIIB23_33_0000_035,256,25746,2716
AIIB23_33_0000,AIIB23_33_0000_036,256,27357,1832
AIIB23_33_0000,AIIB23_33_0000_037,256,28926,2708
AIIB23_33_0000,AIIB23_33_0000_038,256,30321,2860
AIIB23_33_0000,AIIB23_33_0000_039,256,31602,2060
AIIB23_33_0000,AIIB23_33_0000_040,256,33141,2464
AIIB23_33_0000,AIIB23_33_0000_041,256,34119,1968
AIIB23_33_0000,AIIB23_33_0000_042,256,35757,2308
AIIB23_33_0000,AIIB23_33_0000_043,256,37224,3320
AIIB23_33_0000,AIIB23_33_0000_044,256,38421,2712
AIIB23_33_0000,AIIB23_33_0000_045,256,39669,2520
AIIB23_33_0000,AIIB23_33_0000_046,256,40827,2100
AIIB23_33_0000,AIIB23_33_0000_047,256,42003,2352
AIIB23_33_0000,AIIB23_33_0000_048,256,43173,1140
AIIB23_33_0000,AIIB23_33_0000_049,256,44106,1676
AIIB23_33_0000,AIIB23_33_0000_050,256,44547,1380
AIIB23_33_0000,AIIB23_33_0000_051,256,45324,936
AIIB23_33_0000,AIIB23_33_0000_052,256,45453,1164
AIIB23_33_0000,AIIB23_33_0000_053,256,45873,1476
AIIB23_33_0000,AIIB23_33_0000_054,256,46374,2012
AIIB23_33_0000,AIIB23_33_0000_055,256,46761,1468
AIIB23_33_0000,AIIB23_33_0000_056,256,47544,784
AIIB23_33_0000,AIIB23_33_0000_057,256,48534,1232
AIIB23_33_0000,AIIB23_33_0000_058,256,49665,1644
AIIB23_33_0000,AIIB23_33_0000_059,256,50712,2336
AIIB23_33_0000,AIIB23_33_0000_060,256,51723,3236
AIIB23_33_0000,AIIB23_33_0000_061,256,52566,3364
AIIB23_33_0000,AIIB23_33_0000_062,256,53541,3384
AIIB23_33_0000,AIIB23_33_0000_063,256,54468,3808
AIIB23_33_0000,AIIB23_33_0000_064,256,55170,3568
AIIB23_33_0000,AIIB23_33_0000_065,256,56304,4216
AIIB23_33_0000,AIIB23_33_0000_066,256,57495,3596
AIIB23_33_0000,AIIB23_33_0000_067,256,58041,4128
AIIB23_33_0000,AIIB23_33_0000_068,256,58578,4328
AIIB23_33_0000,AIIB23_33_0000_069,256,59490,4796
AIIB23_33_0000,AIIB23_33_0000_070,256,59991,4336
AIIB23_33_0000,AIIB23_33_0000_071,256,61116,3500
AIIB23_33_0000,AIIB23_33_0000_072,256,62148,3584
AIIB23_33_0000,AIIB23_33_0000_073,256,63603,2764
AIIB23_33_0000,AIIB23_33_0000_074,256,64674,3172
AIIB23_33_0000,AIIB23_33_0000_075,256,65688,2448
AIIB23_33_0000,AIIB23_33_0000_076,256,66567,2600
AIIB23_33_0000,AIIB23_33_0000_077,256,67428,3784
AIIB23_33_0000,AIIB23_33_0000_078,256,68229,3520
AIIB23_33_0000,AIIB23_33_0000_079,256,68991,4084
AIIB23_33_0000,AIIB23_33_0000_080,256,69687,4292
AIIB23_33_0000,AIIB23_33_0000_081,256,70854,4480
AIIB23_33_0000,AIIB23_33_0000_082,256,72252,4968
AIIB23_33_0000,AIIB23_33_0000_083,256,73656,4692
AIIB23_33_0000,AIIB23_33_0000_084,256,75000,4360
AIIB23_33_0000,AIIB23_33_0000_085,256,76884,5200
AIIB23_33_0000,AIIB23_33_0000_086,256,77955,5252
AIIB23_33_0000,AIIB23_33_0000_087,256,79215,7060
AIIB23_33_0000,AIIB23_33_0000_088,256,80289,5268
AIIB23_33_0000,AIIB23_33_0000_089,256,81336,4440
AIIB23_33_0000,AIIB23_33_0000_090,256,83280,4960
AIIB23_33_0000,AIIB23_33_0000_091,256,86316,5028
AIIB23_33_0000,AIIB23_33_0000_092,256,86160,4940
AIIB23_33_0000,AIIB23_33_0000_093,256,88350,5556
AIIB23_33_0000,AIIB23_33_0000_094,256,89217,5116
AIIB23_33_0000,AIIB23_33_0000_095,256,90132,4592
AIIB23_33_0000,AIIB23_33_0000_096,256,91002,4872
AIIB23_33_0000,AIIB23_33_0000_097,256,91254,5068
AIIB23_33_0000,AIIB23_33_0000_098,256,91728,4268
AIIB23_33_0000,AIIB23_33_0000_099,256,91992,3584
AIIB23_33_0000,AIIB23_33_0000_100,256,92211,3128
AIIB23_33_0000,AIIB23_33_0000_101,256,92244,3456
AIIB23_33_0000,AIIB23_33_0000_102,256,92010,3636
AIIB23_33_0000,AIIB23_33_0000_103,256,91971,3752
AIIB23_33_0000,AIIB23_33_0000_104,256,92220,3744
AIIB23_33_0000,AIIB23_33_0000_105,256,92886,3360
AIIB23_33_0000,AIIB23_33_0000_106,256,93684,3000
AIIB23_33_0000,AIIB23_33_0000_107,256,94800,3148
AIIB23_33_0000,AIIB23_33_0000_108,256,94644,3104
AIIB23_33_0000,AIIB23_33_0000_109,256,92838,2344
AIIB23_33_0000,AIIB23_33_0000_110,256,92793,2316
AIIB23_33_0000,AIIB23_33_0000_111,256,93168,3692
AIIB23_33_0000,AIIB23_33_0000_112,256,93261,3388
AIIB23_33_0000,AIIB23_33_0000_113,256,93381,2756
AIIB23_33_0000,AIIB23_33_0000_114,256,93021,2964
AIIB23_33_0000,AIIB23_33_0000_115,256,92643,2776
AIIB23_33_0000,AIIB23_33_0000_116,256,92832,2888
AIIB23_33_0000,AIIB23_33_0000_117,256,93075,3936
AIIB23_33_0000,AIIB23_33_0000_118,256,92271,4300
AIIB23_33_0000,AIIB23_33_0000_119,256,92196,4100
AIIB23_33_0000,AIIB23_33_0000_120,256,92298,3616
AIIB23_33_0000,AIIB23_33_0000_121,256,92292,3804
AIIB23_33_0000,AIIB23_33_0000_122,256,92274,3528
AIIB23_33_0000,AIIB23_33_0000_123,256,91842,3004
AIIB23_33_0000,AIIB23_33_0000_124,256,92070,3816
AIIB23_33_0000,AIIB23_33_0000_125,256,92031,4180
AIIB23_33_0000,AIIB23_33_0000_126,256,91668,4704
AIIB23_33_0000,AIIB23_33_0000_127,256,91692,4284
AIIB23_33_0000,AIIB23_33_0000_128,256,91662,3696
AIIB23_33_0000,AIIB23_33_0000_129,256,91797,3592
AIIB23_33_0000,AIIB23_33_0000_130,256,91560,3116
AIIB23_33_0000,AIIB23_33_0000_131,256,91428,2996
AIIB23_33_0000,AIIB23_33_0000_132,256,91245,2680
AIIB23_33_0000,AIIB23_33_0000_133,256,91425,2496
AIIB23_33_0000,AIIB23_33_0000_134,256,91884,2328
AIIB23_33_0000,AIIB23_33_0000_135,256,91917,2496
AIIB23_33_0000,AIIB23_33_0000_136,256,91452,2144
AIIB23_33_0000,AIIB23_33_0000_137,256,90894,1888
AIIB23_33_0000,AIIB23_33_0000_138,256,90336,1820
AIIB23_33_0000,AIIB23_33_0000_139,256,89907,1964
AIIB23_33_0000,AIIB23_33_0000_140,256,89427,1940
AIIB23_33_0000,AIIB23_33_0000_141,256,88833,1820
AIIB23_33_0000,AIIB23_33_0000_142,256,88473,1296
AIIB23_33_0000,AIIB23_33_0000_143,256,88014,1420
AIIB23_33_0000,AIIB23_33_0000_144,256,87732,1060
AIIB23_33_0000,AIIB23_33_0000_145,256,87633,892
AIIB23_33_0000,AIIB23_33_0000_146,256,88005,1132
AIIB23_33_0000,AIIB23_33_0000_147,256,88146,1028
AIIB23_33_0000,AIIB23_33_0000_148,256,88200,832
AIIB23_33_0000,AIIB23_33_0000_149,256,88068,952
AIIB23_33_0000,AIIB23_33_0000_150,256,87939,408
AIIB23_33_0000,AIIB23_33_0000_151,256,88146,412
AIIB23_33_0000,AIIB23_33_0000_152,256,88179,596
AIIB23_33_0000,AIIB23_33_0000_153,256,88029,1032
AIIB23_33_0000,AIIB23_33_0000_154,256,87984,500
AIIB23_33_0000,AIIB23_33_0000_155,256,88176,472
AIIB23_33_0000,AIIB23_33_0000_156,256,87384,676
AIIB23_33_0000,AIIB23_33_0000_157,256,86664,200
AIIB23_33_0000,AIIB23_33_0000_158,256,86130,336
AIIB23_33_0000,AIIB23_33_0000_159,256,85422,156
AIIB23_33_0000,AIIB23_33_0000_160,256,84678,104
AIIB23_33_0000,AIIB23_33_0000_161,256,84204,48
AIIB23_33_0000,AIIB23_33_0000_162,256,83475,0
AIIB23_33_0000,AIIB23_33_0000_163,256,82863,0
AIIB23_33_0000,AIIB23_33_0000_164,256,82323,200
AIIB23_33_0000,AIIB23_33_0000_165,256,81570,640
AIIB23_33_0000,AIIB23_33_0000_166,256,80970,1468
AIIB23_33_0000,AIIB23_33_0000_167,256,80277,1092
AIIB23_33_0000,AIIB23_33_0000_168,256,79557,1096
AIIB23_33_0000,AIIB23_33_0000_169,256,79047,1440
AIIB23_33_0000,AIIB23_33_0000_170,256,78453,1484
AIIB23_33_0000,AIIB23_33_0000_171,256,77253,1052
AIIB23_33_0000,AIIB23_33_0000_172,256,76506,1560
AIIB23_33_0000,AIIB23_33_0000_173,256,75456,900
AIIB23_33_0000,AIIB23_33_0000_174,256,74862,640
AIIB23_33_0000,AIIB23_33_0000_175,256,73995,1124
AIIB23_33_0000,AIIB23_33_0000_176,256,73176,1256
AIIB23_33_0000,AIIB23_33_0000_177,256,72372,992
AIIB23_33_0000,AIIB23_33_0000_178,256,71637,844
AIIB23_33_0000,AIIB23_33_0000_179,256,70803,1380
AIIB23_33_0000,AIIB23_33_0000_180,256,70329,1480
AIIB23_33_0000,AIIB23_33_0000_181,256,69663,1152
AIIB23_33_0000,AIIB23_33_0000_182,256,69174,624
AIIB23_33_0000,AIIB23_33_0000_183,256,68448,400
AIIB23_33_0000,AIIB23_33_0000_184,256,67650,936
AIIB23_33_0000,AIIB23_33_0000_185,256,67221,1040
AIIB23_33_0000,AIIB23_33_0000_186,256,66450,1100
AIIB23_33_0000,AIIB23_33_0000_187,256,65430,1060
AIIB23_33_0000,AIIB23_33_0000_188,256,64371,1004
AIIB23_33_0000,AIIB23_33_0000_189,256,63387,1164
AIIB23_33_0000,AIIB23_33_0000_190,256,62331,1072
AIIB23_33_0000,AIIB23_33_0000_191,256,61320,1244
AIIB23_33_0000,AIIB23_33_0000_192,256,60636,1156
AIIB23_33_0000,AIIB23_33_0000_193,256,59655,996
AIIB23_33_0000,AIIB23_33_0000_194,256,59043,1340
AIIB23_33_0000,AIIB23_33_0000_195,256,58410,1512
AIIB23_33_0000,AIIB23_33_0000_196,256,57495,1500
AIIB23_33_0000,AIIB23_33_0000_197,256,56823,1488
AIIB23_33_0000,AIIB23_33_0000_198,256,56163,1472
AIIB23_33_0000,AIIB23_33_0000_199,256,55209,1608
AIIB23_33_0000,AIIB23_33_0000_200,256,54303,1512
AIIB23_33_0000,AIIB23_33_0000_201,256,52884,1508
AIIB23_33_0000,AIIB23_33_0000_202,256,51966,1600
AIIB23_33_0000,AIIB23_33_0000_203,256,50409,1580
AIIB23_33_0000,AIIB23_33_0000_204,256,48795,1416
AIIB23_33_0000,AIIB23_33_0000_205,256,47061,1148
AIIB23_33_0000,AIIB23_33_0000_206,256,45615,1516
AIIB23_33_0000,AIIB23_33_0000_207,256,43845,1032
AIIB23_33_0000,AIIB23_33_0000_208,256,41808,1324
AIIB23_33_0000,AIIB23_33_0000_209,256,40521,1436
AIIB23_33_0000,AIIB23_33_0000_210,256,39231,1356
AIIB23_33_0000,AIIB23_33_0000_211,256,37788,1308
AIIB23_33_0000,AIIB23_33_0000_212,256,36663,1332
AIIB23_33_0000,AIIB23_33_0000_213,256,35496,1252
AIIB23_33_0000,AIIB23_33_0000_214,256,34284,1460
AIIB23_33_0000,AIIB23_33_0000_215,256,32772,1660
AIIB23_33_0000,AIIB23_33_0000_216,256,31560,1136
AIIB23_33_0000,AIIB23_33_0000_217,256,30204,1080
AIIB23_33_0000,AIIB23_33_0000_218,256,28971,804
AIIB23_33_0000,AIIB23_33_0000_219,256,27462,648
AIIB23_33_0000,AIIB23_33_0000_220,256,25941,888
AIIB23_33_0000,AIIB23_33_0000_221,256,24072,1880
AIIB23_33_0000,AIIB23_33_0000_222,256,22800,1380
AIIB23_33_0000,AIIB23_33_0000_223,256,21009,1592
AIIB23_33_0000,AIIB23_33_0000_224,256,19488,1468
AIIB23_33_0000,AIIB23_33_0000_225,256,17862,1228
AIIB23_33_0000,AIIB23_33_0000_226,256,16380,1616
AIIB23_33_0000,AIIB23_33_0000_227,256,14880,1904
AIIB23_33_0000,AIIB23_33_0000_228,256,13125,2372
AIIB23_33_0000,AIIB23_33_0000_229,256,11883,2540
AIIB23_33_0000,AIIB23_33_0000_230,256,10668,1660
AIIB23_33_0000,AIIB23_33_0000_231,256,9336,1760
AIIB23_33_0000,AIIB23_33_0000_232,256,8133,2024
AIIB23_33_0000,AIIB23_33_0000_233,256,6948,1544
AIIB23_33_0000,AIIB23_33_0000_234,256,5613,912
AIIB23_33_0000,AIIB23_33_0000_235,256,4383,1300
AIIB23_33_0000,AIIB23_33_0000_236,256,3024,708
AIIB23_33_0000,AIIB23_33_0000_237,256,1281,560
AIIB23_42_0000,AIIB23_42_0000_000,256,7188,2632
AIIB23_42_0000,AIIB23_42_0000_001,256,7686,2764
AIIB23_42_0000,AIIB23_42_0000_002,256,8082,2900
AIIB23_42_0000,AIIB23_42_0000_003,256,8517,3068
AIIB23_42_0000,AIIB23_42_0000_004,256,8913,3120
AIIB23_42_0000,AIIB23_42_0000_005,256,9294,2904
AIIB23_42_0000,AIIB23_42_0000_006,256,9696,3340
AIIB23_42_0000,AIIB23_42_0000_007,256,10134,3268
AIIB23_42_0000,AIIB23_42_0000_008,256,10755,3532
AIIB23_42_0000,AIIB23_42_0000_009,256,11301,3724
AIIB23_42_0000,AIIB23_42_0000_010,256,11553,3576
AIIB23_42_0000,AIIB23_42_0000_011,256,12255,3592
AIIB23_42_0000,AIIB23_42_0000_012,256,12666,3440
AIIB23_42_0000,AIIB23_42_0000_013,256,12921,3252
AIIB23_42_0000,AIIB23_42_0000_014,256,13611,3124
AIIB23_42_0000,AIIB23_42_0000_015,256,14259,2896
AIIB23_42_0000,AIIB23_42_0000_016,256,14802,2808
AIIB23_42_0000,AIIB23_42_0000_017,256,15357,2776
AIIB23_42_0000,AIIB23_42_0000_018,256,15624,3032
AIIB23_42_0000,AIIB23_42_0000_019,256,16128,3156
AIIB23_42_0000,AIIB23_42_0000_020,256,16581,3064
AIIB23_42_0000,AIIB23_42_0000_021,256,16974,3240
AIIB23_42_0000,AIIB23_42_0000_022,256,17433,3940
AIIB23_42_0000,AIIB23_42_0000_023,256,18015,4216
AIIB23_42_0000,AIIB23_42_0000_024,256,18585,4220
AIIB23_42_0000,AIIB23_42_0000_025,256,19323,3664
AIIB23_42_0000,AIIB23_42_0000_026,256,19734,3348
AIIB23_42_0000,AIIB23_42_0000_027,256,20058,3476
AIIB23_42_0000,AIIB23_42_0000_028,256,20688,3336
AIIB23_42_0000,AIIB23_42_0000_029,256,21192,3432
AIIB23_42_0000,AIIB23_42_0000_030,256,21516,3172
AIIB23_42_0000,AIIB23_42_0000_031,256,22074,2952
AIIB23_42_0000,AIIB23_42_0000_032,256,22884,2928
AIIB23_42_0000,AIIB23_42_0000_033,256,23607,3152
AIIB23_42_0000,AIIB23_42_0000_034,256,24063,3376
AIIB23_42_0000,AIIB23_42_0000_035,256,24837,3436
AIIB23_42_0000,AIIB23_42_0000_036,256,25548,3688
AIIB23_42_0000,AIIB23_42_0000_037,256,26436,3720
AIIB23_42_0000,AIIB23_42_0000_038,256,27219,3984
AIIB23_42_0000,AIIB23_42_0000_039,256,27870,4160
AIIB23_42_0000,AIIB23_42_0000_040,256,28638,4156
AIIB23_42_0000,AIIB23_42_0000_041,256,29361,4624
AIIB23_42_0000,AIIB23_42_0000_042,256,30063,4624
AIIB23_42_0000,AIIB23_42_0000_043,256,30768,4892
AIIB23_42_0000,AIIB23_42_0000_044,256,31377,5104
AIIB23_42_0000,AIIB23_42_0000_045,256,32085,4836
AIIB23_42_0000,AIIB23_42_0000_046,256,32751,4816
AIIB23_42_0000,AIIB23_42_0000_047,256,33747,4500
AIIB23_42_0000,AIIB23_42_0000_048,256,34773,5108
AIIB23_42_0000,AIIB23_42_0000_049,256,35742,5140
AIIB23_42_0000,AIIB23_42_0000_050,256,36822,5436
AIIB23_42_0000,AIIB23_42_0000_051,256,38130,5960
AIIB23_42_0000,AIIB23_42_0000_052,256,39288,6356
AIIB23_42_0000,AIIB23_42_0000_053,256,40521,6556
AIIB23_42_0000,AIIB23_42_0000_054,256,41439,6304
AIIB23_42_0000,AIIB23_42_0000_055,256,42786,5752
AIIB23_42_0000,AIIB23_42_0000_056,256,43944,6464
AIIB23_42_0000,AIIB23_42_0000_057,256,45150,6584
AIIB23_42_0000,AIIB23_42_0000_058,256,46194,7320
AIIB23_42_0000,AIIB23_42_0000_059,256,47259,7052
AIIB23_42_0000,AIIB23_42_0000_060,256,48477,5456
AIIB23_42_0000,AIIB23_42_0000_061,256,49218,5512
AIIB23_42_0000,AIIB23_42_0000_062,256,50172,6736
AIIB23_42_0000,AIIB23_42_0000_063,256,51168,6872
AIIB23_42_0000,AIIB23_42_0000_064,256,52995,6180
AIIB23_42_0000,AIIB23_42_0000_065,256,54771,5348
AIIB23_42_0000,AIIB23_42_0000_066,256,55854,4736
AIIB23_42_0000,AIIB23_42_0000_067,256,57108,5012
AIIB23_42_0000,AIIB23_42_0000_068,256,58575,6272
AIIB23_42_0000,AIIB23_42_0000_069,256,60003,6416
AIIB23_42_0000,AIIB23_42_0000_070,256,61176,6248
AIIB23_42_0000,AIIB23_42_0000_071,256,62115,5520
AIIB23_42_0000,AIIB23_42_0000_072,256,62943,5996
AIIB23_42_0000,AIIB23_42_0000_073,256,64191,6528
AIIB23_42_0000,AIIB23_42_0000_074,256,65370,6052
AIIB23_42_0000,AIIB23_42_0000_075,256,66456,5424
AIIB23_42_0000,AIIB23_42_0000_076,256,67797,5576
AIIB23_42_0000,AIIB23_42_0000_077,256,69000,6404
AIIB23_42_0000,AIIB23_42_0000_078,256,69945,6632
AIIB23_42_0000,AIIB23_42_0000_079,256,70818,6612
AIIB23_42_0000,AIIB23_42_0000_080,256,71730,6524
AIIB23_42_0000,AIIB23_42_0000_081,256,73041,6492
AIIB23_42_0000,AIIB23_42_0000_082,256,74589,6884
AIIB23_42_0000,AIIB23_42_0000_083,256,74898,7932
AIIB23_42_0000,AIIB23_42_0000_084,256,74709,8644
AIIB23_42_0000,AIIB23_42_0000_085,256,74595,8984
AIIB23_42_0000,AIIB23_42_0000_086,256,74523,7892
AIIB23_42_0000,AIIB23_42_0000_087,256,74739,6644
AIIB23_42_0000,AIIB23_42_0000_088,256,75342,6252
AIIB23_42_0000,AIIB23_42_0000_089,256,75534,6836
AIIB23_42_0000,AIIB23_42_0000_090,256,75954,7072
AIIB23_42_0000,AIIB23_42_0000_091,256,76413,6940
AIIB23_42_0000,AIIB23_42_0000_092,256,76869,7300
AIIB23_42_0000,AIIB23_42_0000_093,256,77454,7192
AIIB23_42_0000,AIIB23_42_0000_094,256,78369,7088
AIIB23_42_0000,AIIB23_42_0000_095,256,78867,7148
AIIB23_42_0000,AIIB23_42_0000_096,256,79431,6624
AIIB23_42_0000,AIIB23_42_0000_097,256,79758,6796
AIIB23_42_0000,AIIB23_42_0000_098,256,80367,6896
AIIB23_42_0000,AIIB23_42_0000_099,256,80979,6528
AIIB23_42_0000,AIIB23_42_0000_100,256,81405,6540
AIIB23_42_0000,AIIB23_42_0000_101,256,82065,7020
AIIB23_42_0000,AIIB23_42_0000_102,256,82473,6152
AIIB23_42_0000,AIIB23_42_0000_103,256,83055,6008
AIIB23_42_0000,AIIB23_42_0000_104,256,83697,6040
AIIB23_42_0000,AIIB23_42_0000_105,256,84468,6100
AIIB23_42_0000,AIIB23_42_0000_106,256,85677,7176
AIIB23_42_0000,AIIB23_42_0000_107,256,86985,7476
AIIB23_42_0000,AIIB23_42_0000_108,256,88668,6136
AIIB23_42_0000,AIIB23_42_0000_109,256,89844,5920
AIIB23_42_0000,AIIB23_42_0000_110,256,91293,5776
AIIB23_42_0000,AIIB23_42_0000_111,256,93441,5704
AIIB23_42_0000,AIIB23_42_0000_112,256,94356,5440
AIIB23_42_0000,AIIB23_42_0000_113,256,95403,5544
AIIB23_42_0000,AIIB23_42_0000_114,256,94491,5752
AIIB23_42_0000,AIIB23_42_0000_115,256,93762,5764
AIIB23_42_0000,AIIB23_42_0000_116,256,93717,6108
AIIB23_42_0000,AIIB23_42_0000_117,256,93684,5376
AIIB23_42_0000,AIIB23_42_0000_118,256,93702,5292
AIIB23_42_0000,AIIB23_42_0000_119,256,93741,5268
AIIB23_42_0000,AIIB23_42_0000_120,256,94233,5572
AIIB23_42_0000,AIIB23_42_0000_121,256,94503,5604
AIIB23_42_0000,AIIB23_42_0000_122,256,94707,5556
AIIB23_42_0000,AIIB23_42_0000_123,256,94917,4780
AIIB23_42_0000,AIIB23_42_0000_124,256,95010,4524
AIIB23_42_0000,AIIB23_42_0000_125,256,95091,4100
AIIB23_42_0000,AIIB23_42_0000_126,256,95118,3436
AIIB23_42_0000,AIIB23_42_0000_127,256,95187,3252
AIIB23_42_0000,AIIB23_42_0000_128,256,95487,3256
AIIB23_42_0000,AIIB23_42_0000_129,256,95355,3704
AIIB23_42_0000,AIIB23_42_0000_130,256,94974,3712
AIIB23_42_0000,AIIB23_42_0000_131,256,95052,4128
AIIB23_42_0000,AIIB23_42_0000_132,256,95127,3664
AIIB23_42_0000,AIIB23_42_0000_133,256,95442,4352
AIIB23_42_0000,AIIB23_42_0000_134,256,95358,4508
AIIB23_42_0000,AIIB23_42_0000_135,256,95625,3584
AIIB23_42_0000,AIIB23_42_0000_136,256,95817,3464
AIIB23_42_0000,AIIB23_42_0000_137,256,95337,3272
AIIB23_42_0000,AIIB23_42_0000_138,256,95154,3268
AIIB23_42_0000,AIIB23_42_0000_139,256,94881,2792
AIIB23_42_0000,AIIB23_42_0000_140,256,95061,2956
AIIB23_42_0000,AIIB23_42_0000_141,256,95148,2804
AIIB23_42_0000,AIIB23_42_0000_142,256,95265,2868
AIIB23_42_0000,AIIB23_42_0000_143,256,95079,2516
AIIB23_42_0000,AIIB23_42_0000_144,256,94668,2296
AIIB23_42_0000,AIIB23_42_0000_145,256,94503,2356
AIIB23_42_0000,AIIB23_42_0000_146,256,94638,2532
AIIB23_42_0000,AIIB23_42_0000_147,256,94524,2620
AIIB23_42_0000,AIIB23_42_0000_148,256,94770,2528
AIIB23_42_0000,AIIB23_42_0000_149,256,94707,2092
AIIB23_42_0000,AIIB23_42_0000_150,256,94863,1580
AIIB23_42_0000,AIIB23_42_0000_151,256,94695,2068
AIIB23_42_0000,AIIB23_42_0000_152,256,94806,2352
AIIB23_42_0000,AIIB23_42_0000_153,256,94836,2216
AIIB23_42_0000,AIIB23_42_0000_154,256,94875,2224
AIIB23_42_0000,AIIB23_42_0000_155,256,95199,2364
AIIB23_42_0000,AIIB23_42_0000_156,256,95511,2780
AIIB23_42_0000,AIIB23_42_0000_157,256,95718,2520
AIIB23_42_0000,AIIB23_42_0000_158,256,95637,2640
AIIB23_42_0000,AIIB23_42_0000_159,256,95796,2356
AIIB23_42_0000,AIIB23_42_0000_160,256,95766,2236
AIIB23_42_0000,AIIB23_42_0000_161,256,95559,2200
AIIB23_42_0000,AIIB23_42_0000_162,256,95394,1884
AIIB23_42_0000,AIIB23_42_0000_163,256,95463,2076
AIIB23_42_0000,AIIB23_42_0000_164,256,95151,2212
AIIB23_42_0000,AIIB23_42_0000_165,256,94944,2304
AIIB23_42_0000,AIIB23_42_0000_166,256,95361,2568
AIIB23_42_0000,AIIB23_42_0000_167,256,95007,2720
AIIB23_42_0000,AIIB23_42_0000_168,256,94881,2640
AIIB23_42_0000,AIIB23_42_0000_169,256,94704,2208
AIIB23_42_0000,AIIB23_42_0000_170,256,94617,2336
AIIB23_42_0000,AIIB23_42_0000_171,256,94494,1692
AIIB23_42_0000,AIIB23_42_0000_172,256,94239,1672
AIIB23_42_0000,AIIB23_42_0000_173,256,94143,1352
AIIB23_42_0000,AIIB23_42_0000_174,256,94002,1512
AIIB23_42_0000,AIIB23_42_0000_175,256,94152,1628
AIIB23_42_0000,AIIB23_42_0000_176,256,93993,1980
AIIB23_42_0000,AIIB23_42_0000_177,256,93717,1888
AIIB23_42_0000,AIIB23_42_0000_178,256,93459,2312
AIIB23_42_0000,AIIB23_42_0000_179,256,93102,2564
AIIB23_42_0000,AIIB23_42_0000_180,256,92832,2744
AIIB23_42_0000,AIIB23_42_0000_181,256,92640,3436
AIIB23_42_0000,AIIB23_42_0000_182,256,92475,2888
AIIB23_42_0000,AIIB23_42_0000_183,256,91992,2320
AIIB23_42_0000,AIIB23_42_0000_184,256,91479,1944
AIIB23_42_0000,AIIB23_42_0000_185,256,90951,1884
AIIB23_42_0000,AIIB23_42_0000_186,256,90618,1700
AIIB23_42_0000,AIIB23_42_0000_187,256,90261,1580
AIIB23_42_0000,AIIB23_42_0000_188,256,90012,2052
AIIB23_42_0000,AIIB23_42_0000_189,256,89724,2212
AIIB23_42_0000,AIIB23_42_0000_190,256,89499,2764
AIIB23_42_0000,AIIB23_42_0000_191,256,89046,2920
AIIB23_42_0000,AIIB23_42_0000_192,256,88689,2580
AIIB23_42_0000,AIIB23_42_0000_193,256,88224,2824
AIIB23_42_0000,AIIB23_42_0000_194,256,88284,3188
AIIB23_42_0000,AIIB23_42_0000_195,256,87903,3248
AIIB23_42_0000,AIIB23_42_0000_196,256,88071,2944
AIIB23_42_0000,AIIB23_42_0000_197,256,88101,2864
AIIB23_42_0000,AIIB23_42_0000_198,256,87894,3088
AIIB23_42_0000,AIIB23_42_0000_199,256,87915,2612
AIIB23_42_0000,AIIB23_42_0000_200,256,87606,2560
AIIB23_42_0000,AIIB23_42_0000_201,256,87276,2548
AIIB23_42_0000,AIIB23_42_0000_202,256,87078,2688
AIIB23_42_0000,AIIB23_42_0000_203,256,86628,2800
AIIB23_42_0000,AIIB23_42_0000_204,256,86430,2592
AIIB23_42_0000,AIIB23_42_0000_205,256,86100,2708
AIIB23_42_0000,AIIB23_42_0000_206,256,85707,2340
AIIB23_42_0000,AIIB23_42_0000_207,256,85221,2184
AIIB23_42_0000,AIIB23_42_0000_208,256,84936,2096
AIIB23_42_0000,AIIB23_42_0000_209,256,84765,2236
AIIB23_42_0000,AIIB23_42_0000_210,256,84276,2272
AIIB23_42_0000,AIIB23_42_0000_211,256,83979,2240
AIIB23_42_0000,AIIB23_42_0000_212,256,83484,2036
AIIB23_42_0000,AIIB23_42_0000_213,256,82917,1880
AIIB23_42_0000,AIIB23_42_0000_214,256,82416,1616
AIIB23_42_0000,AIIB23_42_0000_215,256,81750,1972
AIIB23_42_0000,AIIB23_42_0000_216,256,81543,2212
AIIB23_42_0000,AIIB23_42_0000_217,256,80802,1956
AIIB23_42_0000,AIIB23_42_0000_218,256,80469,1960
AIIB23_42_0000,AIIB23_42_0000_219,256,79959,1688
AIIB23_42_0000,AIIB23_42_0000_220,256,79317,1524
AIIB23_42_0000,AIIB23_42_0000_221,256,78675,1688
AIIB23_42_0000,AIIB23_42_0000_222,256,78111,1488
AIIB23_42_0000,AIIB23_42_0000_223,256,77601,1728
AIIB23_42_0000,AIIB23_42_0000_224,256,77052,2364
AIIB23_42_0000,AIIB23_42_0000_225,256,76515,2232
AIIB23_42_0000,AIIB23_42_0000_226,256,75825,2196
AIIB23_42_0000,AIIB23_42_0000_227,256,75249,2108
AIIB23_42_0000,AIIB23_42_0000_228,256,74520,2352
AIIB23_42_0000,AIIB23_42_0000_229,256,74133,1936
AIIB23_42_0000,AIIB23_42_0000_230,256,73383,1708
AIIB23_42_0000,AIIB23_42_0000_231,256,72861,1580
AIIB23_42_0000,AIIB23_42_0000_232,256,72261,1556
AIIB23_42_0000,AIIB23_42_0000_233,256,71676,1660
AIIB23_42_0000,AIIB23_42_0000_234,256,70938,1560
AIIB23_42_0000,AIIB23_42_0000_235,256,70200,1952
AIIB23_42_0000,AIIB23_42_0000_236,256,69555,2024
AIIB23_42_0000,AIIB23_42_0000_237,256,68658,2008
AIIB23_42_0000,AIIB23_42_0000_238,256,67695,2332
AIIB23_42_0000,AIIB23_42_0000_239,256,66918,2244
AIIB23_42_0000,AIIB23_42_0000_240,256,66135,1924
AIIB23_42_0000,AIIB23_42_0000_241,256,65391,2000
AIIB23_42_0000,AIIB23_42_0000_242,256,64446,1932
AIIB23_42_0000,AIIB23_42_0000_243,256,63693,2608
AIIB23_42_0000,AIIB23_42_0000_244,256,62820,2396
AIIB23_42_0000,AIIB23_42_0000_245,256,61905,2572
AIIB23_42_0000,AIIB23_42_0000_246,256,60900,2748
AIIB23_42_0000,AIIB23_42_0000_247,256,60027,2768
AIIB23_42_0000,AIIB23_42_0000_248,256,59181,2420
AIIB23_42_0000,AIIB23_42_0000_249,256,58164,2208
AIIB23_42_0000,AIIB23_42_0000_250,256,57291,1980
AIIB23_42_0000,AIIB23_42_0000_251,256,56406,2076
AIIB23_42_0000,AIIB23_42_0000_252,256,55398,2264
AIIB23_42_0000,AIIB23_42_0000_253,256,54375,2376
AIIB23_42_0000,AIIB23_42_0000_254,256,53415,2272
AIIB23_42_0000,AIIB23_42_0000_255,256,52263,1988
AIIB23_42_0000,AIIB23_42_0000_256,256,51216,2012
AIIB23_42_0000,AIIB23_42_0000_257,256,50382,1948
AIIB23_42_0000,AIIB23_42_0000_258,256,49401,1444
AIIB23_42_0000,AIIB23_42_0000_259,256,48288,1748
AIIB23_42_0000,AIIB23_42_0000_260,256,47292,1656
AIIB23_42_0000,AIIB23_42_0000_261,256,46314,1476
AIIB23_42_0000,AIIB23_42_0000_262,256,45108,1360
AIIB23_42_0000,AIIB23_42_0000_263,256,44031,1972
AIIB23_42_0000,AIIB23_42_0000_264,256,42996,1868
AIIB23_42_0000,AIIB23_42_0000_265,256,41979,1468
AIIB23_42_0000,AIIB23_42_0000_266,256,40857,1484
AIIB23_42_0000,AIIB23_42_0000_267,256,39642,1236
AIIB23_42_0000,AIIB23_42_0000_268,256,38388,1472
AIIB23_42_0000,AIIB23_42_0000_269,256,37215,1476
AIIB23_42_0000,AIIB23_42_0000_270,256,36177,1492
AIIB23_42_0000,AIIB23_42_0000_271,256,34977,1580
AIIB23_42_0000,AIIB23_42_0000_272,256,33900,1284
AIIB23_42_0000,AIIB23_42_0000_273,256,32832,980
AIIB23_42_0000,AIIB23_42_0000_274,256,31641,1192
AIIB23_42_0000,AIIB23_42_0000_275,256,30408,1312
AIIB23_42_0000,AIIB23_42_0000_276,256,29376,1280
AIIB23_42_0000,AIIB23_42_0000_277,256,28236,1352
AIIB23_42_0000,AIIB23_42_0000_278,256,27084,1292
AIIB23_42_0000,AIIB23_42_0000_279,256,25761,1328
AIIB23_42_0000,AIIB23_42_0000_280,256,24333,1644
AIIB23_42_0000,AIIB23_42_0000_281,256,23187,1376
AIIB23_42_0000,AIIB23_42_0000_282,256,21954,1632
AIIB23_42_0000,AIIB23_42_0000_283,256,20838,2356
AIIB23_42_0000,AIIB23_42_0000_284,256,19671,2564
AIIB23_42_0000,AIIB23_42_0000_285,256,18324,2224
AIIB23_42_0000,AIIB23_42_0000_286,256,17244,2240
AIIB23_42_0000,AIIB23_42_0000_287,256,16104,2936
AIIB23_42_0000,AIIB23_42_0000_288,256,14958,3316
AIIB23_42_0000,AIIB23_42_0000_289,256,14022,2292
AIIB23_42_0000,AIIB23_42_0000_290,256,12903,1756
AIIB23_42_0000,AIIB23_42_0000_291,256,11796,2416
AIIB23_42_0000,AIIB23_42_0000_292,256,10656,2816
AIIB23_42_0000,AIIB23_42_0000_293,256,9615,1492
AIIB23_42_0000,AIIB23_42_0000_294,256,8520,904
AIIB23_42_0000,AIIB23_42_0000_295,256,7314,736
AIIB23_42_0000,AIIB23_42_0000_296,256,6000,1236
AIIB23_42_0000,AIIB23_42_0000_297,256,4929,1472
AIIB23_42_0000,AIIB23_42_0000_298,256,4014,1308
AIIB23_42_0000,AIIB23_42_0000_299,256,3225,1092
AIIB23_42_0000,AIIB23_42_0000_300,256,2265,736
AIIB23_42_0000,AIIB23_42_0000_301,256,1548,448
AIIB23_42_0000,AIIB23_42_0000_302,256,777,352
AIIB23_45_0000,AIIB23_45_0000_096,256,15,0
AIIB23_45_0000,AIIB23_45_0000_097,256,153,0
AIIB23_45_0000,AIIB23_45_0000_098,256,366,0
AIIB23_45_0000,AIIB23_45_0000_099,256,537,52
AIIB23_45_0000,AIIB23_45_0000_100,256,843,200
AIIB23_45_0000,AIIB23_45_0000_101,256,1242,384
AIIB23_45_0000,AIIB23_45_0000_102,256,1632,608
AIIB23_45_0000,AIIB23_45_0000_103,256,2082,768
AIIB23_45_0000,AIIB23_45_0000_104,256,2679,876
AIIB23_45_0000,AIIB23_45_0000_105,256,3255,872
AIIB23_45_0000,AIIB23_45_0000_106,256,2976,788
AIIB23_45_0000,AIIB23_45_0000_107,256,4659,1404
AIIB23_45_0000,AIIB23_45_0000_108,256,5385,1932
AIIB23_45_0000,AIIB23_45_0000_109,256,6135,2204
AIIB23_45_0000,AIIB23_45_0000_110,256,7047,2364
AIIB23_45_0000,AIIB23_45_0000_111,256,7917,2428
AIIB23_45_0000,AIIB23_45_0000_112,256,8934,2628
AIIB23_45_0000,AIIB23_45_0000_113,256,9816,2428
AIIB23_45_0000,AIIB23_45_0000_114,256,11034,2352
AIIB23_45_0000,AIIB23_45_0000_115,256,12153,2768
AIIB23_45_0000,AIIB23_45_0000_116,256,13161,3244
AIIB23_45_0000,AIIB23_45_0000_117,256,14214,3688
AIIB23_45_0000,AIIB23_45_0000_118,256,15714,3688
AIIB23_45_0000,AIIB23_45_0000_119,256,17478,3836
AIIB23_45_0000,AIIB23_45_0000_120,256,19095,3904
AIIB23_45_0000,AIIB23_45_0000_121,256,20169,3984
AIIB23_45_0000,AIIB23_45_0000_122,256,21741,4476
AIIB23_45_0000,AIIB23_45_0000_123,256,23673,4476
AIIB23_45_0000,AIIB23_45_0000_124,256,25131,4340
AIIB23_45_0000,AIIB23_45_0000_125,256,26874,4812
AIIB23_45_0000,AIIB23_45_0000_126,256,29145,5768
AIIB23_45_0000,AIIB23_45_0000_127,256,31488,5664
AIIB23_45_0000,AIIB23_45_0000_128,256,34377,6788
AIIB23_45_0000,AIIB23_45_0000_129,256,38406,6492
AIIB23_45_0000,AIIB23_45_0000_130,256,43932,5316
AIIB23_45_0000,AIIB23_45_0000_131,256,47535,5196
AIIB23_45_0000,AIIB23_45_0000_132,256,50988,5840
AIIB23_45_0000,AIIB23_45_0000_133,256,55626,8588
AIIB23_45_0000,AIIB23_45_0000_134,256,55821,6940
AIIB23_45_0000,AIIB23_45_0000_135,256,56130,6800
AIIB23_45_0000,AIIB23_45_0000_136,256,56787,6268
AIIB23_45_0000,AIIB23_45_0000_137,256,57174,6348
AIIB23_45_0000,AIIB23_45_0000_138,256,57423,6856
AIIB23_45_0000,AIIB23_45_0000_139,256,58047,6528
AIIB23_45_0000,AIIB23_45_0000_140,256,58530,6160
AIIB23_45_0000,AIIB23_45_0000_141,256,59202,5600
AIIB23_45_0000,AIIB23_45_0000_142,256,59649,5376
AIIB23_45_0000,AIIB23_45_0000_143,256,60336,5060
AIIB23_45_0000,AIIB23_45_0000_144,256,61047,3976
AIIB23_45_0000,AIIB23_45_0000_145,256,61707,3208
AIIB23_45_0000,AIIB23_45_0000_146,256,62742,4544
AIIB23_45_0000,AIIB23_45_0000_147,256,63405,5288
AIIB23_45_0000,AIIB23_45_0000_148,256,64161,6064
AIIB23_45_0000,AIIB23_45_0000_149,256,65340,5748
AIIB23_45_0000,AIIB23_45_0000_150,256,66291,6148
AIIB23_45_0000,AIIB23_45_0000_151,256,67326,7204
AIIB23_45_0000,AIIB23_45_0000_152,256,68310,7076
AIIB23_45_0000,AIIB23_45_0000_153,256,69501,6044
AIIB23_45_0000,AIIB23_45_0000_154,256,70833,5972
AIIB23_45_0000,AIIB23_45_0000_155,256,72066,6284
AIIB23_45_0000,AIIB23_45_0000_156,256,73263,6836
AIIB23_45_0000,AIIB23_45_0000_157,256,74970,7196
AIIB23_45_0000,AIIB23_45_0000_158,256,76347,6500
AIIB23_45_0000,AIIB23_45_0000_159,256,77838,7224
AIIB23_45_0000,AIIB23_45_0000_160,256,79404,6644
AIIB23_45_0000,AIIB23_45_0000_161,256,80706,7988
AIIB23_45_0000,AIIB23_45_0000_162,256,82386,7580
AIIB23_45_0000,AIIB23_45_0000_163,256,84054,9360
AIIB23_45_0000,AIIB23_45_0000_164,256,86250,10224
AIIB23_45_0000,AIIB23_45_0000_165,256,87999,9444
AIIB23_45_0000,AIIB23_45_0000_166,256,90009,9692
AIIB23_45_0000,AIIB23_45_0000_167,256,92133,10056
AIIB23_45_0000,AIIB23_45_0000_168,256,93759,11272
AIIB23_45_0000,AIIB23_45_0000_169,256,95946,10672
AIIB23_45_0000,AIIB23_45_0000_170,256,97689,9972
AIIB23_45_0000,AIIB23_45_0000_171,256,99378,10996
AIIB23_45_0000,AIIB23_45_0000_172,256,101238,10384
AIIB23_45_0000,AIIB23_45_0000_173,256,102738,9960
AIIB23_45_0000,AIIB23_45_0000_174,256,104793,8708
AIIB23_45_0000,AIIB23_45_0000_175,256,104907,9024
AIIB23_45_0000,AIIB23_45_0000_176,256,104763,7564
AIIB23_45_0000,AIIB23_45_0000_177,256,104910,6688
AIIB23_45_0000,AIIB23_45_0000_178,256,104550,6256
AIIB23_45_0000,AIIB23_45_0000_179,256,104088,6260
AIIB23_45_0000,AIIB23_45_0000_180,256,103938,6628
AIIB23_45_0000,AIIB23_45_0000_181,256,104007,7496
AIIB23_45_0000,AIIB23_45_0000_182,256,103758,7908
AIIB23_45_0000,AIIB23_45_0000_183,256,103374,7688
AIIB23_45_0000,AIIB23_45_0000_184,256,103122,7128
AIIB23_45_0000,AIIB23_45_0000_185,256,102741,7532
AIIB23_45_0000,AIIB23_45_0000_186,256,102372,8216
AIIB23_45_0000,AIIB23_45_0000_187,256,101535,7748
AIIB23_45_0000,AIIB23_45_0000_188,256,101340,7472
AIIB23_45_0000,AIIB23_45_0000_189,256,101025,7792
AIIB23_45_0000,AIIB23_45_0000_190,256,100956,8164
AIIB23_45_0000,AIIB23_45_0000_191,256,101250,8512
AIIB23_45_0000,AIIB23_45_0000_192,256,101340,7996
AIIB23_45_0000,AIIB23_45_0000_193,256,101412,7372
AIIB23_45_0000,AIIB23_45_0000_194,256,101322,6792
AIIB23_45_0000,AIIB23_45_0000_195,256,101067,6420
AIIB23_45_0000,AIIB23_45_0000_196,256,100422,7120
AIIB23_45_0000,AIIB23_45_0000_197,256,99972,7236
AIIB23_45_0000,AIIB23_45_0000_198,256,99579,6348
AIIB23_45_0000,AIIB23_45_0000_199,256,99507,6164
AIIB23_45_0000,AIIB23_45_0000_200,256,99432,6580
AIIB23_45_0000,AIIB23_45_0000_201,256,99456,7168
AIIB23_45_0000,AIIB23_45_0000_202,256,98547,6712
AIIB23_45_0000,AIIB23_45_0000_203,256,97191,6132
AIIB23_45_0000,AIIB23_45_0000_204,256,96873,5868
AIIB23_45_0000,AIIB23_45_0000_205,256,96312,5944
AIIB23_45_0000,AIIB23_45_0000_206,256,95646,6412
AIIB23_45_0000,AIIB23_45_0000_207,256,95097,6472
AIIB23_45_0000,AIIB23_45_0000_208,256,95148,6924
AIIB23_45_0000,AIIB23_45_0000_209,256,94719,5976
AIIB23_45_0000,AIIB23_45_0000_210,256,94434,5500
AIIB23_45_0000,AIIB23_45_0000_211,256,93816,5080
AIIB23_45_0000,AIIB23_45_0000_212,256,93780,4864
AIIB23_45_0000,AIIB23_45_0000_213,256,93915,6408
AIIB23_45_0000,AIIB23_45_0000_214,256,93861,6992
AIIB23_45_0000,AIIB23_45_0000_215,256,93273,6968
AIIB23_45_0000,AIIB23_45_0000_216,256,92919,6848
AIIB23_45_0000,AIIB23_45_0000_217,256,92736,6252
AIIB23_45_0000,AIIB23_45_0000_218,256,92223,5576
AIIB23_45_0000,AIIB23_45_0000_219,256,91911,6404
AIIB23_45_0000,AIIB23_45_0000_220,256,91230,6116
AIIB23_45_0000,AIIB23_45_0000_221,256,90810,5768
AIIB23_45_0000,AIIB23_45_0000_222,256,90840,6440
AIIB23_45_0000,AIIB23_45_0000_223,256,90450,7084
AIIB23_45_0000,AIIB23_45_0000_224,256,90264,7508
AIIB23_45_0000,AIIB23_45_0000_225,256,89904,7780
AIIB23_45_0000,AIIB23_45_0000_226,256,90072,8480
AIIB23_45_0000,AIIB23_45_0000_227,256,89715,10016
AIIB23_45_0000,AIIB23_45_0000_228,256,89424,10704
AIIB23_45_0000,AIIB23_45_0000_229,256,88959,10388
AIIB23_45_0000,AIIB23_45_0000_230,256,88737,10536
AIIB23_45_0000,AIIB23_45_0000_231,256,88614,10440
AIIB23_45_0000,AIIB23_45_0000_232,256,88104,9844
AIIB23_45_0000,AIIB23_45_0000_233,256,88068,9688
AIIB23_45_0000,AIIB23_45_0000_234,256,87840,8248
AIIB23_45_0000,AIIB23_45_0000_235,256,87258,8428
AIIB23_45_0000,AIIB23_45_0000_236,256,87159,9208
AIIB23_45_0000,AIIB23_45_0000_237,256,87093,9380
AIIB23_45_0000,AIIB23_45_0000_238,256,86376,9960
AIIB23_45_0000,AIIB23_45_0000_239,256,86103,10032
AIIB23_45_0000,AIIB23_45_0000_240,256,85416,10468
AIIB23_45_0000,AIIB23_45_0000_241,256,84555,10168
AIIB23_45_0000,AIIB23_45_0000_242,256,84024,9784
AIIB23_45_0000,AIIB23_45_0000_243,256,84105,10564
AIIB23_45_0000,AIIB23_45_0000_244,256,83298,10144
AIIB23_45_0000,AIIB23_45_0000_245,256,82335,10884
AIIB23_45_0000,AIIB23_45_0000_246,256,81972,10520
AIIB23_45_0000,AIIB23_45_0000_247,256,81498,10564
AIIB23_45_0000,AIIB23_45_0000_248,256,81345,10720
AIIB23_45_0000,AIIB23_45_0000_249,256,80670,10908
AIIB23_45_0000,AIIB23_45_0000_250,256,80307,10592
AIIB23_45_0000,AIIB23_45_0000_251,256,79575,10576
AIIB23_45_0000,AIIB23_45_0000_252,256,78999,10256
AIIB23_45_0000,AIIB23_45_0000_253,256,78222,10248
AIIB23_45_0000,AIIB23_45_0000_254,256,77028,10468
AIIB23_45_0000,AIIB23_45_0000_255,256,76272,10920
AIIB23_45_0000,AIIB23_45_0000_256,256,75393,10976
AIIB23_45_0000,AIIB23_45_0000_257,256,74223,11452
AIIB23_45_0000,AIIB23_45_0000_258,256,73218,11020
AIIB23_45_0000,AIIB23_45_0000_259,256,72363,10888
AIIB23_45_0000,AIIB23_45_0000_260,256,71640,11624
AIIB23_45_0000,AIIB23_45_0000_261,256,70533,12072
AIIB23_45_0000,AIIB23_45_0000_262,256,69720,11216
AIIB23_45_0000,AIIB23_45_0000_263,256,69117,10092
AIIB23_45_0000,AIIB23_45_0000_264,256,68568,11304
AIIB23_45_0000,AIIB23_45_0000_265,256,67635,10164
AIIB23_45_0000,AIIB23_45_0000_266,256,66606,10420
AIIB23_45_0000,AIIB23_45_0000_267,256,65238,10940
AIIB23_45_0000,AIIB23_45_0000_268,256,64323,10884
AIIB23_45_0000,AIIB23_45_0000_269,256,63105,10976
AIIB23_45_0000,AIIB23_45_0000_270,256,62331,11736
AIIB23_45_0000,AIIB23_45_0000_271,256,61065,12276
AIIB23_45_0000,AIIB23_45_0000_272,256,59907,11100
AIIB23_45_0000,AIIB23_45_0000_273,256,58875,10280
AIIB23_45_0000,AIIB23_45_0000_274,256,57915,8880
AIIB23_45_0000,AIIB23_45_0000_275,256,57279,8312
AIIB23_45_0000,AIIB23_45_0000_276,256,56373,9680
AIIB23_45_0000,AIIB23_45_0000_277,256,55497,8016
AIIB23_45_0000,AIIB23_45_0000_278,256,54489,8592
AIIB23_45_0000,AIIB23_45_0000_279,256,53424,9316
AIIB23_45_0000,AIIB23_45_0000_280,256,52608,8940
AIIB23_45_0000,AIIB23_45_0000_281,256,52107,9024
AIIB23_45_0000,AIIB23_45_0000_282,256,50949,7528
AIIB23_45_0000,AIIB23_45_0000_283,256,49578,7140
AIIB23_45_0000,AIIB23_45_0000_284,256,48813,6568
AIIB23_45_0000,AIIB23_45_0000_285,256,48126,7200
AIIB23_45_0000,AIIB23_45_0000_286,256,46995,7272
AIIB23_45_0000,AIIB23_45_0000_287,256,46455,7668
AIIB23_45_0000,AIIB23_45_0000_288,256,45513,7128
AIIB23_45_0000,AIIB23_45_0000_289,256,44709,6384
AIIB23_45_0000,AIIB23_45_0000_290,256,43836,6068
AIIB23_45_0000,AIIB23_45_0000_291,256,42741,6324
AIIB23_45_0000,AIIB23_45_0000_292,256,42018,6064
AIIB23_45_0000,AIIB23_45_0000_293,256,41256,5296
AIIB23_45_0000,AIIB23_45_0000_294,256,40482,4984
AIIB23_45_0000,AIIB23_45_0000_295,256,39357,5516
AIIB23_45_0000,AIIB23_45_0000_296,256,38643,4968
AIIB23_45_0000,AIIB23_45_0000_297,256,38331,4164
AIIB23_45_0000,AIIB23_45_0000_298,256,37284,3604
AIIB23_45_0000,AIIB23_45_0000_299,256,36618,3412
AIIB23_45_0000,AIIB23_45_0000_300,256,35610,3424
AIIB23_45_0000,AIIB23_45_0000_301,256,34578,3784
AIIB23_45_0000,AIIB23_45_0000_302,256,33915,3332
AIIB23_45_0000,AIIB23_45_0000_303,256,32946,3472
AIIB23_45_0000,AIIB23_45_0000_304,256,32097,3720
AIIB23_45_0000,AIIB23_45_0000_305,256,31188,3488
AIIB23_45_0000,AIIB23_45_0000_306,256,30159,3220
AIIB23_45_0000,AIIB23_45_0000_307,256,29319,2760
AIIB23_45_0000,AIIB23_45_0000_308,256,28233,2604
AIIB23_45_0000,AIIB23_45_0000_309,256,27207,3028
AIIB23_45_0000,AIIB23_45_0000_310,256,25995,2984
AIIB23_45_0000,AIIB23_45_0000_311,256,24969,3152
AIIB23_45_0000,AIIB23_45_0000_312,256,24342,3560
AIIB23_45_0000,AIIB23_45_0000_313,256,23364,2936
AIIB23_45_0000,AIIB23_45_0000_314,256,22434,2924
AIIB23_45_0000,AIIB23_45_0000_315,256,21597,2992
AIIB23_45_0000,AIIB23_45_0000_316,256,20610,2368
AIIB23_45_0000,AIIB23_45_0000_317,256,19599,2532
AIIB23_45_0000,AIIB23_45_0000_318,256,18597,2632
AIIB23_45_0000,AIIB23_45_0000_319,256,18105,2736
AIIB23_45_0000,AIIB23_45_0000_320,256,17385,2948
AIIB23_45_0000,AIIB23_45_0000_321,256,16182,2576
AIIB23_45_0000,AIIB23_45_0000_322,256,15249,2328
AIIB23_45_0000,AIIB23_45_0000_323,256,13935,2444
AIIB23_45_0000,AIIB23_45_0000_324,256,12867,2332
AIIB23_45_0000,AIIB23_45_0000_325,256,11664,2064
AIIB23_45_0000,AIIB23_45_0000_326,256,10971,2200
AIIB23_45_0000,AIIB23_45_0000_327,256,9978,2532
AIIB23_45_0000,AIIB23_45_0000_328,256,8862,2352
AIIB23_45_0000,AIIB23_45_0000_329,256,7881,2052
AIIB23_45_0000,AIIB23_45_0000_330,256,7239,1752
AIIB23_45_0000,AIIB23_45_0000_331,256,6606,1768
AIIB23_45_0000,AIIB23_45_0000_332,256,6249,1560
AIIB23_45_0000,AIIB23_45_0000_333,256,5757,1384
AIIB23_45_0000,AIIB23_45_0000_334,256,5391,1408
AIIB23_45_0000,AIIB23_45_0000_335,256,4848,1288
AIIB23_45_0000,AIIB23_45_0000_336,256,4107,1188
AIIB23_45_0000,AIIB23_45_0000_337,256,3456,932
AIIB23_45_0000,AIIB23_45_0000_338,256,2361,800
AIIB23_45_0000,AIIB23_45_0000_339,256,1872,648
AIIB23_45_0000,AIIB23_45_0000_340,256,1173,492
AIIB23_91_0000,AIIB23_91_0000_041,256,24,0
AIIB23_91_0000,AIIB23_91_0000_042,256,195,84
AIIB23_91_0000,AIIB23_91_0000_043,256,336,136
AIIB23_91_0000,AIIB23_91_0000_044,256,600,280
AIIB23_91_0000,AIIB23_91_0000_045,256,1182,588
AIIB23_91_0000,AIIB23_91_0000_046,256,2007,944
AIIB23_91_0000,AIIB23_91_0000_047,256,3183,1404
AIIB23_91_0000,AIIB23_91_0000_048,256,4938,1908
AIIB23_91_0000,AIIB23_91_0000_049,256,7026,2776
AIIB23_91_0000,AIIB23_91_0000_050,256,9297,3688
AIIB23_91_0000,AIIB23_91_0000_051,256,11652,4556
AIIB23_91_0000,AIIB23_91_0000_052,256,14742,5516
AIIB23_91_0000,AIIB23_91_0000_053,256,19107,5656
AIIB23_91_0000,AIIB23_91_0000_054,256,24876,5840
AIIB23_91_0000,AIIB23_91_0000_055,256,31095,8596
AIIB23_91_0000,AIIB23_91_0000_056,256,40830,8568
AIIB23_91_0000,AIIB23_91_0000_057,256,45750,9440
AIIB23_91_0000,AIIB23_91_0000_058,256,50070,6440
AIIB23_91_0000,AIIB23_91_0000_059,256,51927,7652
AIIB23_91_0000,AIIB23_91_0000_060,256,53562,6808
AIIB23_91_0000,AIIB23_91_0000_061,256,56247,6196
AIIB23_91_0000,AIIB23_91_0000_062,256,58341,5796
AIIB23_91_0000,AIIB23_91_0000_063,256,60123,6404
AIIB23_91_0000,AIIB23_91_0000_064,256,62907,8612
AIIB23_91_0000,AIIB23_91_0000_065,256,66399,9848
AIIB23_91_0000,AIIB23_91_0000_066,256,71589,8968
AIIB23_91_0000,AIIB23_91_0000_067,256,76998,9028
AIIB23_91_0000,AIIB23_91_0000_068,256,79743,8104
AIIB23_91_0000,AIIB23_91_0000_069,256,83838,7612
AIIB23_91_0000,AIIB23_91_0000_070,256,84984,7684
AIIB23_91_0000,AIIB23_91_0000_071,256,85749,6836
AIIB23_91_0000,AIIB23_91_0000_072,256,86679,7068
AIIB23_91_0000,AIIB23_91_0000_073,256,87420,6832
AIIB23_91_0000,AIIB23_91_0000_074,256,87720,8376
AIIB23_91_0000,AIIB23_91_0000_075,256,87882,9608
AIIB23_91_0000,AIIB23_91_0000_076,256,88392,8368
AIIB23_91_0000,AIIB23_91_0000_077,256,88806,8432
AIIB23_91_0000,AIIB23_91_0000_078,256,88791,7596
AIIB23_91_0000,AIIB23_91_0000_079,256,89187,7308
AIIB23_91_0000,AIIB23_91_0000_080,256,88806,7388
AIIB23_91_0000,AIIB23_91_0000_081,256,88743,7636
AIIB23_91_0000,AIIB23_91_0000_082,256,88773,8940
AIIB23_91_0000,AIIB23_91_0000_083,256,88992,9384
AIIB23_91_0000,AIIB23_91_0000_084,256,89286,8684
AIIB23_91_0000,AIIB23_91_0000_085,256,89505,8784
AIIB23_91_0000,AIIB23_91_0000_086,256,90279,8168
AIIB23_91_0000,AIIB23_91_0000_087,256,90411,8308
AIIB23_91_0000,AIIB23_91_0000_088,256,91614,8852
AIIB23_91_0000,AIIB23_91_0000_089,256,92523,8876
AIIB23_91_0000,AIIB23_91_0000_090,256,93018,8876
AIIB23_91_0000,AIIB23_91_0000_091,256,93045,8388
AIIB23_91_0000,AIIB23_91_0000_092,256,92787,6740
AIIB23_91_0000,AIIB23_91_0000_093,256,88173,6824
AIIB23_91_0000,AIIB23_91_0000_094,256,87570,7716
AIIB23_91_0000,AIIB23_91_0000_095,256,87432,5656
AIIB23_91_0000,AIIB23_91_0000_096,256,86283,5840
AIIB23_91_0000,AIIB23_91_0000_097,256,86409,5624
AIIB23_91_0000,AIIB23_91_0000_098,256,87000,6948
AIIB23_91_0000,AIIB23_91_0000_099,256,87177,5340
AIIB23_91_0000,AIIB23_91_0000_100,256,87258,5280
AIIB23_91_0000,AIIB23_91_0000_101,256,86697,7112
AIIB23_91_0000,AIIB23_91_0000_102,256,86982,7364
AIIB23_91_0000,AIIB23_91_0000_103,256,85341,6712
AIIB23_91_0000,AIIB23_91_0000_104,256,84687,4076
AIIB23_91_0000,AIIB23_91_0000_105,256,83994,4704
AIIB23_91_0000,AIIB23_91_0000_106,256,83646,5604
AIIB23_91_0000,AIIB23_91_0000_107,256,83652,5012
AIIB23_91_0000,AIIB23_91_0000_108,256,83061,4956
AIIB23_91_0000,AIIB23_91_0000_109,256,83286,5480
AIIB23_91_0000,AIIB23_91_0000_110,256,82515,5064
AIIB23_91_0000,AIIB23_91_0000_111,256,82215,4856
AIIB23_91_0000,AIIB23_91_0000_112,256,81495,5164
AIIB23_91_0000,AIIB23_91_0000_113,256,80991,5488
AIIB23_91_0000,AIIB23_91_0000_114,256,80427,6004
AIIB23_91_0000,AIIB23_91_0000_115,256,79386,6108
AIIB23_91_0000,AIIB23_91_0000_116,256,78675,6380
AIIB23_91_0000,AIIB23_91_0000_117,256,77844,5620
AIIB23_91_0000,AIIB23_91_0000_118,256,77274,3840
AIIB23_91_0000,AIIB23_91_0000_119,256,76689,5340
AIIB23_91_0000,AIIB23_91_0000_120,256,75708,6948
AIIB23_91_0000,AIIB23_91_0000_121,256,73995,6244
AIIB23_91_0000,AIIB23_91_0000_122,256,71709,5396
AIIB23_91_0000,AIIB23_91_0000_123,256,69900,5484
AIIB23_91_0000,AIIB23_91_0000_124,256,69726,4320
AIIB23_91_0000,AIIB23_91_0000_125,256,68928,4564
AIIB23_91_0000,AIIB23_91_0000_126,256,68238,4412
AIIB23_91_0000,AIIB23_91_0000_127,256,67152,5036
AIIB23_91_0000,AIIB23_91_0000_128,256,65718,4236
AIIB23_91_0000,AIIB23_91_0000_129,256,63558,3792
AIIB23_91_0000,AIIB23_91_0000_130,256,62328,3688
AIIB23_91_0000,AIIB23_91_0000_131,256,61209,3768
AIIB23_91_0000,AIIB23_91_0000_132,256,59571,3756
AIIB23_91_0000,AIIB23_91_0000_133,256,57861,3952
AIIB23_91_0000,AIIB23_91_0000_134,256,55752,4396
AIIB23_91_0000,AIIB23_91_0000_135,256,54201,4328
AIIB23_91_0000,AIIB23_91_0000_136,256,52260,4856
AIIB23_91_0000,AIIB23_91_0000_137,256,50451,4672
AIIB23_91_0000,AIIB23_91_0000_138,256,49023,4948
AIIB23_91_0000,AIIB23_91_0000_139,256,47007,4412
AIIB23_91_0000,AIIB23_91_0000_140,256,45006,3932
AIIB23_91_0000,AIIB23_91_0000_141,256,42945,4184
AIIB23_91_0000,AIIB23_91_0000_142,256,40779,4548
AIIB23_91_0000,AIIB23_91_0000_143,256,38259,3760
AIIB23_91_0000,AIIB23_91_0000_144,256,35739,3748
AIIB23_91_0000,AIIB23_91_0000_145,256,33666,3140
AIIB23_91_0000,AIIB23_91_0000_146,256,31533,2836
AIIB23_91_0000,AIIB23_91_0000_147,256,29826,2468
AIIB23_91_0000,AIIB23_91_0000_148,256,28395,2692
AIIB23_91_0000,AIIB23_91_0000_149,256,26931,2384
AIIB23_91_0000,AIIB23_91_0000_150,256,25236,2732
AIIB23_91_0000,AIIB23_91_0000_151,256,22944,2160
AIIB23_91_0000,AIIB23_91_0000_152,256,20550,2400
AIIB23_91_0000,AIIB23_91_0000_153,256,18402,1836
AIIB23_91_0000,AIIB23_91_0000_154,256,16596,2064
AIIB23_91_0000,AIIB23_91_0000_155,256,14766,1888
AIIB23_91_0000,AIIB23_91_0000_156,256,12573,2464
AIIB23_91_0000,AIIB23_91_0000_157,256,10713,2184
AIIB23_91_0000,AIIB23_91_0000_158,256,8751,1764
AIIB23_91_0000,AIIB23_91_0000_159,256,6552,1412
AIIB23_91_0000,AIIB23_91_0000_160,256,4515,1268
AIIB23_91_0000,AIIB23_91_0000_161,256,2640,1064
AIIB23_94_0000,AIIB23_94_0000_021,256,63,0
AIIB23_94_0000,AIIB23_94_0000_022,256,132,0
AIIB23_94_0000,AIIB23_94_0000_023,256,204,72
AIIB23_94_0000,AIIB23_94_0000_024,256,255,116
AIIB23_94_0000,AIIB23_94_0000_025,256,330,152
AIIB23_94_0000,AIIB23_94_0000_026,256,435,196
AIIB23_94_0000,AIIB23_94_0000_027,256,561,244
AIIB23_94_0000,AIIB23_94_0000_028,256,633,264
AIIB23_94_0000,AIIB23_94_0000_029,256,966,268
AIIB23_94_0000,AIIB23_94_0000_030,256,1284,424
AIIB23_94_0000,AIIB23_94_0000_031,256,1530,504
AIIB23_94_0000,AIIB23_94_0000_032,256,1695,596
AIIB23_94_0000,AIIB23_94_0000_033,256,1842,652
AIIB23_94_0000,AIIB23_94_0000_034,256,2013,724
AIIB23_94_0000,AIIB23_94_0000_035,256,2106,748
AIIB23_94_0000,AIIB23_94_0000_036,256,2250,776
AIIB23_94_0000,AIIB23_94_0000_037,256,2433,852
AIIB23_94_0000,AIIB23_94_0000_038,256,2589,920
AIIB23_94_0000,AIIB23_94_0000_039,256,2877,1052
AIIB23_94_0000,AIIB23_94_0000_040,256,3096,1164
AIIB23_94_0000,AIIB23_94_0000_041,256,3294,1256
AIIB23_94_0000,AIIB23_94_0000_042,256,3555,1368
AIIB23_94_0000,AIIB23_94_0000_043,256,3900,1488
AIIB23_94_0000,AIIB23_94_0000_044,256,4173,1540
AIIB23_94_0000,AIIB23_94_0000_045,256,4464,1432
AIIB23_94_0000,AIIB23_94_0000_046,256,4725,1432
AIIB23_94_0000,AIIB23_94_0000_047,256,5097,1356
AIIB23_94_0000,AIIB23_94_0000_048,256,5454,1340
AIIB23_94_0000,AIIB23_94_0000_049,256,5880,1412
AIIB23_94_0000,AIIB23_94_0000_050,256,6384,1708
AIIB23_94_0000,AIIB23_94_0000_051,256,6876,1776
AIIB23_94_0000,AIIB23_94_0000_052,256,7620,1780
AIIB23_94_0000,AIIB23_94_0000_053,256,8433,1980
AIIB23_94_0000,AIIB23_94_0000_054,256,9255,2360
AIIB23_94_0000,AIIB23_94_0000_055,256,10137,2672
AIIB23_94_0000,AIIB23_94_0000_056,256,11073,2912
AIIB23_94_0000,AIIB23_94_0000_057,256,12093,3200
AIIB23_94_0000,AIIB23_94_0000_058,256,13002,3360
AIIB23_94_0000,AIIB23_94_0000_059,256,13776,3464
AIIB23_94_0000,AIIB23_94_0000_060,256,14505,3920
AIIB23_94_0000,AIIB23_94_0000_061,256,15153,3980
AIIB23_94_0000,AIIB23_94_0000_062,256,15807,3964
AIIB23_94_0000,AIIB23_94_0000_063,256,16395,3892
AIIB23_94_0000,AIIB23_94_0000_064,256,17028,3932
AIIB23_94_0000,AIIB23_94_0000_065,256,17733,4000
AIIB23_94_0000,AIIB23_94_0000_066,256,18504,4212
AIIB23_94_0000,AIIB23_94_0000_067,256,19236,4720
AIIB23_94_0000,AIIB23_94_0000_068,256,20397,4300
AIIB23_94_0000,AIIB23_94_0000_069,256,21486,4512
AIIB23_94_0000,AIIB23_94_0000_070,256,22455,4312
AIIB23_94_0000,AIIB23_94_0000_071,256,23412,4140
AIIB23_94_0000,AIIB23_94_0000_072,256,24321,3848
AIIB23_94_0000,AIIB23_94_0000_073,256,25200,3404
AIIB23_94_0000,AIIB23_94_0000_074,256,26163,3404
AIIB23_94_0000,AIIB23_94_0000_075,256,27267,4044
AIIB23_94_0000,AIIB23_94_0000_076,256,28326,4012
AIIB23_94_0000,AIIB23_94_0000_077,256,29403,4336
AIIB23_94_0000,AIIB23_94_0000_078,256,30330,4696
AIIB23_94_0000,AIIB23_94_0000_079,256,31575,3964
AIIB23_94_0000,AIIB23_94_0000_080,256,32763,3416
AIIB23_94_0000,AIIB23_94_0000_081,256,33894,3400
AIIB23_94_0000,AIIB23_94_0000_082,256,35061,3504
AIIB23_94_0000,AIIB23_94_0000_083,256,36384,3952
AIIB23_94_0000,AIIB23_94_0000_084,256,37434,3752
AIIB23_94_0000,AIIB23_94_0000_085,256,38874,3720
AIIB23_94_0000,AIIB23_94_0000_086,256,40227,3436
AIIB23_94_0000,AIIB23_94_0000_087,256,41625,3924
AIIB23_94_0000,AIIB23_94_0000_088,256,42921,4288
AIIB23_94_0000,AIIB23_94_0000_089,256,44433,3548
AIIB23_94_0000,AIIB23_94_0000_090,256,45804,3396
AIIB23_94_0000,AIIB23_94_0000_091,256,46896,2696
AIIB23_94_0000,AIIB23_94_0000_092,256,48108,2412
AIIB23_94_0000,AIIB23_94_0000_093,256,49491,3432
AIIB23_94_0000,AIIB23_94_0000_094,256,51069,3940
AIIB23_94_0000,AIIB23_94_0000_095,256,52665,3348
AIIB23_94_0000,AIIB23_94_0000_096,256,54165,3480
AIIB23_94_0000,AIIB23_94_0000_097,256,55578,3276
AIIB23_94_0000,AIIB23_94_0000_098,256,56961,4076
AIIB23_94_0000,AIIB23_94_0000_099,256,58704,4796
AIIB23_94_0000,AIIB23_94_0000_100,256,60168,5264
AIIB23_94_0000,AIIB23_94_0000_101,256,62139,4264
AIIB23_94_0000,AIIB23_94_0000_102,256,63774,4160
AIIB23_94_0000,AIIB23_94_0000_103,256,65379,3656
AIIB23_94_0000,AIIB23_94_0000_104,256,66888,3104
AIIB23_94_0000,AIIB23_94_0000_105,256,68343,2584
AIIB23_94_0000,AIIB23_94_0000_106,256,69822,2524
AIIB23_94_0000,AIIB23_94_0000_107,256,71076,2356
AIIB23_94_0000,AIIB23_94_0000_108,256,72267,2708
AIIB23_94_0000,AIIB23_94_0000_109,256,73410,2244
AIIB23_94_0000,AIIB23_94_0000_110,256,74121,1536
AIIB23_94_0000,AIIB23_94_0000_111,256,74967,1140
AIIB23_94_0000,AIIB23_94_0000_112,256,75579,1144
AIIB23_94_0000,AIIB23_94_0000_113,256,76383,1048
AIIB23_94_0000,AIIB23_94_0000_114,256,77046,920
AIIB23_94_0000,AIIB23_94_0000_115,256,77622,1232
AIIB23_94_0000,AIIB23_94_0000_116,256,78255,1208
AIIB23_94_0000,AIIB23_94_0000_117,256,79002,1324
AIIB23_94_0000,AIIB23_94_0000_118,256,79689,1624
AIIB23_94_0000,AIIB23_94_0000_119,256,80361,2360
AIIB23_94_0000,AIIB23_94_0000_120,256,80835,1844
AIIB23_94_0000,AIIB23_94_0000_121,256,81513,1552
AIIB23_94_0000,AIIB23_94_0000_122,256,82038,1712
AIIB23_94_0000,AIIB23_94_0000_123,256,82440,1492
AIIB23_94_0000,AIIB23_94_0000_124,256,82923,1632
AIIB23_94_0000,AIIB23_94_0000_125,256,83319,2272
AIIB23_94_0000,AIIB23_94_0000_126,256,83601,2800
AIIB23_94_0000,AIIB23_94_0000_127,256,83691,2664
AIIB23_94_0000,AIIB23_94_0000_128,256,84042,1760
AIIB23_94_0000,AIIB23_94_0000_129,256,84288,956
AIIB23_94_0000,AIIB23_94_0000_130,256,84606,1500
AIIB23_94_0000,AIIB23_94_0000_131,256,84738,1456
AIIB23_94_0000,AIIB23_94_0000_132,256,84876,1992
AIIB23_94_0000,AIIB23_94_0000_133,256,85047,1552
AIIB23_94_0000,AIIB23_94_0000_134,256,85341,1276
AIIB23_94_0000,AIIB23_94_0000_135,256,85593,992
AIIB23_94_0000,AIIB23_94_0000_136,256,85521,836
AIIB23_94_0000,AIIB23_94_0000_137,256,85674,1208
AIIB23_94_0000,AIIB23_94_0000_138,256,85941,1268
AIIB23_94_0000,AIIB23_94_0000_139,256,86397,2256
AIIB23_94_0000,AIIB23_94_0000_140,256,86784,2304
AIIB23_94_0000,AIIB23_94_0000_141,256,86943,2476
AIIB23_94_0000,AIIB23_94_0000_142,256,87282,2340
AIIB23_94_0000,AIIB23_94_0000_143,256,87834,1580
AIIB23_94_0000,AIIB23_94_0000_144,256,88641,1444
AIIB23_94_0000,AIIB23_94_0000_145,256,89214,1756
AIIB23_94_0000,AIIB23_94_0000_146,256,89643,2144
AIIB23_94_0000,AIIB23_94_0000_147,256,89922,2116
AIIB23_94_0000,AIIB23_94_0000_148,256,90282,2320
AIIB23_94_0000,AIIB23_94_0000_149,256,90789,2108
AIIB23_94_0000,AIIB23_94_0000_150,256,91254,1676
AIIB23_94_0000,AIIB23_94_0000_151,256,91659,2252
AIIB23_94_0000,AIIB23_94_0000_152,256,92217,2188
AIIB23_94_0000,AIIB23_94_0000_153,256,92793,3020
AIIB23_94_0000,AIIB23_94_0000_154,256,93540,2688
AIIB23_94_0000,AIIB23_94_0000_155,256,94056,3072
AIIB23_94_0000,AIIB23_94_0000_156,256,94461,3548
AIIB23_94_0000,AIIB23_94_0000_157,256,94908,3700
AIIB23_94_0000,AIIB23_94_0000_158,256,95361,2992
AIIB23_94_0000,AIIB23_94_0000_159,256,95781,2956
AIIB23_94_0000,AIIB23_94_0000_160,256,96135,3900
AIIB23_94_0000,AIIB23_94_0000_161,256,96426,4508
AIIB23_94_0000,AIIB23_94_0000_162,256,96579,3724
AIIB23_94_0000,AIIB23_94_0000_163,256,96789,4204
AIIB23_94_0000,AIIB23_94_0000_164,256,96921,4196
AIIB23_94_0000,AIIB23_94_0000_165,256,97053,4788
AIIB23_94_0000,AIIB23_94_0000_166,256,97287,4792
AIIB23_94_0000,AIIB23_94_0000_167,256,97671,4156
AIIB23_94_0000,AIIB23_94_0000_168,256,97818,3620
AIIB23_94_0000,AIIB23_94_0000_169,256,97836,2456
AIIB23_94_0000,AIIB23_94_0000_170,256,97938,2576
AIIB23_94_0000,AIIB23_94_0000_171,256,97800,2564
AIIB23_94_0000,AIIB23_94_0000_172,256,97836,2468
AIIB23_94_0000,AIIB23_94_0000_173,256,98010,1848
AIIB23_94_0000,AIIB23_94_0000_174,256,97722,1916
AIIB23_94_0000,AIIB23_94_0000_175,256,97425,1880
AIIB23_94_0000,AIIB23_94_0000_176,256,96699,2848
AIIB23_94_0000,AIIB23_94_0000_177,256,96981,2480
AIIB23_94_0000,AIIB23_94_0000_178,256,97128,2032
AIIB23_94_0000,AIIB23_94_0000_179,256,97032,1432
AIIB23_94_0000,AIIB23_94_0000_180,256,97101,1480
AIIB23_94_0000,AIIB23_94_0000_181,256,97389,2004
AIIB23_94_0000,AIIB23_94_0000_182,256,98031,2312
AIIB23_94_0000,AIIB23_94_0000_183,256,98661,2932
AIIB23_94_0000,AIIB23_94_0000_184,256,99363,2752
AIIB23_94_0000,AIIB23_94_0000_185,256,99888,3236
AIIB23_94_0000,AIIB23_94_0000_186,256,100896,3264
AIIB23_94_0000,AIIB23_94_0000_187,256,100971,3940
AIIB23_94_0000,AIIB23_94_0000_188,256,101175,3792
AIIB23_94_0000,AIIB23_94_0000_189,256,101613,3436
AIIB23_94_0000,AIIB23_94_0000_190,256,102297,2688
AIIB23_94_0000,AIIB23_94_0000_191,256,102723,3064
AIIB23_94_0000,AIIB23_94_0000_192,256,102918,3080
AIIB23_94_0000,AIIB23_94_0000_193,256,102990,3264
AIIB23_94_0000,AIIB23_94_0000_194,256,102960,3084
AIIB23_94_0000,AIIB23_94_0000_195,256,103170,3336
AIIB23_94_0000,AIIB23_94_0000_196,256,103119,2288
AIIB23_94_0000,AIIB23_94_0000_197,256,103038,1648
AIIB23_94_0000,AIIB23_94_0000_198,256,103089,1392
AIIB23_94_0000,AIIB23_94_0000_199,256,103209,784
AIIB23_94_0000,AIIB23_94_0000_200,256,103224,644
AIIB23_94_0000,AIIB23_94_0000_201,256,103212,952
AIIB23_94_0000,AIIB23_94_0000_202,256,103380,1824
AIIB23_94_0000,AIIB23_94_0000_203,256,103137,1932
AIIB23_94_0000,AIIB23_94_0000_204,256,102528,1716
AIIB23_94_0000,AIIB23_94_0000_205,256,102090,1768
AIIB23_94_0000,AIIB23_94_0000_206,256,101508,1208
AIIB23_94_0000,AIIB23_94_0000_207,256,101118,748
AIIB23_94_0000,AIIB23_94_0000_208,256,100965,864
AIIB23_94_0000,AIIB23_94_0000_209,256,100026,888
AIIB23_94_0000,AIIB23_94_0000_210,256,98541,1092
AIIB23_94_0000,AIIB23_94_0000_211,256,97812,984
AIIB23_94_0000,AIIB23_94_0000_212,256,96948,1728
AIIB23_94_0000,AIIB23_94_0000_213,256,96252,1864
AIIB23_94_0000,AIIB23_94_0000_214,256,95622,1832
AIIB23_94_0000,AIIB23_94_0000_215,256,95493,1384
AIIB23_94_0000,AIIB23_94_0000_216,256,95688,1276
AIIB23_94_0000,AIIB23_94_0000_217,256,96063,1436
AIIB23_94_0000,AIIB23_94_0000_218,256,96708,1796
AIIB23_94_0000,AIIB23_94_0000_219,256,96885,1488
AIIB23_94_0000,AIIB23_94_0000_220,256,96813,1936
AIIB23_94_0000,AIIB23_94_0000_221,256,96483,2984
AIIB23_94_0000,AIIB23_94_0000_222,256,96204,3424
AIIB23_94_0000,AIIB23_94_0000_223,256,95913,3192
AIIB23_94_0000,AIIB23_94_0000_224,256,95526,2728
AIIB23_94_0000,AIIB23_94_0000_225,256,94758,2124
AIIB23_94_0000,AIIB23_94_0000_226,256,94173,2868
AIIB23_94_0000,AIIB23_94_0000_227,256,94647,4252
AIIB23_94_0000,AIIB23_94_0000_228,256,94194,4948
AIIB23_94_0000,AIIB23_94_0000_229,256,93339,4056
AIIB23_94_0000,AIIB23_94_0000_230,256,92073,3616
AIIB23_94_0000,AIIB23_94_0000_231,256,91500,5380
AIIB23_94_0000,AIIB23_94_0000_232,256,91026,6012
AIIB23_94_0000,AIIB23_94_0000_233,256,90555,5128
AIIB23_94_0000,AIIB23_94_0000_234,256,90156,4992
AIIB23_94_0000,AIIB23_94_0000_235,256,89676,5492
AIIB23_94_0000,AIIB23_94_0000_236,256,89280,6004
AIIB23_94_0000,AIIB23_94_0000_237,256,88734,5492
AIIB23_94_0000,AIIB23_94_0000_238,256,87696,4852
AIIB23_94_0000,AIIB23_94_0000_239,256,87126,4744
AIIB23_94_0000,AIIB23_94_0000_240,256,86610,4472
AIIB23_94_0000,AIIB23_94_0000_241,256,85968,3832
AIIB23_94_0000,AIIB23_94_0000_242,256,85113,3432
AIIB23_94_0000,AIIB23_94_0000_243,256,84264,3564
AIIB23_94_0000,AIIB23_94_0000_244,256,83232,4232
AIIB23_94_0000,AIIB23_94_0000_245,256,82008,3160
AIIB23_94_0000,AIIB23_94_0000_246,256,80547,1888
AIIB23_94_0000,AIIB23_94_0000_247,256,79530,1652
AIIB23_94_0000,AIIB23_94_0000_248,256,78633,1604
AIIB23_94_0000,AIIB23_94_0000_249,256,77436,1860
AIIB23_94_0000,AIIB23_94_0000_250,256,76632,2376
AIIB23_94_0000,AIIB23_94_0000_251,256,75870,1456
AIIB23_94_0000,AIIB23_94_0000_252,256,75246,2308
AIIB23_94_0000,AIIB23_94_0000_253,256,74511,3312
AIIB23_94_0000,AIIB23_94_0000_254,256,74214,3616
AIIB23_94_0000,AIIB23_94_0000_255,256,74037,4236
AIIB23_94_0000,AIIB23_94_0000_256,256,74205,4616
AIIB23_94_0000,AIIB23_94_0000_257,256,73398,4636
AIIB23_94_0000,AIIB23_94_0000_258,256,72972,5088
AIIB23_94_0000,AIIB23_94_0000_259,256,72714,3580
AIIB23_94_0000,AIIB23_94_0000_260,256,72306,2732
AIIB23_94_0000,AIIB23_94_0000_261,256,71292,2204
AIIB23_94_0000,AIIB23_94_0000_262,256,68919,2972
AIIB23_94_0000,AIIB23_94_0000_263,256,68466,2184
AIIB23_94_0000,AIIB23_94_0000_264,256,68367,2572
AIIB23_94_0000,AIIB23_94_0000_265,256,67827,2768
AIIB23_94_0000,AIIB23_94_0000_266,256,67068,3280
AIIB23_94_0000,AIIB23_94_0000_267,256,65958,4388
AIIB23_94_0000,AIIB23_94_0000_268,256,65019,3328
AIIB23_94_0000,AIIB23_94_0000_269,256,64347,2384
AIIB23_94_0000,AIIB23_94_0000_270,256,63630,2084
AIIB23_94_0000,AIIB23_94_0000_271,256,63285,2224
AIIB23_94_0000,AIIB23_94_0000_272,256,62697,1764
AIIB23_94_0000,AIIB23_94_0000_273,256,62673,1164
AIIB23_94_0000,AIIB23_94_0000_274,256,63111,1580
AIIB23_94_0000,AIIB23_94_0000_275,256,63141,1944
AIIB23_94_0000,AIIB23_94_0000_276,256,63213,1588
AIIB23_94_0000,AIIB23_94_0000_277,256,62688,1160
AIIB23_94_0000,AIIB23_94_0000_278,256,61761,1316
AIIB23_94_0000,AIIB23_94_0000_279,256,60726,1804
AIIB23_94_0000,AIIB23_94_0000_280,256,59736,1508
AIIB23_94_0000,AIIB23_94_0000_281,256,58908,1696
AIIB23_94_0000,AIIB23_94_0000_282,256,58089,1804
AIIB23_94_0000,AIIB23_94_0000_283,256,57414,1808
AIIB23_94_0000,AIIB23_94_0000_284,256,56583,1124
AIIB23_94_0000,AIIB23_94_0000_285,256,55872,1680
AIIB23_94_0000,AIIB23_94_0000_286,256,55512,2104
AIIB23_94_0000,AIIB23_94_0000_287,256,54864,2024
AIIB23_94_0000,AIIB23_94_0000_288,256,54243,2228
AIIB23_94_0000,AIIB23_94_0000_289,256,53469,2296
AIIB23_94_0000,AIIB23_94_0000_290,256,52833,2048
AIIB23_94_0000,AIIB23_94_0000_291,256,52149,2124
AIIB23_94_0000,AIIB23_94_0000_292,256,51243,2048
AIIB23_94_0000,AIIB23_94_0000_293,256,50391,1408
AIIB23_94_0000,AIIB23_94_0000_294,256,49467,1440
AIIB23_94_0000,AIIB23_94_0000_295,256,48372,1716
AIIB23_94_0000,AIIB23_94_0000_296,256,47208,1880
AIIB23_94_0000,AIIB23_94_0000_297,256,46116,1704
AIIB23_94_0000,AIIB23_94_0000_298,256,45015,1208
AIIB23_94_0000,AIIB23_94_0000_299,256,43929,1036
AIIB23_94_0000,AIIB23_94_0000_300,256,42990,1116
AIIB23_94_0000,AIIB23_94_0000_301,256,41868,1084
AIIB23_94_0000,AIIB23_94_0000_302,256,40707,1128
AIIB23_94_0000,AIIB23_94_0000_303,256,39891,1140
AIIB23_94_0000,AIIB23_94_0000_304,256,39084,1040
AIIB23_94_0000,AIIB23_94_0000_305,256,38118,1032
AIIB23_94_0000,AIIB23_94_0000_306,256,37158,1696
AIIB23_94_0000,AIIB23_94_0000_307,256,36069,1484
AIIB23_94_0000,AIIB23_94_0000_308,256,34920,1500
AIIB23_94_0000,AIIB23_94_0000_309,256,34179,2128
AIIB23_94_0000,AIIB23_94_0000_310,256,33444,1752
AIIB23_94_0000,AIIB23_94_0000_311,256,32739,1284
AIIB23_94_0000,AIIB23_94_0000_312,256,32022,1192
AIIB23_94_0000,AIIB23_94_0000_313,256,31119,1464
AIIB23_94_0000,AIIB23_94_0000_314,256,30192,1052
AIIB23_94_0000,AIIB23_94_0000_315,256,29073,840
AIIB23_94_0000,AIIB23_94_0000_316,256,28302,1244
AIIB23_94_0000,AIIB23_94_0000_317,256,27405,1368
AIIB23_94_0000,AIIB23_94_0000_318,256,26754,1648
AIIB23_94_0000,AIIB23_94_0000_319,256,25965,2136
AIIB23_94_0000,AIIB23_94_0000_320,256,24972,2244
AIIB23_94_0000,AIIB23_94_0000_321,256,23739,2688
AIIB23_94_0000,AIIB23_94_0000_322,256,22053,2496
AIIB23_94_0000,AIIB23_94_0000_323,256,20763,2204
AIIB23_94_0000,AIIB23_94_0000_324,256,19149,1496
AIIB23_94_0000,AIIB23_94_0000_325,256,17679,1940
AIIB23_94_0000,AIIB23_94_0000_326,256,16395,2296
AIIB23_94_0000,AIIB23_94_0000_327,256,14859,2528
AIIB23_94_0000,AIIB23_94_0000_328,256,13245,2404
AIIB23_94_0000,AIIB23_94_0000_329,256,12033,1816
AIIB23_94_0000,AIIB23_94_0000_330,256,11019,1208
AIIB23_94_0000,AIIB23_94_0000_331,256,9741,1044
AIIB23_94_0000,AIIB23_94_0000_332,256,8922,1296
AIIB23_94_0000,AIIB23_94_0000_333,256,8157,1204
AIIB23_94_0000,AIIB23_94_0000_334,256,7245,1500
AIIB23_94_0000,AIIB23_94_0000_335,256,6210,1536
AIIB23_94_0000,AIIB23_94_0000_336,256,4971,992
AIIB23_94_0000,AIIB23_94_0000_337,256,3942,1104
AIIB23_94_0000,AIIB23_94_0000_338,256,2559,928
AIIB23_94_0000,AIIB23_94_0000_339,256,2007,748
AIIB23_94_0000,AIIB23_94_0000_340,256,1800,636
AIIB23_94_0000,AIIB23_94_0000_341,256,954,484
AIIB23_94_0000,AIIB23_94_0000_342,256,351,188
AIIB23_94_0000,AIIB23_94_0000_343,256,183,116
33_0000,33_0000_037,256,18,0
33_0000,33_0000_038,256,69,0
33_0000,33_0000_039,256,366,8
33_0000,33_0000_040,256,540,160
33_0000,33_0000_041,256,813,68
33_0000,33_0000_042,256,933,212
33_0000,33_0000_043,256,1362,292
33_0000,33_0000_044,256,1710,624
33_0000,33_0000_045,256,1923,760
33_0000,33_0000_046,256,2391,876
33_0000,33_0000_047,256,2664,920
33_0000,33_0000_048,256,3018,1032
33_0000,33_0000_049,256,3438,1280
33_0000,33_0000_050,256,3801,1296
33_0000,33_0000_051,256,4239,1404
33_0000,33_0000_052,256,4611,1436
33_0000,33_0000_053,256,4893,1672
33_0000,33_0000_054,256,5223,1728
33_0000,33_0000_055,256,5601,1884
33_0000,33_0000_056,256,5985,2056
33_0000,33_0000_057,256,6366,2192
33_0000,33_0000_058,256,6834,2440
33_0000,33_0000_059,256,7245,2620
33_0000,33_0000_060,256,7569,2612
33_0000,33_0000_061,256,8007,2876
33_0000,33_0000_062,256,8544,3104
33_0000,33_0000_063,256,8952,3264
33_0000,33_0000_064,256,9204,3424
33_0000,33_0000_065,256,9678,3656
33_0000,33_0000_066,256,10128,3864
33_0000,33_0000_067,256,10557,3908
33_0000,33_0000_068,256,10779,3852
33_0000,33_0000_069,256,11172,3864
33_0000,33_0000_070,256,11733,4084
33_0000,33_0000_071,256,12150,4028
33_0000,33_0000_072,256,12705,4280
33_0000,33_0000_073,256,13179,4864
33_0000,33_0000_074,256,13524,4960
33_0000,33_0000_075,256,13905,5008
33_0000,33_0000_076,256,14436,5132
33_0000,33_0000_077,256,14850,5180
33_0000,33_0000_078,256,15363,5304
33_0000,33_0000_079,256,16044,5144
33_0000,33_0000_080,256,16539,4328
33_0000,33_0000_081,256,17115,4704
33_0000,33_0000_082,256,17592,5288
33_0000,33_0000_083,256,18003,5788
33_0000,33_0000_084,256,18519,5780
33_0000,33_0000_085,256,18894,5472
33_0000,33_0000_086,256,19479,5668
33_0000,33_0000_087,256,20127,5460
33_0000,33_0000_088,256,20577,5176
33_0000,33_0000_089,256,21066,5648
33_0000,33_0000_090,256,21441,6152
33_0000,33_0000_091,256,21909,5844
33_0000,33_0000_092,256,22266,4792
33_0000,33_0000_093,256,22587,5156
33_0000,33_0000_094,256,23187,6148
33_0000,33_0000_095,256,23709,7720
33_0000,33_0000_096,256,24141,7580
33_0000,33_0000_097,256,24690,6620
33_0000,33_0000_098,256,25191,6380
33_0000,33_0000_099,256,25551,6228
33_0000,33_0000_100,256,26040,6340
33_0000,33_0000_101,256,26400,6332
33_0000,33_0000_102,256,26928,6628
33_0000,33_0000_103,256,27219,7180
33_0000,33_0000_104,256,27750,7040
33_0000,33_0000_105,256,28395,6824
33_0000,33_0000_106,256,28860,6612
33_0000,33_0000_107,256,29442,6520
33_0000,33_0000_108,256,30123,7016
33_0000,33_0000_109,256,30810,6796
33_0000,33_0000_110,256,31491,6776
33_0000,33_0000_111,256,31845,6560
33_0000,33_0000_112,256,32238,6124
33_0000,33_0000_113,256,32574,6140
33_0000,33_0000_114,256,33093,6056
33_0000,33_0000_115,256,33768,6660
33_0000,33_0000_116,256,34287,6804
33_0000,33_0000_117,256,34500,6864
33_0000,33_0000_118,256,35226,7340
33_0000,33_0000_119,256,35838,7860
33_0000,33_0000_120,256,36549,9168
33_0000,33_0000_121,256,37203,9128
33_0000,33_0000_122,256,37608,8188
33_0000,33_0000_123,256,37929,8856
33_0000,33_0000_124,256,38673,9416
33_0000,33_0000_125,256,39390,9964
33_0000,33_0000_126,256,40038,9880
33_0000,33_0000_127,256,40620,9980
33_0000,33_0000_128,256,41457,10088
33_0000,33_0000_129,256,41973,10056
33_0000,33_0000_130,256,42699,10500
33_0000,33_0000_131,256,43449,9832
33_0000,33_0000_132,256,44103,9744
33_0000,33_0000_133,256,44607,9584
33_0000,33_0000_134,256,45534,9448
33_0000,33_0000_135,256,46482,9756
33_0000,33_0000_136,256,47241,9976
33_0000,33_0000_137,256,47820,10508
33_0000,33_0000_138,256,48414,10900
33_0000,33_0000_139,256,49125,11396
33_0000,33_0000_140,256,49938,11712
33_0000,33_0000_141,256,50631,12048
33_0000,33_0000_142,256,51162,11920
33_0000,33_0000_143,256,51738,12600
33_0000,33_0000_144,256,52887,12612
33_0000,33_0000_145,256,53703,13004
33_0000,33_0000_146,256,54720,13304
33_0000,33_0000_147,256,54996,12576
33_0000,33_0000_148,256,55413,12072
33_0000,33_0000_149,256,56544,13060
33_0000,33_0000_150,256,56793,12824
33_0000,33_0000_151,256,57924,12800
33_0000,33_0000_152,256,58824,12464
33_0000,33_0000_153,256,59058,12916
33_0000,33_0000_154,256,60339,12804
33_0000,33_0000_155,256,61932,12284
33_0000,33_0000_156,256,63483,11912
33_0000,33_0000_157,256,65103,12260
33_0000,33_0000_158,256,66786,11928
33_0000,33_0000_159,256,68634,12884
33_0000,33_0000_160,256,69603,13764
33_0000,33_0000_161,256,71199,13552
33_0000,33_0000_162,256,72666,12756
33_0000,33_0000_163,256,74838,13076
33_0000,33_0000_164,256,76434,12872
33_0000,33_0000_165,256,78048,12500
33_0000,33_0000_166,256,80271,12148
33_0000,33_0000_167,256,82554,12368
33_0000,33_0000_168,256,83697,12328
33_0000,33_0000_169,256,83892,12772
33_0000,33_0000_170,256,83940,11636
33_0000,33_0000_171,256,83814,11104
33_0000,33_0000_172,256,83967,11340
33_0000,33_0000_173,256,83538,11588
33_0000,33_0000_174,256,83427,10308
33_0000,33_0000_175,256,84084,9724
33_0000,33_0000_176,256,84648,9116
33_0000,33_0000_177,256,84846,8920
33_0000,33_0000_178,256,85260,9392
33_0000,33_0000_179,256,85731,9808
33_0000,33_0000_180,256,85725,9988
33_0000,33_0000_181,256,85680,10540
33_0000,33_0000_182,256,85737,11068
33_0000,33_0000_183,256,86958,11064
33_0000,33_0000_184,256,88146,11148
33_0000,33_0000_185,256,89325,10436
33_0000,33_0000_186,256,90411,9740
33_0000,33_0000_187,256,91974,8400
33_0000,33_0000_188,256,93759,8968
33_0000,33_0000_189,256,95199,9712
33_0000,33_0000_190,256,95391,10052
33_0000,33_0000_191,256,95361,9656
33_0000,33_0000_192,256,95169,8144
33_0000,33_0000_193,256,95304,7552
33_0000,33_0000_194,256,95337,6256
33_0000,33_0000_195,256,95433,6712
33_0000,33_0000_196,256,95289,6828
33_0000,33_0000_197,256,95250,6900
33_0000,33_0000_198,256,95034,6892
33_0000,33_0000_199,256,95193,6472
33_0000,33_0000_200,256,95544,4648
33_0000,33_0000_201,256,95838,4612
33_0000,33_0000_202,256,95691,3916
33_0000,33_0000_203,256,95523,4324
33_0000,33_0000_204,256,95877,3704
33_0000,33_0000_205,256,96105,3436
33_0000,33_0000_206,256,96345,3628
33_0000,33_0000_207,256,96228,4556
33_0000,33_0000_208,256,96348,4004
33_0000,33_0000_209,256,96075,3320
33_0000,33_0000_210,256,95925,3260
33_0000,33_0000_211,256,96081,3804
33_0000,33_0000_212,256,96045,4152
33_0000,33_0000_213,256,96603,4396
33_0000,33_0000_214,256,96588,4824
33_0000,33_0000_215,256,96399,4552
33_0000,33_0000_216,256,96021,4952
33_0000,33_0000_217,256,95970,4992
33_0000,33_0000_218,256,95634,4996
33_0000,33_0000_219,256,95394,5804
33_0000,33_0000_220,256,95127,5312
33_0000,33_0000_221,256,95202,5048
33_0000,33_0000_222,256,95184,4964
33_0000,33_0000_223,256,94665,4632
33_0000,33_0000_224,256,94191,4632
33_0000,33_0000_225,256,94263,5368
33_0000,33_0000_226,256,94395,4932
33_0000,33_0000_227,256,94329,4856
33_0000,33_0000_228,256,94119,5016
33_0000,33_0000_229,256,93786,4732
33_0000,33_0000_230,256,93735,5464
33_0000,33_0000_231,256,93654,5168
33_0000,33_0000_232,256,93507,5256
33_0000,33_0000_233,256,93276,5172
33_0000,33_0000_234,256,93135,5080
33_0000,33_0000_235,256,93051,5376
33_0000,33_0000_236,256,92805,5656
33_0000,33_0000_237,256,92601,5808
33_0000,33_0000_238,256,92433,6092
33_0000,33_0000_239,256,92346,5824
33_0000,33_0000_240,256,91971,5628
33_0000,33_0000_241,256,91824,5304
33_0000,33_0000_242,256,91677,4548
33_0000,33_0000_243,256,91509,4524
33_0000,33_0000_244,256,91284,4968
33_0000,33_0000_245,256,91203,5276
33_0000,33_0000_246,256,90840,5500
33_0000,33_0000_247,256,90777,5916
33_0000,33_0000_248,256,90336,5864
33_0000,33_0000_249,256,89730,6552
33_0000,33_0000_250,256,89376,6036
33_0000,33_0000_251,256,89274,5732
33_0000,33_0000_252,256,88977,5344
33_0000,33_0000_253,256,88833,5312
33_0000,33_0000_254,256,88464,4776
33_0000,33_0000_255,256,87921,4436
33_0000,33_0000_256,256,87558,3664
33_0000,33_0000_257,256,87399,3636
33_0000,33_0000_258,256,87102,3372
33_0000,33_0000_259,256,86685,3752
33_0000,33_0000_260,256,86346,3852
33_0000,33_0000_261,256,85863,3604
33_0000,33_0000_262,256,86085,3264
33_0000,33_0000_263,256,86244,3560
33_0000,33_0000_264,256,86418,3572
33_0000,33_0000_265,256,86439,4580
33_0000,33_0000_266,256,86169,4992
33_0000,33_0000_267,256,86301,5360
33_0000,33_0000_268,256,86457,6228
33_0000,33_0000_269,256,86565,5900
33_0000,33_0000_270,256,86388,5304
33_0000,33_0000_271,256,86274,5132
33_0000,33_0000_272,256,85698,5596
33_0000,33_0000_273,256,85122,5432
33_0000,33_0000_274,256,84894,5340
33_0000,33_0000_275,256,84675,6140
33_0000,33_0000_276,256,84360,6068
33_0000,33_0000_277,256,83985,5888
33_0000,33_0000_278,256,84087,5800
33_0000,33_0000_279,256,83868,6032
33_0000,33_0000_280,256,83628,5448
33_0000,33_0000_281,256,83292,5148
33_0000,33_0000_282,256,82857,5288
33_0000,33_0000_283,256,82509,5520
33_0000,33_0000_284,256,82344,5884
33_0000,33_0000_285,256,82104,5936
33_0000,33_0000_286,256,81843,5912
33_0000,33_0000_287,256,81252,5528
33_0000,33_0000_288,256,81045,6180
33_0000,33_0000_289,256,80874,6600
33_0000,33_0000_290,256,80637,6868
33_0000,33_0000_291,256,80349,6828
33_0000,33_0000_292,256,80121,6472
33_0000,33_0000_293,256,79857,6076
33_0000,33_0000_294,256,79419,5640
33_0000,33_0000_295,256,79113,5328
33_0000,33_0000_296,256,78717,5696
33_0000,33_0000_297,256,78051,6460
33_0000,33_0000_298,256,77535,6700
33_0000,33_0000_299,256,77031,6132
33_0000,33_0000_300,256,76689,5508
33_0000,33_0000_301,256,76482,4808
33_0000,33_0000_302,256,76185,4052
33_0000,33_0000_303,256,75747,3264
33_0000,33_0000_304,256,75168,3244
33_0000,33_0000_305,256,74616,3212
33_0000,33_0000_306,256,74277,3312
33_0000,33_0000_307,256,73641,3328
33_0000,33_0000_308,256,72558,3264
33_0000,33_0000_309,256,71952,3604
33_0000,33_0000_310,256,71271,3820
33_0000,33_0000_311,256,70719,4116
33_0000,33_0000_312,256,70119,4192
33_0000,33_0000_313,256,69651,5288
33_0000,33_0000_314,256,68874,5668
33_0000,33_0000_315,256,68337,5416
33_0000,33_0000_316,256,67740,5556
33_0000,33_0000_317,256,67323,6048
33_0000,33_0000_318,256,66897,5992
33_0000,33_0000_319,256,66267,5796
33_0000,33_0000_320,256,65646,6288
33_0000,33_0000_321,256,65160,7048
33_0000,33_0000_322,256,64623,7532
33_0000,33_0000_323,256,64065,7404
33_0000,33_0000_324,256,63150,8120
33_0000,33_0000_325,256,62814,7800
33_0000,33_0000_326,256,62154,7816
33_0000,33_0000_327,256,61533,7960
33_0000,33_0000_328,256,60759,7524
33_0000,33_0000_329,256,60003,6808
33_0000,33_0000_330,256,59199,6268
33_0000,33_0000_331,256,58467,5360
33_0000,33_0000_332,256,57336,4888
33_0000,33_0000_333,256,56331,4916
33_0000,33_0000_334,256,55638,5064
33_0000,33_0000_335,256,54945,4836
33_0000,33_0000_336,256,54171,4212
33_0000,33_0000_337,256,53361,3876
33_0000,33_0000_338,256,52656,4340
33_0000,33_0000_339,256,51732,3748
33_0000,33_0000_340,256,50949,3448
33_0000,33_0000_341,256,50166,3612
33_0000,33_0000_342,256,49125,3352
33_0000,33_0000_343,256,48387,2832
33_0000,33_0000_344,256,47508,2476
33_0000,33_0000_345,256,46557,2624
33_0000,33_0000_346,256,45519,2884
33_0000,33_0000_347,256,44808,2776
33_0000,33_0000_348,256,43902,3124
33_0000,33_0000_349,256,43065,3008
33_0000,33_0000_350,256,42426,2624
33_0000,33_0000_351,256,41622,2712
33_0000,33_0000_352,256,40860,2980
33_0000,33_0000_353,256,39960,3200
33_0000,33_0000_354,256,39327,3400
33_0000,33_0000_355,256,38625,3476
33_0000,33_0000_356,256,37818,3652
33_0000,33_0000_357,256,37101,3400
33_0000,33_0000_358,256,36216,3316
33_0000,33_0000_359,256,35310,3156
33_0000,33_0000_360,256,34455,3180
33_0000,33_0000_361,256,33555,2972
33_0000,33_0000_362,256,32730,2676
33_0000,33_0000_363,256,31908,2260
33_0000,33_0000_364,256,31080,2176
33_0000,33_0000_365,256,30219,2304
33_0000,33_0000_366,256,29514,2320
33_0000,33_0000_367,256,28710,2004
33_0000,33_0000_368,256,27912,2168
33_0000,33_0000_369,256,26988,2224
33_0000,33_0000_370,256,25998,2016
33_0000,33_0000_371,256,25065,1928
33_0000,33_0000_372,256,24225,1968
33_0000,33_0000_373,256,23532,1980
33_0000,33_0000_374,256,22689,1908
33_0000,33_0000_375,256,21759,1868
33_0000,33_0000_376,256,20985,1892
33_0000,33_0000_377,256,20058,1948
33_0000,33_0000_378,256,19197,1936
33_0000,33_0000_379,256,18435,1764
33_0000,33_0000_380,256,17475,1552
33_0000,33_0000_381,256,16467,1532
33_0000,33_0000_382,256,15555,1512
33_0000,33_0000_383,256,14802,1372
33_0000,33_0000_384,256,13929,1028
33_0000,33_0000_385,256,13026,1260
33_0000,33_0000_386,256,12240,1260
33_0000,33_0000_387,256,11346,1540
33_0000,33_0000_388,256,10686,1252
33_0000,33_0000_389,256,9978,1220
33_0000,33_0000_390,256,9222,1156
33_0000,33_0000_391,256,8442,1112
33_0000,33_0000_392,256,7794,980
33_0000,33_0000_393,256,7104,968
33_0000,33_0000_394,256,6402,972
33_0000,33_0000_395,256,5625,880
33_0000,33_0000_396,256,4917,808
33_0000,33_0000_397,256,4131,876
33_0000,33_0000_398,256,3591,680
33_0000,33_0000_399,256,3108,720
33_0000,33_0000_400,256,2664,996
33_0000,33_0000_401,256,2313,884
33_0000,33_0000_402,256,1980,788
33_0000,33_0000_403,256,1695,684
33_0000,33_0000_404,256,1356,568
33_0000,33_0000_405,256,873,376
33_0000,33_0000_406,256,585,300
34_0000,34_0000_048,256,105,0
34_0000,34_0000_049,256,135,0
34_0000,34_0000_050,256,216,0
34_0000,34_0000_051,256,273,0
34_0000,34_0000_052,256,348,84
34_0000,34_0000_053,256,405,16
34_0000,34_0000_054,256,477,112
34_0000,34_0000_055,256,471,128
34_0000,34_0000_056,256,612,216
34_0000,34_0000_057,256,828,192
34_0000,34_0000_058,256,891,200
34_0000,34_0000_059,256,903,336
34_0000,34_0000_060,256,1086,468
34_0000,34_0000_061,256,1584,608
34_0000,34_0000_062,256,1977,692
34_0000,34_0000_063,256,1923,592
34_0000,34_0000_064,256,3096,1252
34_0000,34_0000_065,256,3270,1284
34_0000,34_0000_066,256,3357,1264
34_0000,34_0000_067,256,3849,1252
34_0000,34_0000_068,256,4062,1240
34_0000,34_0000_069,256,4638,1372
34_0000,34_0000_070,256,5217,1560
34_0000,34_0000_071,256,4716,1276
34_0000,34_0000_072,256,5436,1748
34_0000,34_0000_073,256,5907,1608
34_0000,34_0000_074,256,6240,1656
34_0000,34_0000_075,256,6534,2020
34_0000,34_0000_076,256,7035,2056
34_0000,34_0000_077,256,7377,2124
34_0000,34_0000_078,256,7725,2472
34_0000,34_0000_079,256,8148,2536
34_0000,34_0000_080,256,8691,2624
34_0000,34_0000_081,256,9300,3176
34_0000,34_0000_082,256,9654,3140
34_0000,34_0000_083,256,9261,3356
34_0000,34_0000_084,256,10623,3884
34_0000,34_0000_085,256,11574,3844
34_0000,34_0000_086,256,11586,4032
34_0000,34_0000_087,256,12837,4576
34_0000,34_0000_088,256,13638,4604
34_0000,34_0000_089,256,14919,5176
34_0000,34_0000_090,256,16185,5272
34_0000,34_0000_091,256,16881,5528
34_0000,34_0000_092,256,17379,5780
34_0000,34_0000_093,256,18678,5624
34_0000,34_0000_094,256,20061,5912
34_0000,34_0000_095,256,21483,6128
34_0000,34_0000_096,256,22743,6576
34_0000,34_0000_097,256,23514,6316
34_0000,34_0000_098,256,24549,5988
34_0000,34_0000_099,256,26982,6168
34_0000,34_0000_100,256,28674,5936
34_0000,34_0000_101,256,30234,5432
34_0000,34_0000_102,256,31878,5192
34_0000,34_0000_103,256,34308,4684
34_0000,34_0000_104,256,35622,4960
34_0000,34_0000_105,256,37098,4596
34_0000,34_0000_106,256,39195,5528
34_0000,34_0000_107,256,40860,5436
34_0000,34_0000_108,256,42987,5764
34_0000,34_0000_109,256,44997,6012
34_0000,34_0000_110,256,48186,5960
34_0000,34_0000_111,256,47961,6236
34_0000,34_0000_112,256,47715,5760
34_0000,34_0000_113,256,47736,5188
34_0000,34_0000_114,256,47283,4808
34_0000,34_0000_115,256,47322,4468
34_0000,34_0000_116,256,47943,4692
34_0000,34_0000_117,256,47748,4872
34_0000,34_0000_118,256,48312,4632
34_0000,34_0000_119,256,48879,4272
34_0000,34_0000_120,256,48786,4324
34_0000,34_0000_121,256,49641,5592
34_0000,34_0000_122,256,50331,4972
34_0000,34_0000_123,256,50739,5196
34_0000,34_0000_124,256,51507,5576
34_0000,34_0000_125,256,51981,5148
34_0000,34_0000_126,256,52533,5276
34_0000,34_0000_127,256,53253,4900
34_0000,34_0000_128,256,53781,4960
34_0000,34_0000_129,256,54168,4548
34_0000,34_0000_130,256,55035,4120
34_0000,34_0000_131,256,55917,4220
34_0000,34_0000_132,256,56562,4860
34_0000,34_0000_133,256,56892,5244
34_0000,34_0000_134,256,57837,5132
34_0000,34_0000_135,256,58158,4824
34_0000,34_0000_136,256,58869,4264
34_0000,34_0000_137,256,59553,4264
34_0000,34_0000_138,256,60231,3984
34_0000,34_0000_139,256,60342,3912
34_0000,34_0000_140,256,61347,4336
34_0000,34_0000_141,256,61857,4824
34_0000,34_0000_142,256,61953,4728
34_0000,34_0000_143,256,62439,4056
34_0000,34_0000_144,256,63576,4448
34_0000,34_0000_145,256,63450,4340
34_0000,34_0000_146,256,64266,4440
34_0000,34_0000_147,256,65361,4808
34_0000,34_0000_148,256,65619,4980
34_0000,34_0000_149,256,65982,5380
34_0000,34_0000_150,256,66441,5408
34_0000,34_0000_151,256,67305,5184
34_0000,34_0000_152,256,67683,4952
34_0000,34_0000_153,256,68223,4700
34_0000,34_0000_154,256,68349,4708
34_0000,34_0000_155,256,69750,4704
34_0000,34_0000_156,256,70521,4444
34_0000,34_0000_157,256,71085,4784
34_0000,34_0000_158,256,71592,4968
34_0000,34_0000_159,256,72993,4932
34_0000,34_0000_160,256,73233,5424
34_0000,34_0000_161,256,74136,5592
34_0000,34_0000_162,256,74913,4904
34_0000,34_0000_163,256,75054,4860
34_0000,34_0000_164,256,75720,5144
34_0000,34_0000_165,256,76749,4904
34_0000,34_0000_166,256,76818,4352
34_0000,34_0000_167,256,77877,4072
34_0000,34_0000_168,256,78798,4024
34_0000,34_0000_169,256,79389,3620
34_0000,34_0000_170,256,79851,3728
34_0000,34_0000_171,256,80517,4032
34_0000,34_0000_172,256,81465,4788
34_0000,34_0000_173,256,82308,4260
34_0000,34_0000_174,256,82374,5004
34_0000,34_0000_175,256,83763,4804
34_0000,34_0000_176,256,84258,4824
34_0000,34_0000_177,256,84792,4696
34_0000,34_0000_178,256,86244,5728
34_0000,34_0000_179,256,87378,3356
34_0000,34_0000_180,256,87960,4452
34_0000,34_0000_181,256,88029,4488
34_0000,34_0000_182,256,87228,4548
34_0000,34_0000_183,256,86940,4104
34_0000,34_0000_184,256,86520,4476
34_0000,34_0000_185,256,86127,3524
34_0000,34_0000_186,256,86532,3364
34_0000,34_0000_187,256,86415,3348
34_0000,34_0000_188,256,85878,3360
34_0000,34_0000_189,256,85677,3524
34_0000,34_0000_190,256,86373,3640
34_0000,34_0000_191,256,86292,3464
34_0000,34_0000_192,256,86136,3376
34_0000,34_0000_193,256,86220,2764
34_0000,34_0000_194,256,85440,2060
34_0000,34_0000_195,256,85920,2428
34_0000,34_0000_196,256,85629,2244
34_0000,34_0000_197,256,85746,2704
34_0000,34_0000_198,256,86202,3200
34_0000,34_0000_199,256,86967,3272
34_0000,34_0000_200,256,85950,3204
34_0000,34_0000_201,256,86466,2872
34_0000,34_0000_202,256,87561,3416
34_0000,34_0000_203,256,86826,3428
34_0000,34_0000_204,256,86751,3800
34_0000,34_0000_205,256,86949,3816
34_0000,34_0000_206,256,87885,3400
34_0000,34_0000_207,256,87153,3216
34_0000,34_0000_208,256,86892,2556
34_0000,34_0000_209,256,87543,2860
34_0000,34_0000_210,256,86754,2484
34_0000,34_0000_211,256,86790,2576
34_0000,34_0000_212,256,87006,2516
34_0000,34_0000_213,256,86670,3216
34_0000,34_0000_214,256,86271,3240
34_0000,34_0000_215,256,86436,2888
34_0000,34_0000_216,256,85848,3128
34_0000,34_0000_217,256,85596,3300
34_0000,34_0000_218,256,85860,3928
34_0000,34_0000_219,256,85548,4564
34_0000,34_0000_220,256,85401,4932
34_0000,34_0000_221,256,85569,3912
34_0000,34_0000_222,256,85290,3776
34_0000,34_0000_223,256,84702,3580
34_0000,34_0000_224,256,84891,3464
34_0000,34_0000_225,256,84342,2604
34_0000,34_0000_226,256,85335,2744
34_0000,34_0000_227,256,85386,3408
34_0000,34_0000_228,256,85185,3928
34_0000,34_0000_229,256,84981,3996
34_0000,34_0000_230,256,85284,3908
34_0000,34_0000_231,256,84558,4632
34_0000,34_0000_232,256,84030,4628
34_0000,34_0000_233,256,83766,4832
34_0000,34_0000_234,256,82599,4596
34_0000,34_0000_235,256,82371,5060
34_0000,34_0000_236,256,81492,5300
34_0000,34_0000_237,256,80898,4880
34_0000,34_0000_238,256,80850,4668
34_0000,34_0000_239,256,80634,4756
34_0000,34_0000_240,256,80826,4700
34_0000,34_0000_241,256,80544,3980
34_0000,34_0000_242,256,80232,3636
34_0000,34_0000_243,256,80631,4112
34_0000,34_0000_244,256,80232,4580
34_0000,34_0000_245,256,79623,4908
34_0000,34_0000_246,256,79818,5380
34_0000,34_0000_247,256,79077,5092
34_0000,34_0000_248,256,78291,5112
34_0000,34_0000_249,256,78582,3672
34_0000,34_0000_250,256,77676,3336
34_0000,34_0000_251,256,77286,3888
34_0000,34_0000_252,256,77529,3988
34_0000,34_0000_253,256,77313,3712
34_0000,34_0000_254,256,77298,3912
34_0000,34_0000_255,256,77439,3716
34_0000,34_0000_256,256,76857,4672
34_0000,34_0000_257,256,76977,4548
34_0000,34_0000_258,256,76722,4624
34_0000,34_0000_259,256,76842,5676
34_0000,34_0000_260,256,76641,4696
34_0000,34_0000_261,256,76914,4520
34_0000,34_0000_262,256,76260,4860
34_0000,34_0000_263,256,76005,5128
34_0000,34_0000_264,256,75942,5304
34_0000,34_0000_265,256,75879,5032
34_0000,34_0000_266,256,75576,5416
34_0000,34_0000_267,256,75909,5036
34_0000,34_0000_268,256,75723,4712
34_0000,34_0000_269,256,76152,4896
34_0000,34_0000_270,256,76653,3780
34_0000,34_0000_271,256,76356,3900
34_0000,34_0000_272,256,76632,3212
34_0000,34_0000_273,256,76524,2928
34_0000,34_0000_274,256,76137,3744
34_0000,34_0000_275,256,75912,3092
34_0000,34_0000_276,256,75471,3648
34_0000,34_0000_277,256,75390,3444
34_0000,34_0000_278,256,75210,3224
34_0000,34_0000_279,256,74910,3176
34_0000,34_0000_280,256,75192,3188
34_0000,34_0000_281,256,74406,3328
34_0000,34_0000_282,256,73944,2828
34_0000,34_0000_283,256,73995,2940
34_0000,34_0000_284,256,73554,4236
34_0000,34_0000_285,256,73269,4416
34_0000,34_0000_286,256,73458,4244
34_0000,34_0000_287,256,72873,4304
34_0000,34_0000_288,256,72789,4164
34_0000,34_0000_289,256,73092,4420
34_0000,34_0000_290,256,72663,4284
34_0000,34_0000_291,256,71709,4564
34_0000,34_0000_292,256,72078,5376
34_0000,34_0000_293,256,70995,4052
34_0000,34_0000_294,256,70704,3536
34_0000,34_0000_295,256,71262,3060
34_0000,34_0000_296,256,70989,2980
34_0000,34_0000_297,256,70323,2648
34_0000,34_0000_298,256,70740,3228
34_0000,34_0000_299,256,70287,3488
34_0000,34_0000_300,256,70164,3024
34_0000,34_0000_301,256,70566,2848
34_0000,34_0000_302,256,69882,3164
34_0000,34_0000_303,256,69792,3044
34_0000,34_0000_304,256,69969,3216
34_0000,34_0000_305,256,69621,2660
34_0000,34_0000_306,256,69546,3132
34_0000,34_0000_307,256,69708,2944
34_0000,34_0000_308,256,69354,2832
34_0000,34_0000_309,256,68913,3220
34_0000,34_0000_310,256,68796,2920
34_0000,34_0000_311,256,68397,2956
34_0000,34_0000_312,256,67677,2744
34_0000,34_0000_313,256,67554,2984
34_0000,34_0000_314,256,66837,2296
34_0000,34_0000_315,256,66330,2468
34_0000,34_0000_316,256,65700,2852
34_0000,34_0000_317,256,66051,2912
34_0000,34_0000_318,256,65283,2520
34_0000,34_0000_319,256,64740,2216
34_0000,34_0000_320,256,64491,2180
34_0000,34_0000_321,256,63819,2396
34_0000,34_0000_322,256,62856,1896
34_0000,34_0000_323,256,62523,2004
34_0000,34_0000_324,256,61536,1284
34_0000,34_0000_325,256,61140,1656
34_0000,34_0000_326,256,60987,1804
34_0000,34_0000_327,256,60318,1684
34_0000,34_0000_328,256,59385,1728
34_0000,34_0000_329,256,59475,1836
34_0000,34_0000_330,256,58902,2284
34_0000,34_0000_331,256,58464,2288
34_0000,34_0000_332,256,58374,2012
34_0000,34_0000_333,256,57258,2340
34_0000,34_0000_334,256,57402,2196
34_0000,34_0000_335,256,57426,2536
34_0000,34_0000_336,256,57081,2624
34_0000,34_0000_337,256,56892,2480
34_0000,34_0000_338,256,57135,2256
34_0000,34_0000_339,256,56397,1992
34_0000,34_0000_340,256,56049,2040
34_0000,34_0000_341,256,56064,1652
34_0000,34_0000_342,256,55455,1704
34_0000,34_0000_343,256,55614,1240
34_0000,34_0000_344,256,55233,1036
34_0000,34_0000_345,256,54705,1220
34_0000,34_0000_346,256,54384,1120
34_0000,34_0000_347,256,54099,1416
34_0000,34_0000_348,256,53904,1776
34_0000,34_0000_349,256,53439,1612
34_0000,34_0000_350,256,52809,1404
34_0000,34_0000_351,256,52416,1744
34_0000,34_0000_352,256,51489,1496
34_0000,34_0000_353,256,51060,1680
34_0000,34_0000_354,256,50592,2000
34_0000,34_0000_355,256,49782,1240
34_0000,34_0000_356,256,49182,1468
34_0000,34_0000_357,256,48648,1312
34_0000,34_0000_358,256,47427,1652
34_0000,34_0000_359,256,46731,2068
34_0000,34_0000_360,256,46350,1772
34_0000,34_0000_361,256,45561,1648
34_0000,34_0000_362,256,45282,1584
34_0000,34_0000_363,256,44364,1452
34_0000,34_0000_364,256,43617,1632
34_0000,34_0000_365,256,43047,1856
34_0000,34_0000_366,256,42756,1572
34_0000,34_0000_367,256,42255,1504
34_0000,34_0000_368,256,41187,1360
34_0000,34_0000_369,256,40935,1184
34_0000,34_0000_370,256,40320,1184
34_0000,34_0000_371,256,40074,1880
34_0000,34_0000_372,256,39735,1712
34_0000,34_0000_373,256,39279,1500
34_0000,34_0000_374,256,38910,1624
34_0000,34_0000_375,256,38580,1316
34_0000,34_0000_376,256,37920,1504
34_0000,34_0000_377,256,37446,1388
34_0000,34_0000_378,256,37401,1340
34_0000,34_0000_379,256,36276,1468
34_0000,34_0000_380,256,35913,1540
34_0000,34_0000_381,256,35682,1684
34_0000,34_0000_382,256,35082,1512
34_0000,34_0000_383,256,34536,1856
34_0000,34_0000_384,256,34137,1556
34_0000,34_0000_385,256,33834,1656
34_0000,34_0000_386,256,32877,1992
34_0000,34_0000_387,256,32112,1928
34_0000,34_0000_388,256,31788,1820
34_0000,34_0000_389,256,30960,2028
34_0000,34_0000_390,256,30300,2108
34_0000,34_0000_391,256,29622,1716
34_0000,34_0000_392,256,28680,1684
34_0000,34_0000_393,256,27909,1688
34_0000,34_0000_394,256,27060,1388
34_0000,34_0000_395,256,26304,1812
34_0000,34_0000_396,256,25758,1892
34_0000,34_0000_397,256,24786,2184
34_0000,34_0000_398,256,24258,2648
34_0000,34_0000_399,256,23592,2068
34_0000,34_0000_400,256,23304,2048
34_0000,34_0000_401,256,22320,2688
34_0000,34_0000_402,256,22017,2580
34_0000,34_0000_403,256,21570,2144
34_0000,34_0000_404,256,20862,1808
34_0000,34_0000_405,256,20169,2024
34_0000,34_0000_406,256,19485,2660
34_0000,34_0000_407,256,18924,2616
34_0000,34_0000_408,256,18438,2432
34_0000,34_0000_409,256,17913,2616
34_0000,34_0000_410,256,17400,2528
34_0000,34_0000_411,256,16689,2552
34_0000,34_0000_412,256,16269,3264
34_0000,34_0000_413,256,15621,3212
34_0000,34_0000_414,256,15021,3104
34_0000,34_0000_415,256,14694,3080
34_0000,34_0000_416,256,14022,3548
34_0000,34_0000_417,256,13485,3032
34_0000,34_0000_418,256,12822,3016
34_0000,34_0000_419,256,12381,2348
34_0000,34_0000_420,256,11529,1816
34_0000,34_0000_421,256,10764,2312
34_0000,34_0000_422,256,10152,2520
34_0000,34_0000_423,256,9369,2572
34_0000,34_0000_424,256,8646,2308
34_0000,34_0000_425,256,7539,2684
34_0000,34_0000_426,256,6780,2932
34_0000,34_0000_427,256,6252,2672
34_0000,34_0000_428,256,5577,2480
34_0000,34_0000_429,256,5064,2412
34_0000,34_0000_430,256,4545,2012
34_0000,34_0000_431,256,3804,1840
34_0000,34_0000_432,256,3363,1616
34_0000,34_0000_433,256,2787,1340
34_0000,34_0000_434,256,2439,1132
34_0000,34_0000_435,256,2160,1092
34_0000,34_0000_436,256,1854,860
34_0000,34_0000_437,256,1449,744
34_0000,34_0000_438,256,1026,532
34_0000,34_0000_439,256,693,388
34_0000,34_0000_440,256,549,272
34_0000,34_0000_441,256,207,136
34_0000,34_0000_442,256,120,36
64_0000,64_0000_050,256,18,0
64_0000,64_0000_051,256,36,0
64_0000,64_0000_052,256,105,0
64_0000,64_0000_053,256,174,44
64_0000,64_0000_054,256,234,104
64_0000,64_0000_055,256,300,120
64_0000,64_0000_056,256,348,164
64_0000,64_0000_057,256,441,216
64_0000,64_0000_058,256,570,312
64_0000,64_0000_059,256,678,300
64_0000,64_0000_060,256,750,352
64_0000,64_0000_061,256,891,368
64_0000,64_0000_062,256,1020,420
64_0000,64_0000_063,256,1098,472
64_0000,64_0000_064,256,1263,516
64_0000,64_0000_065,256,1431,544
64_0000,64_0000_066,256,1563,584
64_0000,64_0000_067,256,1641,656
64_0000,64_0000_068,256,1803,660
64_0000,64_0000_069,256,2019,764
64_0000,64_0000_070,256,2181,776
64_0000,64_0000_071,256,2379,880
64_0000,64_0000_072,256,2577,952
64_0000,64_0000_073,256,2778,1140
64_0000,64_0000_074,256,2952,1168
64_0000,64_0000_075,256,3264,1216
64_0000,64_0000_076,256,3525,1348
64_0000,64_0000_077,256,3921,1456
64_0000,64_0000_078,256,4176,1500
64_0000,64_0000_079,256,4500,1676
64_0000,64_0000_080,256,4689,1680
64_0000,64_0000_081,256,5082,1884
64_0000,64_0000_082,256,5340,1952
64_0000,64_0000_083,256,5748,2168
64_0000,64_0000_084,256,6210,2316
64_0000,64_0000_085,256,6726,2496
64_0000,64_0000_086,256,7056,2580
64_0000,64_0000_087,256,7620,2824
64_0000,64_0000_088,256,7935,2792
64_0000,64_0000_089,256,8391,2980
64_0000,64_0000_090,256,8976,3156
64_0000,64_0000_091,256,9408,3284
64_0000,64_0000_092,256,9672,3448
64_0000,64_0000_093,256,10215,3696
64_0000,64_0000_094,256,10761,4012
64_0000,64_0000_095,256,11580,4424
64_0000,64_0000_096,256,12309,4680
64_0000,64_0000_097,256,13035,4844
64_0000,64_0000_098,256,13665,5028
64_0000,64_0000_099,256,14298,5312
64_0000,64_0000_100,256,14910,5556
64_0000,64_0000_101,256,15717,5776
64_0000,64_0000_102,256,16485,5828
64_0000,64_0000_103,256,17235,6080
64_0000,64_0000_104,256,18081,6380
64_0000,64_0000_105,256,18903,6548
64_0000,64_0000_106,256,19398,6812
64_0000,64_0000_107,256,20274,7176
64_0000,64_0000_108,256,21090,7312
64_0000,64_0000_109,256,21843,7412
64_0000,64_0000_110,256,22713,7500
64_0000,64_0000_111,256,23745,7688
64_0000,64_0000_112,256,24975,7800
64_0000,64_0000_113,256,25845,8124
64_0000,64_0000_114,256,27039,8420
64_0000,64_0000_115,256,28317,8632
64_0000,64_0000_116,256,29622,8708
64_0000,64_0000_117,256,30873,8932
64_0000,64_0000_118,256,32172,8952
64_0000,64_0000_119,256,33588,9180
64_0000,64_0000_120,256,34950,9640
64_0000,64_0000_121,256,36339,9956
64_0000,64_0000_122,256,37653,10112
64_0000,64_0000_123,256,39195,9676
64_0000,64_0000_124,256,40854,9932
64_0000,64_0000_125,256,42378,9100
64_0000,64_0000_126,256,43980,8656
64_0000,64_0000_127,256,45609,8632
64_0000,64_0000_128,256,47508,8452
64_0000,64_0000_129,256,49368,8832
64_0000,64_0000_130,256,50685,8864
64_0000,64_0000_131,256,52809,9360
64_0000,64_0000_132,256,54624,9664
64_0000,64_0000_133,256,56520,9568
64_0000,64_0000_134,256,58695,9236
64_0000,64_0000_135,256,60804,8564
64_0000,64_0000_136,256,62673,10184
64_0000,64_0000_137,256,64446,9340
64_0000,64_0000_138,256,66156,9176
64_0000,64_0000_139,256,68193,8660
64_0000,64_0000_140,256,70533,9196
64_0000,64_0000_141,256,72495,8648
64_0000,64_0000_142,256,74463,9756
64_0000,64_0000_143,256,76440,10104
64_0000,64_0000_144,256,78273,9556
64_0000,64_0000_145,256,80199,8972
64_0000,64_0000_146,256,82023,7848
64_0000,64_0000_147,256,84390,7460
64_0000,64_0000_148,256,86610,7736
64_0000,64_0000_149,256,88362,6648
64_0000,64_0000_150,256,89346,6372
64_0000,64_0000_151,256,89658,7236
64_0000,64_0000_152,256,89790,6920
64_0000,64_0000_153,256,89742,5692
64_0000,64_0000_154,256,90318,5368
64_0000,64_0000_155,256,90750,4932
64_0000,64_0000_156,256,91563,4380
64_0000,64_0000_157,256,92277,4032
64_0000,64_0000_158,256,93333,4128
64_0000,64_0000_159,256,94611,3436
64_0000,64_0000_160,256,95307,3672
64_0000,64_0000_161,256,96516,4576
64_0000,64_0000_162,256,96849,4988
64_0000,64_0000_163,256,96948,4156
64_0000,64_0000_164,256,97293,3936
64_0000,64_0000_165,256,97269,5072
64_0000,64_0000_166,256,97431,5512
64_0000,64_0000_167,256,97335,5164
64_0000,64_0000_168,256,97041,5464
64_0000,64_0000_169,256,97056,5580
64_0000,64_0000_170,256,96915,5536
64_0000,64_0000_171,256,96930,5708
64_0000,64_0000_172,256,96837,5036
64_0000,64_0000_173,256,96831,4524
64_0000,64_0000_174,256,97149,4420
64_0000,64_0000_175,256,97113,3604
64_0000,64_0000_176,256,96894,3352
64_0000,64_0000_177,256,96726,3216
64_0000,64_0000_178,256,97029,3152
64_0000,64_0000_179,256,97068,2860
64_0000,64_0000_180,256,97344,2988
64_0000,64_0000_181,256,97227,2900
64_0000,64_0000_182,256,97179,2852
64_0000,64_0000_183,256,97323,2712
64_0000,64_0000_184,256,97251,2860
64_0000,64_0000_185,256,97404,2732
64_0000,64_0000_186,256,97401,2272
64_0000,64_0000_187,256,97425,1948
64_0000,64_0000_188,256,97635,2076
64_0000,64_0000_189,256,97611,1664
64_0000,64_0000_190,256,97662,1432
64_0000,64_0000_191,256,97875,1188
64_0000,64_0000_192,256,98241,820
64_0000,64_0000_193,256,98460,332
64_0000,64_0000_194,256,98805,292
64_0000,64_0000_195,256,99090,396
64_0000,64_0000_196,256,98997,584
64_0000,64_0000_197,256,99477,852
64_0000,64_0000_198,256,99579,824
64_0000,64_0000_199,256,99651,1476
64_0000,64_0000_200,256,99507,1608
64_0000,64_0000_201,256,99681,1148
64_0000,64_0000_202,256,99285,1560
64_0000,64_0000_203,256,99282,1468
64_0000,64_0000_204,256,98985,1012
64_0000,64_0000_205,256,98406,1032
64_0000,64_0000_206,256,98733,872
64_0000,64_0000_207,256,98121,872
64_0000,64_0000_208,256,97743,896
64_0000,64_0000_209,256,97494,1068
64_0000,64_0000_210,256,97227,624
64_0000,64_0000_211,256,97038,464
64_0000,64_0000_212,256,97065,224
64_0000,64_0000_213,256,97311,60
64_0000,64_0000_214,256,97263,220
64_0000,64_0000_215,256,97539,572
64_0000,64_0000_216,256,97464,688
64_0000,64_0000_217,256,97653,860
64_0000,64_0000_218,256,97917,828
64_0000,64_0000_219,256,97968,964
64_0000,64_0000_220,256,97998,752
64_0000,64_0000_221,256,98001,864
64_0000,64_0000_222,256,97635,1140
64_0000,64_0000_223,256,97626,1276
64_0000,64_0000_224,256,97569,1520
64_0000,64_0000_225,256,97356,1032
64_0000,64_0000_226,256,97215,976
64_0000,64_0000_227,256,96936,1608
64_0000,64_0000_228,256,96858,1844
64_0000,64_0000_229,256,96396,2292
64_0000,64_0000_230,256,96327,2296
64_0000,64_0000_231,256,96492,2264
64_0000,64_0000_232,256,96456,2684
64_0000,64_0000_233,256,96381,2888
64_0000,64_0000_234,256,96075,3056
64_0000,64_0000_235,256,95946,2808
64_0000,64_0000_236,256,95874,2252
64_0000,64_0000_237,256,95175,1980
64_0000,64_0000_238,256,93975,2040
64_0000,64_0000_239,256,94167,2004
64_0000,64_0000_240,256,93753,2608
64_0000,64_0000_241,256,93870,2188
64_0000,64_0000_242,256,93795,2500
64_0000,64_0000_243,256,93852,2976
64_0000,64_0000_244,256,93771,2460
64_0000,64_0000_245,256,93381,2540
64_0000,64_0000_246,256,93105,2436
64_0000,64_0000_247,256,92892,2012
64_0000,64_0000_248,256,93360,2364
64_0000,64_0000_249,256,93408,2132
64_0000,64_0000_250,256,93576,1928
64_0000,64_0000_251,256,93363,2392
64_0000,64_0000_252,256,93426,2320
64_0000,64_0000_253,256,93444,2248
64_0000,64_0000_254,256,93423,2216
64_0000,64_0000_255,256,92919,2428
64_0000,64_0000_256,256,92769,2536
64_0000,64_0000_257,256,92679,2732
64_0000,64_0000_258,256,92223,2248
64_0000,64_0000_259,256,92265,2404
64_0000,64_0000_260,256,92367,2680
64_0000,64_0000_261,256,92214,3016
64_0000,64_0000_262,256,91716,3456
64_0000,64_0000_263,256,91170,3220
64_0000,64_0000_264,256,91002,3768
64_0000,64_0000_265,256,90459,2896
64_0000,64_0000_266,256,90231,2604
64_0000,64_0000_267,256,90027,2388
64_0000,64_0000_268,256,89886,2356
64_0000,64_0000_269,256,89910,2396
64_0000,64_0000_270,256,89727,2496
64_0000,64_0000_271,256,89694,2436
64_0000,64_0000_272,256,89517,2524
64_0000,64_0000_273,256,89784,2176
64_0000,64_0000_274,256,89871,1992
64_0000,64_0000_275,256,89700,1748
64_0000,64_0000_276,256,89946,1496
64_0000,64_0000_277,256,89868,2048
64_0000,64_0000_278,256,89709,1472
64_0000,64_0000_279,256,89610,1488
64_0000,64_0000_280,256,89655,1900
64_0000,64_0000_281,256,89727,1820
64_0000,64_0000_282,256,89568,1668
64_0000,64_0000_283,256,89499,1292
64_0000,64_0000_284,256,89292,1500
64_0000,64_0000_285,256,89160,1504
64_0000,64_0000_286,256,88986,1652
64_0000,64_0000_287,256,88806,2080
64_0000,64_0000_288,256,88740,2144
64_0000,64_0000_289,256,88620,2220
64_0000,64_0000_290,256,88584,2100
64_0000,64_0000_291,256,88314,2004
64_0000,64_0000_292,256,87969,2376
64_0000,64_0000_293,256,87885,2268
64_0000,64_0000_294,256,87966,2316
64_0000,64_0000_295,256,87678,2056
64_0000,64_0000_296,256,87396,1876
64_0000,64_0000_297,256,86961,1580
64_0000,64_0000_298,256,86691,1776
64_0000,64_0000_299,256,86361,2136
64_0000,64_0000_300,256,86451,2784
64_0000,64_0000_301,256,86280,1876
64_0000,64_0000_302,256,85596,2112
64_0000,64_0000_303,256,85371,2220
64_0000,64_0000_304,256,84837,1188
64_0000,64_0000_305,256,84639,924
64_0000,64_0000_306,256,84453,560
64_0000,64_0000_307,256,84396,792
64_0000,64_0000_308,256,84168,1288
64_0000,64_0000_309,256,84048,1004
64_0000,64_0000_310,256,84051,796
64_0000,64_0000_311,256,83808,968
64_0000,64_0000_312,256,83877,1288
64_0000,64_0000_313,256,84102,1708
64_0000,64_0000_314,256,84666,2028
64_0000,64_0000_315,256,84639,2472
64_0000,64_0000_316,256,84744,2200
64_0000,64_0000_317,256,84774,1560
64_0000,64_0000_318,256,84666,1380
64_0000,64_0000_319,256,84678,1500
64_0000,64_0000_320,256,84369,920
64_0000,64_0000_321,256,84006,644
64_0000,64_0000_322,256,83556,776
64_0000,64_0000_323,256,83337,880
64_0000,64_0000_324,256,82845,980
64_0000,64_0000_325,256,82497,1100
64_0000,64_0000_326,256,82386,1196
64_0000,64_0000_327,256,82152,1716
64_0000,64_0000_328,256,81984,1324
64_0000,64_0000_329,256,81663,1348
64_0000,64_0000_330,256,81405,2096
64_0000,64_0000_331,256,80994,1968
64_0000,64_0000_332,256,80601,1772
64_0000,64_0000_333,256,79920,1320
64_0000,64_0000_334,256,79671,1488
64_0000,64_0000_335,256,79191,1672
64_0000,64_0000_336,256,79032,1360
64_0000,64_0000_337,256,78567,1172
64_0000,64_0000_338,256,78048,1088
64_0000,64_0000_339,256,77505,884
64_0000,64_0000_340,256,77109,944
64_0000,64_0000_341,256,76350,1196
64_0000,64_0000_342,256,75951,1720
64_0000,64_0000_343,256,75537,2000
64_0000,64_0000_344,256,74955,2416
64_0000,64_0000_345,256,74589,2452
64_0000,64_0000_346,256,74148,2420
64_0000,64_0000_347,256,73920,1972
64_0000,64_0000_348,256,73623,1648
64_0000,64_0000_349,256,73266,2072
64_0000,64_0000_350,256,72846,2512
64_0000,64_0000_351,256,72486,2464
64_0000,64_0000_352,256,72153,2096
64_0000,64_0000_353,256,71616,1240
64_0000,64_0000_354,256,71211,1832
64_0000,64_0000_355,256,70665,1572
64_0000,64_0000_356,256,70014,1820
64_0000,64_0000_357,256,69369,2140
64_0000,64_0000_358,256,68838,2092
64_0000,64_0000_359,256,68067,2048
64_0000,64_0000_360,256,67431,2776
64_0000,64_0000_361,256,66852,3268
64_0000,64_0000_362,256,66264,3312
64_0000,64_0000_363,256,65406,3332
64_0000,64_0000_364,256,64881,3172
64_0000,64_0000_365,256,64521,2948
64_0000,64_0000_366,256,63996,2712
64_0000,64_0000_367,256,63534,2700
64_0000,64_0000_368,256,62748,2252
64_0000,64_0000_369,256,62184,2264
64_0000,64_0000_370,256,61641,2260
64_0000,64_0000_371,256,61122,2396
64_0000,64_0000_372,256,60762,1932
64_0000,64_0000_373,256,60153,1776
64_0000,64_0000_374,256,59586,1176
64_0000,64_0000_375,256,58893,1132
64_0000,64_0000_376,256,58062,1256
64_0000,64_0000_377,256,57195,1292
64_0000,64_0000_378,256,56319,1488
64_0000,64_0000_379,256,55311,1868
64_0000,64_0000_380,256,54213,2672
64_0000,64_0000_381,256,53376,3104
64_0000,64_0000_382,256,52401,2788
64_0000,64_0000_383,256,51606,2088
64_0000,64_0000_384,256,50802,1788
64_0000,64_0000_385,256,49899,1544
64_0000,64_0000_386,256,49188,1260
64_0000,64_0000_387,256,48339,1508
64_0000,64_0000_388,256,47268,2476
64_0000,64_0000_389,256,46245,2232
64_0000,64_0000_390,256,45219,1884
64_0000,64_0000_391,256,43812,1640
64_0000,64_0000_392,256,42537,2044
64_0000,64_0000_393,256,41550,2000
64_0000,64_0000_394,256,40449,1556
64_0000,64_0000_395,256,39360,1972
64_0000,64_0000_396,256,38226,1996
64_0000,64_0000_397,256,37071,2016
64_0000,64_0000_398,256,35892,2048
64_0000,64_0000_399,256,34998,1988
64_0000,64_0000_400,256,34053,1976
64_0000,64_0000_401,256,33237,2032
64_0000,64_0000_402,256,32169,2096
64_0000,64_0000_403,256,31287,2196
64_0000,64_0000_404,256,30483,1912
64_0000,64_0000_405,256,29553,1884
64_0000,64_0000_406,256,28932,2044
64_0000,64_0000_407,256,28095,1880
64_0000,64_0000_408,256,27477,2068
64_0000,64_0000_409,256,26664,1996
64_0000,64_0000_410,256,25869,1900
64_0000,64_0000_411,256,24948,1888
64_0000,64_0000_412,256,24282,2012
64_0000,64_0000_413,256,23550,1884
64_0000,64_0000_414,256,22773,1844
64_0000,64_0000_415,256,21918,1708
64_0000,64_0000_416,256,20838,1824
64_0000,64_0000_417,256,19758,2044
64_0000,64_0000_418,256,18912,2124
64_0000,64_0000_419,256,18108,1996
64_0000,64_0000_420,256,17142,1880
64_0000,64_0000_421,256,16290,1628
64_0000,64_0000_422,256,15423,1500
64_0000,64_0000_423,256,14361,1468
64_0000,64_0000_424,256,13395,1680
64_0000,64_0000_425,256,12564,1528
64_0000,64_0000_426,256,11736,1336
64_0000,64_0000_427,256,10758,1188
64_0000,64_0000_428,256,10149,1204
64_0000,64_0000_429,256,9348,1188
64_0000,64_0000_430,256,8439,948
64_0000,64_0000_431,256,7647,832
64_0000,64_0000_432,256,6399,752
64_0000,64_0000_433,256,4473,1112
64_0000,64_0000_434,256,3966,1056
64_0000,64_0000_435,256,3576,1060
64_0000,64_0000_436,256,3222,992
64_0000,64_0000_437,256,2934,856
64_0000,64_0000_438,256,2520,884
64_0000,64_0000_439,256,2112,804
64_0000,64_0000_440,256,1485,636
64_0000,64_0000_441,256,1245,556
64_0000,64_0000_442,256,939,404
65_0000,65_0000_029,256,45,0
65_0000,65_0000_030,256,75,0
65_0000,65_0000_031,256,93,0
65_0000,65_0000_032,256,93,0
65_0000,65_0000_033,256,99,0
65_0000,65_0000_034,256,180,44
65_0000,65_0000_035,256,192,28
65_0000,65_0000_036,256,291,148
65_0000,65_0000_037,256,291,140
65_0000,65_0000_038,256,291,132
65_0000,65_0000_039,256,426,200
65_0000,65_0000_040,256,471,224
65_0000,65_0000_041,256,525,244
65_0000,65_0000_042,256,528,248
65_0000,65_0000_043,256,696,296
65_0000,65_0000_044,256,870,348
65_0000,65_0000_045,256,1140,408
65_0000,65_0000_046,256,1239,400
65_0000,65_0000_047,256,1491,552
65_0000,65_0000_048,256,1767,684
65_0000,65_0000_049,256,2031,796
65_0000,65_0000_050,256,2346,1016
65_0000,65_0000_051,256,2553,1016
65_0000,65_0000_052,256,2931,1328
65_0000,65_0000_053,256,3279,1408
65_0000,65_0000_054,256,3624,1580
65_0000,65_0000_055,256,4203,1808
65_0000,65_0000_056,256,4653,2000
65_0000,65_0000_057,256,5049,2176
65_0000,65_0000_058,256,5418,2284
65_0000,65_0000_059,256,5856,2452
65_0000,65_0000_060,256,6384,2600
65_0000,65_0000_061,256,6882,2744
65_0000,65_0000_062,256,7368,2928
65_0000,65_0000_063,256,8076,3128
65_0000,65_0000_064,256,8670,3284
65_0000,65_0000_065,256,9219,3496
65_0000,65_0000_066,256,9846,3676
65_0000,65_0000_067,256,10575,3904
65_0000,65_0000_068,256,11166,4180
65_0000,65_0000_069,256,11940,4496
65_0000,65_0000_070,256,12759,4788
65_0000,65_0000_071,256,13719,5284
65_0000,65_0000_072,256,14802,5664
65_0000,65_0000_073,256,15771,5984
65_0000,65_0000_074,256,16725,6408
65_0000,65_0000_075,256,17814,6736
65_0000,65_0000_076,256,18714,7060
65_0000,65_0000_077,256,19563,7412
65_0000,65_0000_078,256,20703,7520
65_0000,65_0000_079,256,21798,7468
65_0000,65_0000_080,256,22896,7036
65_0000,65_0000_081,256,24156,7188
65_0000,65_0000_082,256,25512,7916
65_0000,65_0000_083,256,26712,8412
65_0000,65_0000_084,256,28362,8784
65_0000,65_0000_085,256,30186,8312
65_0000,65_0000_086,256,32532,7924
65_0000,65_0000_087,256,33807,7960
65_0000,65_0000_088,256,35517,8884
65_0000,65_0000_089,256,37221,8560
65_0000,65_0000_090,256,38832,8644
65_0000,65_0000_091,256,40497,8552
65_0000,65_0000_092,256,42513,8632
65_0000,65_0000_093,256,44376,9480
65_0000,65_0000_094,256,46101,8932
65_0000,65_0000_095,256,47859,8512
65_0000,65_0000_096,256,49977,9104
65_0000,65_0000_097,256,52284,8640
65_0000,65_0000_098,256,54588,8896
65_0000,65_0000_099,256,56694,10112
65_0000,65_0000_100,256,59019,10516
65_0000,65_0000_101,256,61191,9780
65_0000,65_0000_102,256,63552,9292
65_0000,65_0000_103,256,66096,9848
65_0000,65_0000_104,256,68355,8920
65_0000,65_0000_105,256,70581,8272
65_0000,65_0000_106,256,72828,7740
65_0000,65_0000_107,256,74979,7628
65_0000,65_0000_108,256,77787,7556
65_0000,65_0000_109,256,79500,7688
65_0000,65_0000_110,256,82443,7064
65_0000,65_0000_111,256,84870,7968
65_0000,65_0000_112,256,86772,7996
65_0000,65_0000_113,256,87681,8252
65_0000,65_0000_114,256,88380,7092
65_0000,65_0000_115,256,89343,6404
65_0000,65_0000_116,256,90258,7336
65_0000,65_0000_117,256,91185,6832
65_0000,65_0000_118,256,91998,5952
65_0000,65_0000_119,256,93255,4516
65_0000,65_0000_120,256,94251,4820
65_0000,65_0000_121,256,95250,4908
65_0000,65_0000_122,256,96258,5012
65_0000,65_0000_123,256,97341,5224
65_0000,65_0000_124,256,98577,5120
65_0000,65_0000_125,256,99696,5032
65_0000,65_0000_126,256,100995,5392
65_0000,65_0000_127,256,102855,5836
65_0000,65_0000_128,256,103860,5876
65_0000,65_0000_129,256,104793,5004
65_0000,65_0000_130,256,105843,3536
65_0000,65_0000_131,256,106560,2692
65_0000,65_0000_132,256,106917,3420
65_0000,65_0000_133,256,107046,4108
65_0000,65_0000_134,256,107172,3824
65_0000,65_0000_135,256,107358,3284
65_0000,65_0000_136,256,107397,3024
65_0000,65_0000_137,256,107457,2816
65_0000,65_0000_138,256,107490,2744
65_0000,65_0000_139,256,107574,2748
65_0000,65_0000_140,256,107727,3252
65_0000,65_0000_141,256,107709,3476
65_0000,65_0000_142,256,107958,3540
65_0000,65_0000_143,256,108015,3792
65_0000,65_0000_144,256,108390,3824
65_0000,65_0000_145,256,108327,3836
65_0000,65_0000_146,256,108672,3648
65_0000,65_0000_147,256,108699,3904
65_0000,65_0000_148,256,108993,4012
65_0000,65_0000_149,256,109023,3736
65_0000,65_0000_150,256,109386,3756
65_0000,65_0000_151,256,109692,3920
65_0000,65_0000_152,256,109707,3368
65_0000,65_0000_153,256,109725,4056
65_0000,65_0000_154,256,109566,3624
65_0000,65_0000_155,256,109581,3452
65_0000,65_0000_156,256,109347,2776
65_0000,65_0000_157,256,109599,2988
65_0000,65_0000_158,256,109962,3512
65_0000,65_0000_159,256,110115,3952
65_0000,65_0000_160,256,110340,3412
65_0000,65_0000_161,256,110709,2336
65_0000,65_0000_162,256,110796,2920
65_0000,65_0000_163,256,111186,2588
65_0000,65_0000_164,256,111600,2244
65_0000,65_0000_165,256,111927,2164
65_0000,65_0000_166,256,112122,1776
65_0000,65_0000_167,256,112416,1564
65_0000,65_0000_168,256,112584,1532
65_0000,65_0000_169,256,112764,1348
65_0000,65_0000_170,256,112869,1772
65_0000,65_0000_171,256,113130,1596
65_0000,65_0000_172,256,112968,1304
65_0000,65_0000_173,256,112725,896
65_0000,65_0000_174,256,112377,1140
65_0000,65_0000_175,256,112416,892
65_0000,65_0000_176,256,112527,864
65_0000,65_0000_177,256,112623,656
65_0000,65_0000_178,256,113022,296
65_0000,65_0000_179,256,112953,188
65_0000,65_0000_180,256,112869,0
65_0000,65_0000_181,256,112737,204
65_0000,65_0000_182,256,112290,468
65_0000,65_0000_183,256,111987,980
65_0000,65_0000_184,256,112026,736
65_0000,65_0000_185,256,112140,728
65_0000,65_0000_186,256,112305,472
65_0000,65_0000_187,256,112512,516
65_0000,65_0000_188,256,112530,436
65_0000,65_0000_189,256,112854,420
65_0000,65_0000_190,256,112710,596
65_0000,65_0000_191,256,112701,304
65_0000,65_0000_192,256,112767,292
65_0000,65_0000_193,256,112317,636
65_0000,65_0000_194,256,112218,800
65_0000,65_0000_195,256,112056,736
65_0000,65_0000_196,256,111894,704
65_0000,65_0000_197,256,111939,912
65_0000,65_0000_198,256,112194,708
65_0000,65_0000_199,256,112428,988
65_0000,65_0000_200,256,112377,1016
65_0000,65_0000_201,256,112239,1088
65_0000,65_0000_202,256,112209,672
65_0000,65_0000_203,256,112146,628
65_0000,65_0000_204,256,111939,1184
65_0000,65_0000_205,256,111729,1592
65_0000,65_0000_206,256,111420,1932
65_0000,65_0000_207,256,110892,1992
65_0000,65_0000_208,256,110517,2092
65_0000,65_0000_209,256,110346,2048
65_0000,65_0000_210,256,109857,2120
65_0000,65_0000_211,256,109404,2168
65_0000,65_0000_212,256,108924,1932
65_0000,65_0000_213,256,108606,1496
65_0000,65_0000_214,256,108453,1036
65_0000,65_0000_215,256,108093,1456
65_0000,65_0000_216,256,107871,2092
65_0000,65_0000_217,256,107673,3028
65_0000,65_0000_218,256,107718,2292
65_0000,65_0000_219,256,107751,2116
65_0000,65_0000_220,256,107712,2680
65_0000,65_0000_221,256,107778,2344
65_0000,65_0000_222,256,107454,2616
65_0000,65_0000_223,256,107535,2576
65_0000,65_0000_224,256,107196,2216
65_0000,65_0000_225,256,107010,2260
65_0000,65_0000_226,256,106815,2536
65_0000,65_0000_227,256,106437,2632
65_0000,65_0000_228,256,106404,2772
65_0000,65_0000_229,256,106389,2908
65_0000,65_0000_230,256,106308,2872
65_0000,65_0000_231,256,106251,2516
65_0000,65_0000_232,256,106017,2208
65_0000,65_0000_233,256,105852,2360
65_0000,65_0000_234,256,105738,2500
65_0000,65_0000_235,256,105876,1944
65_0000,65_0000_236,256,106089,1700
65_0000,65_0000_237,256,106224,1544
65_0000,65_0000_238,256,106119,1524
65_0000,65_0000_239,256,106089,1048
65_0000,65_0000_240,256,106254,1220
65_0000,65_0000_241,256,106263,1404
65_0000,65_0000_242,256,106362,1268
65_0000,65_0000_243,256,106098,1180
65_0000,65_0000_244,256,106008,1492
65_0000,65_0000_245,256,105990,1252
65_0000,65_0000_246,256,105810,1472
65_0000,65_0000_247,256,105627,1584
65_0000,65_0000_248,256,105450,1868
65_0000,65_0000_249,256,105276,1700
65_0000,65_0000_250,256,104763,1444
65_0000,65_0000_251,256,104592,1648
65_0000,65_0000_252,256,104304,1196
65_0000,65_0000_253,256,104118,1516
65_0000,65_0000_254,256,103608,1688
65_0000,65_0000_255,256,103512,2040
65_0000,65_0000_256,256,103299,2080
65_0000,65_0000_257,256,103122,2156
65_0000,65_0000_258,256,102846,2348
65_0000,65_0000_259,256,102294,2032
65_0000,65_0000_260,256,102144,1548
65_0000,65_0000_261,256,102066,1632
65_0000,65_0000_262,256,101904,1564
65_0000,65_0000_263,256,101745,1440
65_0000,65_0000_264,256,101583,1472
65_0000,65_0000_265,256,101244,1512
65_0000,65_0000_266,256,101382,1044
65_0000,65_0000_267,256,101529,1384
65_0000,65_0000_268,256,101478,1976
65_0000,65_0000_269,256,101241,1900
65_0000,65_0000_270,256,101088,1676
65_0000,65_0000_271,256,100836,1464
65_0000,65_0000_272,256,100509,1556
65_0000,65_0000_273,256,100764,1584
65_0000,65_0000_274,256,100719,1604
65_0000,65_0000_275,256,100491,1356
65_0000,65_0000_276,256,100329,988
65_0000,65_0000_277,256,100353,700
65_0000,65_0000_278,256,100077,772
65_0000,65_0000_279,256,99711,824
65_0000,65_0000_280,256,99630,840
65_0000,65_0000_281,256,99144,1112
65_0000,65_0000_282,256,98907,880
65_0000,65_0000_283,256,98580,1216
65_0000,65_0000_284,256,98499,1212
65_0000,65_0000_285,256,98208,784
65_0000,65_0000_286,256,98001,424
65_0000,65_0000_287,256,97608,548
65_0000,65_0000_288,256,97086,888
65_0000,65_0000_289,256,96483,396
65_0000,65_0000_290,256,96294,436
65_0000,65_0000_291,256,95613,792
65_0000,65_0000_292,256,95562,1372
65_0000,65_0000_293,256,95064,1684
65_0000,65_0000_294,256,94740,2084
65_0000,65_0000_295,256,94524,2124
65_0000,65_0000_296,256,93792,2112
65_0000,65_0000_297,256,93612,1756
65_0000,65_0000_298,256,93249,1712
65_0000,65_0000_299,256,92925,1912
65_0000,65_0000_300,256,92511,2152
65_0000,65_0000_301,256,92151,2096
65_0000,65_0000_302,256,91863,1588
65_0000,65_0000_303,256,91395,1172
65_0000,65_0000_304,256,91107,1336
65_0000,65_0000_305,256,90684,1252
65_0000,65_0000_306,256,90243,1064
65_0000,65_0000_307,256,89787,1196
65_0000,65_0000_308,256,89214,1044
65_0000,65_0000_309,256,88605,1748
65_0000,65_0000_310,256,88302,1684
65_0000,65_0000_311,256,87828,1256
65_0000,65_0000_312,256,87456,1348
65_0000,65_0000_313,256,87339,1228
65_0000,65_0000_314,256,87000,996
65_0000,65_0000_315,256,86463,924
65_0000,65_0000_316,256,85956,1132
65_0000,65_0000_317,256,85563,1232
65_0000,65_0000_318,256,85014,1140
65_0000,65_0000_319,256,84762,1452
65_0000,65_0000_320,256,84423,1612
65_0000,65_0000_321,256,83871,1668
65_0000,65_0000_322,256,83319,1764
65_0000,65_0000_323,256,82857,1768
65_0000,65_0000_324,256,82467,2052
65_0000,65_0000_325,256,81945,2140
65_0000,65_0000_326,256,81348,2444
65_0000,65_0000_327,256,80793,2532
65_0000,65_0000_328,256,80196,2344
65_0000,65_0000_329,256,79755,2248
65_0000,65_0000_330,256,79248,2492
65_0000,65_0000_331,256,78672,2496
65_0000,65_0000_332,256,78267,2160
65_0000,65_0000_333,256,77991,1900
65_0000,65_0000_334,256,77367,2136
65_0000,65_0000_335,256,77040,1812
65_0000,65_0000_336,256,76635,1824
65_0000,65_0000_337,256,76347,2036
65_0000,65_0000_338,256,75984,2296
65_0000,65_0000_339,256,75699,2520
65_0000,65_0000_340,256,75258,2356
65_0000,65_0000_341,256,74712,2268
65_0000,65_0000_342,256,74301,2108
65_0000,65_0000_343,256,73815,2052
65_0000,65_0000_344,256,73353,1912
65_0000,65_0000_345,256,72993,1960
65_0000,65_0000_346,256,72405,1636
65_0000,65_0000_347,256,71721,1772
65_0000,65_0000_348,256,70980,1744
65_0000,65_0000_349,256,70461,1660
65_0000,65_0000_350,256,69897,1664
65_0000,65_0000_351,256,69324,1956
65_0000,65_0000_352,256,68664,1876
65_0000,65_0000_353,256,68034,1712
65_0000,65_0000_354,256,67419,1728
65_0000,65_0000_355,256,66630,1328
65_0000,65_0000_356,256,65904,1196
65_0000,65_0000_357,256,65202,1264
65_0000,65_0000_358,256,64290,1596
65_0000,65_0000_359,256,63492,1580
65_0000,65_0000_360,256,62565,1204
65_0000,65_0000_361,256,61680,1284
65_0000,65_0000_362,256,60723,1184
65_0000,65_0000_363,256,59613,1512
65_0000,65_0000_364,256,58716,1180
65_0000,65_0000_365,256,57843,748
65_0000,65_0000_366,256,56739,520
65_0000,65_0000_367,256,55878,820
65_0000,65_0000_368,256,54873,1168
65_0000,65_0000_369,256,54189,1504
65_0000,65_0000_370,256,53220,1352
65_0000,65_0000_371,256,52239,1152
65_0000,65_0000_372,256,51255,1320
65_0000,65_0000_373,256,50424,1240
65_0000,65_0000_374,256,49485,1164
65_0000,65_0000_375,256,48492,1180
65_0000,65_0000_376,256,47580,1140
65_0000,65_0000_377,256,46626,1052
65_0000,65_0000_378,256,45642,1000
65_0000,65_0000_379,256,44604,1128
65_0000,65_0000_380,256,43482,1308
65_0000,65_0000_381,256,42495,1080
65_0000,65_0000_382,256,41349,1316
65_0000,65_0000_383,256,40443,1356
65_0000,65_0000_384,256,39351,1464
65_0000,65_0000_385,256,38367,1256
65_0000,65_0000_386,256,37293,1376
65_0000,65_0000_387,256,36144,1252
65_0000,65_0000_388,256,34725,1608
65_0000,65_0000_389,256,33717,1616
65_0000,65_0000_390,256,32598,1636
65_0000,65_0000_391,256,31416,1496
65_0000,65_0000_392,256,30156,1576
65_0000,65_0000_393,256,29016,1308
65_0000,65_0000_394,256,27888,1288
65_0000,65_0000_395,256,26757,1632
65_0000,65_0000_396,256,25614,1516
65_0000,65_0000_397,256,24486,1368
65_0000,65_0000_398,256,23115,1456
65_0000,65_0000_399,256,22005,1688
65_0000,65_0000_400,256,21006,1612
65_0000,65_0000_401,256,19926,1528
65_0000,65_0000_402,256,18819,1504
65_0000,65_0000_403,256,17718,1516
65_0000,65_0000_404,256,16677,1260
65_0000,65_0000_405,256,15645,1440
65_0000,65_0000_406,256,14487,1648
65_0000,65_0000_407,256,13590,1380
65_0000,65_0000_408,256,12648,1208
65_0000,65_0000_409,256,11670,1200
65_0000,65_0000_410,256,10662,1572
65_0000,65_0000_411,256,9846,1500
65_0000,65_0000_412,256,9006,1180
65_0000,65_0000_413,256,8118,848
65_0000,65_0000_414,256,7068,572
65_0000,65_0000_415,256,5553,988
65_0000,65_0000_416,256,4827,1200
65_0000,65_0000_417,256,3963,984
65_0000,65_0000_418,256,3108,1028
65_0000,65_0000_419,256,2190,964
65_0000,65_0000_420,256,1533,720
65_0000,65_0000_421,256,1119,520
65_0000,65_0000_422,256,642,352
66_0000,66_0000_026,256,75,0
66_0000,66_0000_027,256,108,0
66_0000,66_0000_028,256,165,24
66_0000,66_0000_029,256,177,60
66_0000,66_0000_030,256,159,40
66_0000,66_0000_031,256,276,92
66_0000,66_0000_032,256,594,332
66_0000,66_0000_033,256,702,364
66_0000,66_0000_034,256,852,380
66_0000,66_0000_035,256,1131,508
66_0000,66_0000_036,256,1230,524
66_0000,66_0000_037,256,1293,520
66_0000,66_0000_038,256,1614,604
66_0000,66_0000_039,256,1785,620
66_0000,66_0000_040,256,2016,900
66_0000,66_0000_041,256,2217,948
66_0000,66_0000_042,256,2424,1024
66_0000,66_0000_043,256,2649,1064
66_0000,66_0000_044,256,2832,1156
66_0000,66_0000_045,256,3009,1340
66_0000,66_0000_046,256,3243,1360
66_0000,66_0000_047,256,3408,1396
66_0000,66_0000_048,256,3492,1436
66_0000,66_0000_049,256,3708,1512
66_0000,66_0000_050,256,3927,1560
66_0000,66_0000_051,256,4164,1620
66_0000,66_0000_052,256,4590,1704
66_0000,66_0000_053,256,4890,1860
66_0000,66_0000_054,256,5271,2148
66_0000,66_0000_055,256,5589,2208
66_0000,66_0000_056,256,6045,2252
66_0000,66_0000_057,256,6333,2328
66_0000,66_0000_058,256,6639,2436
66_0000,66_0000_059,256,6903,2588
66_0000,66_0000_060,256,7299,2700
66_0000,66_0000_061,256,7575,2852
66_0000,66_0000_062,256,7899,2908
66_0000,66_0000_063,256,8304,2844
66_0000,66_0000_064,256,8676,3060
66_0000,66_0000_065,256,9105,3084
66_0000,66_0000_066,256,9447,3192
66_0000,66_0000_067,256,9807,3296
66_0000,66_0000_068,256,10446,3420
66_0000,66_0000_069,256,10929,3684
66_0000,66_0000_070,256,11274,3736
66_0000,66_0000_071,256,11718,3944
66_0000,66_0000_072,256,12153,3972
66_0000,66_0000_073,256,12696,4072
66_0000,66_0000_074,256,13176,4044
66_0000,66_0000_075,256,13803,4236
66_0000,66_0000_076,256,14427,4508
66_0000,66_0000_077,256,14937,4496
66_0000,66_0000_078,256,15582,4460
66_0000,66_0000_079,256,16095,4480
66_0000,66_0000_080,256,16641,4592
66_0000,66_0000_081,256,17253,4388
66_0000,66_0000_082,256,17805,4236
66_0000,66_0000_083,256,18486,4400
66_0000,66_0000_084,256,19287,4620
66_0000,66_0000_085,256,20016,4756
66_0000,66_0000_086,256,20586,4728
66_0000,66_0000_087,256,21525,4592
66_0000,66_0000_088,256,22182,4512
66_0000,66_0000_089,256,22920,4696
66_0000,66_0000_090,256,23799,4868
66_0000,66_0000_091,256,24672,5304
66_0000,66_0000_092,256,25554,5412
66_0000,66_0000_093,256,26259,5688
66_0000,66_0000_094,256,27168,6224
66_0000,66_0000_095,256,28104,6392
66_0000,66_0000_096,256,29067,6276
66_0000,66_0000_097,256,30018,5736
66_0000,66_0000_098,256,31209,5768
66_0000,66_0000_099,256,32112,6600
66_0000,66_0000_100,256,33198,6740
66_0000,66_0000_101,256,34182,7000
66_0000,66_0000_102,256,34824,6832
66_0000,66_0000_103,256,35637,6776
66_0000,66_0000_104,256,36414,6772
66_0000,66_0000_105,256,37062,6532
66_0000,66_0000_106,256,37902,6832
66_0000,66_0000_107,256,38901,6724
66_0000,66_0000_108,256,39609,7564
66_0000,66_0000_109,256,40563,7788
66_0000,66_0000_110,256,41556,7652
66_0000,66_0000_111,256,42639,7788
66_0000,66_0000_112,256,43776,7928
66_0000,66_0000_113,256,44760,8116
66_0000,66_0000_114,256,45579,8104
66_0000,66_0000_115,256,46542,7932
66_0000,66_0000_116,256,47616,8224
66_0000,66_0000_117,256,49014,8396
66_0000,66_0000_118,256,50085,8020
66_0000,66_0000_119,256,51297,8524
66_0000,66_0000_120,256,52785,8956
66_0000,66_0000_121,256,54126,8316
66_0000,66_0000_122,256,55410,8860
66_0000,66_0000_123,256,56418,8828
66_0000,66_0000_124,256,57591,8336
66_0000,66_0000_125,256,59079,7012
66_0000,66_0000_126,256,60303,6544
66_0000,66_0000_127,256,61503,7068
66_0000,66_0000_128,256,62808,6996
66_0000,66_0000_129,256,63882,7916
66_0000,66_0000_130,256,64881,7184
66_0000,66_0000_131,256,66108,6388
66_0000,66_0000_132,256,67089,5944
66_0000,66_0000_133,256,68529,6024
66_0000,66_0000_134,256,69735,6132
66_0000,66_0000_135,256,70920,6476
66_0000,66_0000_136,256,72453,6448
66_0000,66_0000_137,256,72993,7268
66_0000,66_0000_138,256,73191,7456
66_0000,66_0000_139,256,73221,8188
66_0000,66_0000_140,256,73299,7872
66_0000,66_0000_141,256,73815,7852
66_0000,66_0000_142,256,73998,8532
66_0000,66_0000_143,256,74097,8444
66_0000,66_0000_144,256,74121,8236
66_0000,66_0000_145,256,74394,8100
66_0000,66_0000_146,256,74778,8596
66_0000,66_0000_147,256,75162,9224
66_0000,66_0000_148,256,75387,9440
66_0000,66_0000_149,256,76005,9164
66_0000,66_0000_150,256,76323,9372
66_0000,66_0000_151,256,76833,9200
66_0000,66_0000_152,256,77328,8388
66_0000,66_0000_153,256,78102,8136
66_0000,66_0000_154,256,78465,7816
66_0000,66_0000_155,256,79167,7376
66_0000,66_0000_156,256,79632,6820
66_0000,66_0000_157,256,79914,6676
66_0000,66_0000_158,256,80025,7104
66_0000,66_0000_159,256,80361,7672
66_0000,66_0000_160,256,81063,8236
66_0000,66_0000_161,256,81690,8080
66_0000,66_0000_162,256,82077,7912
66_0000,66_0000_163,256,82566,7672
66_0000,66_0000_164,256,83127,7808
66_0000,66_0000_165,256,83433,7904
66_0000,66_0000_166,256,83985,7196
66_0000,66_0000_167,256,84696,8088
66_0000,66_0000_168,256,85248,8380
66_0000,66_0000_169,256,85851,6580
66_0000,66_0000_170,256,86721,6444
66_0000,66_0000_171,256,87567,6920
66_0000,66_0000_172,256,88227,6992
66_0000,66_0000_173,256,88929,5324
66_0000,66_0000_174,256,89877,4680
66_0000,66_0000_175,256,90189,4560
66_0000,66_0000_176,256,90414,3780
66_0000,66_0000_177,256,90126,4016
66_0000,66_0000_178,256,89997,3668
66_0000,66_0000_179,256,90048,3688
66_0000,66_0000_180,256,89772,3956
66_0000,66_0000_181,256,89766,3636
66_0000,66_0000_182,256,89520,3884
66_0000,66_0000_183,256,89565,4140
66_0000,66_0000_184,256,89088,4300
66_0000,66_0000_185,256,88710,4420
66_0000,66_0000_186,256,88275,4584
66_0000,66_0000_187,256,87849,4112
66_0000,66_0000_188,256,87960,3868
66_0000,66_0000_189,256,87822,4072
66_0000,66_0000_190,256,87618,3876
66_0000,66_0000_191,256,87423,3956
66_0000,66_0000_192,256,87531,4900
66_0000,66_0000_193,256,87537,4944
66_0000,66_0000_194,256,87543,4772
66_0000,66_0000_195,256,87882,4420
66_0000,66_0000_196,256,87963,4740
66_0000,66_0000_197,256,88086,4968
66_0000,66_0000_198,256,88302,5492
66_0000,66_0000_199,256,88005,5716
66_0000,66_0000_200,256,88011,4760
66_0000,66_0000_201,256,88071,4204
66_0000,66_0000_202,256,88065,4052
66_0000,66_0000_203,256,87960,3668
66_0000,66_0000_204,256,87828,3644
66_0000,66_0000_205,256,87348,3660
66_0000,66_0000_206,256,87258,3676
66_0000,66_0000_207,256,87225,3436
66_0000,66_0000_208,256,86760,3668
66_0000,66_0000_209,256,86499,3536
66_0000,66_0000_210,256,86190,3552
66_0000,66_0000_211,256,85437,2996
66_0000,66_0000_212,256,85287,2804
66_0000,66_0000_213,256,85110,2548
66_0000,66_0000_214,256,85017,2136
66_0000,66_0000_215,256,84939,3048
66_0000,66_0000_216,256,85035,3464
66_0000,66_0000_217,256,85113,4084
66_0000,66_0000_218,256,85554,4512
66_0000,66_0000_219,256,85797,4540
66_0000,66_0000_220,256,85836,4588
66_0000,66_0000_221,256,85968,4192
66_0000,66_0000_222,256,85713,4432
66_0000,66_0000_223,256,85854,4744
66_0000,66_0000_224,256,85782,4860
66_0000,66_0000_225,256,86190,4480
66_0000,66_0000_226,256,86130,4232
66_0000,66_0000_227,256,85986,3760
66_0000,66_0000_228,256,86259,4212
66_0000,66_0000_229,256,86517,4092
66_0000,66_0000_230,256,86940,3872
66_0000,66_0000_231,256,87435,4348
66_0000,66_0000_232,256,87519,4452
66_0000,66_0000_233,256,87522,4404
66_0000,66_0000_234,256,87822,4428
66_0000,66_0000_235,256,87771,4328
66_0000,66_0000_236,256,88188,4328
66_0000,66_0000_237,256,88419,4656
66_0000,66_0000_238,256,88296,4540
66_0000,66_0000_239,256,88131,4796
66_0000,66_0000_240,256,86982,4276
66_0000,66_0000_241,256,86589,3976
66_0000,66_0000_242,256,86142,4128
66_0000,66_0000_243,256,85746,4336
66_0000,66_0000_244,256,85584,4524
66_0000,66_0000_245,256,85407,4448
66_0000,66_0000_246,256,85458,4172
66_0000,66_0000_247,256,85200,4084
66_0000,66_0000_248,256,85095,4084
66_0000,66_0000_249,256,84987,4516
66_0000,66_0000_250,256,84909,4188
66_0000,66_0000_251,256,84936,3804
66_0000,66_0000_252,256,84945,4012
66_0000,66_0000_253,256,84951,4032
66_0000,66_0000_254,256,85035,4548
66_0000,66_0000_255,256,85113,4608
66_0000,66_0000_256,256,84900,4588
66_0000,66_0000_257,256,84867,4516
66_0000,66_0000_258,256,84870,4408
66_0000,66_0000_259,256,84342,4268
66_0000,66_0000_260,256,84357,3484
66_0000,66_0000_261,256,84579,3672
66_0000,66_0000_262,256,84240,3584
66_0000,66_0000_263,256,84105,4084
66_0000,66_0000_264,256,84006,4188
66_0000,66_0000_265,256,83802,3704
66_0000,66_0000_266,256,83631,3464
66_0000,66_0000_267,256,83379,3448
66_0000,66_0000_268,256,83565,3288
66_0000,66_0000_269,256,83703,2912
66_0000,66_0000_270,256,83793,2744
66_0000,66_0000_271,256,83988,2716
66_0000,66_0000_272,256,83943,2612
66_0000,66_0000_273,256,83538,2524
66_0000,66_0000_274,256,83421,2536
66_0000,66_0000_275,256,83280,2620
66_0000,66_0000_276,256,83025,2988
66_0000,66_0000_277,256,83016,3236
66_0000,66_0000_278,256,82809,3124
66_0000,66_0000_279,256,82635,2880
66_0000,66_0000_280,256,82419,2848
66_0000,66_0000_281,256,82227,3236
66_0000,66_0000_282,256,82272,3716
66_0000,66_0000_283,256,82695,3772
66_0000,66_0000_284,256,83193,3980
66_0000,66_0000_285,256,82983,3812
66_0000,66_0000_286,256,82467,3336
66_0000,66_0000_287,256,82560,3168
66_0000,66_0000_288,256,82206,3244
66_0000,66_0000_289,256,82026,3252
66_0000,66_0000_290,256,81837,3172
66_0000,66_0000_291,256,81513,3144
66_0000,66_0000_292,256,81057,3152
66_0000,66_0000_293,256,80670,2988
66_0000,66_0000_294,256,80469,2772
66_0000,66_0000_295,256,80028,3116
66_0000,66_0000_296,256,79530,3836
66_0000,66_0000_297,256,79029,3976
66_0000,66_0000_298,256,78627,4028
66_0000,66_0000_299,256,78231,3872
66_0000,66_0000_300,256,77733,3568
66_0000,66_0000_301,256,77376,3416
66_0000,66_0000_302,256,77055,3072
66_0000,66_0000_303,256,76887,3444
66_0000,66_0000_304,256,76395,3252
66_0000,66_0000_305,256,76065,2988
66_0000,66_0000_306,256,75528,3052
66_0000,66_0000_307,256,75228,3276
66_0000,66_0000_308,256,74859,3508
66_0000,66_0000_309,256,74457,3460
66_0000,66_0000_310,256,74121,3624
66_0000,66_0000_311,256,73689,3560
66_0000,66_0000_312,256,73161,3608
66_0000,66_0000_313,256,72726,3476
66_0000,66_0000_314,256,72099,3656
66_0000,66_0000_315,256,71706,3248
66_0000,66_0000_316,256,71100,3436
66_0000,66_0000_317,256,70389,3204
66_0000,66_0000_318,256,69789,2984
66_0000,66_0000_319,256,69327,3008
66_0000,66_0000_320,256,68958,2884
66_0000,66_0000_321,256,68634,2560
66_0000,66_0000_322,256,68082,2600
66_0000,66_0000_323,256,67467,2772
66_0000,66_0000_324,256,66969,2920
66_0000,66_0000_325,256,66534,2944
66_0000,66_0000_326,256,66312,3192
66_0000,66_0000_327,256,65619,3200
66_0000,66_0000_328,256,65190,2964
66_0000,66_0000_329,256,64725,2540
66_0000,66_0000_330,256,64128,2408
66_0000,66_0000_331,256,63531,2476
66_0000,66_0000_332,256,62997,2760
66_0000,66_0000_333,256,62427,3112
66_0000,66_0000_334,256,61791,2644
66_0000,66_0000_335,256,61245,2828
66_0000,66_0000_336,256,60744,2856
66_0000,66_0000_337,256,60300,2852
66_0000,66_0000_338,256,59799,2756
66_0000,66_0000_339,256,59298,2464
66_0000,66_0000_340,256,58788,1840
66_0000,66_0000_341,256,58206,1844
66_0000,66_0000_342,256,57747,2032
66_0000,66_0000_343,256,57255,2100
66_0000,66_0000_344,256,56688,2464
66_0000,66_0000_345,256,56265,2560
66_0000,66_0000_346,256,55731,3096
66_0000,66_0000_347,256,55212,2868
66_0000,66_0000_348,256,54579,3140
66_0000,66_0000_349,256,54009,3332
66_0000,66_0000_350,256,53223,3088
66_0000,66_0000_351,256,52599,3108
66_0000,66_0000_352,256,51765,3260
66_0000,66_0000_353,256,50883,3184
66_0000,66_0000_354,256,50331,2984
66_0000,66_0000_355,256,49497,2828
66_0000,66_0000_356,256,48666,2756
66_0000,66_0000_357,256,47910,2524
66_0000,66_0000_358,256,47094,2604
66_0000,66_0000_359,256,46257,2460
66_0000,66_0000_360,256,45615,2464
66_0000,66_0000_361,256,44946,2480
66_0000,66_0000_362,256,43953,2500
66_0000,66_0000_363,256,42987,2340
66_0000,66_0000_364,256,42123,2468
66_0000,66_0000_365,256,41214,2244
66_0000,66_0000_366,256,40350,2156
66_0000,66_0000_367,256,39090,1976
66_0000,66_0000_368,256,38304,1632
66_0000,66_0000_369,256,37353,1696
66_0000,66_0000_370,256,36054,1944
66_0000,66_0000_371,256,34908,1932
66_0000,66_0000_372,256,33966,1824
66_0000,66_0000_373,256,33177,1652
66_0000,66_0000_374,256,32250,1724
66_0000,66_0000_375,256,31515,1788
66_0000,66_0000_376,256,30681,1808
66_0000,66_0000_377,256,29991,1572
66_0000,66_0000_378,256,29265,1928
66_0000,66_0000_379,256,28596,1796
66_0000,66_0000_380,256,27993,1904
66_0000,66_0000_381,256,27459,2024
66_0000,66_0000_382,256,26700,1884
66_0000,66_0000_383,256,26097,1936
66_0000,66_0000_384,256,25527,1804
66_0000,66_0000_385,256,24900,1728
66_0000,66_0000_386,256,24198,1852
66_0000,66_0000_387,256,23571,1932
66_0000,66_0000_388,256,22698,2164
66_0000,66_0000_389,256,21867,2208
66_0000,66_0000_390,256,21120,2072
66_0000,66_0000_391,256,20388,2028
66_0000,66_0000_392,256,19461,2068
66_0000,66_0000_393,256,18837,1780
66_0000,66_0000_394,256,18141,2052
66_0000,66_0000_395,256,17490,2044
66_0000,66_0000_396,256,16893,1736
66_0000,66_0000_397,256,16233,1832
66_0000,66_0000_398,256,15555,1608
66_0000,66_0000_399,256,14880,1336
66_0000,66_0000_400,256,14163,1284
66_0000,66_0000_401,256,13500,1356
66_0000,66_0000_402,256,12723,1484
66_0000,66_0000_403,256,11937,1456
66_0000,66_0000_404,256,11202,1180
66_0000,66_0000_405,256,10449,1284
66_0000,66_0000_406,256,9678,1144
66_0000,66_0000_407,256,8949,1196
66_0000,66_0000_408,256,8199,1224
66_0000,66_0000_409,256,7506,1228
66_0000,66_0000_410,256,6768,1212
66_0000,66_0000_411,256,6009,1504
66_0000,66_0000_412,256,5385,1304
66_0000,66_0000_413,256,4755,1412
66_0000,66_0000_414,256,4068,1056
66_0000,66_0000_415,256,3372,740
66_0000,66_0000_416,256,2589,640
66_0000,66_0000_417,256,1602,640
66_0000,66_0000_418,256,918,444
66_0000,66_0000_419,256,756,376
66_0000,66_0000_420,256,444,224
67_0000,67_0000_033,256,30,0
67_0000,67_0000_034,256,51,0
67_0000,67_0000_035,256,66,0
67_0000,67_0000_036,256,72,0
67_0000,67_0000_037,256,144,0
67_0000,67_0000_038,256,249,60
67_0000,67_0000_039,256,414,172
67_0000,67_0000_040,256,528,260
67_0000,67_0000_041,256,648,352
67_0000,67_0000_042,256,783,384
67_0000,67_0000_043,256,918,452
67_0000,67_0000_044,256,1101,584
67_0000,67_0000_045,256,1374,688
67_0000,67_0000_046,256,1455,708
67_0000,67_0000_047,256,1761,792
67_0000,67_0000_048,256,2043,880
67_0000,67_0000_049,256,2169,900
67_0000,67_0000_050,256,2433,1044
67_0000,67_0000_051,256,2640,1096
67_0000,67_0000_052,256,3000,1172
67_0000,67_0000_053,256,3396,1284
67_0000,67_0000_054,256,3816,1456
67_0000,67_0000_055,256,4299,1664
67_0000,67_0000_056,256,4875,1812
67_0000,67_0000_057,256,5259,1944
67_0000,67_0000_058,256,5859,2164
67_0000,67_0000_059,256,6519,2292
67_0000,67_0000_060,256,7095,2204
67_0000,67_0000_061,256,7602,1916
67_0000,67_0000_062,256,7914,1612
67_0000,67_0000_063,256,8361,1868
67_0000,67_0000_064,256,8973,1880
67_0000,67_0000_065,256,9891,2212
67_0000,67_0000_066,256,10320,2860
67_0000,67_0000_067,256,11100,3032
67_0000,67_0000_068,256,11901,3248
67_0000,67_0000_069,256,12762,3208
67_0000,67_0000_070,256,13485,2940
67_0000,67_0000_071,256,14214,3200
67_0000,67_0000_072,256,14940,3180
67_0000,67_0000_073,256,16062,3172
67_0000,67_0000_074,256,17061,3492
67_0000,67_0000_075,256,18033,3176
67_0000,67_0000_076,256,19878,3248
67_0000,67_0000_077,256,21099,3792
67_0000,67_0000_078,256,22005,4248
67_0000,67_0000_079,256,23133,4176
67_0000,67_0000_080,256,24207,4108
67_0000,67_0000_081,256,25818,4700
67_0000,67_0000_082,256,27186,4504
67_0000,67_0000_083,256,28581,4908
67_0000,67_0000_084,256,29604,5420
67_0000,67_0000_085,256,31158,5372
67_0000,67_0000_086,256,32418,5292
67_0000,67_0000_087,256,33501,5472
67_0000,67_0000_088,256,34752,5356
67_0000,67_0000_089,256,36495,6320
67_0000,67_0000_090,256,37827,5824
67_0000,67_0000_091,256,39234,5564
67_0000,67_0000_092,256,40335,5532
67_0000,67_0000_093,256,41004,4340
67_0000,67_0000_094,256,42915,3464
67_0000,67_0000_095,256,44946,2880
67_0000,67_0000_096,256,48348,2848
67_0000,67_0000_097,256,50082,3232
67_0000,67_0000_098,256,51186,3344
67_0000,67_0000_099,256,52326,4032
67_0000,67_0000_100,256,53118,4244
67_0000,67_0000_101,256,53586,3944
67_0000,67_0000_102,256,53640,3168
67_0000,67_0000_103,256,54411,3536
67_0000,67_0000_104,256,55176,3524
67_0000,67_0000_105,256,55392,3308
67_0000,67_0000_106,256,55950,3480
67_0000,67_0000_107,256,56871,4000
67_0000,67_0000_108,256,57330,3580
67_0000,67_0000_109,256,57750,3500
67_0000,67_0000_110,256,58122,3636
67_0000,67_0000_111,256,58749,3688
67_0000,67_0000_112,256,59292,3988
67_0000,67_0000_113,256,60162,3620
67_0000,67_0000_114,256,60795,3612
67_0000,67_0000_115,256,61311,3708
67_0000,67_0000_116,256,62337,3916
67_0000,67_0000_117,256,63429,4044
67_0000,67_0000_118,256,64200,3968
67_0000,67_0000_119,256,64632,4328
67_0000,67_0000_120,256,65094,4632
67_0000,67_0000_121,256,66012,4788
67_0000,67_0000_122,256,66771,4824
67_0000,67_0000_123,256,67644,4712
67_0000,67_0000_124,256,68907,4128
67_0000,67_0000_125,256,69480,3780
67_0000,67_0000_126,256,70458,3516
67_0000,67_0000_127,256,71490,3216
67_0000,67_0000_128,256,72702,3480
67_0000,67_0000_129,256,73542,4224
67_0000,67_0000_130,256,74481,4644
67_0000,67_0000_131,256,76098,5164
67_0000,67_0000_132,256,77607,5340
67_0000,67_0000_133,256,78870,5520
67_0000,67_0000_134,256,79755,4712
67_0000,67_0000_135,256,80703,5164
67_0000,67_0000_136,256,81930,5312
67_0000,67_0000_137,256,83640,5316
67_0000,67_0000_138,256,85200,4804
67_0000,67_0000_139,256,86613,3708
67_0000,67_0000_140,256,88464,2676
67_0000,67_0000_141,256,90699,2408
67_0000,67_0000_142,256,92280,2216
67_0000,67_0000_143,256,92367,1984
67_0000,67_0000_144,256,92511,1568
67_0000,67_0000_145,256,92673,1400
67_0000,67_0000_146,256,92799,1244
67_0000,67_0000_147,256,92832,1848
67_0000,67_0000_148,256,93135,1676
67_0000,67_0000_149,256,93093,1644
67_0000,67_0000_150,256,93117,1856
67_0000,67_0000_151,256,93573,1880
67_0000,67_0000_152,256,94035,1656
67_0000,67_0000_153,256,94251,2048
67_0000,67_0000_154,256,94278,1988
67_0000,67_0000_155,256,94488,2164
67_0000,67_0000_156,256,94368,2164
67_0000,67_0000_157,256,94512,2408
67_0000,67_0000_158,256,94758,2676
67_0000,67_0000_159,256,95103,2248
67_0000,67_0000_160,256,96039,2544
67_0000,67_0000_161,256,96513,2860
67_0000,67_0000_162,256,97050,2812
67_0000,67_0000_163,256,97290,1816
67_0000,67_0000_164,256,97494,1584
67_0000,67_0000_165,256,97752,1696
67_0000,67_0000_166,256,98049,1552
67_0000,67_0000_167,256,97980,1472
67_0000,67_0000_168,256,98250,1408
67_0000,67_0000_169,256,98472,1408
67_0000,67_0000_170,256,98946,1652
67_0000,67_0000_171,256,99126,1824
67_0000,67_0000_172,256,99492,1880
67_0000,67_0000_173,256,99663,2204
67_0000,67_0000_174,256,99846,2228
67_0000,67_0000_175,256,100086,2100
67_0000,67_0000_176,256,100380,1536
67_0000,67_0000_177,256,100362,2004
67_0000,67_0000_178,256,100386,1664
67_0000,67_0000_179,256,100191,1632
67_0000,67_0000_180,256,99924,1888
67_0000,67_0000_181,256,100035,3240
67_0000,67_0000_182,256,100017,2736
67_0000,67_0000_183,256,99816,2092
67_0000,67_0000_184,256,100569,1972
67_0000,67_0000_185,256,100707,1820
67_0000,67_0000_186,256,100599,1576
67_0000,67_0000_187,256,100911,1096
67_0000,67_0000_188,256,101091,1028
67_0000,67_0000_189,256,100974,772
67_0000,67_0000_190,256,101124,692
67_0000,67_0000_191,256,101316,1036
67_0000,67_0000_192,256,101331,1092
67_0000,67_0000_193,256,101643,756
67_0000,67_0000_194,256,101601,316
67_0000,67_0000_195,256,101544,152
67_0000,67_0000_196,256,101973,164
67_0000,67_0000_197,256,102309,164
67_0000,67_0000_198,256,101802,516
67_0000,67_0000_199,256,101655,476
67_0000,67_0000_200,256,101385,660
67_0000,67_0000_201,256,100659,1044
67_0000,67_0000_202,256,100707,924
67_0000,67_0000_203,256,100512,512
67_0000,67_0000_204,256,100644,244
67_0000,67_0000_205,256,100935,208
67_0000,67_0000_206,256,100851,396
67_0000,67_0000_207,256,100869,124
67_0000,67_0000_208,256,100959,316
67_0000,67_0000_209,256,101496,692
67_0000,67_0000_210,256,101319,824
67_0000,67_0000_211,256,101676,1132
67_0000,67_0000_212,256,101811,900
67_0000,67_0000_213,256,101538,980
67_0000,67_0000_214,256,101724,1296
67_0000,67_0000_215,256,101544,1044
67_0000,67_0000_216,256,101382,484
67_0000,67_0000_217,256,101325,828
67_0000,67_0000_218,256,101271,564
67_0000,67_0000_219,256,100719,536
67_0000,67_0000_220,256,100782,820
67_0000,67_0000_221,256,100806,428
67_0000,67_0000_222,256,100932,480
67_0000,67_0000_223,256,101109,836
67_0000,67_0000_224,256,101100,736
67_0000,67_0000_225,256,100710,744
67_0000,67_0000_226,256,100635,844
67_0000,67_0000_227,256,100320,1060
67_0000,67_0000_228,256,99894,1036
67_0000,67_0000_229,256,99687,1124
67_0000,67_0000_230,256,99387,1060
67_0000,67_0000_231,256,99138,1272
67_0000,67_0000_232,256,99039,1364
67_0000,67_0000_233,256,98928,1100
67_0000,67_0000_234,256,98553,1312
67_0000,67_0000_235,256,98349,1520
67_0000,67_0000_236,256,99033,1188
67_0000,67_0000_237,256,99114,1040
67_0000,67_0000_238,256,99375,1332
67_0000,67_0000_239,256,99333,1340
67_0000,67_0000_240,256,99123,1156
67_0000,67_0000_241,256,99117,1308
67_0000,67_0000_242,256,98904,1736
67_0000,67_0000_243,256,98610,1924
67_0000,67_0000_244,256,98313,2008
67_0000,67_0000_245,256,98136,1248
67_0000,67_0000_246,256,97884,1128
67_0000,67_0000_247,256,97899,824
67_0000,67_0000_248,256,97602,364
67_0000,67_0000_249,256,97131,360
67_0000,67_0000_250,256,97056,552
67_0000,67_0000_251,256,96876,744
67_0000,67_0000_252,256,96510,1300
67_0000,67_0000_253,256,96027,1676
67_0000,67_0000_254,256,95673,1840
67_0000,67_0000_255,256,94950,1780
67_0000,67_0000_256,256,94245,2040
67_0000,67_0000_257,256,93591,2096
67_0000,67_0000_258,256,92757,2112
67_0000,67_0000_259,256,92232,2272
67_0000,67_0000_260,256,91647,2140
67_0000,67_0000_261,256,90876,1960
67_0000,67_0000_262,256,90201,1956
67_0000,67_0000_263,256,89580,2656
67_0000,67_0000_264,256,88737,3180
67_0000,67_0000_265,256,88017,2660
67_0000,67_0000_266,256,87450,2212
67_0000,67_0000_267,256,86691,2076
67_0000,67_0000_268,256,86067,1896
67_0000,67_0000_269,256,85590,1688
67_0000,67_0000_270,256,84729,1644
67_0000,67_0000_271,256,84108,1840
67_0000,67_0000_272,256,83373,1852
67_0000,67_0000_273,256,82536,1740
67_0000,67_0000_274,256,81717,2080
67_0000,67_0000_275,256,80943,1856
67_0000,67_0000_276,256,80235,2152
67_0000,67_0000_277,256,79509,2460
67_0000,67_0000_278,256,78801,2472
67_0000,67_0000_279,256,77997,2328
67_0000,67_0000_280,256,77376,2352
67_0000,67_0000_281,256,76536,2428
67_0000,67_0000_282,256,75723,2336
67_0000,67_0000_283,256,75039,2272
67_0000,67_0000_284,256,74100,2012
67_0000,67_0000_285,256,73140,1568
67_0000,67_0000_286,256,72048,1512
67_0000,67_0000_287,256,71025,1284
67_0000,67_0000_288,256,70137,992
67_0000,67_0000_289,256,69162,872
67_0000,67_0000_290,256,68232,1080
67_0000,67_0000_291,256,67365,1636
67_0000,67_0000_292,256,66588,1404
67_0000,67_0000_293,256,65733,1092
67_0000,67_0000_294,256,64923,1568
67_0000,67_0000_295,256,64176,1580
67_0000,67_0000_296,256,63207,1644
67_0000,67_0000_297,256,62403,1560
67_0000,67_0000_298,256,61674,1168
67_0000,67_0000_299,256,60786,1148
67_0000,67_0000_300,256,59985,1148
67_0000,67_0000_301,256,59136,1104
67_0000,67_0000_302,256,58380,1108
67_0000,67_0000_303,256,57597,1304
67_0000,67_0000_304,256,57084,1800
67_0000,67_0000_305,256,56307,1588
67_0000,67_0000_306,256,55647,1368
67_0000,67_0000_307,256,54996,1236
67_0000,67_0000_308,256,54222,1004
67_0000,67_0000_309,256,53292,1688
67_0000,67_0000_310,256,52524,2040
67_0000,67_0000_311,256,51570,2228
67_0000,67_0000_312,256,50607,2296
67_0000,67_0000_313,256,49662,2068
67_0000,67_0000_314,256,48807,1848
67_0000,67_0000_315,256,47874,1852
67_0000,67_0000_316,256,46908,1920
67_0000,67_0000_317,256,45876,1760
67_0000,67_0000_318,256,44988,2328
67_0000,67_0000_319,256,43998,2124
67_0000,67_0000_320,256,42897,1888
67_0000,67_0000_321,256,41835,2000
67_0000,67_0000_322,256,40980,2024
67_0000,67_0000_323,256,40053,2212
67_0000,67_0000_324,256,39084,2112
67_0000,67_0000_325,256,38085,1732
67_0000,67_0000_326,256,37023,1808
67_0000,67_0000_327,256,36087,1868
67_0000,67_0000_328,256,35268,1764
67_0000,67_0000_329,256,34299,1564
67_0000,67_0000_330,256,33501,1596
67_0000,67_0000_331,256,32796,1608
67_0000,67_0000_332,256,32178,1644
67_0000,67_0000_333,256,31413,1552
67_0000,67_0000_334,256,30615,1472
67_0000,67_0000_335,256,29811,1284
67_0000,67_0000_336,256,28959,1120
67_0000,67_0000_337,256,28281,1096
67_0000,67_0000_338,256,27384,1104
67_0000,67_0000_339,256,26664,1068
67_0000,67_0000_340,256,25902,944
67_0000,67_0000_341,256,25284,996
67_0000,67_0000_342,256,24642,1188
67_0000,67_0000_343,256,23979,1220
67_0000,67_0000_344,256,23343,976
67_0000,67_0000_345,256,22524,960
67_0000,67_0000_346,256,21714,1108
67_0000,67_0000_347,256,20847,1240
67_0000,67_0000_348,256,19854,1320
67_0000,67_0000_349,256,19068,1396
67_0000,67_0000_350,256,18219,1444
67_0000,67_0000_351,256,17307,1612
67_0000,67_0000_352,256,16554,1408
67_0000,67_0000_353,256,15777,1396
67_0000,67_0000_354,256,14925,1456
67_0000,67_0000_355,256,13932,1228
67_0000,67_0000_356,256,13032,1144
67_0000,67_0000_357,256,12342,1280
67_0000,67_0000_358,256,11727,1128
67_0000,67_0000_359,256,10941,952
67_0000,67_0000_360,256,10266,888
67_0000,67_0000_361,256,9312,740
67_0000,67_0000_362,256,8559,756
67_0000,67_0000_363,256,7710,704
67_0000,67_0000_364,256,6981,720
67_0000,67_0000_365,256,6288,976
67_0000,67_0000_366,256,5769,932
67_0000,67_0000_367,256,5142,856
67_0000,67_0000_368,256,4473,1052
67_0000,67_0000_369,256,3846,880
67_0000,67_0000_370,256,3084,1048
67_0000,67_0000_371,256,2271,748
67_0000,67_0000_372,256,1626,520
80_0000,80_0000_043,256,6,0
80_0000,80_0000_044,256,93,0
80_0000,80_0000_045,256,183,68
80_0000,80_0000_046,256,315,164
80_0000,80_0000_047,256,399,220
80_0000,80_0000_048,256,420,208
80_0000,80_0000_049,256,435,204
80_0000,80_0000_050,256,567,276
80_0000,80_0000_051,256,630,328
80_0000,80_0000_052,256,624,296
80_0000,80_0000_053,256,708,336
80_0000,80_0000_054,256,783,320
80_0000,80_0000_055,256,990,352
80_0000,80_0000_056,256,1074,360
80_0000,80_0000_057,256,1041,404
80_0000,80_0000_058,256,1128,368
80_0000,80_0000_059,256,1275,448
80_0000,80_0000_060,256,1440,548
80_0000,80_0000_061,256,1674,688
80_0000,80_0000_062,256,1626,760
80_0000,80_0000_063,256,1890,860
80_0000,80_0000_064,256,1866,828
80_0000,80_0000_065,256,2133,892
80_0000,80_0000_066,256,2388,996
80_0000,80_0000_067,256,2496,1024
80_0000,80_0000_068,256,2748,1048
80_0000,80_0000_069,256,3186,1276
80_0000,80_0000_070,256,3198,1244
80_0000,80_0000_071,256,3609,1496
80_0000,80_0000_072,256,3912,1548
80_0000,80_0000_073,256,4305,1744
80_0000,80_0000_074,256,4401,1812
80_0000,80_0000_075,256,4518,1784
80_0000,80_0000_076,256,4815,1788
80_0000,80_0000_077,256,5091,1952
80_0000,80_0000_078,256,5553,2192
80_0000,80_0000_079,256,5826,2340
80_0000,80_0000_080,256,5988,2428
80_0000,80_0000_081,256,6279,2436
80_0000,80_0000_082,256,6606,2516
80_0000,80_0000_083,256,6840,2432
80_0000,80_0000_084,256,7233,2684
80_0000,80_0000_085,256,7629,2676
80_0000,80_0000_086,256,8043,2724
80_0000,80_0000_087,256,8373,2684
80_0000,80_0000_088,256,8817,2972
80_0000,80_0000_089,256,9039,3216
80_0000,80_0000_090,256,9579,3000
80_0000,80_0000_091,256,9912,3180
80_0000,80_0000_092,256,10401,3252
80_0000,80_0000_093,256,10956,3312
80_0000,80_0000_094,256,11178,2992
80_0000,80_0000_095,256,11502,2712
80_0000,80_0000_096,256,12057,2880
80_0000,80_0000_097,256,12339,3224
80_0000,80_0000_098,256,12927,3264
80_0000,80_0000_099,256,13230,3196
80_0000,80_0000_100,256,13680,3232
80_0000,80_0000_101,256,14106,3260
80_0000,80_0000_102,256,14556,3276
80_0000,80_0000_103,256,15096,3368
80_0000,80_0000_104,256,15594,3396
80_0000,80_0000_105,256,15789,3120
80_0000,80_0000_106,256,16281,3452
80_0000,80_0000_107,256,16809,3772
80_0000,80_0000_108,256,17073,3788
80_0000,80_0000_109,256,17835,3980
80_0000,80_0000_110,256,18459,4308
80_0000,80_0000_111,256,18885,4252
80_0000,80_0000_112,256,19257,3896
80_0000,80_0000_113,256,19680,3880
80_0000,80_0000_114,256,19869,3624
80_0000,80_0000_115,256,20376,3108
80_0000,80_0000_116,256,21060,3204
80_0000,80_0000_117,256,21531,3580
80_0000,80_0000_118,256,21975,3512
80_0000,80_0000_119,256,22815,3640
80_0000,80_0000_120,256,23415,4020
80_0000,80_0000_121,256,23820,4532
80_0000,80_0000_122,256,24576,4084
80_0000,80_0000_123,256,25227,3428
80_0000,80_0000_124,256,25893,3436
80_0000,80_0000_125,256,26511,3508
80_0000,80_0000_126,256,26982,3064
80_0000,80_0000_127,256,27465,3176
80_0000,80_0000_128,256,28386,3168
80_0000,80_0000_129,256,29181,3464
80_0000,80_0000_130,256,29841,3272
80_0000,80_0000_131,256,30708,3628
80_0000,80_0000_132,256,31710,3556
80_0000,80_0000_133,256,32367,3504
80_0000,80_0000_134,256,33192,3532
80_0000,80_0000_135,256,34143,3672
80_0000,80_0000_136,256,34785,3528
80_0000,80_0000_137,256,35868,3800
80_0000,80_0000_138,256,36687,3536
80_0000,80_0000_139,256,37206,3036
80_0000,80_0000_140,256,38400,2872
80_0000,80_0000_141,256,39297,2720
80_0000,80_0000_142,256,39912,2428
80_0000,80_0000_143,256,40833,2632
80_0000,80_0000_144,256,41631,2812
80_0000,80_0000_145,256,42594,2624
80_0000,80_0000_146,256,43176,2604
80_0000,80_0000_147,256,44286,2700
80_0000,80_0000_148,256,45060,2996
80_0000,80_0000_149,256,45801,3476
80_0000,80_0000_150,256,46944,3652
80_0000,80_0000_151,256,47514,3940
80_0000,80_0000_152,256,48651,3972
80_0000,80_0000_153,256,49788,4272
80_0000,80_0000_154,256,50556,4556
80_0000,80_0000_155,256,51600,4140
80_0000,80_0000_156,256,52659,3176
80_0000,80_0000_157,256,53607,3952
80_0000,80_0000_158,256,54081,3476
80_0000,80_0000_159,256,54945,2596
80_0000,80_0000_160,256,56505,2104
80_0000,80_0000_161,256,57387,2832
80_0000,80_0000_162,256,59421,4060
80_0000,80_0000_163,256,60909,4516
80_0000,80_0000_164,256,61827,4932
80_0000,80_0000_165,256,62583,5688
80_0000,80_0000_166,256,63843,5232
80_0000,80_0000_167,256,64422,4912
80_0000,80_0000_168,256,64764,3960
80_0000,80_0000_169,256,65751,3504
80_0000,80_0000_170,256,66636,3200
80_0000,80_0000_171,256,66999,3336
80_0000,80_0000_172,256,67899,3564
80_0000,80_0000_173,256,68247,4288
80_0000,80_0000_174,256,68736,4236
80_0000,80_0000_175,256,69252,4256
80_0000,80_0000_176,256,69105,4328
80_0000,80_0000_177,256,69369,3584
80_0000,80_0000_178,256,69900,3556
80_0000,80_0000_179,256,69645,2696
80_0000,80_0000_180,256,69552,2836
80_0000,80_0000_181,256,69504,3316
80_0000,80_0000_182,256,69294,3324
80_0000,80_0000_183,256,69384,3256
80_0000,80_0000_184,256,69816,3024
80_0000,80_0000_185,256,69360,2880
80_0000,80_0000_186,256,69327,2412
80_0000,80_0000_187,256,69723,2264
80_0000,80_0000_188,256,68982,1680
80_0000,80_0000_189,256,68796,1856
80_0000,80_0000_190,256,68577,1960
80_0000,80_0000_191,256,68520,1396
80_0000,80_0000_192,256,68334,1416
80_0000,80_0000_193,256,68289,1668
80_0000,80_0000_194,256,68454,1796
80_0000,80_0000_195,256,68283,1820
80_0000,80_0000_196,256,68523,2328
80_0000,80_0000_197,256,68991,2024
80_0000,80_0000_198,256,68697,1548
80_0000,80_0000_199,256,69102,1324
80_0000,80_0000_200,256,69348,1248
80_0000,80_0000_201,256,69372,1144
80_0000,80_0000_202,256,69804,1424
80_0000,80_0000_203,256,70428,1320
80_0000,80_0000_204,256,70566,1316
80_0000,80_0000_205,256,70560,1720
80_0000,80_0000_206,256,70974,1228
80_0000,80_0000_207,256,70587,636
80_0000,80_0000_208,256,70908,1100
80_0000,80_0000_209,256,71193,1476
80_0000,80_0000_210,256,70986,2608
80_0000,80_0000_211,256,70971,2888
80_0000,80_0000_212,256,71823,2900
80_0000,80_0000_213,256,71667,2132
80_0000,80_0000_214,256,71529,2468
80_0000,80_0000_215,256,72042,2292
80_0000,80_0000_216,256,72342,2712
80_0000,80_0000_217,256,72660,2800
80_0000,80_0000_218,256,73038,3116
80_0000,80_0000_219,256,73095,3104
80_0000,80_0000_220,256,73479,2692
80_0000,80_0000_221,256,73905,3028
80_0000,80_0000_222,256,74091,3196
80_0000,80_0000_223,256,75168,3212
80_0000,80_0000_224,256,75552,3884
80_0000,80_0000_225,256,75501,2720
80_0000,80_0000_226,256,75363,2596
80_0000,80_0000_227,256,75876,2296
80_0000,80_0000_228,256,75903,2600
80_0000,80_0000_229,256,75627,2792
80_0000,80_0000_230,256,75696,2852
80_0000,80_0000_231,256,76074,2228
80_0000,80_0000_232,256,75801,1912
80_0000,80_0000_233,256,75840,2392
80_0000,80_0000_234,256,76173,2188
80_0000,80_0000_235,256,75864,1916
80_0000,80_0000_236,256,75870,2008
80_0000,80_0000_237,256,76353,1916
80_0000,80_0000_238,256,76755,2400
80_0000,80_0000_239,256,76554,2288
80_0000,80_0000_240,256,76749,2528
80_0000,80_0000_241,256,76875,2100
80_0000,80_0000_242,256,76431,2124
80_0000,80_0000_243,256,76248,2396
80_0000,80_0000_244,256,76047,2656
80_0000,80_0000_245,256,76260,2676
80_0000,80_0000_246,256,75939,2372
80_0000,80_0000_247,256,76245,2652
80_0000,80_0000_248,256,76122,2908
80_0000,80_0000_249,256,76089,2660
80_0000,80_0000_250,256,75912,2472
80_0000,80_0000_251,256,75294,3096
80_0000,80_0000_252,256,75288,4052
80_0000,80_0000_253,256,74850,3952
80_0000,80_0000_254,256,75228,4392
80_0000,80_0000_255,256,75588,5000
80_0000,80_0000_256,256,74982,4508
80_0000,80_0000_257,256,75204,4448
80_0000,80_0000_258,256,74925,3556
80_0000,80_0000_259,256,74376,3328
80_0000,80_0000_260,256,74367,3384
80_0000,80_0000_261,256,73140,3352
80_0000,80_0000_262,256,72453,3500
80_0000,80_0000_263,256,72024,3372
80_0000,80_0000_264,256,72033,3696
80_0000,80_0000_265,256,72342,3728
80_0000,80_0000_266,256,71787,4028
80_0000,80_0000_267,256,71904,4548
80_0000,80_0000_268,256,72558,4452
80_0000,80_0000_269,256,72384,4460
80_0000,80_0000_270,256,73161,4104
80_0000,80_0000_271,256,73341,3192
80_0000,80_0000_272,256,73152,2604
80_0000,80_0000_273,256,73368,2680
80_0000,80_0000_274,256,73122,2536
80_0000,80_0000_275,256,73092,2676
80_0000,80_0000_276,256,73536,2876
80_0000,80_0000_277,256,73239,2996
80_0000,80_0000_278,256,73320,4008
80_0000,80_0000_279,256,73338,4724
80_0000,80_0000_280,256,73347,5092
80_0000,80_0000_281,256,73296,5084
80_0000,80_0000_282,256,73722,4796
80_0000,80_0000_283,256,74232,4052
80_0000,80_0000_284,256,73719,3596
80_0000,80_0000_285,256,73890,3656
80_0000,80_0000_286,256,74298,4132
80_0000,80_0000_287,256,74190,3680
80_0000,80_0000_288,256,74046,4224
80_0000,80_0000_289,256,74541,4412
80_0000,80_0000_290,256,74400,4368
80_0000,80_0000_291,256,73818,4124
80_0000,80_0000_292,256,74103,4952
80_0000,80_0000_293,256,74562,4956
80_0000,80_0000_294,256,74703,4432
80_0000,80_0000_295,256,74733,4488
80_0000,80_0000_296,256,74355,3796
80_0000,80_0000_297,256,73803,3872
80_0000,80_0000_298,256,74109,3284
80_0000,80_0000_299,256,73548,3072
80_0000,80_0000_300,256,72519,4068
80_0000,80_0000_301,256,72921,4124
80_0000,80_0000_302,256,73134,4084
80_0000,80_0000_303,256,73572,4596
80_0000,80_0000_304,256,73845,4732
80_0000,80_0000_305,256,74925,5000
80_0000,80_0000_306,256,74229,5592
80_0000,80_0000_307,256,74703,5352
80_0000,80_0000_308,256,75015,5372
80_0000,80_0000_309,256,74487,5872
80_0000,80_0000_310,256,74841,4932
80_0000,80_0000_311,256,74646,5484
80_0000,80_0000_312,256,74433,5928
80_0000,80_0000_313,256,74247,6924
80_0000,80_0000_314,256,74658,5900
80_0000,80_0000_315,256,73959,5288
80_0000,80_0000_316,256,73611,5196
80_0000,80_0000_317,256,73722,5244
80_0000,80_0000_318,256,73797,4612
80_0000,80_0000_319,256,73650,4580
80_0000,80_0000_320,256,73713,5056
80_0000,80_0000_321,256,73416,4636
80_0000,80_0000_322,256,73284,5668
80_0000,80_0000_323,256,73134,5528
80_0000,80_0000_324,256,73254,5120
80_0000,80_0000_325,256,73092,4872
80_0000,80_0000_326,256,72699,5260
80_0000,80_0000_327,256,72333,5436
80_0000,80_0000_328,256,71865,5388
80_0000,80_0000_329,256,71922,5036
80_0000,80_0000_330,256,70974,4940
80_0000,80_0000_331,256,70836,3796
80_0000,80_0000_332,256,70572,3364
80_0000,80_0000_333,256,70008,3616
80_0000,80_0000_334,256,70176,3044
80_0000,80_0000_335,256,69729,2920
80_0000,80_0000_336,256,69732,2860
80_0000,80_0000_337,256,69615,3404
80_0000,80_0000_338,256,69516,3776
80_0000,80_0000_339,256,69465,3456
80_0000,80_0000_340,256,69252,2884
80_0000,80_0000_341,256,69138,3392
80_0000,80_0000_342,256,69435,3948
80_0000,80_0000_343,256,69762,3704
80_0000,80_0000_344,256,69333,3688
80_0000,80_0000_345,256,69828,3148
80_0000,80_0000_346,256,69870,3128
80_0000,80_0000_347,256,70242,2836
80_0000,80_0000_348,256,70932,2648
80_0000,80_0000_349,256,70197,2336
80_0000,80_0000_350,256,69885,2668
80_0000,80_0000_351,256,70566,1944
80_0000,80_0000_352,256,70704,2688
80_0000,80_0000_353,256,70779,3192
80_0000,80_0000_354,256,70992,3112
80_0000,80_0000_355,256,70479,3596
80_0000,80_0000_356,256,70680,4048
80_0000,80_0000_357,256,70692,4332
80_0000,80_0000_358,256,70350,3964
80_0000,80_0000_359,256,69432,3424
80_0000,80_0000_360,256,69762,3104
80_0000,80_0000_361,256,68973,3552
80_0000,80_0000_362,256,68817,4208
80_0000,80_0000_363,256,68523,4236
80_0000,80_0000_364,256,68364,4156
80_0000,80_0000_365,256,68016,4716
80_0000,80_0000_366,256,68370,4464
80_0000,80_0000_367,256,68343,4580
80_0000,80_0000_368,256,68061,5052
80_0000,80_0000_369,256,68358,5096
80_0000,80_0000_370,256,68430,4876
80_0000,80_0000_371,256,68583,4536
80_0000,80_0000_372,256,68391,4848
80_0000,80_0000_373,256,68508,4740
80_0000,80_0000_374,256,68355,4144
80_0000,80_0000_375,256,68250,3920
80_0000,80_0000_376,256,68532,3984
80_0000,80_0000_377,256,68361,3844
80_0000,80_0000_378,256,68202,3724
80_0000,80_0000_379,256,68562,3876
80_0000,80_0000_380,256,68397,3780
80_0000,80_0000_381,256,68586,3748
80_0000,80_0000_382,256,68769,3760
80_0000,80_0000_383,256,68778,3700
80_0000,80_0000_384,256,68466,3456
80_0000,80_0000_385,256,68757,2912
80_0000,80_0000_386,256,68502,2844
80_0000,80_0000_387,256,68661,2916
80_0000,80_0000_388,256,68847,2948
80_0000,80_0000_389,256,68640,3188
80_0000,80_0000_390,256,68358,3008
80_0000,80_0000_391,256,68613,3152
80_0000,80_0000_392,256,67746,3504
80_0000,80_0000_393,256,66876,3416
80_0000,80_0000_394,256,66222,3584
80_0000,80_0000_395,256,65574,3540
80_0000,80_0000_396,256,64629,3388
80_0000,80_0000_397,256,64446,3692
80_0000,80_0000_398,256,63687,3340
80_0000,80_0000_399,256,62874,3192
80_0000,80_0000_400,256,62316,2872
80_0000,80_0000_401,256,61491,2780
80_0000,80_0000_402,256,60627,2652
80_0000,80_0000_403,256,59880,2912
80_0000,80_0000_404,256,59238,3252
80_0000,80_0000_405,256,58950,3400
80_0000,80_0000_406,256,58821,3772
80_0000,80_0000_407,256,58479,3896
80_0000,80_0000_408,256,57741,3804
80_0000,80_0000_409,256,57363,3560
80_0000,80_0000_410,256,56796,3112
80_0000,80_0000_411,256,56646,3176
80_0000,80_0000_412,256,56568,3656
80_0000,80_0000_413,256,56523,3692
80_0000,80_0000_414,256,55854,4224
80_0000,80_0000_415,256,55734,3872
80_0000,80_0000_416,256,55551,3776
80_0000,80_0000_417,256,55314,3560
80_0000,80_0000_418,256,54969,3584
80_0000,80_0000_419,256,55065,3808
80_0000,80_0000_420,256,54510,3756
80_0000,80_0000_421,256,54594,4176
80_0000,80_0000_422,256,54402,4400
80_0000,80_0000_423,256,53925,4396
80_0000,80_0000_424,256,53709,4740
80_0000,80_0000_425,256,54153,4588
80_0000,80_0000_426,256,53055,4344
80_0000,80_0000_427,256,52707,4468
80_0000,80_0000_428,256,52440,4688
80_0000,80_0000_429,256,51795,5020
80_0000,80_0000_430,256,51543,5132
80_0000,80_0000_431,256,51534,5100
80_0000,80_0000_432,256,50745,5120
80_0000,80_0000_433,256,50052,4780
80_0000,80_0000_434,256,50223,4264
80_0000,80_0000_435,256,49587,3892
80_0000,80_0000_436,256,49041,3412
80_0000,80_0000_437,256,48792,3692
80_0000,80_0000_438,256,48582,3596
80_0000,80_0000_439,256,48264,3320
80_0000,80_0000_440,256,48123,3248
80_0000,80_0000_441,256,47706,3380
80_0000,80_0000_442,256,47235,3892
80_0000,80_0000_443,256,47094,3744
80_0000,80_0000_444,256,47040,3124
80_0000,80_0000_445,256,46539,3100
80_0000,80_0000_446,256,46194,3172
80_0000,80_0000_447,256,45894,3432
80_0000,80_0000_448,256,45330,3220
80_0000,80_0000_449,256,45147,2704
80_0000,80_0000_450,256,44922,2372
80_0000,80_0000_451,256,44325,2084
80_0000,80_0000_452,256,44280,1940
80_0000,80_0000_453,256,44280,2200
80_0000,80_0000_454,256,43725,1600
80_0000,80_0000_455,256,43455,1724
80_0000,80_0000_456,256,43383,1692
80_0000,80_0000_457,256,42846,2000
80_0000,80_0000_458,256,42951,2648
80_0000,80_0000_459,256,42552,2384
80_0000,80_0000_460,256,41847,2220
80_0000,80_0000_461,256,41199,1680
80_0000,80_0000_462,256,40983,1860
80_0000,80_0000_463,256,40500,1768
80_0000,80_0000_464,256,39861,1768
80_0000,80_0000_465,256,39522,1936
80_0000,80_0000_466,256,38817,2024
80_0000,80_0000_467,256,38043,2408
80_0000,80_0000_468,256,37812,2220
80_0000,80_0000_469,256,37056,2836
80_0000,80_0000_470,256,36426,3096
80_0000,80_0000_471,256,35988,3148
80_0000,80_0000_472,256,35412,2856
80_0000,80_0000_473,256,34593,3100
80_0000,80_0000_474,256,34152,3112
80_0000,80_0000_475,256,33558,3080
80_0000,80_0000_476,256,33192,2612
80_0000,80_0000_477,256,32622,2464
80_0000,80_0000_478,256,32262,2436
80_0000,80_0000_479,256,31536,2520
80_0000,80_0000_480,256,30993,2236
80_0000,80_0000_481,256,30684,1988
80_0000,80_0000_482,256,29970,2156
80_0000,80_0000_483,256,29064,2368
80_0000,80_0000_484,256,28971,2220
80_0000,80_0000_485,256,28272,1892
80_0000,80_0000_486,256,27810,1944
80_0000,80_0000_487,256,27264,1568
80_0000,80_0000_488,256,27099,1420
80_0000,80_0000_489,256,26595,1572
80_0000,80_0000_490,256,26232,1632
80_0000,80_0000_491,256,25560,1564
80_0000,80_0000_492,256,24957,1532
80_0000,80_0000_493,256,24753,1884
80_0000,80_0000_494,256,24120,1444
80_0000,80_0000_495,256,23607,1744
80_0000,80_0000_496,256,23031,1724
80_0000,80_0000_497,256,22653,1688
80_0000,80_0000_498,256,21957,1836
80_0000,80_0000_499,256,21702,1468
80_0000,80_0000_500,256,21075,1696
80_0000,80_0000_501,256,20523,1840
80_0000,80_0000_502,256,20364,1816
80_0000,80_0000_503,256,19746,1672
80_0000,80_0000_504,256,19116,1592
80_0000,80_0000_505,256,18711,1496
80_0000,80_0000_506,256,17916,1428
80_0000,80_0000_507,256,17571,1564
80_0000,80_0000_508,256,17076,1480
80_0000,80_0000_509,256,16677,1664
80_0000,80_0000_510,256,16143,1528
80_0000,80_0000_511,256,15624,1376
80_0000,80_0000_512,256,15189,1308
80_0000,80_0000_513,256,14538,1580
80_0000,80_0000_514,256,14217,1772
80_0000,80_0000_515,256,13677,2012
80_0000,80_0000_516,256,13293,1680
80_0000,80_0000_517,256,12702,1608
80_0000,80_0000_518,256,12237,1568
80_0000,80_0000_519,256,11844,1296
80_0000,80_0000_520,256,11256,1244
80_0000,80_0000_521,256,10674,1428
80_0000,80_0000_522,256,10245,1584
80_0000,80_0000_523,256,9894,1064
80_0000,80_0000_524,256,9480,1256
80_0000,80_0000_525,256,8997,1252
80_0000,80_0000_526,256,8565,1116
80_0000,80_0000_527,256,8142,1328
80_0000,80_0000_528,256,7620,1296
80_0000,80_0000_529,256,7065,1308
80_0000,80_0000_530,256,6654,1052
80_0000,80_0000_531,256,6057,1364
80_0000,80_0000_532,256,5565,1164
80_0000,80_0000_533,256,5160,928
80_0000,80_0000_534,256,4683,1040
80_0000,80_0000_535,256,4230,936
80_0000,80_0000_536,256,3855,972
80_0000,80_0000_537,256,3300,900
80_0000,80_0000_538,256,2937,1172
80_0000,80_0000_539,256,2829,628
80_0000,80_0000_540,256,2679,572
80_0000,80_0000_541,256,2502,596
80_0000,80_0000_542,256,2253,640
80_0000,80_0000_543,256,2055,476
80_0000,80_0000_544,256,1779,692
80_0000,80_0000_545,256,1554,628
80_0000,80_0000_546,256,1341,600
80_0000,80_0000_547,256,1143,536
80_0000,80_0000_548,256,954,440
80_0000,80_0000_549,256,816,372
80_0000,80_0000_550,256,678,304
80_0000,80_0000_551,256,501,236
81_0000,81_0000_056,256,15,0
81_0000,81_0000_057,256,39,0
81_0000,81_0000_058,256,114,20
81_0000,81_0000_059,256,165,48
81_0000,81_0000_060,256,231,108
81_0000,81_0000_061,256,249,120
81_0000,81_0000_062,256,282,136
81_0000,81_0000_063,256,348,184
81_0000,81_0000_064,256,468,196
81_0000,81_0000_065,256,588,188
81_0000,81_0000_066,256,702,292
81_0000,81_0000_067,256,789,376
81_0000,81_0000_068,256,849,420
81_0000,81_0000_069,256,981,456
81_0000,81_0000_070,256,1050,488
81_0000,81_0000_071,256,1131,496
81_0000,81_0000_072,256,1299,568
81_0000,81_0000_073,256,1446,632
81_0000,81_0000_074,256,1515,636
81_0000,81_0000_075,256,1692,720
81_0000,81_0000_076,256,1878,760
81_0000,81_0000_077,256,2085,824
81_0000,81_0000_078,256,2328,892
81_0000,81_0000_079,256,2643,944
81_0000,81_0000_080,256,2940,1048
81_0000,81_0000_081,256,3153,1144
81_0000,81_0000_082,256,3435,1248
81_0000,81_0000_083,256,3732,1456
81_0000,81_0000_084,256,3963,1484
81_0000,81_0000_085,256,4221,1512
81_0000,81_0000_086,256,4407,1528
81_0000,81_0000_087,256,4746,1620
81_0000,81_0000_088,256,4977,1664
81_0000,81_0000_089,256,5268,1752
81_0000,81_0000_090,256,5613,1784
81_0000,81_0000_091,256,5922,1808
81_0000,81_0000_092,256,6267,1900
81_0000,81_0000_093,256,6576,2056
81_0000,81_0000_094,256,7002,2036
81_0000,81_0000_095,256,7494,1980
81_0000,81_0000_096,256,8028,2248
81_0000,81_0000_097,256,8379,2412
81_0000,81_0000_098,256,8841,2516
81_0000,81_0000_099,256,9288,2696
81_0000,81_0000_100,256,9681,2460
81_0000,81_0000_101,256,10284,2648
81_0000,81_0000_102,256,10767,2628
81_0000,81_0000_103,256,11334,2588
81_0000,81_0000_104,256,11787,2632
81_0000,81_0000_105,256,12390,2836
81_0000,81_0000_106,256,12978,3020
81_0000,81_0000_107,256,13479,3108
81_0000,81_0000_108,256,14112,3136
81_0000,81_0000_109,256,14778,3108
81_0000,81_0000_110,256,15459,3068
81_0000,81_0000_111,256,16155,3096
81_0000,81_0000_112,256,16845,3840
81_0000,81_0000_113,256,17619,4112
81_0000,81_0000_114,256,18423,4384
81_0000,81_0000_115,256,19521,4128
81_0000,81_0000_116,256,20268,4520
81_0000,81_0000_117,256,21174,4540
81_0000,81_0000_118,256,22200,4964
81_0000,81_0000_119,256,23181,4736
81_0000,81_0000_120,256,24153,4820
81_0000,81_0000_121,256,25206,5184
81_0000,81_0000_122,256,26316,5320
81_0000,81_0000_123,256,27303,4968
81_0000,81_0000_124,256,28293,4788
81_0000,81_0000_125,256,29379,4932
81_0000,81_0000_126,256,30186,5068
81_0000,81_0000_127,256,31602,4644
81_0000,81_0000_128,256,32700,4664
81_0000,81_0000_129,256,33837,4564
81_0000,81_0000_130,256,34890,4740
81_0000,81_0000_131,256,36084,5696
81_0000,81_0000_132,256,37029,5492
81_0000,81_0000_133,256,38241,5652
81_0000,81_0000_134,256,39450,6128
81_0000,81_0000_135,256,40719,6276
81_0000,81_0000_136,256,41988,6396
81_0000,81_0000_137,256,43407,6772
81_0000,81_0000_138,256,44691,7096
81_0000,81_0000_139,256,46056,7288
81_0000,81_0000_140,256,47172,6996
81_0000,81_0000_141,256,48387,6904
81_0000,81_0000_142,256,49518,6932
81_0000,81_0000_143,256,50883,6428
81_0000,81_0000_144,256,52041,6976
81_0000,81_0000_145,256,53340,6820
81_0000,81_0000_146,256,54297,7020
81_0000,81_0000_147,256,55383,6704
81_0000,81_0000_148,256,56712,6872
81_0000,81_0000_149,256,57789,6612
81_0000,81_0000_150,256,59046,6816
81_0000,81_0000_151,256,60480,6960
81_0000,81_0000_152,256,61833,7348
81_0000,81_0000_153,256,63165,7364
81_0000,81_0000_154,256,64539,7232
81_0000,81_0000_155,256,65760,7764
81_0000,81_0000_156,256,67083,7724
81_0000,81_0000_157,256,68547,7260
81_0000,81_0000_158,256,69675,6860
81_0000,81_0000_159,256,70683,7068
81_0000,81_0000_160,256,71856,7528
81_0000,81_0000_161,256,72870,8156
81_0000,81_0000_162,256,73665,8328
81_0000,81_0000_163,256,74787,9752
81_0000,81_0000_164,256,75921,9576
81_0000,81_0000_165,256,77244,8472
81_0000,81_0000_166,256,78027,8168
81_0000,81_0000_167,256,78741,7620
81_0000,81_0000_168,256,79212,7768
81_0000,81_0000_169,256,79728,7704
81_0000,81_0000_170,256,80295,7652
81_0000,81_0000_171,256,80853,8080
81_0000,81_0000_172,256,81390,7980
81_0000,81_0000_173,256,81909,8152
81_0000,81_0000_174,256,82419,8368
81_0000,81_0000_175,256,82998,7968
81_0000,81_0000_176,256,83604,7852
81_0000,81_0000_177,256,84297,7360
81_0000,81_0000_178,256,85353,7216
81_0000,81_0000_179,256,86460,7196
81_0000,81_0000_180,256,87234,7156
81_0000,81_0000_181,256,88233,6960
81_0000,81_0000_182,256,88902,7524
81_0000,81_0000_183,256,90045,6580
81_0000,81_0000_184,256,90786,6704
81_0000,81_0000_185,256,91398,7232
81_0000,81_0000_186,256,91917,7420
81_0000,81_0000_187,256,92619,7532
81_0000,81_0000_188,256,93054,7172
81_0000,81_0000_189,256,93525,7172
81_0000,81_0000_190,256,94107,6668
81_0000,81_0000_191,256,94554,7504
81_0000,81_0000_192,256,94809,7936
81_0000,81_0000_193,256,95286,8192
81_0000,81_0000_194,256,95811,8380
81_0000,81_0000_195,256,96540,8120
81_0000,81_0000_196,256,97104,8260
81_0000,81_0000_197,256,97704,7440
81_0000,81_0000_198,256,97518,7348
81_0000,81_0000_199,256,97305,7824
81_0000,81_0000_200,256,97161,7588
81_0000,81_0000_201,256,96864,7336
81_0000,81_0000_202,256,96828,7544
81_0000,81_0000_203,256,96513,7584
81_0000,81_0000_204,256,96279,7516
81_0000,81_0000_205,256,96132,7436
81_0000,81_0000_206,256,95967,7644
81_0000,81_0000_207,256,95757,6704
81_0000,81_0000_208,256,95634,6128
81_0000,81_0000_209,256,95334,6540
81_0000,81_0000_210,256,95028,6952
81_0000,81_0000_211,256,94896,6556
81_0000,81_0000_212,256,94689,6264
81_0000,81_0000_213,256,94419,6544
81_0000,81_0000_214,256,94329,6336
81_0000,81_0000_215,256,94428,6844
81_0000,81_0000_216,256,94296,6788
81_0000,81_0000_217,256,94149,6936
81_0000,81_0000_218,256,93960,6808
81_0000,81_0000_219,256,94140,5824
81_0000,81_0000_220,256,93828,5900
81_0000,81_0000_221,256,93621,5740
81_0000,81_0000_222,256,93510,5488
81_0000,81_0000_223,256,93498,5784
81_0000,81_0000_224,256,93534,5812
81_0000,81_0000_225,256,93615,6072
81_0000,81_0000_226,256,93528,5940
81_0000,81_0000_227,256,93543,5688
81_0000,81_0000_228,256,93612,5932
81_0000,81_0000_229,256,93408,6736
81_0000,81_0000_230,256,93339,6860
81_0000,81_0000_231,256,93237,7708
81_0000,81_0000_232,256,93576,8108
81_0000,81_0000_233,256,93846,7036
81_0000,81_0000_234,256,93852,6420
81_0000,81_0000_235,256,94233,5560
81_0000,81_0000_236,256,94437,5476
81_0000,81_0000_237,256,94599,5288
81_0000,81_0000_238,256,94389,6668
81_0000,81_0000_239,256,94833,7232
81_0000,81_0000_240,256,94923,6388
81_0000,81_0000_241,256,94803,5968
81_0000,81_0000_242,256,94719,5408
81_0000,81_0000_243,256,94362,5944
81_0000,81_0000_244,256,94425,5972
81_0000,81_0000_245,256,94449,6468
81_0000,81_0000_246,256,94203,7312
81_0000,81_0000_247,256,94182,8256
81_0000,81_0000_248,256,94146,8012
81_0000,81_0000_249,256,94059,8492
81_0000,81_0000_250,256,93954,8256
81_0000,81_0000_251,256,93624,8540
81_0000,81_0000_252,256,93438,8308
81_0000,81_0000_253,256,93204,9020
81_0000,81_0000_254,256,92874,8348
81_0000,81_0000_255,256,92691,8288
81_0000,81_0000_256,256,92415,8528
81_0000,81_0000_257,256,92391,8516
81_0000,81_0000_258,256,92364,8684
81_0000,81_0000_259,256,92478,9424
81_0000,81_0000_260,256,92352,9464
81_0000,81_0000_261,256,92274,10344
81_0000,81_0000_262,256,92418,10264
81_0000,81_0000_263,256,92355,8520
81_0000,81_0000_264,256,92352,8280
81_0000,81_0000_265,256,92364,8532
81_0000,81_0000_266,256,92655,8804
81_0000,81_0000_267,256,92646,8512
81_0000,81_0000_268,256,92511,8640
81_0000,81_0000_269,256,92190,7660
81_0000,81_0000_270,256,92163,7772
81_0000,81_0000_271,256,91791,8112
81_0000,81_0000_272,256,92040,7860
81_0000,81_0000_273,256,91866,7768
81_0000,81_0000_274,256,91839,7764
81_0000,81_0000_275,256,91593,7460
81_0000,81_0000_276,256,91104,7424
81_0000,81_0000_277,256,90822,8540
81_0000,81_0000_278,256,90648,9816
81_0000,81_0000_279,256,90762,10084
81_0000,81_0000_280,256,90621,10056
81_0000,81_0000_281,256,90390,9412
81_0000,81_0000_282,256,90261,9412
81_0000,81_0000_283,256,90060,8984
81_0000,81_0000_284,256,90126,8424
81_0000,81_0000_285,256,90108,7876
81_0000,81_0000_286,256,90018,7836
81_0000,81_0000_287,256,90030,7156
81_0000,81_0000_288,256,90123,7012
81_0000,81_0000_289,256,89778,7516
81_0000,81_0000_290,256,89769,8428
81_0000,81_0000_291,256,89448,8324
81_0000,81_0000_292,256,89205,7956
81_0000,81_0000_293,256,89097,8184
81_0000,81_0000_294,256,88833,8464
81_0000,81_0000_295,256,88734,7416
81_0000,81_0000_296,256,88491,7012
81_0000,81_0000_297,256,88311,6736
81_0000,81_0000_298,256,87702,6456
81_0000,81_0000_299,256,87540,6892
81_0000,81_0000_300,256,87432,7556
81_0000,81_0000_301,256,87264,7604
81_0000,81_0000_302,256,86973,7664
81_0000,81_0000_303,256,86799,7580
81_0000,81_0000_304,256,86589,7836
81_0000,81_0000_305,256,86514,7820
81_0000,81_0000_306,256,86274,8572
81_0000,81_0000_307,256,86031,8304
81_0000,81_0000_308,256,85821,7688
81_0000,81_0000_309,256,85524,7244
81_0000,81_0000_310,256,85278,7124
81_0000,81_0000_311,256,84942,7308
81_0000,81_0000_312,256,84645,7608
81_0000,81_0000_313,256,84396,7888
81_0000,81_0000_314,256,84192,9204
81_0000,81_0000_315,256,83898,8764
81_0000,81_0000_316,256,83547,8040
81_0000,81_0000_317,256,83229,7476
81_0000,81_0000_318,256,82887,7468
81_0000,81_0000_319,256,82536,7072
81_0000,81_0000_320,256,82335,6904
81_0000,81_0000_321,256,82107,6892
81_0000,81_0000_322,256,81753,6292
81_0000,81_0000_323,256,81561,5860
81_0000,81_0000_324,256,81378,5488
81_0000,81_0000_325,256,81105,5428
81_0000,81_0000_326,256,80865,5752
81_0000,81_0000_327,256,80730,5352
81_0000,81_0000_328,256,80877,5136
81_0000,81_0000_329,256,80307,5304
81_0000,81_0000_330,256,80361,5876
81_0000,81_0000_331,256,80418,6128
81_0000,81_0000_332,256,80325,5880
81_0000,81_0000_333,256,80391,5564
81_0000,81_0000_334,256,80472,5676
81_0000,81_0000_335,256,80421,6168
81_0000,81_0000_336,256,80601,5528
81_0000,81_0000_337,256,80466,5480
81_0000,81_0000_338,256,80442,5980
81_0000,81_0000_339,256,80505,5892
81_0000,81_0000_340,256,80547,5792
81_0000,81_0000_341,256,80775,5068
81_0000,81_0000_342,256,80808,4964
81_0000,81_0000_343,256,80802,4892
81_0000,81_0000_344,256,80640,5036
81_0000,81_0000_345,256,80478,4608
81_0000,81_0000_346,256,80445,4188
81_0000,81_0000_347,256,80412,4624
81_0000,81_0000_348,256,80112,4844
81_0000,81_0000_349,256,79806,4912
81_0000,81_0000_350,256,79509,5088
81_0000,81_0000_351,256,79266,5588
81_0000,81_0000_352,256,78930,5196
81_0000,81_0000_353,256,78759,5112
81_0000,81_0000_354,256,78483,5080
81_0000,81_0000_355,256,78285,5376
81_0000,81_0000_356,256,77934,5392
81_0000,81_0000_357,256,77670,5332
81_0000,81_0000_358,256,77343,5188
81_0000,81_0000_359,256,77043,5244
81_0000,81_0000_360,256,76848,5348
81_0000,81_0000_361,256,76575,5392
81_0000,81_0000_362,256,76257,5108
81_0000,81_0000_363,256,75966,4804
81_0000,81_0000_364,256,75669,4784
81_0000,81_0000_365,256,75279,4604
81_0000,81_0000_366,256,75027,4172
81_0000,81_0000_367,256,74718,3880
81_0000,81_0000_368,256,74430,4084
81_0000,81_0000_369,256,73986,4344
81_0000,81_0000_370,256,73626,4284
81_0000,81_0000_371,256,73302,3948
81_0000,81_0000_372,256,72918,3776
81_0000,81_0000_373,256,72609,3900
81_0000,81_0000_374,256,72171,4100
81_0000,81_0000_375,256,71766,4188
81_0000,81_0000_376,256,71238,4028
81_0000,81_0000_377,256,70920,3880
81_0000,81_0000_378,256,70608,4072
81_0000,81_0000_379,256,70137,3636
81_0000,81_0000_380,256,69687,3436
81_0000,81_0000_381,256,69303,3588
81_0000,81_0000_382,256,68940,3420
81_0000,81_0000_383,256,68724,3168
81_0000,81_0000_384,256,68277,3088
81_0000,81_0000_385,256,67770,3220
81_0000,81_0000_386,256,67344,3328
81_0000,81_0000_387,256,67071,3292
81_0000,81_0000_388,256,66795,3112
81_0000,81_0000_389,256,66399,2844
81_0000,81_0000_390,256,65964,3032
81_0000,81_0000_391,256,65559,2816
81_0000,81_0000_392,256,65190,2900
81_0000,81_0000_393,256,64752,3036
81_0000,81_0000_394,256,64500,3232
81_0000,81_0000_395,256,64107,3396
81_0000,81_0000_396,256,63672,3252
81_0000,81_0000_397,256,63171,2976
81_0000,81_0000_398,256,62847,2736
81_0000,81_0000_399,256,62355,2944
81_0000,81_0000_400,256,61962,3264
81_0000,81_0000_401,256,61449,3576
81_0000,81_0000_402,256,61062,3732
81_0000,81_0000_403,256,60642,3348
81_0000,81_0000_404,256,60099,3176
81_0000,81_0000_405,256,59595,3384
81_0000,81_0000_406,256,59244,3492
81_0000,81_0000_407,256,58764,3636
81_0000,81_0000_408,256,58347,3656
81_0000,81_0000_409,256,57882,3404
81_0000,81_0000_410,256,57354,2892
81_0000,81_0000_411,256,56973,3148
81_0000,81_0000_412,256,56478,2908
81_0000,81_0000_413,256,56010,2720
81_0000,81_0000_414,256,55542,2508
81_0000,81_0000_415,256,55029,2356
81_0000,81_0000_416,256,54597,2564
81_0000,81_0000_417,256,54081,2336
81_0000,81_0000_418,256,53673,2152
81_0000,81_0000_419,256,53199,2248
81_0000,81_0000_420,256,52773,2832
81_0000,81_0000_421,256,52215,3440
81_0000,81_0000_422,256,51738,3384
81_0000,81_0000_423,256,51285,3384
81_0000,81_0000_424,256,50877,2964
81_0000,81_0000_425,256,50391,2868
81_0000,81_0000_426,256,49998,2920
81_0000,81_0000_427,256,49590,2756
81_0000,81_0000_428,256,49239,3000
81_0000,81_0000_429,256,48756,3104
81_0000,81_0000_430,256,48417,3176
81_0000,81_0000_431,256,48042,2708
81_0000,81_0000_432,256,47619,2884
81_0000,81_0000_433,256,47370,2216
81_0000,81_0000_434,256,47088,2512
81_0000,81_0000_435,256,46827,2792
81_0000,81_0000_436,256,46509,3224
81_0000,81_0000_437,256,45804,3592
81_0000,81_0000_438,256,45090,3092
81_0000,81_0000_439,256,44496,2800
81_0000,81_0000_440,256,43884,2636
81_0000,81_0000_441,256,43242,2356
81_0000,81_0000_442,256,42486,2224
81_0000,81_0000_443,256,42006,2412
81_0000,81_0000_444,256,41214,2276
81_0000,81_0000_445,256,40539,1860
81_0000,81_0000_446,256,39804,1456
81_0000,81_0000_447,256,39102,1524
81_0000,81_0000_448,256,38214,1328
81_0000,81_0000_449,256,37524,1564
81_0000,81_0000_450,256,36741,1512
81_0000,81_0000_451,256,35844,1136
81_0000,81_0000_452,256,35085,1560
81_0000,81_0000_453,256,34395,1592
81_0000,81_0000_454,256,33720,1752
81_0000,81_0000_455,256,32919,2000
81_0000,81_0000_456,256,32283,2248
81_0000,81_0000_457,256,31446,1972
81_0000,81_0000_458,256,30678,2148
81_0000,81_0000_459,256,29874,2188
81_0000,81_0000_460,256,29082,1948
81_0000,81_0000_461,256,28227,1660
81_0000,81_0000_462,256,27447,1772
81_0000,81_0000_463,256,26625,1768
81_0000,81_0000_464,256,25863,1788
81_0000,81_0000_465,256,25083,2120
81_0000,81_0000_466,256,24369,1724
81_0000,81_0000_467,256,23568,1732
81_0000,81_0000_468,256,22779,1784
81_0000,81_0000_469,256,21993,2180
81_0000,81_0000_470,256,21342,2408
81_0000,81_0000_471,256,20646,2772
81_0000,81_0000_472,256,20040,2528
81_0000,81_0000_473,256,19392,2268
81_0000,81_0000_474,256,18639,2276
81_0000,81_0000_475,256,18117,2224
81_0000,81_0000_476,256,17487,2296
81_0000,81_0000_477,256,16824,2088
81_0000,81_0000_478,256,16212,2052
81_0000,81_0000_479,256,15654,2088
81_0000,81_0000_480,256,15018,2108
81_0000,81_0000_481,256,14445,2172
81_0000,81_0000_482,256,13869,2056
81_0000,81_0000_483,256,13203,2020
81_0000,81_0000_484,256,12627,1972
81_0000,81_0000_485,256,12078,2028
81_0000,81_0000_486,256,11610,1836
81_0000,81_0000_487,256,11091,1720
81_0000,81_0000_488,256,10539,1908
81_0000,81_0000_489,256,10059,1888
81_0000,81_0000_490,256,9540,2140
81_0000,81_0000_491,256,9069,2028
81_0000,81_0000_492,256,8634,2068
81_0000,81_0000_493,256,8169,1892
81_0000,81_0000_494,256,7656,1896
81_0000,81_0000_495,256,7218,1896
81_0000,81_0000_496,256,6765,2084
81_0000,81_0000_497,256,6354,1932
81_0000,81_0000_498,256,6024,2172
81_0000,81_0000_499,256,5586,2028
81_0000,81_0000_500,256,5187,1732
81_0000,81_0000_501,256,4701,1676
81_0000,81_0000_502,256,4197,1520
81_0000,81_0000_503,256,3774,1192
81_0000,81_0000_504,256,3315,1028
81_0000,81_0000_505,256,2751,988
81_0000,81_0000_506,256,2364,864
81_0000,81_0000_507,256,1989,712
81_0000,81_0000_508,256,1710,636
81_0000,81_0000_509,256,1455,548
81_0000,81_0000_510,256,1221,448
81_0000,81_0000_511,256,1074,392
81_0000,81_0000_512,256,828,304
81_0000,81_0000_513,256,525,212
81_0000,81_0000_514,256,282,156
81_0000,81_0000_515,256,177,112
82_0000,82_0000_021,256,30,0
82_0000,82_0000_022,256,135,0
82_0000,82_0000_023,256,213,8
82_0000,82_0000_024,256,276,84
82_0000,82_0000_025,256,360,168
82_0000,82_0000_026,256,420,204
82_0000,82_0000_027,256,489,228
82_0000,82_0000_028,256,609,252
82_0000,82_0000_029,256,681,316
82_0000,82_0000_030,256,750,328
82_0000,82_0000_031,256,840,360
82_0000,82_0000_032,256,957,412
82_0000,82_0000_033,256,1062,476
82_0000,82_0000_034,256,1194,548
82_0000,82_0000_035,256,1287,552
82_0000,82_0000_036,256,1407,560
82_0000,82_0000_037,256,1485,564
82_0000,82_0000_038,256,1668,668
82_0000,82_0000_039,256,1821,768
82_0000,82_0000_040,256,2016,840
82_0000,82_0000_041,256,2202,872
82_0000,82_0000_042,256,2421,952
82_0000,82_0000_043,256,2667,1004
82_0000,82_0000_044,256,3027,1104
82_0000,82_0000_045,256,3309,1192
82_0000,82_0000_046,256,3624,1232
82_0000,82_0000_047,256,3921,1288
82_0000,82_0000_048,256,4383,1476
82_0000,82_0000_049,256,4818,1676
82_0000,82_0000_050,256,5121,1792
82_0000,82_0000_051,256,5451,1900
82_0000,82_0000_052,256,5868,1980
82_0000,82_0000_053,256,6333,2272
82_0000,82_0000_054,256,6603,2372
82_0000,82_0000_055,256,6984,2416
82_0000,82_0000_056,256,7359,2516
82_0000,82_0000_057,256,7680,2356
82_0000,82_0000_058,256,8079,2308
82_0000,82_0000_059,256,8619,2472
82_0000,82_0000_060,256,9072,2480
82_0000,82_0000_061,256,9477,2392
82_0000,82_0000_062,256,9984,2328
82_0000,82_0000_063,256,10509,2388
82_0000,82_0000_064,256,11001,2136
82_0000,82_0000_065,256,11454,1940
82_0000,82_0000_066,256,11976,1832
82_0000,82_0000_067,256,12531,1556
82_0000,82_0000_068,256,12897,1740
82_0000,82_0000_069,256,13392,2252
82_0000,82_0000_070,256,14259,2412
82_0000,82_0000_071,256,14766,2612
82_0000,82_0000_072,256,15435,2752
82_0000,82_0000_073,256,15975,3020
82_0000,82_0000_074,256,16647,2788
82_0000,82_0000_075,256,17238,2912
82_0000,82_0000_076,256,17856,2792
82_0000,82_0000_077,256,18528,2332
82_0000,82_0000_078,256,19185,2756
82_0000,82_0000_079,256,19950,2944
82_0000,82_0000_080,256,20640,2756
82_0000,82_0000_081,256,21345,2912
82_0000,82_0000_082,256,22098,3212
82_0000,82_0000_083,256,22899,2996
82_0000,82_0000_084,256,23697,2720
82_0000,82_0000_085,256,24642,2516
82_0000,82_0000_086,256,25452,2516
82_0000,82_0000_087,256,26448,2320
82_0000,82_0000_088,256,27501,2472
82_0000,82_0000_089,256,28578,2608
82_0000,82_0000_090,256,29859,2512
82_0000,82_0000_091,256,30954,2116
82_0000,82_0000_092,256,31968,2240
82_0000,82_0000_093,256,33096,2612
82_0000,82_0000_094,256,34428,3288
82_0000,82_0000_095,256,35529,3588
82_0000,82_0000_096,256,36834,4136
82_0000,82_0000_097,256,37920,3504
82_0000,82_0000_098,256,39087,3312
82_0000,82_0000_099,256,40524,3256
82_0000,82_0000_100,256,41868,3028
82_0000,82_0000_101,256,42735,3388
82_0000,82_0000_102,256,43956,3864
82_0000,82_0000_103,256,45465,3608
82_0000,82_0000_104,256,46989,2948
82_0000,82_0000_105,256,48957,3192
82_0000,82_0000_106,256,51048,3704
82_0000,82_0000_107,256,52950,3216
82_0000,82_0000_108,256,54768,2772
82_0000,82_0000_109,256,56586,2448
82_0000,82_0000_110,256,58758,2680
82_0000,82_0000_111,256,61026,2616
82_0000,82_0000_112,256,63180,3360
82_0000,82_0000_113,256,65352,3248
82_0000,82_0000_114,256,67470,2820
82_0000,82_0000_115,256,69684,2708
82_0000,82_0000_116,256,71442,2848
82_0000,82_0000_117,256,73692,2112
82_0000,82_0000_118,256,76119,1712
82_0000,82_0000_119,256,78516,1364
82_0000,82_0000_120,256,81180,1672
82_0000,82_0000_121,256,83973,1564
82_0000,82_0000_122,256,86262,1264
82_0000,82_0000_123,256,88899,1848
82_0000,82_0000_124,256,91521,1880
82_0000,82_0000_125,256,94113,1816
82_0000,82_0000_126,256,97218,1452
82_0000,82_0000_127,256,99990,1432
82_0000,82_0000_128,256,101916,1428
82_0000,82_0000_129,256,103797,408
82_0000,82_0000_130,256,106146,0
82_0000,82_0000_131,256,107256,84
82_0000,82_0000_132,256,107811,32
82_0000,82_0000_133,256,108051,380
82_0000,82_0000_134,256,108354,600
82_0000,82_0000_135,256,108873,364
82_0000,82_0000_136,256,109554,540
82_0000,82_0000_137,256,109509,860
82_0000,82_0000_138,256,109260,632
82_0000,82_0000_139,256,109068,592
82_0000,82_0000_140,256,108840,312
82_0000,82_0000_141,256,108570,192
82_0000,82_0000_142,256,108336,184
82_0000,82_0000_143,256,108195,184
82_0000,82_0000_144,256,108123,212
82_0000,82_0000_145,256,108000,88
82_0000,82_0000_146,256,107667,56
82_0000,82_0000_147,256,107577,108
82_0000,82_0000_148,256,107562,208
82_0000,82_0000_149,256,107184,260
82_0000,82_0000_150,256,107229,308
82_0000,82_0000_151,256,106971,508
82_0000,82_0000_152,256,106668,576
82_0000,82_0000_153,256,106218,860
82_0000,82_0000_154,256,105828,812
82_0000,82_0000_155,256,105504,788
82_0000,82_0000_156,256,105798,792
82_0000,82_0000_157,256,105666,672
82_0000,82_0000_158,256,105399,340
82_0000,82_0000_159,256,105591,404
82_0000,82_0000_160,256,105594,516
82_0000,82_0000_161,256,105372,688
82_0000,82_0000_162,256,105411,1040
82_0000,82_0000_163,256,105381,964
82_0000,82_0000_164,256,105102,864
82_0000,82_0000_165,256,105135,1000
82_0000,82_0000_166,256,105246,1016
82_0000,82_0000_167,256,105135,940
82_0000,82_0000_168,256,105234,628
82_0000,82_0000_169,256,105360,224
82_0000,82_0000_170,256,105222,8
82_0000,82_0000_171,256,105288,192
82_0000,82_0000_172,256,105165,468
82_0000,82_0000_173,256,105054,740
82_0000,82_0000_174,256,105270,688
82_0000,82_0000_175,256,105450,696
82_0000,82_0000_176,256,105504,672
82_0000,82_0000_177,256,105462,684
82_0000,82_0000_178,256,105336,808
82_0000,82_0000_179,256,105171,912
82_0000,82_0000_180,256,105204,1068
82_0000,82_0000_181,256,105120,732
82_0000,82_0000_182,256,104964,632
82_0000,82_0000_183,256,105120,808
82_0000,82_0000_184,256,104895,796
82_0000,82_0000_185,256,104529,912
82_0000,82_0000_186,256,104352,860
82_0000,82_0000_187,256,104409,892
82_0000,82_0000_188,256,104439,1364
82_0000,82_0000_189,256,102693,1728
82_0000,82_0000_190,256,102867,1628
82_0000,82_0000_191,256,102834,1696
82_0000,82_0000_192,256,102696,2512
82_0000,82_0000_193,256,102531,1784
82_0000,82_0000_194,256,102384,1416
82_0000,82_0000_195,256,101967,1152
82_0000,82_0000_196,256,102036,1304
82_0000,82_0000_197,256,101760,1592
82_0000,82_0000_198,256,101370,1192
82_0000,82_0000_199,256,100899,924
82_0000,82_0000_200,256,100521,1048
82_0000,82_0000_201,256,100371,1660
82_0000,82_0000_202,256,100068,2700
82_0000,82_0000_203,256,99888,2960
82_0000,82_0000_204,256,99783,2912
82_0000,82_0000_205,256,99354,2800
82_0000,82_0000_206,256,99348,2712
82_0000,82_0000_207,256,99783,2604
82_0000,82_0000_208,256,99666,2804
82_0000,82_0000_209,256,99816,2168
82_0000,82_0000_210,256,100353,2144
82_0000,82_0000_211,256,100761,2356
82_0000,82_0000_212,256,100563,1696
82_0000,82_0000_213,256,100575,2152
82_0000,82_0000_214,256,100671,2248
82_0000,82_0000_215,256,100650,2480
82_0000,82_0000_216,256,100830,2536
82_0000,82_0000_217,256,100782,2868
82_0000,82_0000_218,256,100413,2936
82_0000,82_0000_219,256,100254,2692
82_0000,82_0000_220,256,100080,2244
82_0000,82_0000_221,256,99804,1996
82_0000,82_0000_222,256,99954,2336
82_0000,82_0000_223,256,99720,2456
82_0000,82_0000_224,256,99402,2284
82_0000,82_0000_225,256,99129,2436
82_0000,82_0000_226,256,98922,2788
82_0000,82_0000_227,256,98634,2740
82_0000,82_0000_228,256,98367,2656
82_0000,82_0000_229,256,98016,1632
82_0000,82_0000_230,256,97104,1684
82_0000,82_0000_231,256,96765,1672
82_0000,82_0000_232,256,96489,1416
82_0000,82_0000_233,256,96351,1300
82_0000,82_0000_234,256,96600,1568
82_0000,82_0000_235,256,96726,1568
82_0000,82_0000_236,256,96378,1312
82_0000,82_0000_237,256,96549,1220
82_0000,82_0000_238,256,96438,1260
82_0000,82_0000_239,256,96114,1204
82_0000,82_0000_240,256,95997,1044
82_0000,82_0000_241,256,95835,836
82_0000,82_0000_242,256,95445,896
82_0000,82_0000_243,256,95109,780
82_0000,82_0000_244,256,95085,872
82_0000,82_0000_245,256,94776,1260
82_0000,82_0000_246,256,94548,1024
82_0000,82_0000_247,256,94611,1116
82_0000,82_0000_248,256,94488,828
82_0000,82_0000_249,256,94317,816
82_0000,82_0000_250,256,94260,780
82_0000,82_0000_251,256,93912,732
82_0000,82_0000_252,256,93822,572
82_0000,82_0000_253,256,93471,688
82_0000,82_0000_254,256,93033,500
82_0000,82_0000_255,256,92835,412
82_0000,82_0000_256,256,92496,364
82_0000,82_0000_257,256,91839,404
82_0000,82_0000_258,256,91404,432
82_0000,82_0000_259,256,91023,704
82_0000,82_0000_260,256,90420,756
82_0000,82_0000_261,256,90246,660
82_0000,82_0000_262,256,89646,888
82_0000,82_0000_263,256,89100,936
82_0000,82_0000_264,256,88650,960
82_0000,82_0000_265,256,88074,1144
82_0000,82_0000_266,256,87420,864
82_0000,82_0000_267,256,86853,732
82_0000,82_0000_268,256,86367,1108
82_0000,82_0000_269,256,85740,1596
82_0000,82_0000_270,256,85107,1628
82_0000,82_0000_271,256,84585,1532
82_0000,82_0000_272,256,83595,1216
82_0000,82_0000_273,256,82971,1276
82_0000,82_0000_274,256,82362,1256
82_0000,82_0000_275,256,81714,1284
82_0000,82_0000_276,256,81126,1220
82_0000,82_0000_277,256,80520,1160
82_0000,82_0000_278,256,79842,1648
82_0000,82_0000_279,256,79218,2076
82_0000,82_0000_280,256,78333,1916
82_0000,82_0000_281,256,77685,1640
82_0000,82_0000_282,256,77067,1412
82_0000,82_0000_283,256,76413,1132
82_0000,82_0000_284,256,75588,1284
82_0000,82_0000_285,256,74778,1472
82_0000,82_0000_286,256,74031,1596
82_0000,82_0000_287,256,73227,1944
82_0000,82_0000_288,256,72648,1864
82_0000,82_0000_289,256,71832,2156
82_0000,82_0000_290,256,70974,2132
82_0000,82_0000_291,256,70146,1968
82_0000,82_0000_292,256,69249,2240
82_0000,82_0000_293,256,68292,2332
82_0000,82_0000_294,256,67440,2832
82_0000,82_0000_295,256,66363,2744
82_0000,82_0000_296,256,65094,2372
82_0000,82_0000_297,256,64242,2232
82_0000,82_0000_298,256,63204,1672
82_0000,82_0000_299,256,62040,1540
82_0000,82_0000_300,256,61050,1308
82_0000,82_0000_301,256,59958,988
82_0000,82_0000_302,256,58851,1276
82_0000,82_0000_303,256,57954,1332
82_0000,82_0000_304,256,56862,1628
82_0000,82_0000_305,256,55848,1472
82_0000,82_0000_306,256,55002,1160
82_0000,82_0000_307,256,53886,1308
82_0000,82_0000_308,256,52593,1320
82_0000,82_0000_309,256,51663,1296
82_0000,82_0000_310,256,50676,1368
82_0000,82_0000_311,256,49587,1100
82_0000,82_0000_312,256,48594,1428
82_0000,82_0000_313,256,47712,1620
82_0000,82_0000_314,256,46629,1732
82_0000,82_0000_315,256,45690,1420
82_0000,82_0000_316,256,44715,1752
82_0000,82_0000_317,256,43437,1484
82_0000,82_0000_318,256,42537,1796
82_0000,82_0000_319,256,41538,1640
82_0000,82_0000_320,256,40446,1888
82_0000,82_0000_321,256,39369,1944
82_0000,82_0000_322,256,38145,1852
82_0000,82_0000_323,256,36921,1908
82_0000,82_0000_324,256,35700,1952
82_0000,82_0000_325,256,34506,1932
82_0000,82_0000_326,256,33273,1880
82_0000,82_0000_327,256,31920,1784
82_0000,82_0000_328,256,30549,1472
82_0000,82_0000_329,256,29220,1216
82_0000,82_0000_330,256,27714,1456
82_0000,82_0000_331,256,26394,1628
82_0000,82_0000_332,256,25137,1764
82_0000,82_0000_333,256,24048,1728
82_0000,82_0000_334,256,22713,1436
82_0000,82_0000_335,256,21222,1496
82_0000,82_0000_336,256,19959,1836
82_0000,82_0000_337,256,18693,1840
82_0000,82_0000_338,256,17454,1620
82_0000,82_0000_339,256,16245,1560
82_0000,82_0000_340,256,15009,1688
82_0000,82_0000_341,256,13749,1816
82_0000,82_0000_342,256,12489,1612
82_0000,82_0000_343,256,11223,1524
82_0000,82_0000_344,256,9531,1528
82_0000,82_0000_345,256,7974,1408
82_0000,82_0000_346,256,6249,1160
82_0000,82_0000_347,256,5256,1184
82_0000,82_0000_348,256,4365,1160
82_0000,82_0000_349,256,3336,944
82_0000,82_0000_350,256,2514,996
82_0000,82_0000_351,256,2016,796
82_0000,82_0000_352,256,1482,668
82_0000,82_0000_353,256,924,420
134_0000,134_0000_017,256,15,0
134_0000,134_0000_018,256,30,0
134_0000,134_0000_019,256,42,0
134_0000,134_0000_020,256,96,0
134_0000,134_0000_021,256,165,0
134_0000,134_0000_022,256,219,4
134_0000,134_0000_023,256,297,16
134_0000,134_0000_024,256,339,32
134_0000,134_0000_025,256,327,100
134_0000,134_0000_026,256,231,0
134_0000,134_0000_027,256,309,124
134_0000,134_0000_028,256,402,188
134_0000,134_0000_029,256,471,192
134_0000,134_0000_030,256,546,216
134_0000,134_0000_031,256,663,268
134_0000,134_0000_032,256,666,264
134_0000,134_0000_033,256,711,224
134_0000,134_0000_034,256,924,300
134_0000,134_0000_035,256,1143,328
134_0000,134_0000_036,256,1341,352
134_0000,134_0000_037,256,1350,392
134_0000,134_0000_038,256,1473,440
134_0000,134_0000_039,256,1761,500
134_0000,134_0000_040,256,1926,576
134_0000,134_0000_041,256,2043,264
134_0000,134_0000_042,256,2256,320
134_0000,134_0000_043,256,2403,348
134_0000,134_0000_044,256,3033,392
134_0000,134_0000_045,256,3486,616
134_0000,134_0000_046,256,4020,424
134_0000,134_0000_047,256,4278,380
134_0000,134_0000_048,256,4590,432
134_0000,134_0000_049,256,4926,532
134_0000,134_0000_050,256,5133,596
134_0000,134_0000_051,256,5754,728
134_0000,134_0000_052,256,6060,1296
134_0000,134_0000_053,256,6474,1476
134_0000,134_0000_054,256,7005,1660
134_0000,134_0000_055,256,7665,2224
134_0000,134_0000_056,256,8292,2464
134_0000,134_0000_057,256,8820,2060
134_0000,134_0000_058,256,9375,1732
134_0000,134_0000_059,256,9990,2244
134_0000,134_0000_060,256,10764,2224
134_0000,134_0000_061,256,11439,2536
134_0000,134_0000_062,256,12123,2544
134_0000,134_0000_063,256,12762,2528
134_0000,134_0000_064,256,13398,2056
134_0000,134_0000_065,256,14181,2516
134_0000,134_0000_066,256,14916,3096
134_0000,134_0000_067,256,15558,3240
134_0000,134_0000_068,256,16536,3244
134_0000,134_0000_069,256,17625,3064
134_0000,134_0000_070,256,18204,3248
134_0000,134_0000_071,256,18588,3240
134_0000,134_0000_072,256,19125,3236
134_0000,134_0000_073,256,19863,3304
134_0000,134_0000_074,256,20622,3760
134_0000,134_0000_075,256,21756,4272
134_0000,134_0000_076,256,22755,4616
134_0000,134_0000_077,256,23880,5160
134_0000,134_0000_078,256,25212,4956
134_0000,134_0000_079,256,26118,5052
134_0000,134_0000_080,256,27366,5444
134_0000,134_0000_081,256,28506,5468
134_0000,134_0000_082,256,29649,6408
134_0000,134_0000_083,256,30918,6828
134_0000,134_0000_084,256,32205,6964
134_0000,134_0000_085,256,33336,6612
134_0000,134_0000_086,256,34557,6872
134_0000,134_0000_087,256,35844,6680
134_0000,134_0000_088,256,37098,6136
134_0000,134_0000_089,256,38400,5880
134_0000,134_0000_090,256,39966,5972
134_0000,134_0000_091,256,41397,6884
134_0000,134_0000_092,256,42882,6132
134_0000,134_0000_093,256,44325,6000
134_0000,134_0000_094,256,45582,6396
134_0000,134_0000_095,256,47289,7316
134_0000,134_0000_096,256,48888,7584
134_0000,134_0000_097,256,50199,7564
134_0000,134_0000_098,256,51660,8468
134_0000,134_0000_099,256,52872,9076
134_0000,134_0000_100,256,54048,8836
134_0000,134_0000_101,256,55191,7820
134_0000,134_0000_102,256,56613,7700
134_0000,134_0000_103,256,57393,7916
134_0000,134_0000_104,256,58680,7780
134_0000,134_0000_105,256,59721,7188
134_0000,134_0000_106,256,60843,6792
134_0000,134_0000_107,256,62757,7684
134_0000,134_0000_108,256,64401,7624
134_0000,134_0000_109,256,65871,5472
134_0000,134_0000_110,256,67278,4476
134_0000,134_0000_111,256,68658,4880
134_0000,134_0000_112,256,69825,5172
134_0000,134_0000_113,256,71613,5184
134_0000,134_0000_114,256,72993,4364
134_0000,134_0000_115,256,74226,5044
134_0000,134_0000_116,256,75678,5320
134_0000,134_0000_117,256,76824,4760
134_0000,134_0000_118,256,77985,5308
134_0000,134_0000_119,256,78906,5004
134_0000,134_0000_120,256,80175,4504
134_0000,134_0000_121,256,81423,4536
134_0000,134_0000_122,256,83331,4192
134_0000,134_0000_123,256,86097,4692
134_0000,134_0000_124,256,87897,4780
134_0000,134_0000_125,256,87897,4416
134_0000,134_0000_126,256,87957,4332
134_0000,134_0000_127,256,87810,4704
134_0000,134_0000_128,256,88014,5096
134_0000,134_0000_129,256,88044,5064
134_0000,134_0000_130,256,87834,4992
134_0000,134_0000_131,256,87909,5140
134_0000,134_0000_132,256,87810,5600
134_0000,134_0000_133,256,87690,5184
134_0000,134_0000_134,256,87369,5024
134_0000,134_0000_135,256,86280,5316
134_0000,134_0000_136,256,85650,5924
134_0000,134_0000_137,256,84885,6248
134_0000,134_0000_138,256,83988,5636
134_0000,134_0000_139,256,84021,5576
134_0000,134_0000_140,256,84552,5956
134_0000,134_0000_141,256,84810,6832
134_0000,134_0000_142,256,85065,6804
134_0000,134_0000_143,256,85692,6212
134_0000,134_0000_144,256,86124,6180
134_0000,134_0000_145,256,86769,6504
134_0000,134_0000_146,256,87150,6396
134_0000,134_0000_147,256,87285,5768
134_0000,134_0000_148,256,87501,5648
134_0000,134_0000_149,256,87687,5540
134_0000,134_0000_150,256,87924,4888
134_0000,134_0000_151,256,88005,5640
134_0000,134_0000_152,256,88107,5556
134_0000,134_0000_153,256,88680,5684
134_0000,134_0000_154,256,89049,5652
134_0000,134_0000_155,256,89481,5868
134_0000,134_0000_156,256,89619,6328
134_0000,134_0000_157,256,89358,6600
134_0000,134_0000_158,256,89511,6820
134_0000,134_0000_159,256,89541,6920
134_0000,134_0000_160,256,89370,7116
134_0000,134_0000_161,256,89340,7308
134_0000,134_0000_162,256,89265,7296
134_0000,134_0000_163,256,89460,6964
134_0000,134_0000_164,256,89874,5500
134_0000,134_0000_165,256,90102,5844
134_0000,134_0000_166,256,89994,6056
134_0000,134_0000_167,256,89955,6244
134_0000,134_0000_168,256,89838,6120
134_0000,134_0000_169,256,89766,5544
134_0000,134_0000_170,256,90498,5032
134_0000,134_0000_171,256,90972,4852
134_0000,134_0000_172,256,90909,4800
134_0000,134_0000_173,256,91353,3924
134_0000,134_0000_174,256,91470,3676
134_0000,134_0000_175,256,91362,4056
134_0000,134_0000_176,256,91326,4232
134_0000,134_0000_177,256,90996,4944
134_0000,134_0000_178,256,90561,5440
134_0000,134_0000_179,256,90606,5496
134_0000,134_0000_180,256,91014,5320
134_0000,134_0000_181,256,91302,4948
134_0000,134_0000_182,256,91716,4628
134_0000,134_0000_183,256,91971,4704
134_0000,134_0000_184,256,91902,5084
134_0000,134_0000_185,256,92043,4876
134_0000,134_0000_186,256,91983,4168
134_0000,134_0000_187,256,91749,3828
134_0000,134_0000_188,256,91866,3744
134_0000,134_0000_189,256,91833,3852
134_0000,134_0000_190,256,91716,2968
134_0000,134_0000_191,256,91581,3264
134_0000,134_0000_192,256,91338,3532
134_0000,134_0000_193,256,90774,3432
134_0000,134_0000_194,256,90696,3172
134_0000,134_0000_195,256,90804,2804
134_0000,134_0000_196,256,90579,2604
134_0000,134_0000_197,256,90693,2956
134_0000,134_0000_198,256,90753,3304
134_0000,134_0000_199,256,90672,3428
134_0000,134_0000_200,256,90510,3144
134_0000,134_0000_201,256,90246,2748
134_0000,134_0000_202,256,90057,2324
134_0000,134_0000_203,256,89826,2448
134_0000,134_0000_204,256,89523,2740
134_0000,134_0000_205,256,89370,2720
134_0000,134_0000_206,256,89439,2652
134_0000,134_0000_207,256,89493,2808
134_0000,134_0000_208,256,89211,2812
134_0000,134_0000_209,256,89424,2720
134_0000,134_0000_210,256,89529,2840
134_0000,134_0000_211,256,89520,2748
134_0000,134_0000_212,256,89790,2696
134_0000,134_0000_213,256,89745,2408
134_0000,134_0000_214,256,89571,2936
134_0000,134_0000_215,256,89538,2716
134_0000,134_0000_216,256,89529,2168
134_0000,134_0000_217,256,89439,2356
134_0000,134_0000_218,256,89727,2680
134_0000,134_0000_219,256,89637,3388
134_0000,134_0000_220,256,89619,3500
134_0000,134_0000_221,256,89496,2952
134_0000,134_0000_222,256,89502,2944
134_0000,134_0000_223,256,89544,3060
134_0000,134_0000_224,256,89406,2876
134_0000,134_0000_225,256,89223,2728
134_0000,134_0000_226,256,88953,2808
134_0000,134_0000_227,256,88818,2640
134_0000,134_0000_228,256,88443,2628
134_0000,134_0000_229,256,87939,2512
134_0000,134_0000_230,256,87762,2244
134_0000,134_0000_231,256,87477,3224
134_0000,134_0000_232,256,87231,3456
134_0000,134_0000_233,256,87093,3336
134_0000,134_0000_234,256,86685,3436
134_0000,134_0000_235,256,86442,3200
134_0000,134_0000_236,256,85989,2720
134_0000,134_0000_237,256,85443,2628
134_0000,134_0000_238,256,84915,2072
134_0000,134_0000_239,256,84639,1948
134_0000,134_0000_240,256,84273,1912
134_0000,134_0000_241,256,83583,2036
134_0000,134_0000_242,256,83013,2248
134_0000,134_0000_243,256,82332,2548
134_0000,134_0000_244,256,81882,2812
134_0000,134_0000_245,256,81210,2804
134_0000,134_0000_246,256,80661,2996
134_0000,134_0000_247,256,80007,2948
134_0000,134_0000_248,256,79635,2528
134_0000,134_0000_249,256,79197,2988
134_0000,134_0000_250,256,78330,2976
134_0000,134_0000_251,256,77793,2456
134_0000,134_0000_252,256,77172,2876
134_0000,134_0000_253,256,76536,3444
134_0000,134_0000_254,256,76191,3388
134_0000,134_0000_255,256,75600,3432
134_0000,134_0000_256,256,74745,3072
134_0000,134_0000_257,256,74427,2472
134_0000,134_0000_258,256,73812,2476
134_0000,134_0000_259,256,73068,2700
134_0000,134_0000_260,256,72441,2864
134_0000,134_0000_261,256,71712,2500
134_0000,134_0000_262,256,71082,2276
134_0000,134_0000_263,256,70599,2488
134_0000,134_0000_264,256,69975,2800
134_0000,134_0000_265,256,69147,2512
134_0000,134_0000_266,256,68451,2740
134_0000,134_0000_267,256,67425,2924
134_0000,134_0000_268,256,66672,3000
134_0000,134_0000_269,256,66120,2760
134_0000,134_0000_270,256,65370,2344
134_0000,134_0000_271,256,64632,2272
134_0000,134_0000_272,256,63771,2212
134_0000,134_0000_273,256,63054,2652
134_0000,134_0000_274,256,62328,3280
134_0000,134_0000_275,256,61521,3408
134_0000,134_0000_276,256,61155,3312
134_0000,134_0000_277,256,60360,3040
134_0000,134_0000_278,256,59604,2988
134_0000,134_0000_279,256,58563,2920
134_0000,134_0000_280,256,57711,3208
134_0000,134_0000_281,256,56769,3440
134_0000,134_0000_282,256,55887,3720
134_0000,134_0000_283,256,54876,3460
134_0000,134_0000_284,256,53946,3636
134_0000,134_0000_285,256,53001,3264
134_0000,134_0000_286,256,51861,2888
134_0000,134_0000_287,256,50682,2588
134_0000,134_0000_288,256,49494,2576
134_0000,134_0000_289,256,48315,2684
134_0000,134_0000_290,256,47307,2560
134_0000,134_0000_291,256,46023,2980
134_0000,134_0000_292,256,44808,3172
134_0000,134_0000_293,256,44037,3216
134_0000,134_0000_294,256,43035,3176
134_0000,134_0000_295,256,41931,3552
134_0000,134_0000_296,256,40962,3680
134_0000,134_0000_297,256,39963,3492
134_0000,134_0000_298,256,38895,3444
134_0000,134_0000_299,256,37839,3548
134_0000,134_0000_300,256,36669,3088
134_0000,134_0000_301,256,35652,3032
134_0000,134_0000_302,256,34638,3124
134_0000,134_0000_303,256,33612,3084
134_0000,134_0000_304,256,32592,3072
134_0000,134_0000_305,256,31695,3264
134_0000,134_0000_306,256,30720,3060
134_0000,134_0000_307,256,29712,2960
134_0000,134_0000_308,256,28818,2984
134_0000,134_0000_309,256,27747,2988
134_0000,134_0000_310,256,26745,2872
134_0000,134_0000_311,256,25707,2852
134_0000,134_0000_312,256,24741,2764
134_0000,134_0000_313,256,23742,2624
134_0000,134_0000_314,256,22824,2492
134_0000,134_0000_315,256,21774,2328
134_0000,134_0000_316,256,20772,2452
134_0000,134_0000_317,256,19827,2256
134_0000,134_0000_318,256,18831,2096
134_0000,134_0000_319,256,17796,2212
134_0000,134_0000_320,256,16815,2084
134_0000,134_0000_321,256,15807,1684
134_0000,134_0000_322,256,14595,1840
134_0000,134_0000_323,256,13560,2008
134_0000,134_0000_324,256,12675,1716
134_0000,134_0000_325,256,11802,1492
134_0000,134_0000_326,256,10911,1656
134_0000,134_0000_327,256,9960,2028
134_0000,134_0000_328,256,9147,2064
134_0000,134_0000_329,256,8322,1860
134_0000,134_0000_330,256,7530,1600
134_0000,134_0000_331,256,6789,1392
134_0000,134_0000_332,256,5976,1328
134_0000,134_0000_333,256,5070,1320
134_0000,134_0000_334,256,4200,1536
134_0000,134_0000_335,256,3468,1320
134_0000,134_0000_336,256,2853,1128
134_0000,134_0000_337,256,2268,932
134_0000,134_0000_338,256,1902,784
134_0000,134_0000_339,256,1554,672
134_0000,134_0000_340,256,1059,504
135_0000,135_0000_014,256,6,0
135_0000,135_0000_015,256,15,0
135_0000,135_0000_016,256,45,0
135_0000,135_0000_017,256,96,0
135_0000,135_0000_018,256,135,0
135_0000,135_0000_019,256,168,56
135_0000,135_0000_020,256,219,92
135_0000,135_0000_021,256,258,80
135_0000,135_0000_022,256,297,88
135_0000,135_0000_023,256,327,160
135_0000,135_0000_024,256,408,188
135_0000,135_0000_025,256,564,236
135_0000,135_0000_026,256,753,324
135_0000,135_0000_027,256,978,416
135_0000,135_0000_028,256,1152,516
135_0000,135_0000_029,256,1269,536
135_0000,135_0000_030,256,1407,592
135_0000,135_0000_031,256,1467,576
135_0000,135_0000_032,256,1530,584
135_0000,135_0000_033,256,1602,640
135_0000,135_0000_034,256,1686,664
135_0000,135_0000_035,256,1767,664
135_0000,135_0000_036,256,1812,688
135_0000,135_0000_037,256,1983,712
135_0000,135_0000_038,256,2151,740
135_0000,135_0000_039,256,2373,900
135_0000,135_0000_040,256,2565,972
135_0000,135_0000_041,256,2739,1036
135_0000,135_0000_042,256,2898,1128
135_0000,135_0000_043,256,3069,1156
135_0000,135_0000_044,256,3246,1220
135_0000,135_0000_045,256,3342,1212
135_0000,135_0000_046,256,3486,1216
135_0000,135_0000_047,256,3564,1224
135_0000,135_0000_048,256,3738,1276
135_0000,135_0000_049,256,3819,1392
135_0000,135_0000_050,256,4020,1548
135_0000,135_0000_051,256,4209,1632
135_0000,135_0000_052,256,4473,1644
135_0000,135_0000_053,256,4683,1644
135_0000,135_0000_054,256,5007,1756
135_0000,135_0000_055,256,5217,1768
135_0000,135_0000_056,256,5541,1920
135_0000,135_0000_057,256,5901,2168
135_0000,135_0000_058,256,6195,2280
135_0000,135_0000_059,256,6459,2384
135_0000,135_0000_060,256,6663,2216
135_0000,135_0000_061,256,7155,2240
135_0000,135_0000_062,256,7620,2440
135_0000,135_0000_063,256,8058,2868
135_0000,135_0000_064,256,8496,2836
135_0000,135_0000_065,256,8892,2912
135_0000,135_0000_066,256,9390,3100
135_0000,135_0000_067,256,9930,2992
135_0000,135_0000_068,256,10257,2980
135_0000,135_0000_069,256,10743,3492
135_0000,135_0000_070,256,11370,3208
135_0000,135_0000_071,256,12006,3404
135_0000,135_0000_072,256,12453,3756
135_0000,135_0000_073,256,13068,4056
135_0000,135_0000_074,256,13836,4360
135_0000,135_0000_075,256,14238,3800
135_0000,135_0000_076,256,14631,3768
135_0000,135_0000_077,256,15429,3472
135_0000,135_0000_078,256,16011,3496
135_0000,135_0000_079,256,16578,3712
135_0000,135_0000_080,256,17166,3564
135_0000,135_0000_081,256,17766,3372
135_0000,135_0000_082,256,18594,3428
135_0000,135_0000_083,256,19650,4304
135_0000,135_0000_084,256,20250,4892
135_0000,135_0000_085,256,20469,4352
135_0000,135_0000_086,256,21621,4860
135_0000,135_0000_087,256,22410,5248
135_0000,135_0000_088,256,23361,5912
135_0000,135_0000_089,256,23880,5648
135_0000,135_0000_090,256,24543,5120
135_0000,135_0000_091,256,25281,5780
135_0000,135_0000_092,256,26211,6372
135_0000,135_0000_093,256,26883,6636
135_0000,135_0000_094,256,27522,6740
135_0000,135_0000_095,256,28350,6948
135_0000,135_0000_096,256,29163,7360
135_0000,135_0000_097,256,29871,7900
135_0000,135_0000_098,256,30813,7416
135_0000,135_0000_099,256,31752,6836
135_0000,135_0000_100,256,32709,7056
135_0000,135_0000_101,256,33477,6552
135_0000,135_0000_102,256,34524,6648
135_0000,135_0000_103,256,35580,6456
135_0000,135_0000_104,256,36705,6604
135_0000,135_0000_105,256,37752,7712
135_0000,135_0000_106,256,38793,8860
135_0000,135_0000_107,256,39651,9096
135_0000,135_0000_108,256,40380,9812
135_0000,135_0000_109,256,41457,10680
135_0000,135_0000_110,256,42444,10816
135_0000,135_0000_111,256,43233,10876
135_0000,135_0000_112,256,44250,11040
135_0000,135_0000_113,256,45255,10740
135_0000,135_0000_114,256,46413,10652
135_0000,135_0000_115,256,47997,10536
135_0000,135_0000_116,256,49479,10452
135_0000,135_0000_117,256,51282,10328
135_0000,135_0000_118,256,53265,11376
135_0000,135_0000_119,256,55239,12236
135_0000,135_0000_120,256,57006,12600
135_0000,135_0000_121,256,58932,11852
135_0000,135_0000_122,256,60357,11040
135_0000,135_0000_123,256,61326,11628
135_0000,135_0000_124,256,62343,12160
135_0000,135_0000_125,256,63408,11228
135_0000,135_0000_126,256,65454,9740
135_0000,135_0000_127,256,66708,9168
135_0000,135_0000_128,256,67911,8472
135_0000,135_0000_129,256,68898,8648
135_0000,135_0000_130,256,70026,9404
135_0000,135_0000_131,256,70017,11168
135_0000,135_0000_132,256,70038,10776
135_0000,135_0000_133,256,70203,9248
135_0000,135_0000_134,256,70362,8388
135_0000,135_0000_135,256,70326,9164
135_0000,135_0000_136,256,70461,9600
135_0000,135_0000_137,256,70554,8772
135_0000,135_0000_138,256,70740,8012
135_0000,135_0000_139,256,70557,6772
135_0000,135_0000_140,256,70536,7128
135_0000,135_0000_141,256,70392,7660
135_0000,135_0000_142,256,70416,7492
135_0000,135_0000_143,256,70686,7340
135_0000,135_0000_144,256,70992,6784
135_0000,135_0000_145,256,71238,7212
135_0000,135_0000_146,256,71097,7816
135_0000,135_0000_147,256,70881,8084
135_0000,135_0000_148,256,70827,8480
135_0000,135_0000_149,256,70734,7908
135_0000,135_0000_150,256,70422,7668
135_0000,135_0000_151,256,70221,7676
135_0000,135_0000_152,256,70320,7216
135_0000,135_0000_153,256,70197,7340
135_0000,135_0000_154,256,70149,7908
135_0000,135_0000_155,256,70068,7004
135_0000,135_0000_156,256,69762,6732
135_0000,135_0000_157,256,69852,7220
135_0000,135_0000_158,256,69957,7832
135_0000,135_0000_159,256,69894,8524
135_0000,135_0000_160,256,69951,7660
135_0000,135_0000_161,256,69867,6800
135_0000,135_0000_162,256,69924,6140
135_0000,135_0000_163,256,69789,6084
135_0000,135_0000_164,256,69486,6028
135_0000,135_0000_165,256,69177,6184
135_0000,135_0000_166,256,69384,5384
135_0000,135_0000_167,256,69525,4856
135_0000,135_0000_168,256,68931,4720
135_0000,135_0000_169,256,68595,5684
135_0000,135_0000_170,256,68196,6104
135_0000,135_0000_171,256,68085,5560
135_0000,135_0000_172,256,67665,4208
135_0000,135_0000_173,256,67416,4056
135_0000,135_0000_174,256,67395,4420
135_0000,135_0000_175,256,67290,4264
135_0000,135_0000_176,256,67479,4368
135_0000,135_0000_177,256,67437,4224
135_0000,135_0000_178,256,67596,4244
135_0000,135_0000_179,256,67641,4400
135_0000,135_0000_180,256,67539,5108
135_0000,135_0000_181,256,67596,4868
135_0000,135_0000_182,256,67545,4688
135_0000,135_0000_183,256,67782,5096
135_0000,135_0000_184,256,68148,5540
135_0000,135_0000_185,256,68262,5896
135_0000,135_0000_186,256,68790,5800
135_0000,135_0000_187,256,68952,5208
135_0000,135_0000_188,256,69045,5404
135_0000,135_0000_189,256,69414,5108
135_0000,135_0000_190,256,70257,4924
135_0000,135_0000_191,256,71373,5664
135_0000,135_0000_192,256,71397,5396
135_0000,135_0000_193,256,71088,4948
135_0000,135_0000_194,256,71052,4524
135_0000,135_0000_195,256,70986,5116
135_0000,135_0000_196,256,71142,5612
135_0000,135_0000_197,256,71184,5708
135_0000,135_0000_198,256,71415,5928
135_0000,135_0000_199,256,71727,5148
135_0000,135_0000_200,256,71898,4680
135_0000,135_0000_201,256,71820,4544
135_0000,135_0000_202,256,71712,5380
135_0000,135_0000_203,256,71598,5240
135_0000,135_0000_204,256,71436,5316
135_0000,135_0000_205,256,71337,5104
135_0000,135_0000_206,256,71412,4332
135_0000,135_0000_207,256,70842,4132
135_0000,135_0000_208,256,70299,3872
135_0000,135_0000_209,256,70053,4660
135_0000,135_0000_210,256,69792,4360
135_0000,135_0000_211,256,69393,4376
135_0000,135_0000_212,256,69171,5024
135_0000,135_0000_213,256,69087,5216
135_0000,135_0000_214,256,69018,5372
135_0000,135_0000_215,256,68733,5164
135_0000,135_0000_216,256,68331,4876
135_0000,135_0000_217,256,68385,4772
135_0000,135_0000_218,256,68136,4152
135_0000,135_0000_219,256,68004,3620
135_0000,135_0000_220,256,68058,3284
135_0000,135_0000_221,256,67644,3996
135_0000,135_0000_222,256,67389,4276
135_0000,135_0000_223,256,67377,4184
135_0000,135_0000_224,256,67449,4708
135_0000,135_0000_225,256,67266,5264
135_0000,135_0000_226,256,66927,4904
135_0000,135_0000_227,256,66795,4872
135_0000,135_0000_228,256,66531,4432
135_0000,135_0000_229,256,66306,3180
135_0000,135_0000_230,256,65982,3536
135_0000,135_0000_231,256,65745,3380
135_0000,135_0000_232,256,65676,3668
135_0000,135_0000_233,256,65382,4232
135_0000,135_0000_234,256,65451,4312
135_0000,135_0000_235,256,65475,3724
135_0000,135_0000_236,256,65301,3396
135_0000,135_0000_237,256,64974,3960
135_0000,135_0000_238,256,64785,3848
135_0000,135_0000_239,256,64770,2548
135_0000,135_0000_240,256,64332,1676
135_0000,135_0000_241,256,64188,1824
135_0000,135_0000_242,256,63726,1808
135_0000,135_0000_243,256,63300,2616
135_0000,135_0000_244,256,62733,3560
135_0000,135_0000_245,256,62316,3516
135_0000,135_0000_246,256,61836,3120
135_0000,135_0000_247,256,61431,2220
135_0000,135_0000_248,256,60834,1716
135_0000,135_0000_249,256,60075,2448
135_0000,135_0000_250,256,59700,2752
135_0000,135_0000_251,256,59502,2320
135_0000,135_0000_252,256,59004,2500
135_0000,135_0000_253,256,58389,3144
135_0000,135_0000_254,256,57897,3220
135_0000,135_0000_255,256,57408,3084
135_0000,135_0000_256,256,57123,2584
135_0000,135_0000_257,256,56613,2472
135_0000,135_0000_258,256,55983,2764
135_0000,135_0000_259,256,55467,2660
135_0000,135_0000_260,256,54921,2572
135_0000,135_0000_261,256,54360,2512
135_0000,135_0000_262,256,53904,2388
135_0000,135_0000_263,256,53331,2556
135_0000,135_0000_264,256,52479,2556
135_0000,135_0000_265,256,51762,3064
135_0000,135_0000_266,256,51198,3144
135_0000,135_0000_267,256,50481,2996
135_0000,135_0000_268,256,49842,2916
135_0000,135_0000_269,256,49146,2680
135_0000,135_0000_270,256,48447,2776
135_0000,135_0000_271,256,47922,2696
135_0000,135_0000_272,256,47220,2492
135_0000,135_0000_273,256,46566,2152
135_0000,135_0000_274,256,45900,2312
135_0000,135_0000_275,256,45231,2528
135_0000,135_0000_276,256,44625,2716
135_0000,135_0000_277,256,44106,2816
135_0000,135_0000_278,256,43605,2840
135_0000,135_0000_279,256,42960,2592
135_0000,135_0000_280,256,42480,1772
135_0000,135_0000_281,256,41802,2080
135_0000,135_0000_282,256,41136,2508
135_0000,135_0000_283,256,40854,2552
135_0000,135_0000_284,256,40326,2624
135_0000,135_0000_285,256,39735,2292
135_0000,135_0000_286,256,39285,2260
135_0000,135_0000_287,256,38868,2248
135_0000,135_0000_288,256,38388,2196
135_0000,135_0000_289,256,37962,2272
135_0000,135_0000_290,256,37455,2284
135_0000,135_0000_291,256,36870,2420
135_0000,135_0000_292,256,36432,2504
135_0000,135_0000_293,256,36081,2272
135_0000,135_0000_294,256,35577,2192
135_0000,135_0000_295,256,35364,1980
135_0000,135_0000_296,256,35121,1720
135_0000,135_0000_297,256,34635,2072
135_0000,135_0000_298,256,34143,2144
135_0000,135_0000_299,256,33531,2248
135_0000,135_0000_300,256,32682,2068
135_0000,135_0000_301,256,32112,2332
135_0000,135_0000_302,256,31455,2240
135_0000,135_0000_303,256,30711,1816
135_0000,135_0000_304,256,30069,1960
135_0000,135_0000_305,256,29352,2060
135_0000,135_0000_306,256,28554,2284
135_0000,135_0000_307,256,27699,2128
135_0000,135_0000_308,256,26958,2188
135_0000,135_0000_309,256,26172,1980
135_0000,135_0000_310,256,25437,1804
135_0000,135_0000_311,256,24879,1680
135_0000,135_0000_312,256,24165,2052
135_0000,135_0000_313,256,23469,1928
135_0000,135_0000_314,256,22779,1760
135_0000,135_0000_315,256,22023,1604
135_0000,135_0000_316,256,21462,1740
135_0000,135_0000_317,256,20724,1440
135_0000,135_0000_318,256,20058,1456
135_0000,135_0000_319,256,19278,1724
135_0000,135_0000_320,256,18456,1868
135_0000,135_0000_321,256,17793,1820
135_0000,135_0000_322,256,17037,2264
135_0000,135_0000_323,256,16254,2312
135_0000,135_0000_324,256,15309,2192
135_0000,135_0000_325,256,14376,2272
135_0000,135_0000_326,256,13476,2032
135_0000,135_0000_327,256,12579,2216
135_0000,135_0000_328,256,11604,2324
135_0000,135_0000_329,256,10713,2152
135_0000,135_0000_330,256,9711,2060
135_0000,135_0000_331,256,8814,1600
135_0000,135_0000_332,256,7908,1428
135_0000,135_0000_333,256,6981,1312
135_0000,135_0000_334,256,5901,1308
135_0000,135_0000_335,256,4950,1108
135_0000,135_0000_336,256,4068,996
135_0000,135_0000_337,256,3234,884
135_0000,135_0000_338,256,2181,904
135_0000,135_0000_339,256,1191,528
135_0000,135_0000_340,256,834,380
136_0000,136_0000_051,256,42,0
136_0000,136_0000_052,256,102,0
136_0000,136_0000_053,256,150,0
136_0000,136_0000_054,256,213,116
136_0000,136_0000_055,256,267,52
136_0000,136_0000_056,256,276,4
136_0000,136_0000_057,256,309,116
136_0000,136_0000_058,256,429,228
136_0000,136_0000_059,256,516,280
136_0000,136_0000_060,256,546,276
136_0000,136_0000_061,256,618,308
136_0000,136_0000_062,256,801,412
136_0000,136_0000_063,256,915,424
136_0000,136_0000_064,256,1053,472
136_0000,136_0000_065,256,1293,492
136_0000,136_0000_066,256,1533,576
136_0000,136_0000_067,256,1893,804
136_0000,136_0000_068,256,2013,844
136_0000,136_0000_069,256,2397,1084
136_0000,136_0000_070,256,2568,1104
136_0000,136_0000_071,256,2745,1112
136_0000,136_0000_072,256,3045,1296
136_0000,136_0000_073,256,3459,1176
136_0000,136_0000_074,256,3915,1300
136_0000,136_0000_075,256,4443,1268
136_0000,136_0000_076,256,4842,1512
136_0000,136_0000_077,256,5172,1636
136_0000,136_0000_078,256,5595,1948
136_0000,136_0000_079,256,6222,1872
136_0000,136_0000_080,256,6675,1980
136_0000,136_0000_081,256,7392,2156
136_0000,136_0000_082,256,8145,1976
136_0000,136_0000_083,256,8796,2248
136_0000,136_0000_084,256,9330,2364
136_0000,136_0000_085,256,9957,2692
136_0000,136_0000_086,256,10755,3076
136_0000,136_0000_087,256,11676,3784
136_0000,136_0000_088,256,12687,4232
136_0000,136_0000_089,256,13482,4680
136_0000,136_0000_090,256,14451,5272
136_0000,136_0000_091,256,15315,5288
136_0000,136_0000_092,256,16266,5576
136_0000,136_0000_093,256,16989,5872
136_0000,136_0000_094,256,17994,6236
136_0000,136_0000_095,256,18885,6692
136_0000,136_0000_096,256,19770,7104
136_0000,136_0000_097,256,20832,7356
136_0000,136_0000_098,256,22155,7792
136_0000,136_0000_099,256,23616,7960
136_0000,136_0000_100,256,24882,8468
136_0000,136_0000_101,256,26250,8924
136_0000,136_0000_102,256,27351,8488
136_0000,136_0000_103,256,28830,8332
136_0000,136_0000_104,256,29904,8332
136_0000,136_0000_105,256,31659,8864
136_0000,136_0000_106,256,33072,9272
136_0000,136_0000_107,256,34416,8588
136_0000,136_0000_108,256,35895,8496
136_0000,136_0000_109,256,37290,8268
136_0000,136_0000_110,256,38730,8060
136_0000,136_0000_111,256,40203,7472
136_0000,136_0000_112,256,41820,7752
136_0000,136_0000_113,256,43776,10116
136_0000,136_0000_114,256,45678,11132
136_0000,136_0000_115,256,47619,9060
136_0000,136_0000_116,256,50361,9280
136_0000,136_0000_117,256,51909,9340
136_0000,136_0000_118,256,53028,10144
136_0000,136_0000_119,256,53982,10832
136_0000,136_0000_120,256,55068,10224
136_0000,136_0000_121,256,55821,9100
136_0000,136_0000_122,256,56640,9532
136_0000,136_0000_123,256,57471,9188
136_0000,136_0000_124,256,58533,9828
136_0000,136_0000_125,256,60243,10320
136_0000,136_0000_126,256,61464,8320
136_0000,136_0000_127,256,62487,9992
136_0000,136_0000_128,256,62625,10444
136_0000,136_0000_129,256,62760,10800
136_0000,136_0000_130,256,62817,11388
136_0000,136_0000_131,256,63165,11400
136_0000,136_0000_132,256,63750,11796
136_0000,136_0000_133,256,64251,12152
136_0000,136_0000_134,256,64407,11356
136_0000,136_0000_135,256,64965,10676
136_0000,136_0000_136,256,65163,9800
136_0000,136_0000_137,256,65487,9224
136_0000,136_0000_138,256,66072,8848
136_0000,136_0000_139,256,66552,8460
136_0000,136_0000_140,256,67029,9108
136_0000,136_0000_141,256,67644,8964
136_0000,136_0000_142,256,68385,7708
136_0000,136_0000_143,256,69051,7344
136_0000,136_0000_144,256,69249,7108
136_0000,136_0000_145,256,69714,7084
136_0000,136_0000_146,256,70230,7596
136_0000,136_0000_147,256,71187,7236
136_0000,136_0000_148,256,71850,6444
136_0000,136_0000_149,256,72822,5880
136_0000,136_0000_150,256,74340,6248
136_0000,136_0000_151,256,75219,6692
136_0000,136_0000_152,256,75792,7260
136_0000,136_0000_153,256,76638,7416
136_0000,136_0000_154,256,77460,7628
136_0000,136_0000_155,256,78438,8072
136_0000,136_0000_156,256,79053,8440
136_0000,136_0000_157,256,79755,8400
136_0000,136_0000_158,256,80601,8632
136_0000,136_0000_159,256,81063,8612
136_0000,136_0000_160,256,81927,8892
136_0000,136_0000_161,256,83004,8408
136_0000,136_0000_162,256,84144,8564
136_0000,136_0000_163,256,85707,7368
136_0000,136_0000_164,256,85527,7288
136_0000,136_0000_165,256,85836,7780
136_0000,136_0000_166,256,86013,7804
136_0000,136_0000_167,256,86298,7548
136_0000,136_0000_168,256,86271,7176
136_0000,136_0000_169,256,85632,7416
136_0000,136_0000_170,256,85089,6940
136_0000,136_0000_171,256,84867,6900
136_0000,136_0000_172,256,84777,6616
136_0000,136_0000_173,256,84990,6796
136_0000,136_0000_174,256,85314,6700
136_0000,136_0000_175,256,85842,7068
136_0000,136_0000_176,256,86409,6820
136_0000,136_0000_177,256,87003,6208
136_0000,136_0000_178,256,86706,6416
136_0000,136_0000_179,256,86919,6548
136_0000,136_0000_180,256,86799,6392
136_0000,136_0000_181,256,86961,6564
136_0000,136_0000_182,256,87744,7020
136_0000,136_0000_183,256,88317,7100
136_0000,136_0000_184,256,88587,6792
136_0000,136_0000_185,256,88755,6540
136_0000,136_0000_186,256,88533,7304
136_0000,136_0000_187,256,89100,7140
136_0000,136_0000_188,256,88938,6576
136_0000,136_0000_189,256,89193,6240
136_0000,136_0000_190,256,89835,6084
136_0000,136_0000_191,256,90306,6964
136_0000,136_0000_192,256,90477,6808
136_0000,136_0000_193,256,90477,6120
136_0000,136_0000_194,256,90849,6332
136_0000,136_0000_195,256,91437,6556
136_0000,136_0000_196,256,91527,6432
136_0000,136_0000_197,256,91476,5828
136_0000,136_0000_198,256,91545,5556
136_0000,136_0000_199,256,91674,5536
136_0000,136_0000_200,256,91725,5952
136_0000,136_0000_201,256,91614,6152
136_0000,136_0000_202,256,91422,6620
136_0000,136_0000_203,256,91281,6596
136_0000,136_0000_204,256,90975,6456
136_0000,136_0000_205,256,90708,6324
136_0000,136_0000_206,256,90198,6024
136_0000,136_0000_207,256,89643,5236
136_0000,136_0000_208,256,89235,5232
136_0000,136_0000_209,256,89121,5584
136_0000,136_0000_210,256,89301,4824
136_0000,136_0000_211,256,89445,4608
136_0000,136_0000_212,256,89214,5116
136_0000,136_0000_213,256,89028,5320
136_0000,136_0000_214,256,88587,5428
136_0000,136_0000_215,256,88059,5244
136_0000,136_0000_216,256,87678,5420
136_0000,136_0000_217,256,87381,5468
136_0000,136_0000_218,256,87090,4864
136_0000,136_0000_219,256,86676,5300
136_0000,136_0000_220,256,86265,5532
136_0000,136_0000_221,256,85944,5464
136_0000,136_0000_222,256,85449,5296
136_0000,136_0000_223,256,85317,5236
136_0000,136_0000_224,256,85365,6040
136_0000,136_0000_225,256,85515,6176
136_0000,136_0000_226,256,85197,6204
136_0000,136_0000_227,256,84861,6556
136_0000,136_0000_228,256,84927,7060
136_0000,136_0000_229,256,85050,6904
136_0000,136_0000_230,256,84993,6076
136_0000,136_0000_231,256,84813,5640
136_0000,136_0000_232,256,84456,5848
136_0000,136_0000_233,256,84219,6140
136_0000,136_0000_234,256,83991,6852
136_0000,136_0000_235,256,83781,6152
136_0000,136_0000_236,256,83328,5848
136_0000,136_0000_237,256,83409,5904
136_0000,136_0000_238,256,83460,6044
136_0000,136_0000_239,256,83685,5184
136_0000,136_0000_240,256,84468,5012
136_0000,136_0000_241,256,84330,4916
136_0000,136_0000_242,256,84063,4368
136_0000,136_0000_243,256,84510,3624
136_0000,136_0000_244,256,84294,3804
136_0000,136_0000_245,256,83901,3880
136_0000,136_0000_246,256,83481,4060
136_0000,136_0000_247,256,82980,3796
136_0000,136_0000_248,256,82509,2960
136_0000,136_0000_249,256,81915,2900
136_0000,136_0000_250,256,81414,3728
136_0000,136_0000_251,256,80646,4012
136_0000,136_0000_252,256,80073,3936
136_0000,136_0000_253,256,79461,4020
136_0000,136_0000_254,256,79002,4124
136_0000,136_0000_255,256,78480,3800
136_0000,136_0000_256,256,77739,3688
136_0000,136_0000_257,256,77172,3860
136_0000,136_0000_258,256,76812,4268
136_0000,136_0000_259,256,76194,4328
136_0000,136_0000_260,256,75702,3808
136_0000,136_0000_261,256,75375,3956
136_0000,136_0000_262,256,75096,4108
136_0000,136_0000_263,256,74889,4132
136_0000,136_0000_264,256,74814,4908
136_0000,136_0000_265,256,74529,5504
136_0000,136_0000_266,256,74136,5424
136_0000,136_0000_267,256,73806,4928
136_0000,136_0000_268,256,73371,4592
136_0000,136_0000_269,256,72819,4428
136_0000,136_0000_270,256,72582,4688
136_0000,136_0000_271,256,72093,4576
136_0000,136_0000_272,256,71682,4516
136_0000,136_0000_273,256,71367,4576
136_0000,136_0000_274,256,70842,4468
136_0000,136_0000_275,256,70419,4404
136_0000,136_0000_276,256,69996,4428
136_0000,136_0000_277,256,69321,4236
136_0000,136_0000_278,256,69000,3468
136_0000,136_0000_279,256,68508,3624
136_0000,136_0000_280,256,68007,4348
136_0000,136_0000_281,256,67380,5188
136_0000,136_0000_282,256,66732,5184
136_0000,136_0000_283,256,66171,4832
136_0000,136_0000_284,256,65547,4580
136_0000,136_0000_285,256,65232,4368
136_0000,136_0000_286,256,64698,4624
136_0000,136_0000_287,256,64146,4972
136_0000,136_0000_288,256,63543,4796
136_0000,136_0000_289,256,62994,4572
136_0000,136_0000_290,256,62340,3836
136_0000,136_0000_291,256,61758,3908
136_0000,136_0000_292,256,61146,4024
136_0000,136_0000_293,256,60705,4328
136_0000,136_0000_294,256,60066,4676
136_0000,136_0000_295,256,59523,4452
136_0000,136_0000_296,256,58995,4108
136_0000,136_0000_297,256,58437,3880
136_0000,136_0000_298,256,57627,3940
136_0000,136_0000_299,256,56952,4084
136_0000,136_0000_300,256,56172,3920
136_0000,136_0000_301,256,55530,3380
136_0000,136_0000_302,256,54723,3556
136_0000,136_0000_303,256,54030,3932
136_0000,136_0000_304,256,53325,3844
136_0000,136_0000_305,256,52428,3972
136_0000,136_0000_306,256,51522,4200
136_0000,136_0000_307,256,50469,3408
136_0000,136_0000_308,256,49548,2940
136_0000,136_0000_309,256,48543,3072
136_0000,136_0000_310,256,47553,3276
136_0000,136_0000_311,256,46698,3404
136_0000,136_0000_312,256,45615,3688
136_0000,136_0000_313,256,44529,3884
136_0000,136_0000_314,256,43551,4064
136_0000,136_0000_315,256,42585,4044
136_0000,136_0000_316,256,41613,4012
136_0000,136_0000_317,256,40500,3992
136_0000,136_0000_318,256,39690,4056
136_0000,136_0000_319,256,38742,4120
136_0000,136_0000_320,256,37491,4292
136_0000,136_0000_321,256,36651,4036
136_0000,136_0000_322,256,35616,3824
136_0000,136_0000_323,256,34752,3716
136_0000,136_0000_324,256,33957,3596
136_0000,136_0000_325,256,33087,3532
136_0000,136_0000_326,256,32184,3512
136_0000,136_0000_327,256,31338,3348
136_0000,136_0000_328,256,30462,3236
136_0000,136_0000_329,256,29475,3180
136_0000,136_0000_330,256,28608,3112
136_0000,136_0000_331,256,27663,2596
136_0000,136_0000_332,256,26733,2688
136_0000,136_0000_333,256,25647,2736
136_0000,136_0000_334,256,24744,2804
136_0000,136_0000_335,256,23886,2984
136_0000,136_0000_336,256,23124,2880
136_0000,136_0000_337,256,22419,2776
136_0000,136_0000_338,256,21579,2800
136_0000,136_0000_339,256,20727,2792
136_0000,136_0000_340,256,19899,2992
136_0000,136_0000_341,256,19062,2956
136_0000,136_0000_342,256,18312,2928
136_0000,136_0000_343,256,17445,2620
136_0000,136_0000_344,256,16626,2580
136_0000,136_0000_345,256,15750,2444
136_0000,136_0000_346,256,15003,2252
136_0000,136_0000_347,256,14292,2108
136_0000,136_0000_348,256,13332,2264
136_0000,136_0000_349,256,12309,2236
136_0000,136_0000_350,256,11499,2172
136_0000,136_0000_351,256,10731,1828
136_0000,136_0000_352,256,10059,1824
136_0000,136_0000_353,256,9231,1580
136_0000,136_0000_354,256,8235,1552
136_0000,136_0000_355,256,7488,1672
136_0000,136_0000_356,256,6765,1540
136_0000,136_0000_357,256,5910,1420
136_0000,136_0000_358,256,5190,1144
136_0000,136_0000_359,256,4524,1036
136_0000,136_0000_360,256,3762,1372
136_0000,136_0000_361,256,3351,1248
136_0000,136_0000_362,256,2730,1064
136_0000,136_0000_363,256,2160,756
136_0000,136_0000_364,256,1740,640
136_0000,136_0000_365,256,1344,564
136_0000,136_0000_366,256,1005,452
136_0000,136_0000_367,256,672,324
136_0000,136_0000_368,256,423,216
136_0000,136_0000_369,256,297,156
136_0000,136_0000_370,256,165,104
137_0000,137_0000_024,256,0,0
137_0000,137_0000_025,256,42,0
137_0000,137_0000_026,256,201,4
137_0000,137_0000_027,256,345,180
137_0000,137_0000_028,256,405,184
137_0000,137_0000_029,256,465,208
137_0000,137_0000_030,256,588,264
137_0000,137_0000_031,256,777,264
137_0000,137_0000_032,256,963,372
137_0000,137_0000_033,256,1131,448
137_0000,137_0000_034,256,1383,552
137_0000,137_0000_035,256,1608,692
137_0000,137_0000_036,256,1875,760
137_0000,137_0000_037,256,2079,828
137_0000,137_0000_038,256,2361,856
137_0000,137_0000_039,256,2613,972
137_0000,137_0000_040,256,2835,1048
137_0000,137_0000_041,256,3108,1096
137_0000,137_0000_042,256,3459,1152
137_0000,137_0000_043,256,3789,1336
137_0000,137_0000_044,256,4128,1356
137_0000,137_0000_045,256,4659,1416
137_0000,137_0000_046,256,5292,1572
137_0000,137_0000_047,256,5934,1904
137_0000,137_0000_048,256,6549,2180
137_0000,137_0000_049,256,7215,2600
137_0000,137_0000_050,256,7770,2676
137_0000,137_0000_051,256,8421,2856
137_0000,137_0000_052,256,9102,2928
137_0000,137_0000_053,256,10089,3208
137_0000,137_0000_054,256,10989,3600
137_0000,137_0000_055,256,11958,3744
137_0000,137_0000_056,256,12768,3652
137_0000,137_0000_057,256,13626,3356
137_0000,137_0000_058,256,14532,3132
137_0000,137_0000_059,256,15522,3172
137_0000,137_0000_060,256,16668,3720
137_0000,137_0000_061,256,17757,4108
137_0000,137_0000_062,256,18783,4416
137_0000,137_0000_063,256,19866,4924
137_0000,137_0000_064,256,21126,5044
137_0000,137_0000_065,256,22404,5012
137_0000,137_0000_066,256,23724,4536
137_0000,137_0000_067,256,24954,4884
137_0000,137_0000_068,256,26661,5048
137_0000,137_0000_069,256,28284,5344
137_0000,137_0000_070,256,30588,5808
137_0000,137_0000_071,256,32781,6060
137_0000,137_0000_072,256,34920,6132
137_0000,137_0000_073,256,36978,6276
137_0000,137_0000_074,256,39150,6268
137_0000,137_0000_075,256,41220,5984
137_0000,137_0000_076,256,43266,6012
137_0000,137_0000_077,256,45141,5588
137_0000,137_0000_078,256,47463,4656
137_0000,137_0000_079,256,49389,4696
137_0000,137_0000_080,256,51405,5620
137_0000,137_0000_081,256,53190,5952
137_0000,137_0000_082,256,55494,5628
137_0000,137_0000_083,256,57600,6000
137_0000,137_0000_084,256,60075,6060
137_0000,137_0000_085,256,62307,6556
137_0000,137_0000_086,256,64491,6728
137_0000,137_0000_087,256,66639,6480
137_0000,137_0000_088,256,69468,5628
137_0000,137_0000_089,256,72462,5284
137_0000,137_0000_090,256,76074,4780
137_0000,137_0000_091,256,78135,5156
137_0000,137_0000_092,256,79584,4912
137_0000,137_0000_093,256,81030,5220
137_0000,137_0000_094,256,82335,4412
137_0000,137_0000_095,256,83577,3848
137_0000,137_0000_096,256,85329,3560
137_0000,137_0000_097,256,86814,4084
137_0000,137_0000_098,256,88080,4092
137_0000,137_0000_099,256,89784,5276
137_0000,137_0000_100,256,91287,5628
137_0000,137_0000_101,256,93450,4784
137_0000,137_0000_102,256,94467,4360
137_0000,137_0000_103,256,94125,4344
137_0000,137_0000_104,256,93564,4124
137_0000,137_0000_105,256,93690,3012
137_0000,137_0000_106,256,93621,3960
137_0000,137_0000_107,256,93336,3056
137_0000,137_0000_108,256,93528,2068
137_0000,137_0000_109,256,93546,1600
137_0000,137_0000_110,256,93585,1596
137_0000,137_0000_111,256,93735,2264
137_0000,137_0000_112,256,93705,2324
137_0000,137_0000_113,256,93783,2276
137_0000,137_0000_114,256,93996,2580
137_0000,137_0000_115,256,93819,2708
137_0000,137_0000_116,256,93519,2748
137_0000,137_0000_117,256,93672,2492
137_0000,137_0000_118,256,93774,2592
137_0000,137_0000_119,256,93525,2676
137_0000,137_0000_120,256,93789,2744
137_0000,137_0000_121,256,93729,2012
137_0000,137_0000_122,256,93573,1844
137_0000,137_0000_123,256,93885,1936
137_0000,137_0000_124,256,93930,1804
137_0000,137_0000_125,256,93972,2116
137_0000,137_0000_126,256,94173,1836
137_0000,137_0000_127,256,94242,1664
137_0000,137_0000_128,256,94038,1576
137_0000,137_0000_129,256,94389,1356
137_0000,137_0000_130,256,94515,1252
137_0000,137_0000_131,256,94161,1756
137_0000,137_0000_132,256,94113,1744
137_0000,137_0000_133,256,94113,1724
137_0000,137_0000_134,256,94149,1560
137_0000,137_0000_135,256,94254,1364
137_0000,137_0000_136,256,94269,1092
137_0000,137_0000_137,256,94062,1272
137_0000,137_0000_138,256,94044,1400
137_0000,137_0000_139,256,93981,1292
137_0000,137_0000_140,256,94101,1256
137_0000,137_0000_141,256,94020,1128
137_0000,137_0000_142,256,94107,944
137_0000,137_0000_143,256,94047,776
137_0000,137_0000_144,256,94161,692
137_0000,137_0000_145,256,94443,348
137_0000,137_0000_146,256,94449,340
137_0000,137_0000_147,256,94863,724
137_0000,137_0000_148,256,95145,1408
137_0000,137_0000_149,256,95169,1540
137_0000,137_0000_150,256,95556,1824
137_0000,137_0000_151,256,95616,2004
137_0000,137_0000_152,256,95466,2252
137_0000,137_0000_153,256,95805,2272
137_0000,137_0000_154,256,95832,2276
137_0000,137_0000_155,256,95670,1996
137_0000,137_0000_156,256,95850,2004
137_0000,137_0000_157,256,96144,2160
137_0000,137_0000_158,256,96315,2052
137_0000,137_0000_159,256,96711,2016
137_0000,137_0000_160,256,96741,1968
137_0000,137_0000_161,256,96915,1896
137_0000,137_0000_162,256,97131,1908
137_0000,137_0000_163,256,97110,2068
137_0000,137_0000_164,256,97065,2836
137_0000,137_0000_165,256,97266,2340
137_0000,137_0000_166,256,97611,1796
137_0000,137_0000_167,256,97713,1880
137_0000,137_0000_168,256,98295,1912
137_0000,137_0000_169,256,98457,2172
137_0000,137_0000_170,256,98544,2420
137_0000,137_0000_171,256,98955,2788
137_0000,137_0000_172,256,99381,3488
137_0000,137_0000_173,256,99441,3628
137_0000,137_0000_174,256,99819,2960
137_0000,137_0000_175,256,100365,2984
137_0000,137_0000_176,256,100404,2660
137_0000,137_0000_177,256,100728,2644
137_0000,137_0000_178,256,100995,2388
137_0000,137_0000_179,256,100824,2084
137_0000,137_0000_180,256,101160,1768
137_0000,137_0000_181,256,101271,1940
137_0000,137_0000_182,256,100935,1968
137_0000,137_0000_183,256,100896,2360
137_0000,137_0000_184,256,100479,2800
137_0000,137_0000_185,256,100137,2516
137_0000,137_0000_186,256,100218,2696
137_0000,137_0000_187,256,99657,2580
137_0000,137_0000_188,256,99339,2264
137_0000,137_0000_189,256,99372,1796
137_0000,137_0000_190,256,99504,2128
137_0000,137_0000_191,256,99177,2256
137_0000,137_0000_192,256,99123,2480
137_0000,137_0000_193,256,99198,2520
137_0000,137_0000_194,256,98496,2200
137_0000,137_0000_195,256,98493,2480
137_0000,137_0000_196,256,98790,2420
137_0000,137_0000_197,256,98451,2604
137_0000,137_0000_198,256,98379,2756
137_0000,137_0000_199,256,98307,2608
137_0000,137_0000_200,256,98331,2196
137_0000,137_0000_201,256,98487,2344
137_0000,137_0000_202,256,98694,2344
137_0000,137_0000_203,256,98760,2648
137_0000,137_0000_204,256,98973,3128
137_0000,137_0000_205,256,99159,3664
137_0000,137_0000_206,256,98862,4132
137_0000,137_0000_207,256,98811,3704
137_0000,137_0000_208,256,98508,4296
137_0000,137_0000_209,256,97821,4672
137_0000,137_0000_210,256,97701,5044
137_0000,137_0000_211,256,97491,4448
137_0000,137_0000_212,256,97089,4184
137_0000,137_0000_213,256,97020,3584
137_0000,137_0000_214,256,97179,3228
137_0000,137_0000_215,256,97041,2944
137_0000,137_0000_216,256,97089,2672
137_0000,137_0000_217,256,96897,3060
137_0000,137_0000_218,256,97101,3696
137_0000,137_0000_219,256,97383,4888
137_0000,137_0000_220,256,97368,4644
137_0000,137_0000_221,256,96981,4264
137_0000,137_0000_222,256,97107,3476
137_0000,137_0000_223,256,96777,2832
137_0000,137_0000_224,256,96375,2956
137_0000,137_0000_225,256,96483,2628
137_0000,137_0000_226,256,96462,2680
137_0000,137_0000_227,256,96405,2312
137_0000,137_0000_228,256,96261,1832
137_0000,137_0000_229,256,95637,2324
137_0000,137_0000_230,256,95223,2388
137_0000,137_0000_231,256,95502,1980
137_0000,137_0000_232,256,95049,1612
137_0000,137_0000_233,256,94605,1320
137_0000,137_0000_234,256,94308,1492
137_0000,137_0000_235,256,94044,1636
137_0000,137_0000_236,256,93483,1840
137_0000,137_0000_237,256,93372,1868
137_0000,137_0000_238,256,92808,2072
137_0000,137_0000_239,256,92136,1840
137_0000,137_0000_240,256,91830,2124
137_0000,137_0000_241,256,91416,1784
137_0000,137_0000_242,256,91185,1676
137_0000,137_0000_243,256,91449,1236
137_0000,137_0000_244,256,91107,916
137_0000,137_0000_245,256,90729,496
137_0000,137_0000_246,256,90108,1344
137_0000,137_0000_247,256,89799,1348
137_0000,137_0000_248,256,89157,1520
137_0000,137_0000_249,256,88683,2064
137_0000,137_0000_250,256,88113,2156
137_0000,137_0000_251,256,87330,1784
137_0000,137_0000_252,256,86697,1396
137_0000,137_0000_253,256,86223,1344
137_0000,137_0000_254,256,85464,1384
137_0000,137_0000_255,256,84801,652
137_0000,137_0000_256,256,83820,528
137_0000,137_0000_257,256,83115,264
137_0000,137_0000_258,256,82941,64
137_0000,137_0000_259,256,82452,288
137_0000,137_0000_260,256,81930,368
137_0000,137_0000_261,256,81681,332
137_0000,137_0000_262,256,81198,200
137_0000,137_0000_263,256,80619,556
137_0000,137_0000_264,256,80124,1144
137_0000,137_0000_265,256,79365,1292
137_0000,137_0000_266,256,78552,1524
137_0000,137_0000_267,256,78141,912
137_0000,137_0000_268,256,77430,488
137_0000,137_0000_269,256,76485,884
137_0000,137_0000_270,256,75888,704
137_0000,137_0000_271,256,75099,928
137_0000,137_0000_272,256,74148,516
137_0000,137_0000_273,256,73299,16
137_0000,137_0000_274,256,72126,4
137_0000,137_0000_275,256,71040,844
137_0000,137_0000_276,256,70398,1004
137_0000,137_0000_277,256,69594,1136
137_0000,137_0000_278,256,68787,1884
137_0000,137_0000_279,256,67956,1872
137_0000,137_0000_280,256,66789,1880
137_0000,137_0000_281,256,65700,1504
137_0000,137_0000_282,256,65094,1736
137_0000,137_0000_283,256,64533,1456
137_0000,137_0000_284,256,63813,1116
137_0000,137_0000_285,256,63114,1284
137_0000,137_0000_286,256,62673,1608
137_0000,137_0000_287,256,61851,1668
137_0000,137_0000_288,256,61305,1396
137_0000,137_0000_289,256,60603,1456
137_0000,137_0000_290,256,59793,1860
137_0000,137_0000_291,256,59268,1592
137_0000,137_0000_292,256,58785,808
137_0000,137_0000_293,256,58035,856
137_0000,137_0000_294,256,57486,948
137_0000,137_0000_295,256,56916,1008
137_0000,137_0000_296,256,55959,728
137_0000,137_0000_297,256,55404,532
137_0000,137_0000_298,256,54558,320
137_0000,137_0000_299,256,53574,8
137_0000,137_0000_300,256,52782,84
137_0000,137_0000_301,256,51918,84
137_0000,137_0000_302,256,51045,220
137_0000,137_0000_303,256,50229,508
137_0000,137_0000_304,256,49092,1424
137_0000,137_0000_305,256,48129,1636
137_0000,137_0000_306,256,47424,1232
137_0000,137_0000_307,256,46371,800
137_0000,137_0000_308,256,45390,880
137_0000,137_0000_309,256,44826,820
137_0000,137_0000_310,256,44073,824
137_0000,137_0000_311,256,43221,1000
137_0000,137_0000_312,256,42630,996
137_0000,137_0000_313,256,41850,572
137_0000,137_0000_314,256,40926,1168
137_0000,137_0000_315,256,40005,388
137_0000,137_0000_316,256,38997,588
137_0000,137_0000_317,256,38091,1160
137_0000,137_0000_318,256,37023,984
137_0000,137_0000_319,256,36048,1308
137_0000,137_0000_320,256,35070,980
137_0000,137_0000_321,256,34290,704
137_0000,137_0000_322,256,33195,844
137_0000,137_0000_323,256,32331,1252
137_0000,137_0000_324,256,31569,1112
137_0000,137_0000_325,256,30366,920
137_0000,137_0000_326,256,29250,1368
137_0000,137_0000_327,256,28305,1580
137_0000,137_0000_328,256,27276,1784
137_0000,137_0000_329,256,26001,1632
137_0000,137_0000_330,256,24960,1276
137_0000,137_0000_331,256,23937,1304
137_0000,137_0000_332,256,23013,1280
137_0000,137_0000_333,256,22143,1380
137_0000,137_0000_334,256,21180,1492
137_0000,137_0000_335,256,20346,1616
137_0000,137_0000_336,256,19506,1732
137_0000,137_0000_337,256,18300,1852
137_0000,137_0000_338,256,17118,2020
137_0000,137_0000_339,256,16170,1400
137_0000,137_0000_340,256,14853,580
137_0000,137_0000_341,256,13449,608
137_0000,137_0000_342,256,12519,916
137_0000,137_0000_343,256,11517,780
137_0000,137_0000_344,256,10008,1240
137_0000,137_0000_345,256,8634,2400
137_0000,137_0000_346,256,7620,2308
137_0000,137_0000_347,256,6735,1860
137_0000,137_0000_348,256,5805,1256
137_0000,137_0000_349,256,4746,1068
137_0000,137_0000_350,256,3678,796
137_0000,137_0000_351,256,2247,724
137_0000,137_0000_352,256,1536,584
137_0000,137_0000_353,256,1047,444
137_0000,137_0000_354,256,432,220
137_0000,137_0000_355,256,333,188
137_0000,137_0000_356,256,87,0
145_0000,145_0000_021,256,3,0
145_0000,145_0000_022,256,60,0
145_0000,145_0000_023,256,117,0
145_0000,145_0000_024,256,150,0
145_0000,145_0000_025,256,336,96
145_0000,145_0000_026,256,591,196
145_0000,145_0000_027,256,945,336
145_0000,145_0000_028,256,1626,584
145_0000,145_0000_029,256,2229,776
145_0000,145_0000_030,256,2739,1048
145_0000,145_0000_031,256,3090,1064
145_0000,145_0000_032,256,3543,1196
145_0000,145_0000_033,256,3957,1300
145_0000,145_0000_034,256,4560,1360
145_0000,145_0000_035,256,5070,1348
145_0000,145_0000_036,256,5790,1632
145_0000,145_0000_037,256,6543,1992
145_0000,145_0000_038,256,7554,2616
145_0000,145_0000_039,256,8646,2788
145_0000,145_0000_040,256,9735,3104
145_0000,145_0000_041,256,10746,3292
145_0000,145_0000_042,256,11829,3568
145_0000,145_0000_043,256,13137,3836
145_0000,145_0000_044,256,14607,4008
145_0000,145_0000_045,256,15891,4184
145_0000,145_0000_046,256,17547,4780
145_0000,145_0000_047,256,19146,5468
145_0000,145_0000_048,256,20835,5888
145_0000,145_0000_049,256,22989,6416
145_0000,145_0000_050,256,26016,6468
145_0000,145_0000_051,256,29763,6500
145_0000,145_0000_052,256,32808,5984
145_0000,145_0000_053,256,35448,6540
145_0000,145_0000_054,256,38247,7244
145_0000,145_0000_055,256,41136,7800
145_0000,145_0000_056,256,44124,7644
145_0000,145_0000_057,256,46611,7840
145_0000,145_0000_058,256,50016,8084
145_0000,145_0000_059,256,54219,7232
145_0000,145_0000_060,256,59763,8184
145_0000,145_0000_061,256,65682,9640
145_0000,145_0000_062,256,70008,10616
145_0000,145_0000_063,256,76497,9700
145_0000,145_0000_064,256,79458,9924
145_0000,145_0000_065,256,80685,9116
145_0000,145_0000_066,256,82125,8588
145_0000,145_0000_067,256,84297,7388
145_0000,145_0000_068,256,87885,5768
145_0000,145_0000_069,256,90390,5732
145_0000,145_0000_070,256,89919,4904
145_0000,145_0000_071,256,89010,3296
145_0000,145_0000_072,256,88143,2956
145_0000,145_0000_073,256,87612,3760
145_0000,145_0000_074,256,87516,3452
145_0000,145_0000_075,256,87072,3728
145_0000,145_0000_076,256,86409,4004
145_0000,145_0000_077,256,85713,4124
145_0000,145_0000_078,256,85857,4460
145_0000,145_0000_079,256,86274,3924
145_0000,145_0000_080,256,86310,4108
145_0000,145_0000_081,256,85875,4288
145_0000,145_0000_082,256,85716,4308
145_0000,145_0000_083,256,85893,3856
145_0000,145_0000_084,256,86124,4124
145_0000,145_0000_085,256,85605,4872
145_0000,145_0000_086,256,85230,4688
145_0000,145_0000_087,256,84126,4636
145_0000,145_0000_088,256,83961,4280
145_0000,145_0000_089,256,84201,3896
145_0000,145_0000_090,256,84477,3668
145_0000,145_0000_091,256,84951,3748
145_0000,145_0000_092,256,85110,3308
145_0000,145_0000_093,256,85200,3324
145_0000,145_0000_094,256,85050,3192
145_0000,145_0000_095,256,85251,2440
145_0000,145_0000_096,256,85197,2512
145_0000,145_0000_097,256,84138,2620
145_0000,145_0000_098,256,83373,2904
145_0000,145_0000_099,256,82836,3088
145_0000,145_0000_100,256,82872,2776
145_0000,145_0000_101,256,82971,3228
145_0000,145_0000_102,256,82407,3464
145_0000,145_0000_103,256,82668,3724
145_0000,145_0000_104,256,83187,3600
145_0000,145_0000_105,256,83625,2964
145_0000,145_0000_106,256,84192,3568
145_0000,145_0000_107,256,84741,3824
145_0000,145_0000_108,256,84531,3780
145_0000,145_0000_109,256,84165,3804
145_0000,145_0000_110,256,83628,4164
145_0000,145_0000_111,256,83259,4156
145_0000,145_0000_112,256,83571,4008
145_0000,145_0000_113,256,84522,3644
145_0000,145_0000_114,256,84963,4008
145_0000,145_0000_115,256,85032,3888
145_0000,145_0000_116,256,85602,3588
145_0000,145_0000_117,256,85932,4844
145_0000,145_0000_118,256,86283,5416
145_0000,145_0000_119,256,86172,4460
145_0000,145_0000_120,256,85395,3524
145_0000,145_0000_121,256,84759,3120
145_0000,145_0000_122,256,84294,2904
145_0000,145_0000_123,256,84261,2712
145_0000,145_0000_124,256,83748,2568
145_0000,145_0000_125,256,83394,2680
145_0000,145_0000_126,256,82524,3244
145_0000,145_0000_127,256,81618,4040
145_0000,145_0000_128,256,82050,4084
145_0000,145_0000_129,256,82851,3904
145_0000,145_0000_130,256,83211,3812
145_0000,145_0000_131,256,82737,4244
145_0000,145_0000_132,256,82950,4984
145_0000,145_0000_133,256,83361,5612
145_0000,145_0000_134,256,83835,4208
145_0000,145_0000_135,256,83760,3772
145_0000,145_0000_136,256,83541,3032
145_0000,145_0000_137,256,83481,3220
145_0000,145_0000_138,256,83592,3036
145_0000,145_0000_139,256,83808,3548
145_0000,145_0000_140,256,83646,2584
145_0000,145_0000_141,256,83322,2732
145_0000,145_0000_142,256,82836,3020
145_0000,145_0000_143,256,82947,2756
145_0000,145_0000_144,256,83676,1896
145_0000,145_0000_145,256,84165,2120
145_0000,145_0000_146,256,84582,2020
145_0000,145_0000_147,256,84870,1884
145_0000,145_0000_148,256,84945,2132
145_0000,145_0000_149,256,84831,1928
145_0000,145_0000_150,256,84837,1672
145_0000,145_0000_151,256,85110,1712
145_0000,145_0000_152,256,84306,2124
145_0000,145_0000_153,256,83601,2652
145_0000,145_0000_154,256,83046,3264
145_0000,145_0000_155,256,83079,2176
145_0000,145_0000_156,256,84984,2512
145_0000,145_0000_157,256,84717,2492
145_0000,145_0000_158,256,84021,2128
145_0000,145_0000_159,256,83079,2712
145_0000,145_0000_160,256,82587,3188
145_0000,145_0000_161,256,82347,2892
145_0000,145_0000_162,256,81420,2404
145_0000,145_0000_163,256,79650,3012
145_0000,145_0000_164,256,78318,3172
145_0000,145_0000_165,256,78123,2764
145_0000,145_0000_166,256,77739,3128
145_0000,145_0000_167,256,76881,2800
145_0000,145_0000_168,256,76350,2968
145_0000,145_0000_169,256,75522,3500
145_0000,145_0000_170,256,75771,3556
145_0000,145_0000_171,256,75396,2680
145_0000,145_0000_172,256,75021,2516
145_0000,145_0000_173,256,74790,2572
145_0000,145_0000_174,256,74115,2464
145_0000,145_0000_175,256,73122,2464
145_0000,145_0000_176,256,72495,2496
145_0000,145_0000_177,256,71781,2596
145_0000,145_0000_178,256,71436,3112
145_0000,145_0000_179,256,71469,3484
145_0000,145_0000_180,256,70836,3744
145_0000,145_0000_181,256,69906,4044
145_0000,145_0000_182,256,68613,3488
145_0000,145_0000_183,256,67431,3168
145_0000,145_0000_184,256,66552,3592
145_0000,145_0000_185,256,65361,4128
145_0000,145_0000_186,256,63954,3988
145_0000,145_0000_187,256,63756,3660
145_0000,145_0000_188,256,63036,3488
145_0000,145_0000_189,256,62211,2372
145_0000,145_0000_190,256,61119,1868
145_0000,145_0000_191,256,59904,1736
145_0000,145_0000_192,256,58488,1880
145_0000,145_0000_193,256,57420,2088
145_0000,145_0000_194,256,56823,1388
145_0000,145_0000_195,256,55965,1912
145_0000,145_0000_196,256,54729,2520
145_0000,145_0000_197,256,53292,2812
145_0000,145_0000_198,256,52062,2828
145_0000,145_0000_199,256,51291,2480
145_0000,145_0000_200,256,50556,2800
145_0000,145_0000_201,256,50208,3060
145_0000,145_0000_202,256,49839,2548
145_0000,145_0000_203,256,49161,2232
145_0000,145_0000_204,256,48393,2288
145_0000,145_0000_205,256,47808,1964
145_0000,145_0000_206,256,47220,1772
145_0000,145_0000_207,256,46422,2104
145_0000,145_0000_208,256,44421,2404
145_0000,145_0000_209,256,43164,2104
145_0000,145_0000_210,256,42489,1964
145_0000,145_0000_211,256,42033,1628
145_0000,145_0000_212,256,42126,1480
145_0000,145_0000_213,256,41751,1284
145_0000,145_0000_214,256,41277,1080
145_0000,145_0000_215,256,40266,1340
145_0000,145_0000_216,256,39894,1640
145_0000,145_0000_217,256,39576,1588
145_0000,145_0000_218,256,39198,2040
145_0000,145_0000_219,256,37941,2008
145_0000,145_0000_220,256,36759,1972
145_0000,145_0000_221,256,35679,1888
145_0000,145_0000_222,256,34728,1940
145_0000,145_0000_223,256,34101,2004
145_0000,145_0000_224,256,33309,1992
145_0000,145_0000_225,256,32775,2004
145_0000,145_0000_226,256,32115,1900
145_0000,145_0000_227,256,31266,2444
145_0000,145_0000_228,256,30684,2044
145_0000,145_0000_229,256,30078,1532
145_0000,145_0000_230,256,29187,676
145_0000,145_0000_231,256,27783,832
145_0000,145_0000_232,256,26625,1456
145_0000,145_0000_233,256,26043,1808
145_0000,145_0000_234,256,25449,2608
145_0000,145_0000_235,256,24705,3116
145_0000,145_0000_236,256,23379,3104
145_0000,145_0000_237,256,22350,2968
145_0000,145_0000_238,256,21564,2572
145_0000,145_0000_239,256,21174,2236
145_0000,145_0000_240,256,20550,2624
145_0000,145_0000_241,256,19212,2800
145_0000,145_0000_242,256,18039,2556
145_0000,145_0000_243,256,17238,2436
145_0000,145_0000_244,256,16380,2520
145_0000,145_0000_245,256,16047,2692
145_0000,145_0000_246,256,15735,2348
145_0000,145_0000_247,256,14547,2308
145_0000,145_0000_248,256,12975,1864
145_0000,145_0000_249,256,12135,1616
145_0000,145_0000_250,256,11151,2000
145_0000,145_0000_251,256,9522,2128
145_0000,145_0000_252,256,8016,2316
145_0000,145_0000_253,256,6366,1484
145_0000,145_0000_254,256,5442,1316
145_0000,145_0000_255,256,4218,1304
145_0000,145_0000_256,256,3084,1224
145_0000,145_0000_257,256,1836,796
145_0000,145_0000_258,256,1149,596
145_0000,145_0000_259,256,528,212
146_0000,146_0000_013,256,48,0
146_0000,146_0000_014,256,204,68
146_0000,146_0000_015,256,369,200
146_0000,146_0000_016,256,549,236
146_0000,146_0000_017,256,642,300
146_0000,146_0000_018,256,750,372
146_0000,146_0000_019,256,861,400
146_0000,146_0000_020,256,1026,492
146_0000,146_0000_021,256,1236,592
146_0000,146_0000_022,256,1305,548
146_0000,146_0000_023,256,1437,624
146_0000,146_0000_024,256,1548,652
146_0000,146_0000_025,256,1794,812
146_0000,146_0000_026,256,1887,824
146_0000,146_0000_027,256,2031,860
146_0000,146_0000_028,256,2139,908
146_0000,146_0000_029,256,2196,928
146_0000,146_0000_030,256,2373,960
146_0000,146_0000_031,256,2502,892
146_0000,146_0000_032,256,2679,972
146_0000,146_0000_033,256,2892,864
146_0000,146_0000_034,256,3051,952
146_0000,146_0000_035,256,3288,1132
146_0000,146_0000_036,256,3609,1276
146_0000,146_0000_037,256,3786,1288
146_0000,146_0000_038,256,3909,1264
146_0000,146_0000_039,256,4155,1400
146_0000,146_0000_040,256,4341,1516
146_0000,146_0000_041,256,4563,1556
146_0000,146_0000_042,256,4683,1672
146_0000,146_0000_043,256,4953,1920
146_0000,146_0000_044,256,5118,1976
146_0000,146_0000_045,256,5403,2044
146_0000,146_0000_046,256,5844,2088
146_0000,146_0000_047,256,6150,2332
146_0000,146_0000_048,256,6516,2436
146_0000,146_0000_049,256,6798,2504
146_0000,146_0000_050,256,7194,2620
146_0000,146_0000_051,256,7668,2772
146_0000,146_0000_052,256,8208,3024
146_0000,146_0000_053,256,8601,3244
146_0000,146_0000_054,256,8940,3332
146_0000,146_0000_055,256,9369,3508
146_0000,146_0000_056,256,9789,3624
146_0000,146_0000_057,256,10320,3848
146_0000,146_0000_058,256,10812,3888
146_0000,146_0000_059,256,11124,3932
146_0000,146_0000_060,256,11874,3712
146_0000,146_0000_061,256,12375,3644
146_0000,146_0000_062,256,12945,3856
146_0000,146_0000_063,256,13860,4388
146_0000,146_0000_064,256,14622,4860
146_0000,146_0000_065,256,15375,4948
146_0000,146_0000_066,256,15894,4588
146_0000,146_0000_067,256,16410,4428
146_0000,146_0000_068,256,16983,4484
146_0000,146_0000_069,256,17622,5200
146_0000,146_0000_070,256,17991,5208
146_0000,146_0000_071,256,18543,5124
146_0000,146_0000_072,256,19101,5348
146_0000,146_0000_073,256,19497,5184
146_0000,146_0000_074,256,19995,5244
146_0000,146_0000_075,256,20604,4972
146_0000,146_0000_076,256,21153,4956
146_0000,146_0000_077,256,21741,5488
146_0000,146_0000_078,256,22425,5484
146_0000,146_0000_079,256,22956,5312
146_0000,146_0000_080,256,23679,5232
146_0000,146_0000_081,256,24366,5332
146_0000,146_0000_082,256,25050,5644
146_0000,146_0000_083,256,25590,6000
146_0000,146_0000_084,256,26232,6180
146_0000,146_0000_085,256,26874,5636
146_0000,146_0000_086,256,27708,5728
146_0000,146_0000_087,256,28434,5356
146_0000,146_0000_088,256,29013,5840
146_0000,146_0000_089,256,29433,5924
146_0000,146_0000_090,256,30210,6024
146_0000,146_0000_091,256,31068,6820
146_0000,146_0000_092,256,31860,6964
146_0000,146_0000_093,256,32589,7184
146_0000,146_0000_094,256,33318,6932
146_0000,146_0000_095,256,33954,6476
146_0000,146_0000_096,256,34830,6056
146_0000,146_0000_097,256,35664,6380
146_0000,146_0000_098,256,36660,6256
146_0000,146_0000_099,256,37593,6416
146_0000,146_0000_100,256,38511,6144
146_0000,146_0000_101,256,39447,5916
146_0000,146_0000_102,256,40434,6548
146_0000,146_0000_103,256,41517,7600
146_0000,146_0000_104,256,42399,8792
146_0000,146_0000_105,256,43395,9444
146_0000,146_0000_106,256,44100,9788
146_0000,146_0000_107,256,44946,9864
146_0000,146_0000_108,256,45780,9684
146_0000,146_0000_109,256,46650,9848
146_0000,146_0000_110,256,47454,9924
146_0000,146_0000_111,256,48186,9604
146_0000,146_0000_112,256,49311,9580
146_0000,146_0000_113,256,50262,9120
146_0000,146_0000_114,256,51408,9008
146_0000,146_0000_115,256,52413,7880
146_0000,146_0000_116,256,53550,7044
146_0000,146_0000_117,256,54744,8264
146_0000,146_0000_118,256,55989,9636
146_0000,146_0000_119,256,57414,10756
146_0000,146_0000_120,256,59277,10684
146_0000,146_0000_121,256,61257,10072
146_0000,146_0000_122,256,62736,10048
146_0000,146_0000_123,256,64791,10056
146_0000,146_0000_124,256,66450,8212
146_0000,146_0000_125,256,69138,6924
146_0000,146_0000_126,256,72477,6672
146_0000,146_0000_127,256,74769,7180
146_0000,146_0000_128,256,76689,6972
146_0000,146_0000_129,256,78654,7620
146_0000,146_0000_130,256,81072,8552
146_0000,146_0000_131,256,83196,8140
146_0000,146_0000_132,256,86013,8420
146_0000,146_0000_133,256,89106,8784
146_0000,146_0000_134,256,91476,6644
146_0000,146_0000_135,256,91557,6084
146_0000,146_0000_136,256,91680,6076
146_0000,146_0000_137,256,91053,6308
146_0000,146_0000_138,256,91683,5848
146_0000,146_0000_139,256,92250,7472
146_0000,146_0000_140,256,92244,8804
146_0000,146_0000_141,256,92499,8964
146_0000,146_0000_142,256,92871,8264
146_0000,146_0000_143,256,93039,7324
146_0000,146_0000_144,256,93288,5804
146_0000,146_0000_145,256,93279,4812
146_0000,146_0000_146,256,92688,4760
146_0000,146_0000_147,256,92454,4372
146_0000,146_0000_148,256,92001,4604
146_0000,146_0000_149,256,91335,4584
146_0000,146_0000_150,256,91029,5004
146_0000,146_0000_151,256,90804,5264
146_0000,146_0000_152,256,90363,5304
146_0000,146_0000_153,256,90057,5064
146_0000,146_0000_154,256,89595,5156
146_0000,146_0000_155,256,88881,5920
146_0000,146_0000_156,256,88290,5228
146_0000,146_0000_157,256,87912,4332
146_0000,146_0000_158,256,86475,3168
146_0000,146_0000_159,256,86052,3768
146_0000,146_0000_160,256,86202,4200
146_0000,146_0000_161,256,86346,3392
146_0000,146_0000_162,256,86286,2752
146_0000,146_0000_163,256,85395,3008
146_0000,146_0000_164,256,84954,3148
146_0000,146_0000_165,256,84747,3236
146_0000,146_0000_166,256,84819,3988
146_0000,146_0000_167,256,84417,3812
146_0000,146_0000_168,256,83946,3312
146_0000,146_0000_169,256,83619,2796
146_0000,146_0000_170,256,82923,2540
146_0000,146_0000_171,256,81588,3344
146_0000,146_0000_172,256,80859,3508
146_0000,146_0000_173,256,80229,3536
146_0000,146_0000_174,256,80415,3328
146_0000,146_0000_175,256,80178,2040
146_0000,146_0000_176,256,79371,2520
146_0000,146_0000_177,256,78510,2920
146_0000,146_0000_178,256,78036,4448
146_0000,146_0000_179,256,77685,4388
146_0000,146_0000_180,256,77247,3488
146_0000,146_0000_181,256,76821,3576
146_0000,146_0000_182,256,76401,4324
146_0000,146_0000_183,256,76020,5084
146_0000,146_0000_184,256,75897,6492
146_0000,146_0000_185,256,75528,6060
146_0000,146_0000_186,256,75513,6600
146_0000,146_0000_187,256,75897,6552
146_0000,146_0000_188,256,75504,6848
146_0000,146_0000_189,256,75075,7708
146_0000,146_0000_190,256,74649,7924
146_0000,146_0000_191,256,74040,7468
146_0000,146_0000_192,256,73395,6424
146_0000,146_0000_193,256,72903,6260
146_0000,146_0000_194,256,72468,7384
146_0000,146_0000_195,256,72450,7148
146_0000,146_0000_196,256,72573,6572
146_0000,146_0000_197,256,72273,5988
146_0000,146_0000_198,256,71967,4860
146_0000,146_0000_199,256,71676,5328
146_0000,146_0000_200,256,71436,5052
146_0000,146_0000_201,256,71511,6096
146_0000,146_0000_202,256,71367,6720
146_0000,146_0000_203,256,70668,7204
146_0000,146_0000_204,256,70263,6700
146_0000,146_0000_205,256,69906,6636
146_0000,146_0000_206,256,69789,5632
146_0000,146_0000_207,256,69912,5816
146_0000,146_0000_208,256,69507,5724
146_0000,146_0000_209,256,69162,6356
146_0000,146_0000_210,256,68646,6460
146_0000,146_0000_211,256,68442,6040
146_0000,146_0000_212,256,68229,5240
146_0000,146_0000_213,256,67971,5140
146_0000,146_0000_214,256,67593,4896
146_0000,146_0000_215,256,67341,4932
146_0000,146_0000_216,256,67164,5140
146_0000,146_0000_217,256,67113,5028
146_0000,146_0000_218,256,66981,4760
146_0000,146_0000_219,256,66846,4136
146_0000,146_0000_220,256,66705,4752
146_0000,146_0000_221,256,66816,5180
146_0000,146_0000_222,256,66618,4776
146_0000,146_0000_223,256,66651,5204
146_0000,146_0000_224,256,66591,4352
146_0000,146_0000_225,256,66309,4048
146_0000,146_0000_226,256,66024,3916
146_0000,146_0000_227,256,66426,3276
146_0000,146_0000_228,256,66450,3032
146_0000,146_0000_229,256,66033,3452
146_0000,146_0000_230,256,65643,3456
146_0000,146_0000_231,256,65121,3456
146_0000,146_0000_232,256,64428,3100
146_0000,146_0000_233,256,63969,2828
146_0000,146_0000_234,256,63384,2840
146_0000,146_0000_235,256,62775,3232
146_0000,146_0000_236,256,62157,4708
146_0000,146_0000_237,256,61656,4828
146_0000,146_0000_238,256,60831,4636
146_0000,146_0000_239,256,60132,4860
146_0000,146_0000_240,256,59715,4540
146_0000,146_0000_241,256,58908,3932
146_0000,146_0000_242,256,58284,3368
146_0000,146_0000_243,256,57900,3372
146_0000,146_0000_244,256,57207,4112
146_0000,146_0000_245,256,56457,4964
146_0000,146_0000_246,256,55947,4860
146_0000,146_0000_247,256,55317,5104
146_0000,146_0000_248,256,54702,5248
146_0000,146_0000_249,256,54180,4592
146_0000,146_0000_250,256,53505,3712
146_0000,146_0000_251,256,52830,3552
146_0000,146_0000_252,256,52203,3656
146_0000,146_0000_253,256,51738,3700
146_0000,146_0000_254,256,51435,4524
146_0000,146_0000_255,256,51147,5296
146_0000,146_0000_256,256,50535,3900
146_0000,146_0000_257,256,49950,3020
146_0000,146_0000_258,256,49281,3384
146_0000,146_0000_259,256,48651,2924
146_0000,146_0000_260,256,48081,2564
146_0000,146_0000_261,256,47457,2396
146_0000,146_0000_262,256,46677,2136
146_0000,146_0000_263,256,45843,2828
146_0000,146_0000_264,256,45093,2996
146_0000,146_0000_265,256,44331,2592
146_0000,146_0000_266,256,43254,2500
146_0000,146_0000_267,256,42498,2992
146_0000,146_0000_268,256,41586,3184
146_0000,146_0000_269,256,40419,2984
146_0000,146_0000_270,256,39552,2296
146_0000,146_0000_271,256,38550,2184
146_0000,146_0000_272,256,37407,2236
146_0000,146_0000_273,256,36429,2292
146_0000,146_0000_274,256,35367,2368
146_0000,146_0000_275,256,34428,2284
146_0000,146_0000_276,256,33489,2224
146_0000,146_0000_277,256,32325,2368
146_0000,146_0000_278,256,31308,2536
146_0000,146_0000_279,256,30195,2684
146_0000,146_0000_280,256,29292,3016
146_0000,146_0000_281,256,28341,3608
146_0000,146_0000_282,256,27495,3588
146_0000,146_0000_283,256,26445,3160
146_0000,146_0000_284,256,25539,2804
146_0000,146_0000_285,256,24663,2600
146_0000,146_0000_286,256,23706,2728
146_0000,146_0000_287,256,22632,2916
146_0000,146_0000_288,256,21645,2776
146_0000,146_0000_289,256,20622,2948
146_0000,146_0000_290,256,19563,2300
146_0000,146_0000_291,256,18756,2240
146_0000,146_0000_292,256,17775,1968
146_0000,146_0000_293,256,16992,1840
146_0000,146_0000_294,256,16248,2228
146_0000,146_0000_295,256,15354,2308
146_0000,146_0000_296,256,14370,2072
146_0000,146_0000_297,256,13491,2100
146_0000,146_0000_298,256,12588,2184
146_0000,146_0000_299,256,11586,2248
146_0000,146_0000_300,256,10584,2236
146_0000,146_0000_301,256,9720,1640
146_0000,146_0000_302,256,8958,1696
146_0000,146_0000_303,256,8295,1476
146_0000,146_0000_304,256,7326,1452
146_0000,146_0000_305,256,6309,1596
146_0000,146_0000_306,256,5598,1668
146_0000,146_0000_307,256,4965,1540
146_0000,146_0000_308,256,4161,1524
146_0000,146_0000_309,256,3753,1428
146_0000,146_0000_310,256,3270,1260
146_0000,146_0000_311,256,2805,1084
146_0000,146_0000_312,256,2496,960
146_0000,146_0000_313,256,2049,788
146_0000,146_0000_314,256,1431,612
146_0000,146_0000_315,256,849,388
161_0000,161_0000_048,256,36,0
161_0000,161_0000_049,256,123,0
161_0000,161_0000_050,256,183,32
161_0000,161_0000_051,256,213,40
161_0000,161_0000_052,256,312,76
161_0000,161_0000_053,256,579,240
161_0000,161_0000_054,256,909,420
161_0000,161_0000_055,256,1194,544
161_0000,161_0000_056,256,1587,596
161_0000,161_0000_057,256,1905,728
161_0000,161_0000_058,256,2226,840
161_0000,161_0000_059,256,2607,1008
161_0000,161_0000_060,256,3105,1148
161_0000,161_0000_061,256,3471,1104
161_0000,161_0000_062,256,3765,1120
161_0000,161_0000_063,256,4041,1128
161_0000,161_0000_064,256,4518,1252
161_0000,161_0000_065,256,5013,1196
161_0000,161_0000_066,256,5544,1188
161_0000,161_0000_067,256,6045,1552
161_0000,161_0000_068,256,6498,1284
161_0000,161_0000_069,256,7149,1560
161_0000,161_0000_070,256,7872,1292
161_0000,161_0000_071,256,8409,1648
161_0000,161_0000_072,256,8967,2208
161_0000,161_0000_073,256,9489,2520
161_0000,161_0000_074,256,10176,2820
161_0000,161_0000_075,256,11109,3212
161_0000,161_0000_076,256,11667,3484
161_0000,161_0000_077,256,12339,3572
161_0000,161_0000_078,256,13197,3760
161_0000,161_0000_079,256,13992,4172
161_0000,161_0000_080,256,15033,4716
161_0000,161_0000_081,256,15942,4896
161_0000,161_0000_082,256,16749,5176
161_0000,161_0000_083,256,17550,5384
161_0000,161_0000_084,256,18465,5744
161_0000,161_0000_085,256,19539,6292
161_0000,161_0000_086,256,20688,6592
161_0000,161_0000_087,256,21765,6624
161_0000,161_0000_088,256,22620,6800
161_0000,161_0000_089,256,23688,7108
161_0000,161_0000_090,256,24852,6600
161_0000,161_0000_091,256,25740,5616
161_0000,161_0000_092,256,26850,4496
161_0000,161_0000_093,256,28233,4628
161_0000,161_0000_094,256,29904,5228
161_0000,161_0000_095,256,31473,6540
161_0000,161_0000_096,256,33102,8356
161_0000,161_0000_097,256,34233,8832
161_0000,161_0000_098,256,35382,8952
161_0000,161_0000_099,256,37032,8548
161_0000,161_0000_100,256,38481,8744
161_0000,161_0000_101,256,40296,8700
161_0000,161_0000_102,256,42327,7864
161_0000,161_0000_103,256,43770,7156
161_0000,161_0000_104,256,44820,7108
161_0000,161_0000_105,256,46050,7468
161_0000,161_0000_106,256,47091,7908
161_0000,161_0000_107,256,48105,7892
161_0000,161_0000_108,256,49422,7180
161_0000,161_0000_109,256,50214,7112
161_0000,161_0000_110,256,50910,7144
161_0000,161_0000_111,256,51405,8580
161_0000,161_0000_112,256,51795,8308
161_0000,161_0000_113,256,52269,5976
161_0000,161_0000_114,256,52986,5096
161_0000,161_0000_115,256,53586,4912
161_0000,161_0000_116,256,54414,5492
161_0000,161_0000_117,256,55293,6484
161_0000,161_0000_118,256,55872,7556
161_0000,161_0000_119,256,56895,7008
161_0000,161_0000_120,256,57975,7796
161_0000,161_0000_121,256,59082,8704
161_0000,161_0000_122,256,60507,7760
161_0000,161_0000_123,256,61869,7468
161_0000,161_0000_124,256,63168,6576
161_0000,161_0000_125,256,64368,6552
161_0000,161_0000_126,256,65469,6992
161_0000,161_0000_127,256,66324,6232
161_0000,161_0000_128,256,67452,5144
161_0000,161_0000_129,256,68538,5316
161_0000,161_0000_130,256,69447,5384
161_0000,161_0000_131,256,70833,5044
161_0000,161_0000_132,256,72351,4224
161_0000,161_0000_133,256,73713,3204
161_0000,161_0000_134,256,75513,3232
161_0000,161_0000_135,256,77721,4244
161_0000,161_0000_136,256,78732,4200
161_0000,161_0000_137,256,79059,4240
161_0000,161_0000_138,256,79455,3928
161_0000,161_0000_139,256,79740,4168
161_0000,161_0000_140,256,79953,3752
161_0000,161_0000_141,256,80070,3192
161_0000,161_0000_142,256,80193,2880
161_0000,161_0000_143,256,80715,2940
161_0000,161_0000_144,256,80892,3096
161_0000,161_0000_145,256,80904,2712
161_0000,161_0000_146,256,80952,2496
161_0000,161_0000_147,256,81189,2456
161_0000,161_0000_148,256,81300,2572
161_0000,161_0000_149,256,81552,2676
161_0000,161_0000_150,256,81978,3100
161_0000,161_0000_151,256,82044,4152
161_0000,161_0000_152,256,82281,4128
161_0000,161_0000_153,256,82677,4368
161_0000,161_0000_154,256,82716,4296
161_0000,161_0000_155,256,82908,3600
161_0000,161_0000_156,256,82992,3988
161_0000,161_0000_157,256,82911,4124
161_0000,161_0000_158,256,83586,3992
161_0000,161_0000_159,256,83844,4132
161_0000,161_0000_160,256,84117,4320
161_0000,161_0000_161,256,84807,3648
161_0000,161_0000_162,256,84918,3516
161_0000,161_0000_163,256,85062,3664
161_0000,161_0000_164,256,85227,3712
161_0000,161_0000_165,256,85200,3916
161_0000,161_0000_166,256,84504,3984
161_0000,161_0000_167,256,84978,3744
161_0000,161_0000_168,256,85239,3384
161_0000,161_0000_169,256,85191,3360
161_0000,161_0000_170,256,85668,3860
161_0000,161_0000_171,256,86034,3840
161_0000,161_0000_172,256,86253,4048
161_0000,161_0000_173,256,86655,3488
161_0000,161_0000_174,256,86892,3432
161_0000,161_0000_175,256,87090,3636
161_0000,161_0000_176,256,87528,4040
161_0000,161_0000_177,256,87996,3936
161_0000,161_0000_178,256,88440,3384
161_0000,161_0000_179,256,89178,3148
161_0000,161_0000_180,256,89679,2980
161_0000,161_0000_181,256,90132,3288
161_0000,161_0000_182,256,90756,3176
161_0000,161_0000_183,256,91233,3060
161_0000,161_0000_184,256,91710,2756
161_0000,161_0000_185,256,92235,2932
161_0000,161_0000_186,256,92289,3120
161_0000,161_0000_187,256,92583,2616
161_0000,161_0000_188,256,92721,2668
161_0000,161_0000_189,256,92184,3444
161_0000,161_0000_190,256,92088,3064
161_0000,161_0000_191,256,92493,3336
161_0000,161_0000_192,256,93006,4000
161_0000,161_0000_193,256,93669,4516
161_0000,161_0000_194,256,94824,4044
161_0000,161_0000_195,256,95304,4188
161_0000,161_0000_196,256,95721,3728
161_0000,161_0000_197,256,96165,3984
161_0000,161_0000_198,256,95805,4016
161_0000,161_0000_199,256,94998,3732
161_0000,161_0000_200,256,95094,3712
161_0000,161_0000_201,256,95157,3824
161_0000,161_0000_202,256,94995,3716
161_0000,161_0000_203,256,95175,3808
161_0000,161_0000_204,256,94770,4036
161_0000,161_0000_205,256,94458,4004
161_0000,161_0000_206,256,94377,3816
161_0000,161_0000_207,256,93909,4376
161_0000,161_0000_208,256,93672,4476
161_0000,161_0000_209,256,93873,3964
161_0000,161_0000_210,256,93918,3124
161_0000,161_0000_211,256,94035,2944
161_0000,161_0000_212,256,94110,2896
161_0000,161_0000_213,256,94053,3308
161_0000,161_0000_214,256,93855,3880
161_0000,161_0000_215,256,93909,3444
161_0000,161_0000_216,256,93852,3336
161_0000,161_0000_217,256,93855,3120
161_0000,161_0000_218,256,94035,3236
161_0000,161_0000_219,256,93720,2896
161_0000,161_0000_220,256,93471,2760
161_0000,161_0000_221,256,93564,2720
161_0000,161_0000_222,256,93735,2644
161_0000,161_0000_223,256,93993,3548
161_0000,161_0000_224,256,93978,3184
161_0000,161_0000_225,256,93897,2612
161_0000,161_0000_226,256,93933,2544
161_0000,161_0000_227,256,94044,2212
161_0000,161_0000_228,256,94125,1964
161_0000,161_0000_229,256,93945,1744
161_0000,161_0000_230,256,94251,1868
161_0000,161_0000_231,256,94293,2084
161_0000,161_0000_232,256,94554,2024
161_0000,161_0000_233,256,94941,1352
161_0000,161_0000_234,256,95406,976
161_0000,161_0000_235,256,95427,1408
161_0000,161_0000_236,256,95787,1608
161_0000,161_0000_237,256,96135,2236
161_0000,161_0000_238,256,95949,2008
161_0000,161_0000_239,256,95880,1940
161_0000,161_0000_240,256,96012,2172
161_0000,161_0000_241,256,95919,2196
161_0000,161_0000_242,256,96144,2184
161_0000,161_0000_243,256,95970,2400
161_0000,161_0000_244,256,95688,1836
161_0000,161_0000_245,256,95709,1740
161_0000,161_0000_246,256,95538,2196
161_0000,161_0000_247,256,95403,2464
161_0000,161_0000_248,256,95631,2592
161_0000,161_0000_249,256,95544,2264
161_0000,161_0000_250,256,95307,1968
161_0000,161_0000_251,256,94941,2012
161_0000,161_0000_252,256,94374,1972
161_0000,161_0000_253,256,94029,2304
161_0000,161_0000_254,256,93744,2292
161_0000,161_0000_255,256,93870,2540
161_0000,161_0000_256,256,93672,2668
161_0000,161_0000_257,256,93846,2784
161_0000,161_0000_258,256,93912,2684
161_0000,161_0000_259,256,93669,2412
161_0000,161_0000_260,256,93756,1852
161_0000,161_0000_261,256,93441,2392
161_0000,161_0000_262,256,92757,2396
161_0000,161_0000_263,256,92256,2288
161_0000,161_0000_264,256,91899,2152
161_0000,161_0000_265,256,91422,2028
161_0000,161_0000_266,256,90927,2060
161_0000,161_0000_267,256,90279,1732
161_0000,161_0000_268,256,89643,1788
161_0000,161_0000_269,256,89157,2124
161_0000,161_0000_270,256,88533,2156
161_0000,161_0000_271,256,88077,1796
161_0000,161_0000_272,256,87570,1768
161_0000,161_0000_273,256,86991,1736
161_0000,161_0000_274,256,86268,1068
161_0000,161_0000_275,256,85656,1200
161_0000,161_0000_276,256,84978,1520
161_0000,161_0000_277,256,84204,2028
161_0000,161_0000_278,256,83640,2180
161_0000,161_0000_279,256,83163,1844
161_0000,161_0000_280,256,82215,2120
161_0000,161_0000_281,256,81642,1896
161_0000,161_0000_282,256,81051,1532
161_0000,161_0000_283,256,80199,1380
161_0000,161_0000_284,256,79695,1688
161_0000,161_0000_285,256,79089,2116
161_0000,161_0000_286,256,78432,1992
161_0000,161_0000_287,256,77856,2128
161_0000,161_0000_288,256,77214,2656
161_0000,161_0000_289,256,76620,2716
161_0000,161_0000_290,256,76068,2608
161_0000,161_0000_291,256,75435,2728
161_0000,161_0000_292,256,74874,2704
161_0000,161_0000_293,256,74343,2548
161_0000,161_0000_294,256,73686,2292
161_0000,161_0000_295,256,72888,1840
161_0000,161_0000_296,256,72354,1768
161_0000,161_0000_297,256,71952,2048
161_0000,161_0000_298,256,71349,1956
161_0000,161_0000_299,256,70884,2148
161_0000,161_0000_300,256,70449,2436
161_0000,161_0000_301,256,69954,2464
161_0000,161_0000_302,256,69555,1912
161_0000,161_0000_303,256,69006,1852
161_0000,161_0000_304,256,68565,2188
161_0000,161_0000_305,256,68151,2296
161_0000,161_0000_306,256,67719,2444
161_0000,161_0000_307,256,67029,2064
161_0000,161_0000_308,256,66459,2388
161_0000,161_0000_309,256,65919,2812
161_0000,161_0000_310,256,65511,2788
161_0000,161_0000_311,256,65166,3028
161_0000,161_0000_312,256,64530,3112
161_0000,161_0000_313,256,63780,2992
161_0000,161_0000_314,256,63132,3188
161_0000,161_0000_315,256,62172,3372
161_0000,161_0000_316,256,61392,3036
161_0000,161_0000_317,256,60741,2760
161_0000,161_0000_318,256,59970,2604
161_0000,161_0000_319,256,58932,3184
161_0000,161_0000_320,256,58113,3488
161_0000,161_0000_321,256,57102,3632
161_0000,161_0000_322,256,56046,3316
161_0000,161_0000_323,256,55179,2904
161_0000,161_0000_324,256,54186,2480
161_0000,161_0000_325,256,53331,2440
161_0000,161_0000_326,256,52422,2832
161_0000,161_0000_327,256,51546,2636
161_0000,161_0000_328,256,50598,2512
161_0000,161_0000_329,256,49758,2564
161_0000,161_0000_330,256,48876,2328
161_0000,161_0000_331,256,48264,1836
161_0000,161_0000_332,256,47502,1888
161_0000,161_0000_333,256,46668,2132
161_0000,161_0000_334,256,45876,2380
161_0000,161_0000_335,256,44988,2148
161_0000,161_0000_336,256,44277,1888
161_0000,161_0000_337,256,43503,1776
161_0000,161_0000_338,256,42798,1992
161_0000,161_0000_339,256,42084,2508
161_0000,161_0000_340,256,41286,2356
161_0000,161_0000_341,256,40398,2208
161_0000,161_0000_342,256,39567,2020
161_0000,161_0000_343,256,38652,2192
161_0000,161_0000_344,256,37986,2168
161_0000,161_0000_345,256,37086,1672
161_0000,161_0000_346,256,36087,1992
161_0000,161_0000_347,256,35436,2204
161_0000,161_0000_348,256,34626,2232
161_0000,161_0000_349,256,33807,2396
161_0000,161_0000_350,256,32982,2148
161_0000,161_0000_351,256,32031,1692
161_0000,161_0000_352,256,30969,1632
161_0000,161_0000_353,256,29949,1560
161_0000,161_0000_354,256,28815,1584
161_0000,161_0000_355,256,27732,1512
161_0000,161_0000_356,256,26769,1792
161_0000,161_0000_357,256,25752,2152
161_0000,161_0000_358,256,24621,1820
161_0000,161_0000_359,256,23754,2164
161_0000,161_0000_360,256,22887,1864
161_0000,161_0000_361,256,21813,1504
161_0000,161_0000_362,256,20613,1636
161_0000,161_0000_363,256,19452,1864
161_0000,161_0000_364,256,18390,1744
161_0000,161_0000_365,256,17370,1400
161_0000,161_0000_366,256,16251,1500
161_0000,161_0000_367,256,15063,1584
161_0000,161_0000_368,256,13887,1108
161_0000,161_0000_369,256,12519,480
161_0000,161_0000_370,256,11076,596
161_0000,161_0000_371,256,9924,848
161_0000,161_0000_372,256,8766,460
161_0000,161_0000_373,256,7272,768
161_0000,161_0000_374,256,5604,716
161_0000,161_0000_375,256,4581,864
161_0000,161_0000_376,256,3843,864
161_0000,161_0000_377,256,3393,808
161_0000,161_0000_378,256,2949,804
161_0000,161_0000_379,256,1623,388
