Case,ID,size,pixel_num_lung,pixel_num_fibrosis
1_0000,1_0000_000,256,0,0
1_0000,1_0000_001,256,0,0
1_0000,1_0000_002,256,0,0
1_0000,1_0000_003,256,0,0
1_0000,1_0000_004,256,0,0
1_0000,1_0000_005,256,0,0
1_0000,1_0000_006,256,0,0
1_0000,1_0000_007,256,0,0
1_0000,1_0000_008,256,0,0
1_0000,1_0000_009,256,0,0
1_0000,1_0000_010,256,0,0
1_0000,1_0000_011,256,0,0
1_0000,1_0000_012,256,0,0
1_0000,1_0000_013,256,0,0
1_0000,1_0000_014,256,0,0
1_0000,1_0000_015,256,0,0
1_0000,1_0000_016,256,0,0
1_0000,1_0000_017,256,0,0
1_0000,1_0000_018,256,0,0
1_0000,1_0000_019,256,0,0
1_0000,1_0000_020,256,0,0
1_0000,1_0000_021,256,0,0
1_0000,1_0000_022,256,0,0
1_0000,1_0000_023,256,0,0
1_0000,1_0000_024,256,0,0
1_0000,1_0000_025,256,0,0
1_0000,1_0000_026,256,0,0
1_0000,1_0000_027,256,0,0
1_0000,1_0000_028,256,0,0
1_0000,1_0000_029,256,0,0
1_0000,1_0000_030,256,0,0
1_0000,1_0000_031,256,0,0
1_0000,1_0000_032,256,0,0
1_0000,1_0000_033,256,0,0
1_0000,1_0000_034,256,0,0
1_0000,1_0000_035,256,0,0
1_0000,1_0000_036,256,0,0
1_0000,1_0000_037,256,0,0
1_0000,1_0000_038,256,0,0
1_0000,1_0000_039,256,0,0
1_0000,1_0000_040,256,0,0
1_0000,1_0000_041,256,0,0
1_0000,1_0000_042,256,0,0
1_0000,1_0000_043,256,0,0
1_0000,1_0000_044,256,18,44
1_0000,1_0000_045,256,99,312
1_0000,1_0000_046,256,147,308
1_0000,1_0000_047,256,162,312
1_0000,1_0000_048,256,198,332
1_0000,1_0000_049,256,249,348
1_0000,1_0000_050,256,282,356
1_0000,1_0000_051,256,339,440
1_0000,1_0000_052,256,381,440
1_0000,1_0000_053,256,456,460
1_0000,1_0000_054,256,522,604
1_0000,1_0000_055,256,627,468
1_0000,1_0000_056,256,780,496
1_0000,1_0000_057,256,936,456
1_0000,1_0000_058,256,1032,480
1_0000,1_0000_059,256,1245,588
1_0000,1_0000_060,256,1503,404
1_0000,1_0000_061,256,1803,728
1_0000,1_0000_062,256,2055,1024
1_0000,1_0000_063,256,2364,1072
1_0000,1_0000_064,256,2652,1372
1_0000,1_0000_065,256,3039,1384
1_0000,1_0000_066,256,3327,1652
1_0000,1_0000_067,256,3615,1728
1_0000,1_0000_068,256,3861,1540
1_0000,1_0000_069,256,4185,1544
1_0000,1_0000_070,256,4536,1768
1_0000,1_0000_071,256,4860,1960
1_0000,1_0000_072,256,5253,2264
1_0000,1_0000_073,256,5694,2284
1_0000,1_0000_074,256,6177,2060
1_0000,1_0000_075,256,6642,1856
1_0000,1_0000_076,256,7140,2352
1_0000,1_0000_077,256,7659,2588
1_0000,1_0000_078,256,8229,2528
1_0000,1_0000_079,256,8817,2616
1_0000,1_0000_080,256,9447,2712
1_0000,1_0000_081,256,10050,2696
1_0000,1_0000_082,256,10605,2760
1_0000,1_0000_083,256,11538,2692
1_0000,1_0000_084,256,12357,2940
1_0000,1_0000_085,256,12903,2812
1_0000,1_0000_086,256,13542,3012
1_0000,1_0000_087,256,14295,3116
1_0000,1_0000_088,256,14955,2948
1_0000,1_0000_089,256,15624,3724
1_0000,1_0000_090,256,16323,4068
1_0000,1_0000_091,256,17004,3928
1_0000,1_0000_092,256,17625,3944
1_0000,1_0000_093,256,18345,4728
1_0000,1_0000_094,256,19059,5304
1_0000,1_0000_095,256,19734,5104
1_0000,1_0000_096,256,20352,4956
1_0000,1_0000_097,256,21075,5216
1_0000,1_0000_098,256,21933,5100
1_0000,1_0000_099,256,22752,4756
1_0000,1_0000_100,256,23562,4444
1_0000,1_0000_101,256,24399,4736
1_0000,1_0000_102,256,25176,5132
1_0000,1_0000_103,256,25920,5096
1_0000,1_0000_104,256,27006,5180
1_0000,1_0000_105,256,27741,5588
1_0000,1_0000_106,256,28548,5976
1_0000,1_0000_107,256,29616,6188
1_0000,1_0000_108,256,30519,7536
1_0000,1_0000_109,256,31422,6964
1_0000,1_0000_110,256,32184,6912
1_0000,1_0000_111,256,32841,7236
1_0000,1_0000_112,256,33438,7256
1_0000,1_0000_113,256,33924,6156
1_0000,1_0000_114,256,34272,5780
1_0000,1_0000_115,256,34551,5936
1_0000,1_0000_116,256,34752,5484
1_0000,1_0000_117,256,34743,4692
1_0000,1_0000_118,256,34743,5020
1_0000,1_0000_119,256,34962,5584
1_0000,1_0000_120,256,35100,4288
1_0000,1_0000_121,256,35238,3960
1_0000,1_0000_122,256,35409,3800
1_0000,1_0000_123,256,35625,3236
1_0000,1_0000_124,256,35868,4012
1_0000,1_0000_125,256,36060,3980
1_0000,1_0000_126,256,36231,3604
1_0000,1_0000_127,256,36432,3492
1_0000,1_0000_128,256,36639,3192
1_0000,1_0000_129,256,36972,3312
1_0000,1_0000_130,256,37293,2744
1_0000,1_0000_131,256,37473,2924
1_0000,1_0000_132,256,37686,3376
1_0000,1_0000_133,256,38061,3376
1_0000,1_0000_134,256,38430,3184
1_0000,1_0000_135,256,38676,3860
1_0000,1_0000_136,256,38934,3372
1_0000,1_0000_137,256,39132,3360
1_0000,1_0000_138,256,39450,2436
1_0000,1_0000_139,256,39750,2600
1_0000,1_0000_140,256,39957,3060
1_0000,1_0000_141,256,40104,3364
1_0000,1_0000_142,256,40395,3592
1_0000,1_0000_143,256,40746,4144
1_0000,1_0000_144,256,41217,3244
1_0000,1_0000_145,256,41697,2256
1_0000,1_0000_146,256,42048,2384
1_0000,1_0000_147,256,42495,2776
1_0000,1_0000_148,256,42963,3164
1_0000,1_0000_149,256,43626,4328
1_0000,1_0000_150,256,44193,4052
1_0000,1_0000_151,256,44553,3744
1_0000,1_0000_152,256,44973,2240
1_0000,1_0000_153,256,45447,1648
1_0000,1_0000_154,256,45837,2152
1_0000,1_0000_155,256,46170,2180
1_0000,1_0000_156,256,46566,2548
1_0000,1_0000_157,256,46950,2748
1_0000,1_0000_158,256,47547,2808
1_0000,1_0000_159,256,48192,2248
1_0000,1_0000_160,256,48660,2696
1_0000,1_0000_161,256,49224,3088
1_0000,1_0000_162,256,50082,2876
1_0000,1_0000_163,256,51093,2400
1_0000,1_0000_164,256,51822,2408
1_0000,1_0000_165,256,51822,2004
1_0000,1_0000_166,256,51723,1296
1_0000,1_0000_167,256,51717,1888
1_0000,1_0000_168,256,51678,2088
1_0000,1_0000_169,256,51762,2144
1_0000,1_0000_170,256,51741,3956
1_0000,1_0000_171,256,51708,3276
1_0000,1_0000_172,256,51687,2856
1_0000,1_0000_173,256,51597,3068
1_0000,1_0000_174,256,51585,2680
1_0000,1_0000_175,256,51507,1736
1_0000,1_0000_176,256,51537,2132
1_0000,1_0000_177,256,51603,1880
1_0000,1_0000_178,256,51558,1772
1_0000,1_0000_179,256,51498,1600
1_0000,1_0000_180,256,51390,1244
1_0000,1_0000_181,256,51321,1148
1_0000,1_0000_182,256,51381,1692
1_0000,1_0000_183,256,51570,1276
1_0000,1_0000_184,256,51720,2336
1_0000,1_0000_185,256,51615,2360
1_0000,1_0000_186,256,51630,1300
1_0000,1_0000_187,256,51636,1376
1_0000,1_0000_188,256,51606,1376
1_0000,1_0000_189,256,51711,1624
1_0000,1_0000_190,256,51780,1788
1_0000,1_0000_191,256,51579,1832
1_0000,1_0000_192,256,51489,1460
1_0000,1_0000_193,256,51327,1072
1_0000,1_0000_194,256,51234,1040
1_0000,1_0000_195,256,51111,880
1_0000,1_0000_196,256,51069,764
1_0000,1_0000_197,256,51171,580
1_0000,1_0000_198,256,51234,548
1_0000,1_0000_199,256,51438,588
1_0000,1_0000_200,256,51498,1176
1_0000,1_0000_201,256,51582,1008
1_0000,1_0000_202,256,51840,584
1_0000,1_0000_203,256,51852,704
1_0000,1_0000_204,256,51969,524
1_0000,1_0000_205,256,51777,512
1_0000,1_0000_206,256,51654,648
1_0000,1_0000_207,256,51669,824
1_0000,1_0000_208,256,51651,772
1_0000,1_0000_209,256,51723,1272
1_0000,1_0000_210,256,51825,1356
1_0000,1_0000_211,256,52041,940
1_0000,1_0000_212,256,52137,508
1_0000,1_0000_213,256,52326,400
1_0000,1_0000_214,256,52728,664
1_0000,1_0000_215,256,53262,596
1_0000,1_0000_216,256,53487,412
1_0000,1_0000_217,256,53721,520
1_0000,1_0000_218,256,53796,572
1_0000,1_0000_219,256,53898,468
1_0000,1_0000_220,256,54027,716
1_0000,1_0000_221,256,53922,732
1_0000,1_0000_222,256,53763,880
1_0000,1_0000_223,256,53442,1804
1_0000,1_0000_224,256,53421,1912
1_0000,1_0000_225,256,53424,1528
1_0000,1_0000_226,256,53784,1664
1_0000,1_0000_227,256,54138,1652
1_0000,1_0000_228,256,54474,1924
1_0000,1_0000_229,256,54483,1808
1_0000,1_0000_230,256,54471,1516
1_0000,1_0000_231,256,54465,1748
1_0000,1_0000_232,256,54510,1836
1_0000,1_0000_233,256,54504,1176
1_0000,1_0000_234,256,54843,1084
1_0000,1_0000_235,256,54915,1152
1_0000,1_0000_236,256,54744,1356
1_0000,1_0000_237,256,54507,1264
1_0000,1_0000_238,256,54474,972
1_0000,1_0000_239,256,54594,692
1_0000,1_0000_240,256,54321,500
1_0000,1_0000_241,256,54078,624
1_0000,1_0000_242,256,53865,964
1_0000,1_0000_243,256,53928,884
1_0000,1_0000_244,256,54042,1192
1_0000,1_0000_245,256,53961,1220
1_0000,1_0000_246,256,54084,840
1_0000,1_0000_247,256,54171,896
1_0000,1_0000_248,256,54360,1452
1_0000,1_0000_249,256,54501,1240
1_0000,1_0000_250,256,54444,1492
1_0000,1_0000_251,256,54492,1604
1_0000,1_0000_252,256,54333,1252
1_0000,1_0000_253,256,54192,1580
1_0000,1_0000_254,256,54228,1608
1_0000,1_0000_255,256,54381,1304
1_0000,1_0000_256,256,54348,544
1_0000,1_0000_257,256,54246,748
1_0000,1_0000_258,256,54240,796
1_0000,1_0000_259,256,54102,848
1_0000,1_0000_260,256,53901,1212
1_0000,1_0000_261,256,53802,1420
1_0000,1_0000_262,256,53628,2024
1_0000,1_0000_263,256,53745,2228
1_0000,1_0000_264,256,53715,2632
1_0000,1_0000_265,256,53733,2028
1_0000,1_0000_266,256,53712,1484
1_0000,1_0000_267,256,53775,1228
1_0000,1_0000_268,256,53826,1184
1_0000,1_0000_269,256,53745,724
1_0000,1_0000_270,256,53667,696
1_0000,1_0000_271,256,53607,456
1_0000,1_0000_272,256,53526,468
1_0000,1_0000_273,256,53469,344
1_0000,1_0000_274,256,53388,396
1_0000,1_0000_275,256,53259,292
1_0000,1_0000_276,256,53205,980
1_0000,1_0000_277,256,53046,548
1_0000,1_0000_278,256,52881,224
1_0000,1_0000_279,256,52812,168
1_0000,1_0000_280,256,52728,144
1_0000,1_0000_281,256,52722,212
1_0000,1_0000_282,256,52710,84
1_0000,1_0000_283,256,52761,248
1_0000,1_0000_284,256,52875,12
1_0000,1_0000_285,256,53124,8
1_0000,1_0000_286,256,53169,20
1_0000,1_0000_287,256,53157,280
1_0000,1_0000_288,256,53106,432
1_0000,1_0000_289,256,52986,408
1_0000,1_0000_290,256,52962,420
1_0000,1_0000_291,256,52899,464
1_0000,1_0000_292,256,52716,364
1_0000,1_0000_293,256,52434,312
1_0000,1_0000_294,256,52251,320
1_0000,1_0000_295,256,52140,448
1_0000,1_0000_296,256,51846,460
1_0000,1_0000_297,256,51726,388
1_0000,1_0000_298,256,51618,448
1_0000,1_0000_299,256,51387,528
1_0000,1_0000_300,256,51198,416
1_0000,1_0000_301,256,50949,452
1_0000,1_0000_302,256,50772,620
1_0000,1_0000_303,256,50685,1152
1_0000,1_0000_304,256,50619,816
1_0000,1_0000_305,256,50469,892
1_0000,1_0000_306,256,50205,1016
1_0000,1_0000_307,256,50028,1188
1_0000,1_0000_308,256,49800,1404
1_0000,1_0000_309,256,49506,1248
1_0000,1_0000_310,256,49275,1264
1_0000,1_0000_311,256,48957,1148
1_0000,1_0000_312,256,48561,964
1_0000,1_0000_313,256,48210,832
1_0000,1_0000_314,256,47901,612
1_0000,1_0000_315,256,47517,532
1_0000,1_0000_316,256,46926,504
1_0000,1_0000_317,256,46680,368
1_0000,1_0000_318,256,46278,132
1_0000,1_0000_319,256,46092,204
1_0000,1_0000_320,256,45771,440
1_0000,1_0000_321,256,45492,536
1_0000,1_0000_322,256,45237,272
1_0000,1_0000_323,256,44892,72
1_0000,1_0000_324,256,44547,204
1_0000,1_0000_325,256,44097,124
1_0000,1_0000_326,256,43773,52
1_0000,1_0000_327,256,43443,628
1_0000,1_0000_328,256,43173,1372
1_0000,1_0000_329,256,42891,1668
1_0000,1_0000_330,256,42648,1680
1_0000,1_0000_331,256,42321,1348
1_0000,1_0000_332,256,41931,1592
1_0000,1_0000_333,256,41655,976
1_0000,1_0000_334,256,41418,824
1_0000,1_0000_335,256,40977,608
1_0000,1_0000_336,256,40728,0
1_0000,1_0000_337,256,40437,0
1_0000,1_0000_338,256,40197,0
1_0000,1_0000_339,256,39969,0
1_0000,1_0000_340,256,39726,104
1_0000,1_0000_341,256,39393,360
1_0000,1_0000_342,256,39144,416
1_0000,1_0000_343,256,38823,592
1_0000,1_0000_344,256,38490,528
1_0000,1_0000_345,256,38025,196
1_0000,1_0000_346,256,37626,164
1_0000,1_0000_347,256,37182,200
1_0000,1_0000_348,256,36675,160
1_0000,1_0000_349,256,36108,204
1_0000,1_0000_350,256,35517,168
1_0000,1_0000_351,256,35052,284
1_0000,1_0000_352,256,34473,316
1_0000,1_0000_353,256,34017,608
1_0000,1_0000_354,256,33474,568
1_0000,1_0000_355,256,33030,396
1_0000,1_0000_356,256,32343,404
1_0000,1_0000_357,256,31779,384
1_0000,1_0000_358,256,31164,320
1_0000,1_0000_359,256,30612,464
1_0000,1_0000_360,256,30033,448
1_0000,1_0000_361,256,29508,184
1_0000,1_0000_362,256,28941,584
1_0000,1_0000_363,256,28296,536
1_0000,1_0000_364,256,27585,552
1_0000,1_0000_365,256,27009,428
1_0000,1_0000_366,256,26412,500
1_0000,1_0000_367,256,25725,428
1_0000,1_0000_368,256,25107,392
1_0000,1_0000_369,256,24600,264
1_0000,1_0000_370,256,23973,176
1_0000,1_0000_371,256,23211,128
1_0000,1_0000_372,256,22578,88
1_0000,1_0000_373,256,21888,240
1_0000,1_0000_374,256,21297,276
1_0000,1_0000_375,256,20694,0
1_0000,1_0000_376,256,20070,0
1_0000,1_0000_377,256,19422,132
1_0000,1_0000_378,256,18771,0
1_0000,1_0000_379,256,18162,176
1_0000,1_0000_380,256,17535,60
1_0000,1_0000_381,256,16773,84
1_0000,1_0000_382,256,15999,24
1_0000,1_0000_383,256,15288,204
1_0000,1_0000_384,256,14529,180
1_0000,1_0000_385,256,13800,136
1_0000,1_0000_386,256,13050,168
1_0000,1_0000_387,256,12378,256
1_0000,1_0000_388,256,11688,344
1_0000,1_0000_389,256,10965,220
1_0000,1_0000_390,256,10209,284
1_0000,1_0000_391,256,9405,664
1_0000,1_0000_392,256,8679,1200
1_0000,1_0000_393,256,7683,708
1_0000,1_0000_394,256,6819,888
1_0000,1_0000_395,256,6090,1564
1_0000,1_0000_396,256,5463,1496
1_0000,1_0000_397,256,4860,1460
1_0000,1_0000_398,256,3810,1280
1_0000,1_0000_399,256,3249,1776
1_0000,1_0000_400,256,2256,1288
1_0000,1_0000_401,256,666,236
1_0000,1_0000_402,256,234,176
1_0000,1_0000_403,256,0,0
1_0000,1_0000_404,256,0,0
1_0000,1_0000_405,256,0,0
1_0000,1_0000_406,256,0,0
1_0000,1_0000_407,256,0,0
1_0000,1_0000_408,256,0,0
1_0000,1_0000_409,256,0,0
1_0000,1_0000_410,256,0,0
1_0000,1_0000_411,256,0,0
1_0000,1_0000_412,256,0,0
1_0000,1_0000_413,256,0,0
1_0000,1_0000_414,256,0,0
1_0000,1_0000_415,256,0,0
1_0000,1_0000_416,256,0,0
1_0000,1_0000_417,256,0,0
1_0000,1_0000_418,256,0,0
1_0000,1_0000_419,256,0,0
1_0000,1_0000_420,256,0,0
1_0000,1_0000_421,256,0,0
1_0000,1_0000_422,256,0,0
2_0000,2_0000_000,256,0,0
2_0000,2_0000_001,256,0,0
2_0000,2_0000_002,256,0,0
2_0000,2_0000_003,256,0,0
2_0000,2_0000_004,256,0,0
2_0000,2_0000_005,256,0,0
2_0000,2_0000_006,256,0,0
2_0000,2_0000_007,256,0,0
2_0000,2_0000_008,256,0,0
2_0000,2_0000_009,256,0,0
2_0000,2_0000_010,256,0,0
2_0000,2_0000_011,256,0,0
2_0000,2_0000_012,256,0,0
2_0000,2_0000_013,256,0,0
2_0000,2_0000_014,256,0,0
2_0000,2_0000_015,256,0,0
2_0000,2_0000_016,256,0,0
2_0000,2_0000_017,256,0,0
2_0000,2_0000_018,256,0,0
2_0000,2_0000_019,256,0,0
2_0000,2_0000_020,256,0,0
2_0000,2_0000_021,256,0,0
2_0000,2_0000_022,256,0,0
2_0000,2_0000_023,256,0,0
2_0000,2_0000_024,256,0,0
2_0000,2_0000_025,256,0,0
2_0000,2_0000_026,256,0,0
2_0000,2_0000_027,256,0,0
2_0000,2_0000_028,256,0,0
2_0000,2_0000_029,256,0,0
2_0000,2_0000_030,256,0,0
2_0000,2_0000_031,256,0,0
2_0000,2_0000_032,256,0,0
2_0000,2_0000_033,256,0,0
2_0000,2_0000_034,256,0,0
2_0000,2_0000_035,256,0,0
2_0000,2_0000_036,256,0,0
2_0000,2_0000_037,256,0,0
2_0000,2_0000_038,256,0,0
2_0000,2_0000_039,256,0,0
2_0000,2_0000_040,256,0,0
2_0000,2_0000_041,256,0,0
2_0000,2_0000_042,256,0,0
2_0000,2_0000_043,256,0,0
2_0000,2_0000_044,256,0,0
2_0000,2_0000_045,256,0,0
2_0000,2_0000_046,256,0,0
2_0000,2_0000_047,256,0,0
2_0000,2_0000_048,256,0,0
2_0000,2_0000_049,256,0,0
2_0000,2_0000_050,256,0,0
2_0000,2_0000_051,256,0,0
2_0000,2_0000_052,256,0,0
2_0000,2_0000_053,256,15,28
2_0000,2_0000_054,256,207,556
2_0000,2_0000_055,256,324,464
2_0000,2_0000_056,256,381,440
2_0000,2_0000_057,256,429,532
2_0000,2_0000_058,256,489,552
2_0000,2_0000_059,256,576,900
2_0000,2_0000_060,256,672,1048
2_0000,2_0000_061,256,789,1176
2_0000,2_0000_062,256,861,1160
2_0000,2_0000_063,256,975,976
2_0000,2_0000_064,256,1059,1052
2_0000,2_0000_065,256,1158,908
2_0000,2_0000_066,256,1254,808
2_0000,2_0000_067,256,1335,816
2_0000,2_0000_068,256,1443,876
2_0000,2_0000_069,256,1518,788
2_0000,2_0000_070,256,1581,692
2_0000,2_0000_071,256,1644,676
2_0000,2_0000_072,256,1731,644
2_0000,2_0000_073,256,1845,608
2_0000,2_0000_074,256,1932,724
2_0000,2_0000_075,256,1995,820
2_0000,2_0000_076,256,2064,668
2_0000,2_0000_077,256,2133,524
2_0000,2_0000_078,256,2220,508
2_0000,2_0000_079,256,2289,716
2_0000,2_0000_080,256,2409,508
2_0000,2_0000_081,256,2505,924
2_0000,2_0000_082,256,2637,828
2_0000,2_0000_083,256,2754,1100
2_0000,2_0000_084,256,2850,1288
2_0000,2_0000_085,256,2952,1304
2_0000,2_0000_086,256,3054,1448
2_0000,2_0000_087,256,3114,1592
2_0000,2_0000_088,256,3231,1656
2_0000,2_0000_089,256,3276,1304
2_0000,2_0000_090,256,3420,1460
2_0000,2_0000_091,256,3645,1572
2_0000,2_0000_092,256,3879,1708
2_0000,2_0000_093,256,4014,1692
2_0000,2_0000_094,256,4098,1388
2_0000,2_0000_095,256,4326,1768
2_0000,2_0000_096,256,4467,1896
2_0000,2_0000_097,256,4629,1852
2_0000,2_0000_098,256,4800,1880
2_0000,2_0000_099,256,4965,2004
2_0000,2_0000_100,256,5190,1804
2_0000,2_0000_101,256,5418,2020
2_0000,2_0000_102,256,5577,2084
2_0000,2_0000_103,256,5688,2052
2_0000,2_0000_104,256,5955,2560
2_0000,2_0000_105,256,6150,2312
2_0000,2_0000_106,256,6402,2548
2_0000,2_0000_107,256,6720,2712
2_0000,2_0000_108,256,6975,3196
2_0000,2_0000_109,256,7173,3260
2_0000,2_0000_110,256,7374,3428
2_0000,2_0000_111,256,7614,3540
2_0000,2_0000_112,256,7908,3600
2_0000,2_0000_113,256,8244,3572
2_0000,2_0000_114,256,8520,3728
2_0000,2_0000_115,256,8793,3788
2_0000,2_0000_116,256,9084,4096
2_0000,2_0000_117,256,9354,4296
2_0000,2_0000_118,256,9615,4628
2_0000,2_0000_119,256,9921,4300
2_0000,2_0000_120,256,10230,4280
2_0000,2_0000_121,256,10548,4464
2_0000,2_0000_122,256,10842,4416
2_0000,2_0000_123,256,11151,4424
2_0000,2_0000_124,256,11478,4608
2_0000,2_0000_125,256,11865,4604
2_0000,2_0000_126,256,12333,4700
2_0000,2_0000_127,256,12684,4596
2_0000,2_0000_128,256,13059,4760
2_0000,2_0000_129,256,13347,4956
2_0000,2_0000_130,256,13755,5308
2_0000,2_0000_131,256,14112,5568
2_0000,2_0000_132,256,14406,5776
2_0000,2_0000_133,256,14715,5388
2_0000,2_0000_134,256,15087,5576
2_0000,2_0000_135,256,15531,5760
2_0000,2_0000_136,256,15945,5920
2_0000,2_0000_137,256,16293,6076
2_0000,2_0000_138,256,16758,6588
2_0000,2_0000_139,256,17271,6408
2_0000,2_0000_140,256,17583,6564
2_0000,2_0000_141,256,18171,6648
2_0000,2_0000_142,256,18735,6572
2_0000,2_0000_143,256,19149,6692
2_0000,2_0000_144,256,19710,6296
2_0000,2_0000_145,256,20313,6608
2_0000,2_0000_146,256,20718,6504
2_0000,2_0000_147,256,21168,6140
2_0000,2_0000_148,256,21513,6564
2_0000,2_0000_149,256,21894,6764
2_0000,2_0000_150,256,22287,6580
2_0000,2_0000_151,256,22827,6604
2_0000,2_0000_152,256,23187,6844
2_0000,2_0000_153,256,23454,6688
2_0000,2_0000_154,256,23679,7264
2_0000,2_0000_155,256,24072,6980
2_0000,2_0000_156,256,24594,7808
2_0000,2_0000_157,256,25038,7632
2_0000,2_0000_158,256,25485,8028
2_0000,2_0000_159,256,25779,7932
2_0000,2_0000_160,256,26133,7908
2_0000,2_0000_161,256,26415,8324
2_0000,2_0000_162,256,26868,7920
2_0000,2_0000_163,256,27417,7680
2_0000,2_0000_164,256,28008,7448
2_0000,2_0000_165,256,28458,7148
2_0000,2_0000_166,256,28950,7488
2_0000,2_0000_167,256,29436,7508
2_0000,2_0000_168,256,30009,6796
2_0000,2_0000_169,256,30663,6952
2_0000,2_0000_170,256,31695,8140
2_0000,2_0000_171,256,32259,8820
2_0000,2_0000_172,256,32592,9452
2_0000,2_0000_173,256,32949,8896
2_0000,2_0000_174,256,33243,8376
2_0000,2_0000_175,256,33420,8568
2_0000,2_0000_176,256,33444,8520
2_0000,2_0000_177,256,33537,8708
2_0000,2_0000_178,256,33552,8664
2_0000,2_0000_179,256,33606,6832
2_0000,2_0000_180,256,33729,7860
2_0000,2_0000_181,256,34140,7916
2_0000,2_0000_182,256,34395,7152
2_0000,2_0000_183,256,34449,7344
2_0000,2_0000_184,256,34239,6296
2_0000,2_0000_185,256,33966,6144
2_0000,2_0000_186,256,33834,5300
2_0000,2_0000_187,256,33963,5588
2_0000,2_0000_188,256,34296,5096
2_0000,2_0000_189,256,34629,4920
2_0000,2_0000_190,256,35001,5256
2_0000,2_0000_191,256,35208,6000
2_0000,2_0000_192,256,35175,6568
2_0000,2_0000_193,256,35142,6908
2_0000,2_0000_194,256,35472,7124
2_0000,2_0000_195,256,36018,7980
2_0000,2_0000_196,256,36384,6028
2_0000,2_0000_197,256,36606,6140
2_0000,2_0000_198,256,37173,5988
2_0000,2_0000_199,256,37482,5352
2_0000,2_0000_200,256,37845,4868
2_0000,2_0000_201,256,38118,4832
2_0000,2_0000_202,256,38421,5004
2_0000,2_0000_203,256,38856,4388
2_0000,2_0000_204,256,39018,3736
2_0000,2_0000_205,256,39357,3700
2_0000,2_0000_206,256,39582,3676
2_0000,2_0000_207,256,39327,2924
2_0000,2_0000_208,256,39573,2524
2_0000,2_0000_209,256,40203,2580
2_0000,2_0000_210,256,40485,3308
2_0000,2_0000_211,256,40506,3368
2_0000,2_0000_212,256,40929,3644
2_0000,2_0000_213,256,41070,3460
2_0000,2_0000_214,256,41322,2844
2_0000,2_0000_215,256,41856,3140
2_0000,2_0000_216,256,42345,3792
2_0000,2_0000_217,256,42801,4464
2_0000,2_0000_218,256,43074,4440
2_0000,2_0000_219,256,43314,4440
2_0000,2_0000_220,256,43527,4688
2_0000,2_0000_221,256,44049,4416
2_0000,2_0000_222,256,44229,4660
2_0000,2_0000_223,256,44577,3968
2_0000,2_0000_224,256,45150,4572
2_0000,2_0000_225,256,45627,4932
2_0000,2_0000_226,256,46266,4848
2_0000,2_0000_227,256,47202,5368
2_0000,2_0000_228,256,47493,5616
2_0000,2_0000_229,256,47580,4888
2_0000,2_0000_230,256,47607,4928
2_0000,2_0000_231,256,47625,5720
2_0000,2_0000_232,256,47574,5784
2_0000,2_0000_233,256,47631,5968
2_0000,2_0000_234,256,47544,6384
2_0000,2_0000_235,256,47595,5336
2_0000,2_0000_236,256,47625,4436
2_0000,2_0000_237,256,47634,4368
2_0000,2_0000_238,256,47784,3872
2_0000,2_0000_239,256,47754,3112
2_0000,2_0000_240,256,47739,3004
2_0000,2_0000_241,256,47727,2864
2_0000,2_0000_242,256,47850,2920
2_0000,2_0000_243,256,47994,2616
2_0000,2_0000_244,256,48276,3044
2_0000,2_0000_245,256,48645,2744
2_0000,2_0000_246,256,48918,2988
2_0000,2_0000_247,256,49008,2700
2_0000,2_0000_248,256,49128,2176
2_0000,2_0000_249,256,49215,1824
2_0000,2_0000_250,256,49410,1372
2_0000,2_0000_251,256,49593,1560
2_0000,2_0000_252,256,49773,1692
2_0000,2_0000_253,256,49893,1416
2_0000,2_0000_254,256,50121,1480
2_0000,2_0000_255,256,50214,1616
2_0000,2_0000_256,256,50229,1700
2_0000,2_0000_257,256,50250,1764
2_0000,2_0000_258,256,50412,1632
2_0000,2_0000_259,256,50580,1376
2_0000,2_0000_260,256,50721,1692
2_0000,2_0000_261,256,50877,1812
2_0000,2_0000_262,256,50955,1704
2_0000,2_0000_263,256,51072,1644
2_0000,2_0000_264,256,51120,1320
2_0000,2_0000_265,256,51357,1380
2_0000,2_0000_266,256,51396,2248
2_0000,2_0000_267,256,51240,2540
2_0000,2_0000_268,256,51132,1944
2_0000,2_0000_269,256,50940,1076
2_0000,2_0000_270,256,50778,1212
2_0000,2_0000_271,256,50649,1208
2_0000,2_0000_272,256,50496,1356
2_0000,2_0000_273,256,50400,1472
2_0000,2_0000_274,256,50322,1712
2_0000,2_0000_275,256,49890,1128
2_0000,2_0000_276,256,49821,924
2_0000,2_0000_277,256,49938,1296
2_0000,2_0000_278,256,49920,1824
2_0000,2_0000_279,256,49851,1404
2_0000,2_0000_280,256,49857,2016
2_0000,2_0000_281,256,49833,2116
2_0000,2_0000_282,256,49695,1444
2_0000,2_0000_283,256,49647,1300
2_0000,2_0000_284,256,49464,1468
2_0000,2_0000_285,256,49407,1492
2_0000,2_0000_286,256,49230,1476
2_0000,2_0000_287,256,49131,864
2_0000,2_0000_288,256,48951,448
2_0000,2_0000_289,256,48909,1384
2_0000,2_0000_290,256,48882,1116
2_0000,2_0000_291,256,48774,612
2_0000,2_0000_292,256,48771,516
2_0000,2_0000_293,256,48705,480
2_0000,2_0000_294,256,48573,404
2_0000,2_0000_295,256,48393,212
2_0000,2_0000_296,256,48240,296
2_0000,2_0000_297,256,48075,340
2_0000,2_0000_298,256,48087,464
2_0000,2_0000_299,256,48117,580
2_0000,2_0000_300,256,47967,608
2_0000,2_0000_301,256,47805,528
2_0000,2_0000_302,256,47670,384
2_0000,2_0000_303,256,47484,400
2_0000,2_0000_304,256,47280,556
2_0000,2_0000_305,256,47130,616
2_0000,2_0000_306,256,47058,752
2_0000,2_0000_307,256,46884,552
2_0000,2_0000_308,256,46731,520
2_0000,2_0000_309,256,46569,1028
2_0000,2_0000_310,256,46503,848
2_0000,2_0000_311,256,46317,680
2_0000,2_0000_312,256,46062,724
2_0000,2_0000_313,256,45768,912
2_0000,2_0000_314,256,45522,720
2_0000,2_0000_315,256,45231,668
2_0000,2_0000_316,256,44952,752
2_0000,2_0000_317,256,44709,816
2_0000,2_0000_318,256,44448,1000
2_0000,2_0000_319,256,44247,904
2_0000,2_0000_320,256,43974,1376
2_0000,2_0000_321,256,43617,1532
2_0000,2_0000_322,256,43314,1432
2_0000,2_0000_323,256,43026,1072
2_0000,2_0000_324,256,42618,1160
2_0000,2_0000_325,256,42192,1004
2_0000,2_0000_326,256,41853,880
2_0000,2_0000_327,256,41448,900
2_0000,2_0000_328,256,40950,1188
2_0000,2_0000_329,256,40545,1116
2_0000,2_0000_330,256,40083,1092
2_0000,2_0000_331,256,39540,980
2_0000,2_0000_332,256,38991,888
2_0000,2_0000_333,256,38457,1004
2_0000,2_0000_334,256,37932,772
2_0000,2_0000_335,256,37371,612
2_0000,2_0000_336,256,36846,748
2_0000,2_0000_337,256,36297,576
2_0000,2_0000_338,256,35727,608
2_0000,2_0000_339,256,34974,656
2_0000,2_0000_340,256,34251,564
2_0000,2_0000_341,256,33441,480
2_0000,2_0000_342,256,32652,448
2_0000,2_0000_343,256,31920,276
2_0000,2_0000_344,256,31083,368
2_0000,2_0000_345,256,30228,348
2_0000,2_0000_346,256,29349,256
2_0000,2_0000_347,256,28401,216
2_0000,2_0000_348,256,27408,188
2_0000,2_0000_349,256,26616,176
2_0000,2_0000_350,256,25734,0
2_0000,2_0000_351,256,24921,52
2_0000,2_0000_352,256,24045,0
2_0000,2_0000_353,256,23259,0
2_0000,2_0000_354,256,22386,0
2_0000,2_0000_355,256,21516,28
2_0000,2_0000_356,256,20766,72
2_0000,2_0000_357,256,19953,152
2_0000,2_0000_358,256,19158,60
2_0000,2_0000_359,256,18351,104
2_0000,2_0000_360,256,17496,276
2_0000,2_0000_361,256,16680,64
2_0000,2_0000_362,256,15975,0
2_0000,2_0000_363,256,15204,28
2_0000,2_0000_364,256,14508,0
2_0000,2_0000_365,256,13794,0
2_0000,2_0000_366,256,13125,0
2_0000,2_0000_367,256,12474,0
2_0000,2_0000_368,256,11838,0
2_0000,2_0000_369,256,11091,0
2_0000,2_0000_370,256,10470,84
2_0000,2_0000_371,256,9822,96
2_0000,2_0000_372,256,9222,0
2_0000,2_0000_373,256,8559,0
2_0000,2_0000_374,256,7911,0
2_0000,2_0000_375,256,7248,0
2_0000,2_0000_376,256,6699,0
2_0000,2_0000_377,256,6141,0
2_0000,2_0000_378,256,5568,0
2_0000,2_0000_379,256,4926,0
2_0000,2_0000_380,256,4323,0
2_0000,2_0000_381,256,3762,0
2_0000,2_0000_382,256,3258,0
2_0000,2_0000_383,256,2751,40
2_0000,2_0000_384,256,2253,0
2_0000,2_0000_385,256,1869,204
2_0000,2_0000_386,256,1446,232
2_0000,2_0000_387,256,954,144
2_0000,2_0000_388,256,675,92
2_0000,2_0000_389,256,456,60
2_0000,2_0000_390,256,288,120
2_0000,2_0000_391,256,51,132
2_0000,2_0000_392,256,0,0
2_0000,2_0000_393,256,0,0
2_0000,2_0000_394,256,0,0
2_0000,2_0000_395,256,0,0
2_0000,2_0000_396,256,0,0
2_0000,2_0000_397,256,0,0
2_0000,2_0000_398,256,0,0
2_0000,2_0000_399,256,0,0
2_0000,2_0000_400,256,0,0
2_0000,2_0000_401,256,0,0
2_0000,2_0000_402,256,0,0
2_0000,2_0000_403,256,0,0
2_0000,2_0000_404,256,0,0
2_0000,2_0000_405,256,0,0
2_0000,2_0000_406,256,0,0
2_0000,2_0000_407,256,0,0
2_0000,2_0000_408,256,0,0
2_0000,2_0000_409,256,0,0
2_0000,2_0000_410,256,0,0
2_0000,2_0000_411,256,0,0
3_0000,3_0000_000,256,0,0
3_0000,3_0000_001,256,0,0
3_0000,3_0000_002,256,0,0
3_0000,3_0000_003,256,0,0
3_0000,3_0000_004,256,0,0
3_0000,3_0000_005,256,0,0
3_0000,3_0000_006,256,0,0
3_0000,3_0000_007,256,0,0
3_0000,3_0000_008,256,0,0
3_0000,3_0000_009,256,0,0
3_0000,3_0000_010,256,0,0
3_0000,3_0000_011,256,0,0
3_0000,3_0000_012,256,0,0
3_0000,3_0000_013,256,0,0
3_0000,3_0000_014,256,0,0
3_0000,3_0000_015,256,0,0
3_0000,3_0000_016,256,0,0
3_0000,3_0000_017,256,0,0
3_0000,3_0000_018,256,0,0
3_0000,3_0000_019,256,0,0
3_0000,3_0000_020,256,0,0
3_0000,3_0000_021,256,0,0
3_0000,3_0000_022,256,0,0
3_0000,3_0000_023,256,0,0
3_0000,3_0000_024,256,0,0
3_0000,3_0000_025,256,0,0
3_0000,3_0000_026,256,0,0
3_0000,3_0000_027,256,0,0
3_0000,3_0000_028,256,0,0
3_0000,3_0000_029,256,0,0
3_0000,3_0000_030,256,0,0
3_0000,3_0000_031,256,0,0
3_0000,3_0000_032,256,0,0
3_0000,3_0000_033,256,0,0
3_0000,3_0000_034,256,0,0
3_0000,3_0000_035,256,0,0
3_0000,3_0000_036,256,0,0
3_0000,3_0000_037,256,0,0
3_0000,3_0000_038,256,0,0
3_0000,3_0000_039,256,0,0
3_0000,3_0000_040,256,0,0
3_0000,3_0000_041,256,0,0
3_0000,3_0000_042,256,0,0
3_0000,3_0000_043,256,0,0
3_0000,3_0000_044,256,0,0
3_0000,3_0000_045,256,0,0
3_0000,3_0000_046,256,0,0
3_0000,3_0000_047,256,0,0
3_0000,3_0000_048,256,45,364
3_0000,3_0000_049,256,24,172
3_0000,3_0000_050,256,111,228
3_0000,3_0000_051,256,126,384
3_0000,3_0000_052,256,192,420
3_0000,3_0000_053,256,189,632
3_0000,3_0000_054,256,294,316
3_0000,3_0000_055,256,408,308
3_0000,3_0000_056,256,525,336
3_0000,3_0000_057,256,714,788
3_0000,3_0000_058,256,891,908
3_0000,3_0000_059,256,1005,980
3_0000,3_0000_060,256,1170,1148
3_0000,3_0000_061,256,1269,1244
3_0000,3_0000_062,256,1338,1380
3_0000,3_0000_063,256,1503,1480
3_0000,3_0000_064,256,1698,1704
3_0000,3_0000_065,256,1869,1856
3_0000,3_0000_066,256,1986,1780
3_0000,3_0000_067,256,2238,2028
3_0000,3_0000_068,256,2418,2108
3_0000,3_0000_069,256,2607,2204
3_0000,3_0000_070,256,2721,1988
3_0000,3_0000_071,256,2904,1876
3_0000,3_0000_072,256,3195,1668
3_0000,3_0000_073,256,3315,1768
3_0000,3_0000_074,256,3513,1932
3_0000,3_0000_075,256,3756,1784
3_0000,3_0000_076,256,3912,1480
3_0000,3_0000_077,256,4116,2096
3_0000,3_0000_078,256,4305,1972
3_0000,3_0000_079,256,4467,1724
3_0000,3_0000_080,256,4704,1528
3_0000,3_0000_081,256,4923,1444
3_0000,3_0000_082,256,5097,1792
3_0000,3_0000_083,256,5349,1812
3_0000,3_0000_084,256,5604,1892
3_0000,3_0000_085,256,5649,1988
3_0000,3_0000_086,256,5895,1908
3_0000,3_0000_087,256,6111,1936
3_0000,3_0000_088,256,6408,2192
3_0000,3_0000_089,256,6441,2052
3_0000,3_0000_090,256,6639,1984
3_0000,3_0000_091,256,6873,1776
3_0000,3_0000_092,256,7107,1956
3_0000,3_0000_093,256,7350,1844
3_0000,3_0000_094,256,7548,1412
3_0000,3_0000_095,256,7890,1316
3_0000,3_0000_096,256,8118,1420
3_0000,3_0000_097,256,8385,1048
3_0000,3_0000_098,256,8688,808
3_0000,3_0000_099,256,9021,1088
3_0000,3_0000_100,256,9309,1512
3_0000,3_0000_101,256,9636,1344
3_0000,3_0000_102,256,9912,1480
3_0000,3_0000_103,256,10197,1512
3_0000,3_0000_104,256,10449,1172
3_0000,3_0000_105,256,10704,980
3_0000,3_0000_106,256,10977,1116
3_0000,3_0000_107,256,11247,920
3_0000,3_0000_108,256,11454,828
3_0000,3_0000_109,256,11652,788
3_0000,3_0000_110,256,11994,912
3_0000,3_0000_111,256,12381,1132
3_0000,3_0000_112,256,12597,1140
3_0000,3_0000_113,256,12909,1100
3_0000,3_0000_114,256,13266,960
3_0000,3_0000_115,256,13599,808
3_0000,3_0000_116,256,13860,756
3_0000,3_0000_117,256,14139,812
3_0000,3_0000_118,256,14406,864
3_0000,3_0000_119,256,14670,576
3_0000,3_0000_120,256,14964,548
3_0000,3_0000_121,256,15147,720
3_0000,3_0000_122,256,15591,604
3_0000,3_0000_123,256,15825,452
3_0000,3_0000_124,256,16269,176
3_0000,3_0000_125,256,16608,536
3_0000,3_0000_126,256,17073,316
3_0000,3_0000_127,256,17457,516
3_0000,3_0000_128,256,17778,716
3_0000,3_0000_129,256,18039,704
3_0000,3_0000_130,256,18459,836
3_0000,3_0000_131,256,19005,1052
3_0000,3_0000_132,256,19452,592
3_0000,3_0000_133,256,19944,772
3_0000,3_0000_134,256,20535,896
3_0000,3_0000_135,256,20934,1068
3_0000,3_0000_136,256,21411,1376
3_0000,3_0000_137,256,21819,1312
3_0000,3_0000_138,256,22296,1012
3_0000,3_0000_139,256,22647,1048
3_0000,3_0000_140,256,23196,936
3_0000,3_0000_141,256,23766,560
3_0000,3_0000_142,256,24291,432
3_0000,3_0000_143,256,24858,1052
3_0000,3_0000_144,256,25473,668
3_0000,3_0000_145,256,26517,1088
3_0000,3_0000_146,256,27192,832
3_0000,3_0000_147,256,27861,1252
3_0000,3_0000_148,256,28665,684
3_0000,3_0000_149,256,29322,472
3_0000,3_0000_150,256,30114,612
3_0000,3_0000_151,256,30963,860
3_0000,3_0000_152,256,31818,480
3_0000,3_0000_153,256,32931,1280
3_0000,3_0000_154,256,33903,960
3_0000,3_0000_155,256,34665,744
3_0000,3_0000_156,256,35526,1000
3_0000,3_0000_157,256,36402,780
3_0000,3_0000_158,256,37464,700
3_0000,3_0000_159,256,38514,532
3_0000,3_0000_160,256,39489,792
3_0000,3_0000_161,256,40089,1084
3_0000,3_0000_162,256,40761,708
3_0000,3_0000_163,256,41289,920
3_0000,3_0000_164,256,41892,396
3_0000,3_0000_165,256,42792,440
3_0000,3_0000_166,256,43749,472
3_0000,3_0000_167,256,44937,252
3_0000,3_0000_168,256,46116,40
3_0000,3_0000_169,256,47139,92
3_0000,3_0000_170,256,48261,612
3_0000,3_0000_171,256,49188,620
3_0000,3_0000_172,256,49380,164
3_0000,3_0000_173,256,49641,32
3_0000,3_0000_174,256,50013,0
3_0000,3_0000_175,256,50253,0
3_0000,3_0000_176,256,50733,0
3_0000,3_0000_177,256,51123,76
3_0000,3_0000_178,256,51099,0
3_0000,3_0000_179,256,51480,40
3_0000,3_0000_180,256,51468,148
3_0000,3_0000_181,256,51162,56
3_0000,3_0000_182,256,51423,112
3_0000,3_0000_183,256,51519,0
3_0000,3_0000_184,256,51534,204
3_0000,3_0000_185,256,51606,0
3_0000,3_0000_186,256,51648,76
3_0000,3_0000_187,256,51636,464
3_0000,3_0000_188,256,51672,380
3_0000,3_0000_189,256,51672,280
3_0000,3_0000_190,256,51690,16
3_0000,3_0000_191,256,51636,128
3_0000,3_0000_192,256,51552,252
3_0000,3_0000_193,256,51471,712
3_0000,3_0000_194,256,51456,1012
3_0000,3_0000_195,256,51408,992
3_0000,3_0000_196,256,51231,524
3_0000,3_0000_197,256,51132,0
3_0000,3_0000_198,256,51108,0
3_0000,3_0000_199,256,51063,120
3_0000,3_0000_200,256,51204,428
3_0000,3_0000_201,256,51225,476
3_0000,3_0000_202,256,51264,436
3_0000,3_0000_203,256,51378,0
3_0000,3_0000_204,256,51360,0
3_0000,3_0000_205,256,51270,156
3_0000,3_0000_206,256,51237,160
3_0000,3_0000_207,256,51093,168
3_0000,3_0000_208,256,51078,204
3_0000,3_0000_209,256,50949,164
3_0000,3_0000_210,256,50814,0
3_0000,3_0000_211,256,50805,0
3_0000,3_0000_212,256,50727,0
3_0000,3_0000_213,256,50976,0
3_0000,3_0000_214,256,50958,8
3_0000,3_0000_215,256,50736,28
3_0000,3_0000_216,256,50505,80
3_0000,3_0000_217,256,50538,0
3_0000,3_0000_218,256,50538,0
3_0000,3_0000_219,256,50325,180
3_0000,3_0000_220,256,50037,260
3_0000,3_0000_221,256,49842,492
3_0000,3_0000_222,256,49671,468
3_0000,3_0000_223,256,49470,536
3_0000,3_0000_224,256,49365,328
3_0000,3_0000_225,256,49191,220
3_0000,3_0000_226,256,48987,28
3_0000,3_0000_227,256,48849,52
3_0000,3_0000_228,256,48831,80
3_0000,3_0000_229,256,48861,196
3_0000,3_0000_230,256,48768,68
3_0000,3_0000_231,256,48639,80
3_0000,3_0000_232,256,48378,156
3_0000,3_0000_233,256,48243,0
3_0000,3_0000_234,256,48060,88
3_0000,3_0000_235,256,47889,4
3_0000,3_0000_236,256,47910,64
3_0000,3_0000_237,256,47889,100
3_0000,3_0000_238,256,47739,32
3_0000,3_0000_239,256,47628,72
3_0000,3_0000_240,256,47382,0
3_0000,3_0000_241,256,47181,0
3_0000,3_0000_242,256,47031,0
3_0000,3_0000_243,256,46827,140
3_0000,3_0000_244,256,46722,456
3_0000,3_0000_245,256,46533,376
3_0000,3_0000_246,256,46473,356
3_0000,3_0000_247,256,46260,348
3_0000,3_0000_248,256,46158,44
3_0000,3_0000_249,256,46086,0
3_0000,3_0000_250,256,45777,0
3_0000,3_0000_251,256,45540,0
3_0000,3_0000_252,256,45255,0
3_0000,3_0000_253,256,44895,0
3_0000,3_0000_254,256,44679,0
3_0000,3_0000_255,256,44340,40
3_0000,3_0000_256,256,44049,16
3_0000,3_0000_257,256,43893,108
3_0000,3_0000_258,256,43725,60
3_0000,3_0000_259,256,43782,0
3_0000,3_0000_260,256,43740,100
3_0000,3_0000_261,256,43620,44
3_0000,3_0000_262,256,43431,168
3_0000,3_0000_263,256,43110,60
3_0000,3_0000_264,256,42831,0
3_0000,3_0000_265,256,42474,0
3_0000,3_0000_266,256,42162,76
3_0000,3_0000_267,256,41892,232
3_0000,3_0000_268,256,41661,0
3_0000,3_0000_269,256,41304,4
3_0000,3_0000_270,256,41070,116
3_0000,3_0000_271,256,40797,216
3_0000,3_0000_272,256,40497,336
3_0000,3_0000_273,256,40356,508
3_0000,3_0000_274,256,40107,360
3_0000,3_0000_275,256,39834,624
3_0000,3_0000_276,256,39582,752
3_0000,3_0000_277,256,39249,376
3_0000,3_0000_278,256,38997,316
3_0000,3_0000_279,256,38775,284
3_0000,3_0000_280,256,38349,256
3_0000,3_0000_281,256,38007,180
3_0000,3_0000_282,256,37662,140
3_0000,3_0000_283,256,37251,0
3_0000,3_0000_284,256,36909,72
3_0000,3_0000_285,256,36450,112
3_0000,3_0000_286,256,36027,68
3_0000,3_0000_287,256,35661,148
3_0000,3_0000_288,256,35211,120
3_0000,3_0000_289,256,34752,188
3_0000,3_0000_290,256,34413,196
3_0000,3_0000_291,256,33987,196
3_0000,3_0000_292,256,33534,180
3_0000,3_0000_293,256,33126,216
3_0000,3_0000_294,256,32775,224
3_0000,3_0000_295,256,32340,192
3_0000,3_0000_296,256,31998,188
3_0000,3_0000_297,256,31596,512
3_0000,3_0000_298,256,31257,192
3_0000,3_0000_299,256,30870,124
3_0000,3_0000_300,256,30435,204
3_0000,3_0000_301,256,30009,524
3_0000,3_0000_302,256,29574,952
3_0000,3_0000_303,256,29061,420
3_0000,3_0000_304,256,28611,332
3_0000,3_0000_305,256,28149,192
3_0000,3_0000_306,256,27654,116
3_0000,3_0000_307,256,27162,216
3_0000,3_0000_308,256,26565,144
3_0000,3_0000_309,256,25962,84
3_0000,3_0000_310,256,25419,244
3_0000,3_0000_311,256,24816,188
3_0000,3_0000_312,256,24285,412
3_0000,3_0000_313,256,23784,140
3_0000,3_0000_314,256,23253,136
3_0000,3_0000_315,256,22719,20
3_0000,3_0000_316,256,22200,208
3_0000,3_0000_317,256,21702,372
3_0000,3_0000_318,256,21093,312
3_0000,3_0000_319,256,20514,456
3_0000,3_0000_320,256,19986,720
3_0000,3_0000_321,256,19362,744
3_0000,3_0000_322,256,18861,312
3_0000,3_0000_323,256,18342,440
3_0000,3_0000_324,256,17832,252
3_0000,3_0000_325,256,17265,404
3_0000,3_0000_326,256,16752,160
3_0000,3_0000_327,256,16227,184
3_0000,3_0000_328,256,15717,252
3_0000,3_0000_329,256,15138,248
3_0000,3_0000_330,256,14694,284
3_0000,3_0000_331,256,14268,176
3_0000,3_0000_332,256,13800,204
3_0000,3_0000_333,256,13104,40
3_0000,3_0000_334,256,12174,112
3_0000,3_0000_335,256,11469,0
3_0000,3_0000_336,256,10944,0
3_0000,3_0000_337,256,10464,0
3_0000,3_0000_338,256,9936,28
3_0000,3_0000_339,256,9459,0
3_0000,3_0000_340,256,8949,0
3_0000,3_0000_341,256,8451,0
3_0000,3_0000_342,256,7920,0
3_0000,3_0000_343,256,7458,0
3_0000,3_0000_344,256,6987,0
3_0000,3_0000_345,256,6570,0
3_0000,3_0000_346,256,6141,208
3_0000,3_0000_347,256,5676,264
3_0000,3_0000_348,256,5217,312
3_0000,3_0000_349,256,4731,304
3_0000,3_0000_350,256,4137,224
3_0000,3_0000_351,256,3612,0
3_0000,3_0000_352,256,3126,0
3_0000,3_0000_353,256,2568,44
3_0000,3_0000_354,256,1869,644
3_0000,3_0000_355,256,1302,872
3_0000,3_0000_356,256,336,560
3_0000,3_0000_357,256,0,0
3_0000,3_0000_358,256,0,0
3_0000,3_0000_359,256,0,0
3_0000,3_0000_360,256,0,0
3_0000,3_0000_361,256,0,0
3_0000,3_0000_362,256,0,0
3_0000,3_0000_363,256,0,0
3_0000,3_0000_364,256,0,0
3_0000,3_0000_365,256,0,0
3_0000,3_0000_366,256,0,0
3_0000,3_0000_367,256,0,0
3_0000,3_0000_368,256,0,0
3_0000,3_0000_369,256,0,0
3_0000,3_0000_370,256,0,0
3_0000,3_0000_371,256,0,0
3_0000,3_0000_372,256,0,0
3_0000,3_0000_373,256,0,0
3_0000,3_0000_374,256,0,0
3_0000,3_0000_375,256,0,0
3_0000,3_0000_376,256,0,0
5_0000,5_0000_000,256,0,0
5_0000,5_0000_001,256,0,0
5_0000,5_0000_002,256,0,0
5_0000,5_0000_003,256,0,0
5_0000,5_0000_004,256,0,0
5_0000,5_0000_005,256,0,0
5_0000,5_0000_006,256,0,0
5_0000,5_0000_007,256,0,0
5_0000,5_0000_008,256,0,0
5_0000,5_0000_009,256,0,0
5_0000,5_0000_010,256,0,0
5_0000,5_0000_011,256,0,0
5_0000,5_0000_012,256,0,0
5_0000,5_0000_013,256,0,0
5_0000,5_0000_014,256,0,0
5_0000,5_0000_015,256,0,0
5_0000,5_0000_016,256,0,0
5_0000,5_0000_017,256,0,0
5_0000,5_0000_018,256,0,0
5_0000,5_0000_019,256,0,0
5_0000,5_0000_020,256,0,0
5_0000,5_0000_021,256,0,0
5_0000,5_0000_022,256,0,0
5_0000,5_0000_023,256,0,0
5_0000,5_0000_024,256,0,0
5_0000,5_0000_025,256,0,0
5_0000,5_0000_026,256,0,0
5_0000,5_0000_027,256,0,0
5_0000,5_0000_028,256,0,0
5_0000,5_0000_029,256,0,0
5_0000,5_0000_030,256,0,0
5_0000,5_0000_031,256,0,0
5_0000,5_0000_032,256,0,0
5_0000,5_0000_033,256,0,0
5_0000,5_0000_034,256,0,0
5_0000,5_0000_035,256,0,0
5_0000,5_0000_036,256,0,0
5_0000,5_0000_037,256,9,0
5_0000,5_0000_038,256,42,100
5_0000,5_0000_039,256,57,84
5_0000,5_0000_040,256,147,268
5_0000,5_0000_041,256,231,288
5_0000,5_0000_042,256,327,416
5_0000,5_0000_043,256,372,424
5_0000,5_0000_044,256,435,268
5_0000,5_0000_045,256,537,324
5_0000,5_0000_046,256,714,356
5_0000,5_0000_047,256,849,432
5_0000,5_0000_048,256,987,536
5_0000,5_0000_049,256,1197,672
5_0000,5_0000_050,256,1302,900
5_0000,5_0000_051,256,1551,652
5_0000,5_0000_052,256,1767,772
5_0000,5_0000_053,256,1926,864
5_0000,5_0000_054,256,2220,748
5_0000,5_0000_055,256,2646,444
5_0000,5_0000_056,256,2901,500
5_0000,5_0000_057,256,3168,380
5_0000,5_0000_058,256,3453,328
5_0000,5_0000_059,256,3642,432
5_0000,5_0000_060,256,3855,500
5_0000,5_0000_061,256,4050,308
5_0000,5_0000_062,256,4290,296
5_0000,5_0000_063,256,4590,700
5_0000,5_0000_064,256,4917,992
5_0000,5_0000_065,256,5244,1352
5_0000,5_0000_066,256,5568,1892
5_0000,5_0000_067,256,5898,1864
5_0000,5_0000_068,256,6225,2148
5_0000,5_0000_069,256,6552,1984
5_0000,5_0000_070,256,6903,2388
5_0000,5_0000_071,256,7254,2256
5_0000,5_0000_072,256,7572,1920
5_0000,5_0000_073,256,8052,2036
5_0000,5_0000_074,256,8421,1896
5_0000,5_0000_075,256,8763,1836
5_0000,5_0000_076,256,9081,1544
5_0000,5_0000_077,256,9483,1412
5_0000,5_0000_078,256,9825,1468
5_0000,5_0000_079,256,10284,1704
5_0000,5_0000_080,256,10659,1668
5_0000,5_0000_081,256,11067,2360
5_0000,5_0000_082,256,11451,2712
5_0000,5_0000_083,256,11895,3576
5_0000,5_0000_084,256,12282,3696
5_0000,5_0000_085,256,12657,3344
5_0000,5_0000_086,256,12957,3064
5_0000,5_0000_087,256,13413,3324
5_0000,5_0000_088,256,13869,2984
5_0000,5_0000_089,256,14379,2568
5_0000,5_0000_090,256,14832,3444
5_0000,5_0000_091,256,15348,3648
5_0000,5_0000_092,256,15792,3184
5_0000,5_0000_093,256,16242,2580
5_0000,5_0000_094,256,16695,2380
5_0000,5_0000_095,256,17232,2300
5_0000,5_0000_096,256,17706,2060
5_0000,5_0000_097,256,18255,2520
5_0000,5_0000_098,256,18768,3284
5_0000,5_0000_099,256,19218,3060
5_0000,5_0000_100,256,19572,3316
5_0000,5_0000_101,256,20073,3344
5_0000,5_0000_102,256,20595,3708
5_0000,5_0000_103,256,21111,4360
5_0000,5_0000_104,256,21624,4416
5_0000,5_0000_105,256,22110,4512
5_0000,5_0000_106,256,22737,4612
5_0000,5_0000_107,256,23244,4736
5_0000,5_0000_108,256,23775,5152
5_0000,5_0000_109,256,24366,5044
5_0000,5_0000_110,256,24870,5616
5_0000,5_0000_111,256,25389,6152
5_0000,5_0000_112,256,26175,6660
5_0000,5_0000_113,256,26715,6444
5_0000,5_0000_114,256,27198,7288
5_0000,5_0000_115,256,27756,8044
5_0000,5_0000_116,256,28425,9652
5_0000,5_0000_117,256,29283,8720
5_0000,5_0000_118,256,29922,8232
5_0000,5_0000_119,256,30540,8924
5_0000,5_0000_120,256,31332,7760
5_0000,5_0000_121,256,32295,8748
5_0000,5_0000_122,256,33024,8320
5_0000,5_0000_123,256,33741,7244
5_0000,5_0000_124,256,34284,6544
5_0000,5_0000_125,256,34821,7304
5_0000,5_0000_126,256,35337,7400
5_0000,5_0000_127,256,35808,8964
5_0000,5_0000_128,256,36318,8620
5_0000,5_0000_129,256,36513,7780
5_0000,5_0000_130,256,36762,8088
5_0000,5_0000_131,256,36906,6508
5_0000,5_0000_132,256,37107,7468
5_0000,5_0000_133,256,37389,7108
5_0000,5_0000_134,256,37500,7112
5_0000,5_0000_135,256,37605,7296
5_0000,5_0000_136,256,37623,7072
5_0000,5_0000_137,256,37713,7144
5_0000,5_0000_138,256,37596,8232
5_0000,5_0000_139,256,37434,8576
5_0000,5_0000_140,256,37128,7712
5_0000,5_0000_141,256,36867,6852
5_0000,5_0000_142,256,36495,6960
5_0000,5_0000_143,256,36324,5560
5_0000,5_0000_144,256,36057,5764
5_0000,5_0000_145,256,35898,6352
5_0000,5_0000_146,256,35637,6180
5_0000,5_0000_147,256,35301,6000
5_0000,5_0000_148,256,35259,4548
5_0000,5_0000_149,256,34812,4844
5_0000,5_0000_150,256,34575,5204
5_0000,5_0000_151,256,34356,4716
5_0000,5_0000_152,256,34167,5476
5_0000,5_0000_153,256,34128,4988
5_0000,5_0000_154,256,34101,4416
5_0000,5_0000_155,256,34086,4232
5_0000,5_0000_156,256,34029,4760
5_0000,5_0000_157,256,33915,4720
5_0000,5_0000_158,256,33888,4808
5_0000,5_0000_159,256,33759,4884
5_0000,5_0000_160,256,33636,3748
5_0000,5_0000_161,256,33663,3416
5_0000,5_0000_162,256,33699,3404
5_0000,5_0000_163,256,33588,3772
5_0000,5_0000_164,256,33453,3224
5_0000,5_0000_165,256,33348,3080
5_0000,5_0000_166,256,33198,2992
5_0000,5_0000_167,256,33018,2840
5_0000,5_0000_168,256,32793,2316
5_0000,5_0000_169,256,32634,2024
5_0000,5_0000_170,256,32346,2772
5_0000,5_0000_171,256,32184,2868
5_0000,5_0000_172,256,32025,3548
5_0000,5_0000_173,256,32079,3536
5_0000,5_0000_174,256,31896,2624
5_0000,5_0000_175,256,32040,2800
5_0000,5_0000_176,256,31896,3496
5_0000,5_0000_177,256,31770,3768
5_0000,5_0000_178,256,31731,3036
5_0000,5_0000_179,256,31668,2888
5_0000,5_0000_180,256,31554,2960
5_0000,5_0000_181,256,31566,3104
5_0000,5_0000_182,256,31482,2880
5_0000,5_0000_183,256,31338,2132
5_0000,5_0000_184,256,31245,1656
5_0000,5_0000_185,256,31164,1884
5_0000,5_0000_186,256,31077,1916
5_0000,5_0000_187,256,31098,1612
5_0000,5_0000_188,256,30936,1476
5_0000,5_0000_189,256,30939,1864
5_0000,5_0000_190,256,30924,2036
5_0000,5_0000_191,256,30999,2356
5_0000,5_0000_192,256,30891,2340
5_0000,5_0000_193,256,30834,2600
5_0000,5_0000_194,256,30732,2648
5_0000,5_0000_195,256,30753,2660
5_0000,5_0000_196,256,30891,2472
5_0000,5_0000_197,256,31098,2532
5_0000,5_0000_198,256,31281,2296
5_0000,5_0000_199,256,31215,2364
5_0000,5_0000_200,256,31152,1872
5_0000,5_0000_201,256,31188,2236
5_0000,5_0000_202,256,31206,2292
5_0000,5_0000_203,256,31284,1744
5_0000,5_0000_204,256,31317,1296
5_0000,5_0000_205,256,31326,1336
5_0000,5_0000_206,256,31386,1908
5_0000,5_0000_207,256,31425,2164
5_0000,5_0000_208,256,31578,1724
5_0000,5_0000_209,256,31527,1824
5_0000,5_0000_210,256,31467,1868
5_0000,5_0000_211,256,31710,1680
5_0000,5_0000_212,256,31659,1636
5_0000,5_0000_213,256,31806,1248
5_0000,5_0000_214,256,31788,876
5_0000,5_0000_215,256,31788,660
5_0000,5_0000_216,256,31800,604
5_0000,5_0000_217,256,31821,592
5_0000,5_0000_218,256,31896,464
5_0000,5_0000_219,256,31863,592
5_0000,5_0000_220,256,31827,532
5_0000,5_0000_221,256,31815,480
5_0000,5_0000_222,256,31764,456
5_0000,5_0000_223,256,31779,528
5_0000,5_0000_224,256,31863,484
5_0000,5_0000_225,256,31893,468
5_0000,5_0000_226,256,31998,488
5_0000,5_0000_227,256,32061,588
5_0000,5_0000_228,256,32070,548
5_0000,5_0000_229,256,31977,536
5_0000,5_0000_230,256,31872,652
5_0000,5_0000_231,256,31881,224
5_0000,5_0000_232,256,31887,496
5_0000,5_0000_233,256,31872,984
5_0000,5_0000_234,256,31827,1004
5_0000,5_0000_235,256,31821,1216
5_0000,5_0000_236,256,31911,776
5_0000,5_0000_237,256,31860,660
5_0000,5_0000_238,256,31728,572
5_0000,5_0000_239,256,31707,588
5_0000,5_0000_240,256,31596,1076
5_0000,5_0000_241,256,31593,1236
5_0000,5_0000_242,256,31485,876
5_0000,5_0000_243,256,31395,520
5_0000,5_0000_244,256,31353,584
5_0000,5_0000_245,256,31350,328
5_0000,5_0000_246,256,31329,300
5_0000,5_0000_247,256,31281,376
5_0000,5_0000_248,256,31314,400
5_0000,5_0000_249,256,31299,532
5_0000,5_0000_250,256,31206,496
5_0000,5_0000_251,256,31176,496
5_0000,5_0000_252,256,31191,724
5_0000,5_0000_253,256,31242,908
5_0000,5_0000_254,256,31212,1212
5_0000,5_0000_255,256,31128,748
5_0000,5_0000_256,256,31113,268
5_0000,5_0000_257,256,31053,260
5_0000,5_0000_258,256,31050,216
5_0000,5_0000_259,256,31020,148
5_0000,5_0000_260,256,31083,136
5_0000,5_0000_261,256,30963,304
5_0000,5_0000_262,256,30873,672
5_0000,5_0000_263,256,30723,760
5_0000,5_0000_264,256,30546,516
5_0000,5_0000_265,256,30417,476
5_0000,5_0000_266,256,30294,604
5_0000,5_0000_267,256,30219,652
5_0000,5_0000_268,256,30099,520
5_0000,5_0000_269,256,29940,364
5_0000,5_0000_270,256,29796,468
5_0000,5_0000_271,256,29745,736
5_0000,5_0000_272,256,29568,792
5_0000,5_0000_273,256,29409,776
5_0000,5_0000_274,256,29349,740
5_0000,5_0000_275,256,29217,632
5_0000,5_0000_276,256,29172,680
5_0000,5_0000_277,256,29142,792
5_0000,5_0000_278,256,29049,732
5_0000,5_0000_279,256,28980,620
5_0000,5_0000_280,256,28869,972
5_0000,5_0000_281,256,28770,1100
5_0000,5_0000_282,256,28689,704
5_0000,5_0000_283,256,28644,1204
5_0000,5_0000_284,256,28608,1404
5_0000,5_0000_285,256,28527,1924
5_0000,5_0000_286,256,28404,2508
5_0000,5_0000_287,256,28323,2736
5_0000,5_0000_288,256,28206,2692
5_0000,5_0000_289,256,28065,2724
5_0000,5_0000_290,256,27969,2964
5_0000,5_0000_291,256,27840,2756
5_0000,5_0000_292,256,27672,2684
5_0000,5_0000_293,256,27486,2452
5_0000,5_0000_294,256,27357,2376
5_0000,5_0000_295,256,27216,2400
5_0000,5_0000_296,256,26973,2284
5_0000,5_0000_297,256,26754,2048
5_0000,5_0000_298,256,26565,1812
5_0000,5_0000_299,256,26349,1764
5_0000,5_0000_300,256,26151,1824
5_0000,5_0000_301,256,25959,1792
5_0000,5_0000_302,256,25743,1756
5_0000,5_0000_303,256,25476,1992
5_0000,5_0000_304,256,25203,1852
5_0000,5_0000_305,256,24987,1936
5_0000,5_0000_306,256,24708,1936
5_0000,5_0000_307,256,24450,1960
5_0000,5_0000_308,256,24210,1888
5_0000,5_0000_309,256,23937,1956
5_0000,5_0000_310,256,23703,1840
5_0000,5_0000_311,256,23358,1716
5_0000,5_0000_312,256,23043,1740
5_0000,5_0000_313,256,22746,1728
5_0000,5_0000_314,256,22440,1736
5_0000,5_0000_315,256,22107,1764
5_0000,5_0000_316,256,21723,1688
5_0000,5_0000_317,256,21309,1752
5_0000,5_0000_318,256,20946,1680
5_0000,5_0000_319,256,20658,1644
5_0000,5_0000_320,256,20211,1596
5_0000,5_0000_321,256,19806,1536
5_0000,5_0000_322,256,19389,1524
5_0000,5_0000_323,256,19020,1468
5_0000,5_0000_324,256,18630,1476
5_0000,5_0000_325,256,18222,1400
5_0000,5_0000_326,256,17751,1324
5_0000,5_0000_327,256,17355,1240
5_0000,5_0000_328,256,16989,1208
5_0000,5_0000_329,256,16482,1144
5_0000,5_0000_330,256,15993,1144
5_0000,5_0000_331,256,15567,1112
5_0000,5_0000_332,256,15003,852
5_0000,5_0000_333,256,14592,820
5_0000,5_0000_334,256,14196,764
5_0000,5_0000_335,256,13761,692
5_0000,5_0000_336,256,13347,700
5_0000,5_0000_337,256,12879,608
5_0000,5_0000_338,256,12435,540
5_0000,5_0000_339,256,12057,492
5_0000,5_0000_340,256,11622,496
5_0000,5_0000_341,256,11175,404
5_0000,5_0000_342,256,10707,448
5_0000,5_0000_343,256,10230,388
5_0000,5_0000_344,256,9792,496
5_0000,5_0000_345,256,9312,472
5_0000,5_0000_346,256,8784,416
5_0000,5_0000_347,256,8346,324
5_0000,5_0000_348,256,7854,0
5_0000,5_0000_349,256,7485,180
5_0000,5_0000_350,256,7128,396
5_0000,5_0000_351,256,6780,304
5_0000,5_0000_352,256,6444,0
5_0000,5_0000_353,256,6057,412
5_0000,5_0000_354,256,5670,352
5_0000,5_0000_355,256,5292,584
5_0000,5_0000_356,256,4881,628
5_0000,5_0000_357,256,4518,528
5_0000,5_0000_358,256,4122,388
5_0000,5_0000_359,256,3735,304
5_0000,5_0000_360,256,3282,188
5_0000,5_0000_361,256,2901,164
5_0000,5_0000_362,256,2553,224
5_0000,5_0000_363,256,2322,208
5_0000,5_0000_364,256,2064,0
5_0000,5_0000_365,256,1875,0
5_0000,5_0000_366,256,1665,0
5_0000,5_0000_367,256,1488,0
5_0000,5_0000_368,256,1308,0
5_0000,5_0000_369,256,1152,0
5_0000,5_0000_370,256,993,0
5_0000,5_0000_371,256,846,0
5_0000,5_0000_372,256,693,0
5_0000,5_0000_373,256,561,0
5_0000,5_0000_374,256,450,0
5_0000,5_0000_375,256,291,0
5_0000,5_0000_376,256,156,56
5_0000,5_0000_377,256,0,0
5_0000,5_0000_378,256,0,0
5_0000,5_0000_379,256,0,0
5_0000,5_0000_380,256,0,0
5_0000,5_0000_381,256,0,0
5_0000,5_0000_382,256,0,0
5_0000,5_0000_383,256,0,0
5_0000,5_0000_384,256,0,0
5_0000,5_0000_385,256,0,0
5_0000,5_0000_386,256,0,0
5_0000,5_0000_387,256,0,0
5_0000,5_0000_388,256,0,0
5_0000,5_0000_389,256,0,0
5_0000,5_0000_390,256,0,0
5_0000,5_0000_391,256,0,0
5_0000,5_0000_392,256,0,0
5_0000,5_0000_393,256,0,0
5_0000,5_0000_394,256,0,0
5_0000,5_0000_395,256,0,0
5_0000,5_0000_396,256,0,0
AIIB23_145_0000,AIIB23_145_0000_000,256,0,0
AIIB23_145_0000,AIIB23_145_0000_001,256,0,0
AIIB23_145_0000,AIIB23_145_0000_002,256,0,0
AIIB23_145_0000,AIIB23_145_0000_003,256,0,0
AIIB23_145_0000,AIIB23_145_0000_004,256,0,0
AIIB23_145_0000,AIIB23_145_0000_005,256,0,0
AIIB23_145_0000,AIIB23_145_0000_006,256,0,0
AIIB23_145_0000,AIIB23_145_0000_007,256,0,0
AIIB23_145_0000,AIIB23_145_0000_008,256,0,0
AIIB23_145_0000,AIIB23_145_0000_009,256,0,0
AIIB23_145_0000,AIIB23_145_0000_010,256,0,0
AIIB23_145_0000,AIIB23_145_0000_011,256,0,0
AIIB23_145_0000,AIIB23_145_0000_012,256,0,0
AIIB23_145_0000,AIIB23_145_0000_013,256,0,0
AIIB23_145_0000,AIIB23_145_0000_014,256,0,0
AIIB23_145_0000,AIIB23_145_0000_015,256,0,0
AIIB23_145_0000,AIIB23_145_0000_016,256,0,0
AIIB23_145_0000,AIIB23_145_0000_017,256,0,0
AIIB23_145_0000,AIIB23_145_0000_018,256,0,0
AIIB23_145_0000,AIIB23_145_0000_019,256,0,0
AIIB23_145_0000,AIIB23_145_0000_020,256,0,0
AIIB23_145_0000,AIIB23_145_0000_021,256,0,0
AIIB23_145_0000,AIIB23_145_0000_022,256,0,0
AIIB23_145_0000,AIIB23_145_0000_023,256,0,0
AIIB23_145_0000,AIIB23_145_0000_024,256,0,0
AIIB23_145_0000,AIIB23_145_0000_025,256,0,0
AIIB23_145_0000,AIIB23_145_0000_026,256,0,0
AIIB23_145_0000,AIIB23_145_0000_027,256,0,0
AIIB23_145_0000,AIIB23_145_0000_028,256,0,0
AIIB23_145_0000,AIIB23_145_0000_029,256,0,0
AIIB23_145_0000,AIIB23_145_0000_030,256,0,0
AIIB23_145_0000,AIIB23_145_0000_031,256,0,0
AIIB23_145_0000,AIIB23_145_0000_032,256,0,0
AIIB23_145_0000,AIIB23_145_0000_033,256,0,0
AIIB23_145_0000,AIIB23_145_0000_034,256,0,0
AIIB23_145_0000,AIIB23_145_0000_035,256,0,0
AIIB23_145_0000,AIIB23_145_0000_036,256,0,0
AIIB23_145_0000,AIIB23_145_0000_037,256,105,0
AIIB23_145_0000,AIIB23_145_0000_038,256,279,684
AIIB23_145_0000,AIIB23_145_0000_039,256,441,560
AIIB23_145_0000,AIIB23_145_0000_040,256,918,856
AIIB23_145_0000,AIIB23_145_0000_041,256,1365,1328
AIIB23_145_0000,AIIB23_145_0000_042,256,1839,2168
AIIB23_145_0000,AIIB23_145_0000_043,256,2409,2280
AIIB23_145_0000,AIIB23_145_0000_044,256,2574,2556
AIIB23_145_0000,AIIB23_145_0000_045,256,3258,2476
AIIB23_145_0000,AIIB23_145_0000_046,256,4152,2748
AIIB23_145_0000,AIIB23_145_0000_047,256,6951,3608
AIIB23_145_0000,AIIB23_145_0000_048,256,9801,4536
AIIB23_145_0000,AIIB23_145_0000_049,256,12279,5648
AIIB23_145_0000,AIIB23_145_0000_050,256,14421,5860
AIIB23_145_0000,AIIB23_145_0000_051,256,15162,6464
AIIB23_145_0000,AIIB23_145_0000_052,256,15516,5068
AIIB23_145_0000,AIIB23_145_0000_053,256,16389,5532
AIIB23_145_0000,AIIB23_145_0000_054,256,17805,4808
AIIB23_145_0000,AIIB23_145_0000_055,256,19188,4612
AIIB23_145_0000,AIIB23_145_0000_056,256,20565,4636
AIIB23_145_0000,AIIB23_145_0000_057,256,22002,4164
AIIB23_145_0000,AIIB23_145_0000_058,256,23385,2808
AIIB23_145_0000,AIIB23_145_0000_059,256,24972,3312
AIIB23_145_0000,AIIB23_145_0000_060,256,26925,1880
AIIB23_145_0000,AIIB23_145_0000_061,256,28602,1880
AIIB23_145_0000,AIIB23_145_0000_062,256,30384,2300
AIIB23_145_0000,AIIB23_145_0000_063,256,31545,2476
AIIB23_145_0000,AIIB23_145_0000_064,256,31590,2488
AIIB23_145_0000,AIIB23_145_0000_065,256,31779,2424
AIIB23_145_0000,AIIB23_145_0000_066,256,31935,2308
AIIB23_145_0000,AIIB23_145_0000_067,256,31812,1336
AIIB23_145_0000,AIIB23_145_0000_068,256,31986,792
AIIB23_145_0000,AIIB23_145_0000_069,256,32013,1296
AIIB23_145_0000,AIIB23_145_0000_070,256,31968,1604
AIIB23_145_0000,AIIB23_145_0000_071,256,32463,708
AIIB23_145_0000,AIIB23_145_0000_072,256,32937,960
AIIB23_145_0000,AIIB23_145_0000_073,256,33198,648
AIIB23_145_0000,AIIB23_145_0000_074,256,32823,648
AIIB23_145_0000,AIIB23_145_0000_075,256,32562,920
AIIB23_145_0000,AIIB23_145_0000_076,256,32991,1104
AIIB23_145_0000,AIIB23_145_0000_077,256,32958,1304
AIIB23_145_0000,AIIB23_145_0000_078,256,33135,1212
AIIB23_145_0000,AIIB23_145_0000_079,256,33396,1012
AIIB23_145_0000,AIIB23_145_0000_080,256,34128,1040
AIIB23_145_0000,AIIB23_145_0000_081,256,34452,560
AIIB23_145_0000,AIIB23_145_0000_082,256,34179,696
AIIB23_145_0000,AIIB23_145_0000_083,256,34104,972
AIIB23_145_0000,AIIB23_145_0000_084,256,34098,1308
AIIB23_145_0000,AIIB23_145_0000_085,256,33714,540
AIIB23_145_0000,AIIB23_145_0000_086,256,33237,1156
AIIB23_145_0000,AIIB23_145_0000_087,256,32640,600
AIIB23_145_0000,AIIB23_145_0000_088,256,31983,604
AIIB23_145_0000,AIIB23_145_0000_089,256,31509,808
AIIB23_145_0000,AIIB23_145_0000_090,256,30588,944
AIIB23_145_0000,AIIB23_145_0000_091,256,30153,756
AIIB23_145_0000,AIIB23_145_0000_092,256,30084,836
AIIB23_145_0000,AIIB23_145_0000_093,256,29472,1200
AIIB23_145_0000,AIIB23_145_0000_094,256,28782,1320
AIIB23_145_0000,AIIB23_145_0000_095,256,27915,444
AIIB23_145_0000,AIIB23_145_0000_096,256,27192,676
AIIB23_145_0000,AIIB23_145_0000_097,256,26673,1376
AIIB23_145_0000,AIIB23_145_0000_098,256,26370,1532
AIIB23_145_0000,AIIB23_145_0000_099,256,25884,856
AIIB23_145_0000,AIIB23_145_0000_100,256,25158,492
AIIB23_145_0000,AIIB23_145_0000_101,256,24417,300
AIIB23_145_0000,AIIB23_145_0000_102,256,23733,544
AIIB23_145_0000,AIIB23_145_0000_103,256,22938,384
AIIB23_145_0000,AIIB23_145_0000_104,256,22044,1308
AIIB23_145_0000,AIIB23_145_0000_105,256,20766,1452
AIIB23_145_0000,AIIB23_145_0000_106,256,19479,1052
AIIB23_145_0000,AIIB23_145_0000_107,256,18486,860
AIIB23_145_0000,AIIB23_145_0000_108,256,17625,464
AIIB23_145_0000,AIIB23_145_0000_109,256,16656,1140
AIIB23_145_0000,AIIB23_145_0000_110,256,15696,1336
AIIB23_145_0000,AIIB23_145_0000_111,256,14781,656
AIIB23_145_0000,AIIB23_145_0000_112,256,13971,236
AIIB23_145_0000,AIIB23_145_0000_113,256,13149,0
AIIB23_145_0000,AIIB23_145_0000_114,256,12381,168
AIIB23_145_0000,AIIB23_145_0000_115,256,11709,44
AIIB23_145_0000,AIIB23_145_0000_116,256,10992,348
AIIB23_145_0000,AIIB23_145_0000_117,256,10140,124
AIIB23_145_0000,AIIB23_145_0000_118,256,9129,0
AIIB23_145_0000,AIIB23_145_0000_119,256,8256,0
AIIB23_145_0000,AIIB23_145_0000_120,256,7365,0
AIIB23_145_0000,AIIB23_145_0000_121,256,6417,0
AIIB23_145_0000,AIIB23_145_0000_122,256,5526,0
AIIB23_145_0000,AIIB23_145_0000_123,256,4566,0
AIIB23_145_0000,AIIB23_145_0000_124,256,3513,0
AIIB23_145_0000,AIIB23_145_0000_125,256,2268,340
AIIB23_145_0000,AIIB23_145_0000_126,256,1743,0
AIIB23_145_0000,AIIB23_145_0000_127,256,1260,184
AIIB23_145_0000,AIIB23_145_0000_128,256,795,360
AIIB23_145_0000,AIIB23_145_0000_129,256,267,256
AIIB23_145_0000,AIIB23_145_0000_130,256,0,0
AIIB23_145_0000,AIIB23_145_0000_131,256,0,0
AIIB23_145_0000,AIIB23_145_0000_132,256,0,0
AIIB23_145_0000,AIIB23_145_0000_133,256,0,0
AIIB23_145_0000,AIIB23_145_0000_134,256,0,0
AIIB23_145_0000,AIIB23_145_0000_135,256,0,0
AIIB23_145_0000,AIIB23_145_0000_136,256,0,0
AIIB23_145_0000,AIIB23_145_0000_137,256,0,0
AIIB23_145_0000,AIIB23_145_0000_138,256,0,0
AIIB23_145_0000,AIIB23_145_0000_139,256,0,0
AIIB23_145_0000,AIIB23_145_0000_140,256,0,0
AIIB23_145_0000,AIIB23_145_0000_141,256,0,0
AIIB23_145_0000,AIIB23_145_0000_142,256,0,0
AIIB23_145_0000,AIIB23_145_0000_143,256,0,0
AIIB23_145_0000,AIIB23_145_0000_144,256,0,0
AIIB23_145_0000,AIIB23_145_0000_145,256,0,0
AIIB23_146_0000,AIIB23_146_0000_000,256,0,0
AIIB23_146_0000,AIIB23_146_0000_001,256,0,0
AIIB23_146_0000,AIIB23_146_0000_002,256,0,0
AIIB23_146_0000,AIIB23_146_0000_003,256,0,0
AIIB23_146_0000,AIIB23_146_0000_004,256,0,0
AIIB23_146_0000,AIIB23_146_0000_005,256,0,0
AIIB23_146_0000,AIIB23_146_0000_006,256,0,0
AIIB23_146_0000,AIIB23_146_0000_007,256,0,0
AIIB23_146_0000,AIIB23_146_0000_008,256,0,0
AIIB23_146_0000,AIIB23_146_0000_009,256,0,0
AIIB23_146_0000,AIIB23_146_0000_010,256,0,0
AIIB23_146_0000,AIIB23_146_0000_011,256,0,0
AIIB23_146_0000,AIIB23_146_0000_012,256,0,0
AIIB23_146_0000,AIIB23_146_0000_013,256,0,0
AIIB23_146_0000,AIIB23_146_0000_014,256,0,0
AIIB23_146_0000,AIIB23_146_0000_015,256,0,0
AIIB23_146_0000,AIIB23_146_0000_016,256,0,0
AIIB23_146_0000,AIIB23_146_0000_017,256,0,0
AIIB23_146_0000,AIIB23_146_0000_018,256,0,0
AIIB23_146_0000,AIIB23_146_0000_019,256,0,0
AIIB23_146_0000,AIIB23_146_0000_020,256,0,0
AIIB23_146_0000,AIIB23_146_0000_021,256,0,0
AIIB23_146_0000,AIIB23_146_0000_022,256,0,0
AIIB23_146_0000,AIIB23_146_0000_023,256,3,0
AIIB23_146_0000,AIIB23_146_0000_024,256,45,176
AIIB23_146_0000,AIIB23_146_0000_025,256,129,208
AIIB23_146_0000,AIIB23_146_0000_026,256,270,260
AIIB23_146_0000,AIIB23_146_0000_027,256,504,492
AIIB23_146_0000,AIIB23_146_0000_028,256,636,624
AIIB23_146_0000,AIIB23_146_0000_029,256,807,748
AIIB23_146_0000,AIIB23_146_0000_030,256,975,812
AIIB23_146_0000,AIIB23_146_0000_031,256,1170,904
AIIB23_146_0000,AIIB23_146_0000_032,256,1350,920
AIIB23_146_0000,AIIB23_146_0000_033,256,1491,860
AIIB23_146_0000,AIIB23_146_0000_034,256,1620,208
AIIB23_146_0000,AIIB23_146_0000_035,256,1722,236
AIIB23_146_0000,AIIB23_146_0000_036,256,1932,228
AIIB23_146_0000,AIIB23_146_0000_037,256,2127,412
AIIB23_146_0000,AIIB23_146_0000_038,256,2256,436
AIIB23_146_0000,AIIB23_146_0000_039,256,2325,436
AIIB23_146_0000,AIIB23_146_0000_040,256,2508,552
AIIB23_146_0000,AIIB23_146_0000_041,256,2745,880
AIIB23_146_0000,AIIB23_146_0000_042,256,3078,924
AIIB23_146_0000,AIIB23_146_0000_043,256,3237,880
AIIB23_146_0000,AIIB23_146_0000_044,256,3291,728
AIIB23_146_0000,AIIB23_146_0000_045,256,3597,1040
AIIB23_146_0000,AIIB23_146_0000_046,256,3675,948
AIIB23_146_0000,AIIB23_146_0000_047,256,3924,1012
AIIB23_146_0000,AIIB23_146_0000_048,256,4257,1480
AIIB23_146_0000,AIIB23_146_0000_049,256,4500,1308
AIIB23_146_0000,AIIB23_146_0000_050,256,4698,1224
AIIB23_146_0000,AIIB23_146_0000_051,256,4836,984
AIIB23_146_0000,AIIB23_146_0000_052,256,4989,884
AIIB23_146_0000,AIIB23_146_0000_053,256,5241,680
AIIB23_146_0000,AIIB23_146_0000_054,256,5583,756
AIIB23_146_0000,AIIB23_146_0000_055,256,5862,1180
AIIB23_146_0000,AIIB23_146_0000_056,256,6138,1340
AIIB23_146_0000,AIIB23_146_0000_057,256,6441,1636
AIIB23_146_0000,AIIB23_146_0000_058,256,6693,1564
AIIB23_146_0000,AIIB23_146_0000_059,256,6978,1508
AIIB23_146_0000,AIIB23_146_0000_060,256,7260,1656
AIIB23_146_0000,AIIB23_146_0000_061,256,7518,1052
AIIB23_146_0000,AIIB23_146_0000_062,256,7833,524
AIIB23_146_0000,AIIB23_146_0000_063,256,8199,760
AIIB23_146_0000,AIIB23_146_0000_064,256,8538,1044
AIIB23_146_0000,AIIB23_146_0000_065,256,8892,1744
AIIB23_146_0000,AIIB23_146_0000_066,256,9240,2024
AIIB23_146_0000,AIIB23_146_0000_067,256,9486,1872
AIIB23_146_0000,AIIB23_146_0000_068,256,9924,1988
AIIB23_146_0000,AIIB23_146_0000_069,256,10314,1768
AIIB23_146_0000,AIIB23_146_0000_070,256,10728,2040
AIIB23_146_0000,AIIB23_146_0000_071,256,11169,2604
AIIB23_146_0000,AIIB23_146_0000_072,256,11547,2404
AIIB23_146_0000,AIIB23_146_0000_073,256,11844,1820
AIIB23_146_0000,AIIB23_146_0000_074,256,12132,2476
AIIB23_146_0000,AIIB23_146_0000_075,256,12543,2756
AIIB23_146_0000,AIIB23_146_0000_076,256,12855,2700
AIIB23_146_0000,AIIB23_146_0000_077,256,13230,2824
AIIB23_146_0000,AIIB23_146_0000_078,256,13614,2608
AIIB23_146_0000,AIIB23_146_0000_079,256,14016,2512
AIIB23_146_0000,AIIB23_146_0000_080,256,14400,2528
AIIB23_146_0000,AIIB23_146_0000_081,256,14865,2636
AIIB23_146_0000,AIIB23_146_0000_082,256,15303,2480
AIIB23_146_0000,AIIB23_146_0000_083,256,15696,2576
AIIB23_146_0000,AIIB23_146_0000_084,256,16050,2732
AIIB23_146_0000,AIIB23_146_0000_085,256,16389,2864
AIIB23_146_0000,AIIB23_146_0000_086,256,16842,2816
AIIB23_146_0000,AIIB23_146_0000_087,256,17277,3168
AIIB23_146_0000,AIIB23_146_0000_088,256,17730,3456
AIIB23_146_0000,AIIB23_146_0000_089,256,18171,3420
AIIB23_146_0000,AIIB23_146_0000_090,256,18705,3096
AIIB23_146_0000,AIIB23_146_0000_091,256,19218,2308
AIIB23_146_0000,AIIB23_146_0000_092,256,19854,2652
AIIB23_146_0000,AIIB23_146_0000_093,256,20289,3084
AIIB23_146_0000,AIIB23_146_0000_094,256,20817,3404
AIIB23_146_0000,AIIB23_146_0000_095,256,21210,3008
AIIB23_146_0000,AIIB23_146_0000_096,256,21636,3472
AIIB23_146_0000,AIIB23_146_0000_097,256,22053,3852
AIIB23_146_0000,AIIB23_146_0000_098,256,22470,3488
AIIB23_146_0000,AIIB23_146_0000_099,256,23082,4912
AIIB23_146_0000,AIIB23_146_0000_100,256,23568,5544
AIIB23_146_0000,AIIB23_146_0000_101,256,24108,5176
AIIB23_146_0000,AIIB23_146_0000_102,256,24645,4200
AIIB23_146_0000,AIIB23_146_0000_103,256,25353,3500
AIIB23_146_0000,AIIB23_146_0000_104,256,25923,3948
AIIB23_146_0000,AIIB23_146_0000_105,256,26241,3980
AIIB23_146_0000,AIIB23_146_0000_106,256,26742,3464
AIIB23_146_0000,AIIB23_146_0000_107,256,27060,3292
AIIB23_146_0000,AIIB23_146_0000_108,256,27498,3408
AIIB23_146_0000,AIIB23_146_0000_109,256,28122,3364
AIIB23_146_0000,AIIB23_146_0000_110,256,28578,3296
AIIB23_146_0000,AIIB23_146_0000_111,256,28911,2720
AIIB23_146_0000,AIIB23_146_0000_112,256,29433,2348
AIIB23_146_0000,AIIB23_146_0000_113,256,30090,1840
AIIB23_146_0000,AIIB23_146_0000_114,256,30522,1508
AIIB23_146_0000,AIIB23_146_0000_115,256,31047,1756
AIIB23_146_0000,AIIB23_146_0000_116,256,31650,1340
AIIB23_146_0000,AIIB23_146_0000_117,256,32262,1984
AIIB23_146_0000,AIIB23_146_0000_118,256,32907,1652
AIIB23_146_0000,AIIB23_146_0000_119,256,33600,1804
AIIB23_146_0000,AIIB23_146_0000_120,256,34365,1432
AIIB23_146_0000,AIIB23_146_0000_121,256,35220,2016
AIIB23_146_0000,AIIB23_146_0000_122,256,35937,2464
AIIB23_146_0000,AIIB23_146_0000_123,256,36813,3276
AIIB23_146_0000,AIIB23_146_0000_124,256,37671,3372
AIIB23_146_0000,AIIB23_146_0000_125,256,38328,2920
AIIB23_146_0000,AIIB23_146_0000_126,256,39198,1736
AIIB23_146_0000,AIIB23_146_0000_127,256,40302,1648
AIIB23_146_0000,AIIB23_146_0000_128,256,41652,1784
AIIB23_146_0000,AIIB23_146_0000_129,256,42612,1856
AIIB23_146_0000,AIIB23_146_0000_130,256,43530,1984
AIIB23_146_0000,AIIB23_146_0000_131,256,44475,2488
AIIB23_146_0000,AIIB23_146_0000_132,256,45090,2424
AIIB23_146_0000,AIIB23_146_0000_133,256,45495,2532
AIIB23_146_0000,AIIB23_146_0000_134,256,45822,2544
AIIB23_146_0000,AIIB23_146_0000_135,256,45783,3128
AIIB23_146_0000,AIIB23_146_0000_136,256,46602,3252
AIIB23_146_0000,AIIB23_146_0000_137,256,46398,3280
AIIB23_146_0000,AIIB23_146_0000_138,256,46047,3352
AIIB23_146_0000,AIIB23_146_0000_139,256,45972,4156
AIIB23_146_0000,AIIB23_146_0000_140,256,45756,4288
AIIB23_146_0000,AIIB23_146_0000_141,256,45411,4500
AIIB23_146_0000,AIIB23_146_0000_142,256,45144,3120
AIIB23_146_0000,AIIB23_146_0000_143,256,44961,2880
AIIB23_146_0000,AIIB23_146_0000_144,256,44712,3532
AIIB23_146_0000,AIIB23_146_0000_145,256,44475,3764
AIIB23_146_0000,AIIB23_146_0000_146,256,44199,4024
AIIB23_146_0000,AIIB23_146_0000_147,256,43731,4348
AIIB23_146_0000,AIIB23_146_0000_148,256,43344,3972
AIIB23_146_0000,AIIB23_146_0000_149,256,42933,3284
AIIB23_146_0000,AIIB23_146_0000_150,256,42615,3076
AIIB23_146_0000,AIIB23_146_0000_151,256,42177,3124
AIIB23_146_0000,AIIB23_146_0000_152,256,41751,3228
AIIB23_146_0000,AIIB23_146_0000_153,256,41322,3248
AIIB23_146_0000,AIIB23_146_0000_154,256,40989,3324
AIIB23_146_0000,AIIB23_146_0000_155,256,40725,3420
AIIB23_146_0000,AIIB23_146_0000_156,256,40458,3124
AIIB23_146_0000,AIIB23_146_0000_157,256,40047,3004
AIIB23_146_0000,AIIB23_146_0000_158,256,39657,2492
AIIB23_146_0000,AIIB23_146_0000_159,256,39378,1988
AIIB23_146_0000,AIIB23_146_0000_160,256,39090,1792
AIIB23_146_0000,AIIB23_146_0000_161,256,38940,1096
AIIB23_146_0000,AIIB23_146_0000_162,256,38841,1172
AIIB23_146_0000,AIIB23_146_0000_163,256,38658,1672
AIIB23_146_0000,AIIB23_146_0000_164,256,38379,2540
AIIB23_146_0000,AIIB23_146_0000_165,256,38226,3108
AIIB23_146_0000,AIIB23_146_0000_166,256,37983,3556
AIIB23_146_0000,AIIB23_146_0000_167,256,37644,3564
AIIB23_146_0000,AIIB23_146_0000_168,256,37347,3304
AIIB23_146_0000,AIIB23_146_0000_169,256,37032,3808
AIIB23_146_0000,AIIB23_146_0000_170,256,36726,3392
AIIB23_146_0000,AIIB23_146_0000_171,256,36369,3196
AIIB23_146_0000,AIIB23_146_0000_172,256,35982,3120
AIIB23_146_0000,AIIB23_146_0000_173,256,35337,3884
AIIB23_146_0000,AIIB23_146_0000_174,256,34941,4696
AIIB23_146_0000,AIIB23_146_0000_175,256,34731,4920
AIIB23_146_0000,AIIB23_146_0000_176,256,34635,4676
AIIB23_146_0000,AIIB23_146_0000_177,256,34545,4892
AIIB23_146_0000,AIIB23_146_0000_178,256,34344,4016
AIIB23_146_0000,AIIB23_146_0000_179,256,34065,4756
AIIB23_146_0000,AIIB23_146_0000_180,256,33840,4196
AIIB23_146_0000,AIIB23_146_0000_181,256,33693,4608
AIIB23_146_0000,AIIB23_146_0000_182,256,33474,5428
AIIB23_146_0000,AIIB23_146_0000_183,256,33198,4680
AIIB23_146_0000,AIIB23_146_0000_184,256,33144,4064
AIIB23_146_0000,AIIB23_146_0000_185,256,32925,4012
AIIB23_146_0000,AIIB23_146_0000_186,256,32943,4468
AIIB23_146_0000,AIIB23_146_0000_187,256,32850,4856
AIIB23_146_0000,AIIB23_146_0000_188,256,32709,4896
AIIB23_146_0000,AIIB23_146_0000_189,256,32277,4944
AIIB23_146_0000,AIIB23_146_0000_190,256,31980,4668
AIIB23_146_0000,AIIB23_146_0000_191,256,31689,4536
AIIB23_146_0000,AIIB23_146_0000_192,256,31590,4764
AIIB23_146_0000,AIIB23_146_0000_193,256,31539,4748
AIIB23_146_0000,AIIB23_146_0000_194,256,31344,5156
AIIB23_146_0000,AIIB23_146_0000_195,256,31380,4572
AIIB23_146_0000,AIIB23_146_0000_196,256,31377,4204
AIIB23_146_0000,AIIB23_146_0000_197,256,31137,3800
AIIB23_146_0000,AIIB23_146_0000_198,256,30801,3632
AIIB23_146_0000,AIIB23_146_0000_199,256,30723,3468
AIIB23_146_0000,AIIB23_146_0000_200,256,30843,3744
AIIB23_146_0000,AIIB23_146_0000_201,256,30801,3780
AIIB23_146_0000,AIIB23_146_0000_202,256,30801,4444
AIIB23_146_0000,AIIB23_146_0000_203,256,30663,5072
AIIB23_146_0000,AIIB23_146_0000_204,256,30684,4736
AIIB23_146_0000,AIIB23_146_0000_205,256,30657,4216
AIIB23_146_0000,AIIB23_146_0000_206,256,30321,3640
AIIB23_146_0000,AIIB23_146_0000_207,256,30132,3444
AIIB23_146_0000,AIIB23_146_0000_208,256,30108,3976
AIIB23_146_0000,AIIB23_146_0000_209,256,30159,4124
AIIB23_146_0000,AIIB23_146_0000_210,256,30000,4000
AIIB23_146_0000,AIIB23_146_0000_211,256,29799,4156
AIIB23_146_0000,AIIB23_146_0000_212,256,29565,4244
AIIB23_146_0000,AIIB23_146_0000_213,256,29481,4552
AIIB23_146_0000,AIIB23_146_0000_214,256,29625,4436
AIIB23_146_0000,AIIB23_146_0000_215,256,29841,4292
AIIB23_146_0000,AIIB23_146_0000_216,256,30126,5160
AIIB23_146_0000,AIIB23_146_0000_217,256,30276,4876
AIIB23_146_0000,AIIB23_146_0000_218,256,30258,4256
AIIB23_146_0000,AIIB23_146_0000_219,256,30123,3832
AIIB23_146_0000,AIIB23_146_0000_220,256,30171,4344
AIIB23_146_0000,AIIB23_146_0000_221,256,30315,4412
AIIB23_146_0000,AIIB23_146_0000_222,256,30450,4892
AIIB23_146_0000,AIIB23_146_0000_223,256,30348,4572
AIIB23_146_0000,AIIB23_146_0000_224,256,30627,3960
AIIB23_146_0000,AIIB23_146_0000_225,256,30960,3824
AIIB23_146_0000,AIIB23_146_0000_226,256,30885,3600
AIIB23_146_0000,AIIB23_146_0000_227,256,30801,3784
AIIB23_146_0000,AIIB23_146_0000_228,256,30690,3476
AIIB23_146_0000,AIIB23_146_0000_229,256,30417,3656
AIIB23_146_0000,AIIB23_146_0000_230,256,30321,3504
AIIB23_146_0000,AIIB23_146_0000_231,256,30315,3656
AIIB23_146_0000,AIIB23_146_0000_232,256,30123,4236
AIIB23_146_0000,AIIB23_146_0000_233,256,29970,4288
AIIB23_146_0000,AIIB23_146_0000_234,256,29850,4360
AIIB23_146_0000,AIIB23_146_0000_235,256,29661,3192
AIIB23_146_0000,AIIB23_146_0000_236,256,29514,2628
AIIB23_146_0000,AIIB23_146_0000_237,256,29331,2440
AIIB23_146_0000,AIIB23_146_0000_238,256,29211,2632
AIIB23_146_0000,AIIB23_146_0000_239,256,29064,2916
AIIB23_146_0000,AIIB23_146_0000_240,256,28818,2604
AIIB23_146_0000,AIIB23_146_0000_241,256,28557,2484
AIIB23_146_0000,AIIB23_146_0000_242,256,28194,2168
AIIB23_146_0000,AIIB23_146_0000_243,256,27954,2392
AIIB23_146_0000,AIIB23_146_0000_244,256,27801,2884
AIIB23_146_0000,AIIB23_146_0000_245,256,27468,2516
AIIB23_146_0000,AIIB23_146_0000_246,256,27267,2288
AIIB23_146_0000,AIIB23_146_0000_247,256,27033,2032
AIIB23_146_0000,AIIB23_146_0000_248,256,26895,2104
AIIB23_146_0000,AIIB23_146_0000_249,256,26643,2256
AIIB23_146_0000,AIIB23_146_0000_250,256,26415,2156
AIIB23_146_0000,AIIB23_146_0000_251,256,26292,1792
AIIB23_146_0000,AIIB23_146_0000_252,256,26076,1832
AIIB23_146_0000,AIIB23_146_0000_253,256,25935,2032
AIIB23_146_0000,AIIB23_146_0000_254,256,25746,2056
AIIB23_146_0000,AIIB23_146_0000_255,256,25518,1876
AIIB23_146_0000,AIIB23_146_0000_256,256,25248,1636
AIIB23_146_0000,AIIB23_146_0000_257,256,24978,1852
AIIB23_146_0000,AIIB23_146_0000_258,256,24651,2044
AIIB23_146_0000,AIIB23_146_0000_259,256,24450,1768
AIIB23_146_0000,AIIB23_146_0000_260,256,24153,1880
AIIB23_146_0000,AIIB23_146_0000_261,256,23832,2048
AIIB23_146_0000,AIIB23_146_0000_262,256,23457,1876
AIIB23_146_0000,AIIB23_146_0000_263,256,23121,1472
AIIB23_146_0000,AIIB23_146_0000_264,256,22800,920
AIIB23_146_0000,AIIB23_146_0000_265,256,22560,1068
AIIB23_146_0000,AIIB23_146_0000_266,256,22293,1164
AIIB23_146_0000,AIIB23_146_0000_267,256,22092,1256
AIIB23_146_0000,AIIB23_146_0000_268,256,21864,1096
AIIB23_146_0000,AIIB23_146_0000_269,256,21654,820
AIIB23_146_0000,AIIB23_146_0000_270,256,21477,816
AIIB23_146_0000,AIIB23_146_0000_271,256,21228,1524
AIIB23_146_0000,AIIB23_146_0000_272,256,20976,1252
AIIB23_146_0000,AIIB23_146_0000_273,256,20652,1488
AIIB23_146_0000,AIIB23_146_0000_274,256,20238,1296
AIIB23_146_0000,AIIB23_146_0000_275,256,19782,1224
AIIB23_146_0000,AIIB23_146_0000_276,256,19392,1368
AIIB23_146_0000,AIIB23_146_0000_277,256,19071,1168
AIIB23_146_0000,AIIB23_146_0000_278,256,18843,844
AIIB23_146_0000,AIIB23_146_0000_279,256,18504,708
AIIB23_146_0000,AIIB23_146_0000_280,256,18096,1156
AIIB23_146_0000,AIIB23_146_0000_281,256,17748,1184
AIIB23_146_0000,AIIB23_146_0000_282,256,17373,1128
AIIB23_146_0000,AIIB23_146_0000_283,256,17052,776
AIIB23_146_0000,AIIB23_146_0000_284,256,16656,612
AIIB23_146_0000,AIIB23_146_0000_285,256,16311,968
AIIB23_146_0000,AIIB23_146_0000_286,256,15981,976
AIIB23_146_0000,AIIB23_146_0000_287,256,15573,984
AIIB23_146_0000,AIIB23_146_0000_288,256,15111,792
AIIB23_146_0000,AIIB23_146_0000_289,256,14673,592
AIIB23_146_0000,AIIB23_146_0000_290,256,14259,764
AIIB23_146_0000,AIIB23_146_0000_291,256,13854,736
AIIB23_146_0000,AIIB23_146_0000_292,256,13389,660
AIIB23_146_0000,AIIB23_146_0000_293,256,13020,536
AIIB23_146_0000,AIIB23_146_0000_294,256,12594,428
AIIB23_146_0000,AIIB23_146_0000_295,256,12237,568
AIIB23_146_0000,AIIB23_146_0000_296,256,11853,560
AIIB23_146_0000,AIIB23_146_0000_297,256,11424,648
AIIB23_146_0000,AIIB23_146_0000_298,256,11001,168
AIIB23_146_0000,AIIB23_146_0000_299,256,10578,264
AIIB23_146_0000,AIIB23_146_0000_300,256,10122,288
AIIB23_146_0000,AIIB23_146_0000_301,256,9684,0
AIIB23_146_0000,AIIB23_146_0000_302,256,9192,48
AIIB23_146_0000,AIIB23_146_0000_303,256,8733,0
AIIB23_146_0000,AIIB23_146_0000_304,256,8364,32
AIIB23_146_0000,AIIB23_146_0000_305,256,7953,0
AIIB23_146_0000,AIIB23_146_0000_306,256,7524,44
AIIB23_146_0000,AIIB23_146_0000_307,256,7125,0
AIIB23_146_0000,AIIB23_146_0000_308,256,6759,0
AIIB23_146_0000,AIIB23_146_0000_309,256,6285,0
AIIB23_146_0000,AIIB23_146_0000_310,256,5730,80
AIIB23_146_0000,AIIB23_146_0000_311,256,5253,168
AIIB23_146_0000,AIIB23_146_0000_312,256,4791,112
AIIB23_146_0000,AIIB23_146_0000_313,256,4374,172
AIIB23_146_0000,AIIB23_146_0000_314,256,4026,344
AIIB23_146_0000,AIIB23_146_0000_315,256,3672,356
AIIB23_146_0000,AIIB23_146_0000_316,256,3195,308
AIIB23_146_0000,AIIB23_146_0000_317,256,2631,236
AIIB23_146_0000,AIIB23_146_0000_318,256,2247,228
AIIB23_146_0000,AIIB23_146_0000_319,256,1920,456
AIIB23_146_0000,AIIB23_146_0000_320,256,1497,448
AIIB23_146_0000,AIIB23_146_0000_321,256,1170,216
AIIB23_146_0000,AIIB23_146_0000_322,256,948,496
AIIB23_146_0000,AIIB23_146_0000_323,256,735,232
AIIB23_146_0000,AIIB23_146_0000_324,256,351,288
AIIB23_146_0000,AIIB23_146_0000_325,256,48,108
AIIB23_146_0000,AIIB23_146_0000_326,256,0,0
AIIB23_146_0000,AIIB23_146_0000_327,256,0,0
AIIB23_146_0000,AIIB23_146_0000_328,256,0,0
AIIB23_146_0000,AIIB23_146_0000_329,256,0,0
AIIB23_146_0000,AIIB23_146_0000_330,256,0,0
AIIB23_146_0000,AIIB23_146_0000_331,256,0,0
AIIB23_146_0000,AIIB23_146_0000_332,256,0,0
AIIB23_146_0000,AIIB23_146_0000_333,256,0,0
AIIB23_146_0000,AIIB23_146_0000_334,256,0,0
AIIB23_146_0000,AIIB23_146_0000_335,256,0,0
AIIB23_146_0000,AIIB23_146_0000_336,256,0,0
AIIB23_146_0000,AIIB23_146_0000_337,256,0,0
AIIB23_146_0000,AIIB23_146_0000_338,256,0,0
AIIB23_146_0000,AIIB23_146_0000_339,256,0,0
AIIB23_146_0000,AIIB23_146_0000_340,256,0,0
AIIB23_146_0000,AIIB23_146_0000_341,256,0,0
AIIB23_146_0000,AIIB23_146_0000_342,256,0,0
AIIB23_146_0000,AIIB23_146_0000_343,256,0,0
AIIB23_146_0000,AIIB23_146_0000_344,256,0,0
AIIB23_146_0000,AIIB23_146_0000_345,256,0,0
AIIB23_146_0000,AIIB23_146_0000_346,256,0,0
AIIB23_146_0000,AIIB23_146_0000_347,256,0,0
AIIB23_146_0000,AIIB23_146_0000_348,256,0,0
AIIB23_146_0000,AIIB23_146_0000_349,256,0,0
AIIB23_146_0000,AIIB23_146_0000_350,256,0,0
AIIB23_146_0000,AIIB23_146_0000_351,256,0,0
AIIB23_146_0000,AIIB23_146_0000_352,256,0,0
AIIB23_146_0000,AIIB23_146_0000_353,256,0,0
AIIB23_146_0000,AIIB23_146_0000_354,256,0,0
AIIB23_146_0000,AIIB23_146_0000_355,256,0,0
AIIB23_147_0000,AIIB23_147_0000_000,256,0,0
AIIB23_147_0000,AIIB23_147_0000_001,256,0,0
AIIB23_147_0000,AIIB23_147_0000_002,256,0,0
AIIB23_147_0000,AIIB23_147_0000_003,256,0,0
AIIB23_147_0000,AIIB23_147_0000_004,256,0,0
AIIB23_147_0000,AIIB23_147_0000_005,256,0,0
AIIB23_147_0000,AIIB23_147_0000_006,256,0,0
AIIB23_147_0000,AIIB23_147_0000_007,256,0,0
AIIB23_147_0000,AIIB23_147_0000_008,256,0,0
AIIB23_147_0000,AIIB23_147_0000_009,256,0,0
AIIB23_147_0000,AIIB23_147_0000_010,256,0,0
AIIB23_147_0000,AIIB23_147_0000_011,256,0,0
AIIB23_147_0000,AIIB23_147_0000_012,256,0,0
AIIB23_147_0000,AIIB23_147_0000_013,256,36,100
AIIB23_147_0000,AIIB23_147_0000_014,256,132,348
AIIB23_147_0000,AIIB23_147_0000_015,256,192,348
AIIB23_147_0000,AIIB23_147_0000_016,256,357,492
AIIB23_147_0000,AIIB23_147_0000_017,256,585,676
AIIB23_147_0000,AIIB23_147_0000_018,256,918,860
AIIB23_147_0000,AIIB23_147_0000_019,256,1134,880
AIIB23_147_0000,AIIB23_147_0000_020,256,1386,1240
AIIB23_147_0000,AIIB23_147_0000_021,256,1866,1748
AIIB23_147_0000,AIIB23_147_0000_022,256,2778,1788
AIIB23_147_0000,AIIB23_147_0000_023,256,3285,2276
AIIB23_147_0000,AIIB23_147_0000_024,256,4113,2752
AIIB23_147_0000,AIIB23_147_0000_025,256,4887,2900
AIIB23_147_0000,AIIB23_147_0000_026,256,5835,3252
AIIB23_147_0000,AIIB23_147_0000_027,256,6633,3396
AIIB23_147_0000,AIIB23_147_0000_028,256,7596,3660
AIIB23_147_0000,AIIB23_147_0000_029,256,8703,3992
AIIB23_147_0000,AIIB23_147_0000_030,256,9933,4508
AIIB23_147_0000,AIIB23_147_0000_031,256,11142,5260
AIIB23_147_0000,AIIB23_147_0000_032,256,12321,5892
AIIB23_147_0000,AIIB23_147_0000_033,256,13593,6036
AIIB23_147_0000,AIIB23_147_0000_034,256,14970,5932
AIIB23_147_0000,AIIB23_147_0000_035,256,16611,6540
AIIB23_147_0000,AIIB23_147_0000_036,256,17889,5608
AIIB23_147_0000,AIIB23_147_0000_037,256,18918,5688
AIIB23_147_0000,AIIB23_147_0000_038,256,19803,5412
AIIB23_147_0000,AIIB23_147_0000_039,256,21288,5512
AIIB23_147_0000,AIIB23_147_0000_040,256,22869,5256
AIIB23_147_0000,AIIB23_147_0000_041,256,24651,5844
AIIB23_147_0000,AIIB23_147_0000_042,256,25698,6216
AIIB23_147_0000,AIIB23_147_0000_043,256,26604,6224
AIIB23_147_0000,AIIB23_147_0000_044,256,27231,6056
AIIB23_147_0000,AIIB23_147_0000_045,256,28563,4920
AIIB23_147_0000,AIIB23_147_0000_046,256,30006,5252
AIIB23_147_0000,AIIB23_147_0000_047,256,31653,5824
AIIB23_147_0000,AIIB23_147_0000_048,256,32799,5412
AIIB23_147_0000,AIIB23_147_0000_049,256,33837,4704
AIIB23_147_0000,AIIB23_147_0000_050,256,34992,4940
AIIB23_147_0000,AIIB23_147_0000_051,256,36027,3856
AIIB23_147_0000,AIIB23_147_0000_052,256,37038,4580
AIIB23_147_0000,AIIB23_147_0000_053,256,38151,4088
AIIB23_147_0000,AIIB23_147_0000_054,256,38730,4224
AIIB23_147_0000,AIIB23_147_0000_055,256,38649,4624
AIIB23_147_0000,AIIB23_147_0000_056,256,38595,3500
AIIB23_147_0000,AIIB23_147_0000_057,256,38517,3612
AIIB23_147_0000,AIIB23_147_0000_058,256,38130,4200
AIIB23_147_0000,AIIB23_147_0000_059,256,37902,3832
AIIB23_147_0000,AIIB23_147_0000_060,256,37677,3900
AIIB23_147_0000,AIIB23_147_0000_061,256,37596,3716
AIIB23_147_0000,AIIB23_147_0000_062,256,37188,2952
AIIB23_147_0000,AIIB23_147_0000_063,256,36783,2384
AIIB23_147_0000,AIIB23_147_0000_064,256,36837,1920
AIIB23_147_0000,AIIB23_147_0000_065,256,37158,1968
AIIB23_147_0000,AIIB23_147_0000_066,256,37308,2440
AIIB23_147_0000,AIIB23_147_0000_067,256,36918,1948
AIIB23_147_0000,AIIB23_147_0000_068,256,36933,1552
AIIB23_147_0000,AIIB23_147_0000_069,256,37107,1600
AIIB23_147_0000,AIIB23_147_0000_070,256,37374,2388
AIIB23_147_0000,AIIB23_147_0000_071,256,37776,2796
AIIB23_147_0000,AIIB23_147_0000_072,256,38073,3096
AIIB23_147_0000,AIIB23_147_0000_073,256,38049,2588
AIIB23_147_0000,AIIB23_147_0000_074,256,37977,1776
AIIB23_147_0000,AIIB23_147_0000_075,256,38214,1408
AIIB23_147_0000,AIIB23_147_0000_076,256,38172,2000
AIIB23_147_0000,AIIB23_147_0000_077,256,38418,2008
AIIB23_147_0000,AIIB23_147_0000_078,256,38181,2376
AIIB23_147_0000,AIIB23_147_0000_079,256,37821,2056
AIIB23_147_0000,AIIB23_147_0000_080,256,37536,2008
AIIB23_147_0000,AIIB23_147_0000_081,256,37458,1392
AIIB23_147_0000,AIIB23_147_0000_082,256,36885,1576
AIIB23_147_0000,AIIB23_147_0000_083,256,36768,1656
AIIB23_147_0000,AIIB23_147_0000_084,256,36780,1348
AIIB23_147_0000,AIIB23_147_0000_085,256,36627,1252
AIIB23_147_0000,AIIB23_147_0000_086,256,36324,2372
AIIB23_147_0000,AIIB23_147_0000_087,256,36381,2608
AIIB23_147_0000,AIIB23_147_0000_088,256,36309,2836
AIIB23_147_0000,AIIB23_147_0000_089,256,36330,2752
AIIB23_147_0000,AIIB23_147_0000_090,256,36129,3048
AIIB23_147_0000,AIIB23_147_0000_091,256,35880,3508
AIIB23_147_0000,AIIB23_147_0000_092,256,35547,3820
AIIB23_147_0000,AIIB23_147_0000_093,256,35223,3120
AIIB23_147_0000,AIIB23_147_0000_094,256,34668,3536
AIIB23_147_0000,AIIB23_147_0000_095,256,34215,2732
AIIB23_147_0000,AIIB23_147_0000_096,256,34275,2796
AIIB23_147_0000,AIIB23_147_0000_097,256,34452,3148
AIIB23_147_0000,AIIB23_147_0000_098,256,34344,2360
AIIB23_147_0000,AIIB23_147_0000_099,256,33732,3372
AIIB23_147_0000,AIIB23_147_0000_100,256,33222,2912
AIIB23_147_0000,AIIB23_147_0000_101,256,32892,2856
AIIB23_147_0000,AIIB23_147_0000_102,256,32145,2660
AIIB23_147_0000,AIIB23_147_0000_103,256,31485,3116
AIIB23_147_0000,AIIB23_147_0000_104,256,31059,3612
AIIB23_147_0000,AIIB23_147_0000_105,256,30396,3400
AIIB23_147_0000,AIIB23_147_0000_106,256,29787,3668
AIIB23_147_0000,AIIB23_147_0000_107,256,29214,3144
AIIB23_147_0000,AIIB23_147_0000_108,256,28632,2544
AIIB23_147_0000,AIIB23_147_0000_109,256,27912,2528
AIIB23_147_0000,AIIB23_147_0000_110,256,27069,3376
AIIB23_147_0000,AIIB23_147_0000_111,256,26058,3060
AIIB23_147_0000,AIIB23_147_0000_112,256,25107,2340
AIIB23_147_0000,AIIB23_147_0000_113,256,24186,792
AIIB23_147_0000,AIIB23_147_0000_114,256,23280,1236
AIIB23_147_0000,AIIB23_147_0000_115,256,22500,1132
AIIB23_147_0000,AIIB23_147_0000_116,256,21699,816
AIIB23_147_0000,AIIB23_147_0000_117,256,20880,996
AIIB23_147_0000,AIIB23_147_0000_118,256,20190,836
AIIB23_147_0000,AIIB23_147_0000_119,256,19071,780
AIIB23_147_0000,AIIB23_147_0000_120,256,18075,1176
AIIB23_147_0000,AIIB23_147_0000_121,256,17211,1416
AIIB23_147_0000,AIIB23_147_0000_122,256,16167,1076
AIIB23_147_0000,AIIB23_147_0000_123,256,15126,904
AIIB23_147_0000,AIIB23_147_0000_124,256,14013,428
AIIB23_147_0000,AIIB23_147_0000_125,256,12894,868
AIIB23_147_0000,AIIB23_147_0000_126,256,11877,612
AIIB23_147_0000,AIIB23_147_0000_127,256,10497,396
AIIB23_147_0000,AIIB23_147_0000_128,256,9468,0
AIIB23_147_0000,AIIB23_147_0000_129,256,8397,0
AIIB23_147_0000,AIIB23_147_0000_130,256,7449,0
AIIB23_147_0000,AIIB23_147_0000_131,256,6369,300
AIIB23_147_0000,AIIB23_147_0000_132,256,5313,240
AIIB23_147_0000,AIIB23_147_0000_133,256,4071,548
AIIB23_147_0000,AIIB23_147_0000_134,256,2787,200
AIIB23_147_0000,AIIB23_147_0000_135,256,1800,840
AIIB23_147_0000,AIIB23_147_0000_136,256,600,336
AIIB23_147_0000,AIIB23_147_0000_137,256,6,4
AIIB23_147_0000,AIIB23_147_0000_138,256,0,0
AIIB23_147_0000,AIIB23_147_0000_139,256,0,0
AIIB23_147_0000,AIIB23_147_0000_140,256,0,0
AIIB23_147_0000,AIIB23_147_0000_141,256,0,0
AIIB23_147_0000,AIIB23_147_0000_142,256,0,0
AIIB23_147_0000,AIIB23_147_0000_143,256,0,0
AIIB23_147_0000,AIIB23_147_0000_144,256,0,0
AIIB23_147_0000,AIIB23_147_0000_145,256,0,0
AIIB23_147_0000,AIIB23_147_0000_146,256,0,0
AIIB23_159_0000,AIIB23_159_0000_000,256,0,0
AIIB23_159_0000,AIIB23_159_0000_001,256,0,0
AIIB23_159_0000,AIIB23_159_0000_002,256,0,0
AIIB23_159_0000,AIIB23_159_0000_003,256,0,0
AIIB23_159_0000,AIIB23_159_0000_004,256,0,0
AIIB23_159_0000,AIIB23_159_0000_005,256,0,0
AIIB23_159_0000,AIIB23_159_0000_006,256,0,0
AIIB23_159_0000,AIIB23_159_0000_007,256,0,0
AIIB23_159_0000,AIIB23_159_0000_008,256,0,0
AIIB23_159_0000,AIIB23_159_0000_009,256,0,0
AIIB23_159_0000,AIIB23_159_0000_010,256,0,0
AIIB23_159_0000,AIIB23_159_0000_011,256,0,0
AIIB23_159_0000,AIIB23_159_0000_012,256,0,0
AIIB23_159_0000,AIIB23_159_0000_013,256,0,0
AIIB23_159_0000,AIIB23_159_0000_014,256,0,0
AIIB23_159_0000,AIIB23_159_0000_015,256,0,0
AIIB23_159_0000,AIIB23_159_0000_016,256,0,0
AIIB23_159_0000,AIIB23_159_0000_017,256,0,0
AIIB23_159_0000,AIIB23_159_0000_018,256,0,0
AIIB23_159_0000,AIIB23_159_0000_019,256,0,0
AIIB23_159_0000,AIIB23_159_0000_020,256,0,0
AIIB23_159_0000,AIIB23_159_0000_021,256,0,0
AIIB23_159_0000,AIIB23_159_0000_022,256,0,0
AIIB23_159_0000,AIIB23_159_0000_023,256,0,0
AIIB23_159_0000,AIIB23_159_0000_024,256,0,0
AIIB23_159_0000,AIIB23_159_0000_025,256,0,0
AIIB23_159_0000,AIIB23_159_0000_026,256,0,0
AIIB23_159_0000,AIIB23_159_0000_027,256,0,0
AIIB23_159_0000,AIIB23_159_0000_028,256,0,0
AIIB23_159_0000,AIIB23_159_0000_029,256,0,0
AIIB23_159_0000,AIIB23_159_0000_030,256,0,0
AIIB23_159_0000,AIIB23_159_0000_031,256,0,0
AIIB23_159_0000,AIIB23_159_0000_032,256,0,0
AIIB23_159_0000,AIIB23_159_0000_033,256,0,0
AIIB23_159_0000,AIIB23_159_0000_034,256,0,0
AIIB23_159_0000,AIIB23_159_0000_035,256,0,0
AIIB23_159_0000,AIIB23_159_0000_036,256,0,0
AIIB23_159_0000,AIIB23_159_0000_037,256,0,0
AIIB23_159_0000,AIIB23_159_0000_038,256,0,0
AIIB23_159_0000,AIIB23_159_0000_039,256,0,0
AIIB23_159_0000,AIIB23_159_0000_040,256,0,0
AIIB23_159_0000,AIIB23_159_0000_041,256,0,0
AIIB23_159_0000,AIIB23_159_0000_042,256,0,0
AIIB23_159_0000,AIIB23_159_0000_043,256,0,0
AIIB23_159_0000,AIIB23_159_0000_044,256,0,0
AIIB23_159_0000,AIIB23_159_0000_045,256,0,0
AIIB23_159_0000,AIIB23_159_0000_046,256,0,0
AIIB23_159_0000,AIIB23_159_0000_047,256,0,0
AIIB23_159_0000,AIIB23_159_0000_048,256,0,0
AIIB23_159_0000,AIIB23_159_0000_049,256,0,0
AIIB23_159_0000,AIIB23_159_0000_050,256,0,0
AIIB23_159_0000,AIIB23_159_0000_051,256,0,0
AIIB23_159_0000,AIIB23_159_0000_052,256,0,0
AIIB23_159_0000,AIIB23_159_0000_053,256,0,0
AIIB23_159_0000,AIIB23_159_0000_054,256,0,0
AIIB23_159_0000,AIIB23_159_0000_055,256,0,0
AIIB23_159_0000,AIIB23_159_0000_056,256,0,0
AIIB23_159_0000,AIIB23_159_0000_057,256,0,0
AIIB23_159_0000,AIIB23_159_0000_058,256,0,0
AIIB23_159_0000,AIIB23_159_0000_059,256,0,0
AIIB23_159_0000,AIIB23_159_0000_060,256,0,0
AIIB23_159_0000,AIIB23_159_0000_061,256,0,0
AIIB23_159_0000,AIIB23_159_0000_062,256,0,0
AIIB23_159_0000,AIIB23_159_0000_063,256,0,0
AIIB23_159_0000,AIIB23_159_0000_064,256,0,0
AIIB23_159_0000,AIIB23_159_0000_065,256,0,0
AIIB23_159_0000,AIIB23_159_0000_066,256,0,0
AIIB23_159_0000,AIIB23_159_0000_067,256,45,184
AIIB23_159_0000,AIIB23_159_0000_068,256,66,168
AIIB23_159_0000,AIIB23_159_0000_069,256,69,188
AIIB23_159_0000,AIIB23_159_0000_070,256,87,380
AIIB23_159_0000,AIIB23_159_0000_071,256,99,408
AIIB23_159_0000,AIIB23_159_0000_072,256,126,456
AIIB23_159_0000,AIIB23_159_0000_073,256,162,468
AIIB23_159_0000,AIIB23_159_0000_074,256,270,464
AIIB23_159_0000,AIIB23_159_0000_075,256,396,384
AIIB23_159_0000,AIIB23_159_0000_076,256,450,404
AIIB23_159_0000,AIIB23_159_0000_077,256,504,436
AIIB23_159_0000,AIIB23_159_0000_078,256,525,408
AIIB23_159_0000,AIIB23_159_0000_079,256,591,548
AIIB23_159_0000,AIIB23_159_0000_080,256,705,524
AIIB23_159_0000,AIIB23_159_0000_081,256,762,696
AIIB23_159_0000,AIIB23_159_0000_082,256,813,512
AIIB23_159_0000,AIIB23_159_0000_083,256,789,536
AIIB23_159_0000,AIIB23_159_0000_084,256,825,576
AIIB23_159_0000,AIIB23_159_0000_085,256,867,624
AIIB23_159_0000,AIIB23_159_0000_086,256,1005,672
AIIB23_159_0000,AIIB23_159_0000_087,256,1125,700
AIIB23_159_0000,AIIB23_159_0000_088,256,1287,716
AIIB23_159_0000,AIIB23_159_0000_089,256,1440,796
AIIB23_159_0000,AIIB23_159_0000_090,256,1515,848
AIIB23_159_0000,AIIB23_159_0000_091,256,1575,828
AIIB23_159_0000,AIIB23_159_0000_092,256,1677,832
AIIB23_159_0000,AIIB23_159_0000_093,256,1800,968
AIIB23_159_0000,AIIB23_159_0000_094,256,1965,1088
AIIB23_159_0000,AIIB23_159_0000_095,256,2049,1156
AIIB23_159_0000,AIIB23_159_0000_096,256,2148,1176
AIIB23_159_0000,AIIB23_159_0000_097,256,2271,1364
AIIB23_159_0000,AIIB23_159_0000_098,256,2400,1324
AIIB23_159_0000,AIIB23_159_0000_099,256,2517,1404
AIIB23_159_0000,AIIB23_159_0000_100,256,2634,1440
AIIB23_159_0000,AIIB23_159_0000_101,256,2748,1524
AIIB23_159_0000,AIIB23_159_0000_102,256,2991,1640
AIIB23_159_0000,AIIB23_159_0000_103,256,3252,1716
AIIB23_159_0000,AIIB23_159_0000_104,256,3483,1740
AIIB23_159_0000,AIIB23_159_0000_105,256,3654,1832
AIIB23_159_0000,AIIB23_159_0000_106,256,3852,2132
AIIB23_159_0000,AIIB23_159_0000_107,256,4041,2216
AIIB23_159_0000,AIIB23_159_0000_108,256,4305,2208
AIIB23_159_0000,AIIB23_159_0000_109,256,4542,2428
AIIB23_159_0000,AIIB23_159_0000_110,256,4791,2544
AIIB23_159_0000,AIIB23_159_0000_111,256,5022,2500
AIIB23_159_0000,AIIB23_159_0000_112,256,5271,2520
AIIB23_159_0000,AIIB23_159_0000_113,256,5400,2732
AIIB23_159_0000,AIIB23_159_0000_114,256,5556,2724
AIIB23_159_0000,AIIB23_159_0000_115,256,5775,2728
AIIB23_159_0000,AIIB23_159_0000_116,256,5952,2828
AIIB23_159_0000,AIIB23_159_0000_117,256,6147,2964
AIIB23_159_0000,AIIB23_159_0000_118,256,6342,3044
AIIB23_159_0000,AIIB23_159_0000_119,256,6468,3084
AIIB23_159_0000,AIIB23_159_0000_120,256,6600,3136
AIIB23_159_0000,AIIB23_159_0000_121,256,6693,3180
AIIB23_159_0000,AIIB23_159_0000_122,256,6789,3084
AIIB23_159_0000,AIIB23_159_0000_123,256,6948,3180
AIIB23_159_0000,AIIB23_159_0000_124,256,7131,3404
AIIB23_159_0000,AIIB23_159_0000_125,256,7308,3228
AIIB23_159_0000,AIIB23_159_0000_126,256,7455,3232
AIIB23_159_0000,AIIB23_159_0000_127,256,7626,3384
AIIB23_159_0000,AIIB23_159_0000_128,256,7800,3336
AIIB23_159_0000,AIIB23_159_0000_129,256,7956,3228
AIIB23_159_0000,AIIB23_159_0000_130,256,8178,3036
AIIB23_159_0000,AIIB23_159_0000_131,256,8415,2792
AIIB23_159_0000,AIIB23_159_0000_132,256,8631,2756
AIIB23_159_0000,AIIB23_159_0000_133,256,8730,2800
AIIB23_159_0000,AIIB23_159_0000_134,256,8910,2800
AIIB23_159_0000,AIIB23_159_0000_135,256,9090,2744
AIIB23_159_0000,AIIB23_159_0000_136,256,9270,2988
AIIB23_159_0000,AIIB23_159_0000_137,256,9453,3056
AIIB23_159_0000,AIIB23_159_0000_138,256,9621,3052
AIIB23_159_0000,AIIB23_159_0000_139,256,9777,3036
AIIB23_159_0000,AIIB23_159_0000_140,256,9975,2924
AIIB23_159_0000,AIIB23_159_0000_141,256,10230,3176
AIIB23_159_0000,AIIB23_159_0000_142,256,10431,3232
AIIB23_159_0000,AIIB23_159_0000_143,256,10605,3300
AIIB23_159_0000,AIIB23_159_0000_144,256,10809,3340
AIIB23_159_0000,AIIB23_159_0000_145,256,10977,3668
AIIB23_159_0000,AIIB23_159_0000_146,256,11175,3732
AIIB23_159_0000,AIIB23_159_0000_147,256,11373,3744
AIIB23_159_0000,AIIB23_159_0000_148,256,11562,4024
AIIB23_159_0000,AIIB23_159_0000_149,256,11700,3968
AIIB23_159_0000,AIIB23_159_0000_150,256,11892,4292
AIIB23_159_0000,AIIB23_159_0000_151,256,12048,4260
AIIB23_159_0000,AIIB23_159_0000_152,256,12183,3644
AIIB23_159_0000,AIIB23_159_0000_153,256,12309,3684
AIIB23_159_0000,AIIB23_159_0000_154,256,12480,3736
AIIB23_159_0000,AIIB23_159_0000_155,256,12702,3752
AIIB23_159_0000,AIIB23_159_0000_156,256,12933,3564
AIIB23_159_0000,AIIB23_159_0000_157,256,13107,3676
AIIB23_159_0000,AIIB23_159_0000_158,256,13227,3800
AIIB23_159_0000,AIIB23_159_0000_159,256,13359,3916
AIIB23_159_0000,AIIB23_159_0000_160,256,13497,3664
AIIB23_159_0000,AIIB23_159_0000_161,256,13641,3684
AIIB23_159_0000,AIIB23_159_0000_162,256,13758,3792
AIIB23_159_0000,AIIB23_159_0000_163,256,13884,4008
AIIB23_159_0000,AIIB23_159_0000_164,256,14007,3888
AIIB23_159_0000,AIIB23_159_0000_165,256,14226,3696
AIIB23_159_0000,AIIB23_159_0000_166,256,14421,3368
AIIB23_159_0000,AIIB23_159_0000_167,256,14580,3256
AIIB23_159_0000,AIIB23_159_0000_168,256,14751,3784
AIIB23_159_0000,AIIB23_159_0000_169,256,14859,3292
AIIB23_159_0000,AIIB23_159_0000_170,256,14976,2772
AIIB23_159_0000,AIIB23_159_0000_171,256,15075,3036
AIIB23_159_0000,AIIB23_159_0000_172,256,15273,2988
AIIB23_159_0000,AIIB23_159_0000_173,256,15459,3056
AIIB23_159_0000,AIIB23_159_0000_174,256,15648,3096
AIIB23_159_0000,AIIB23_159_0000_175,256,15768,3316
AIIB23_159_0000,AIIB23_159_0000_176,256,15846,3004
AIIB23_159_0000,AIIB23_159_0000_177,256,16077,2636
AIIB23_159_0000,AIIB23_159_0000_178,256,16275,2704
AIIB23_159_0000,AIIB23_159_0000_179,256,16506,2500
AIIB23_159_0000,AIIB23_159_0000_180,256,16668,1900
AIIB23_159_0000,AIIB23_159_0000_181,256,16794,2308
AIIB23_159_0000,AIIB23_159_0000_182,256,16839,2752
AIIB23_159_0000,AIIB23_159_0000_183,256,16863,2612
AIIB23_159_0000,AIIB23_159_0000_184,256,16878,2652
AIIB23_159_0000,AIIB23_159_0000_185,256,16917,3432
AIIB23_159_0000,AIIB23_159_0000_186,256,17004,3536
AIIB23_159_0000,AIIB23_159_0000_187,256,17064,3648
AIIB23_159_0000,AIIB23_159_0000_188,256,17067,3048
AIIB23_159_0000,AIIB23_159_0000_189,256,17289,3072
AIIB23_159_0000,AIIB23_159_0000_190,256,17445,2916
AIIB23_159_0000,AIIB23_159_0000_191,256,17652,3024
AIIB23_159_0000,AIIB23_159_0000_192,256,17919,2940
AIIB23_159_0000,AIIB23_159_0000_193,256,18216,3524
AIIB23_159_0000,AIIB23_159_0000_194,256,18546,4380
AIIB23_159_0000,AIIB23_159_0000_195,256,18774,4464
AIIB23_159_0000,AIIB23_159_0000_196,256,18885,3728
AIIB23_159_0000,AIIB23_159_0000_197,256,18939,1992
AIIB23_159_0000,AIIB23_159_0000_198,256,19053,1952
AIIB23_159_0000,AIIB23_159_0000_199,256,19236,2136
AIIB23_159_0000,AIIB23_159_0000_200,256,19428,2628
AIIB23_159_0000,AIIB23_159_0000_201,256,19647,2116
AIIB23_159_0000,AIIB23_159_0000_202,256,19728,1796
AIIB23_159_0000,AIIB23_159_0000_203,256,19938,1612
AIIB23_159_0000,AIIB23_159_0000_204,256,20238,1884
AIIB23_159_0000,AIIB23_159_0000_205,256,20529,2184
AIIB23_159_0000,AIIB23_159_0000_206,256,20853,1924
AIIB23_159_0000,AIIB23_159_0000_207,256,21243,1888
AIIB23_159_0000,AIIB23_159_0000_208,256,21681,1856
AIIB23_159_0000,AIIB23_159_0000_209,256,21663,2156
AIIB23_159_0000,AIIB23_159_0000_210,256,21735,2656
AIIB23_159_0000,AIIB23_159_0000_211,256,21639,2756
AIIB23_159_0000,AIIB23_159_0000_212,256,21498,2656
AIIB23_159_0000,AIIB23_159_0000_213,256,21417,2796
AIIB23_159_0000,AIIB23_159_0000_214,256,21444,2208
AIIB23_159_0000,AIIB23_159_0000_215,256,21483,2100
AIIB23_159_0000,AIIB23_159_0000_216,256,21396,1684
AIIB23_159_0000,AIIB23_159_0000_217,256,21417,1848
AIIB23_159_0000,AIIB23_159_0000_218,256,21534,1940
AIIB23_159_0000,AIIB23_159_0000_219,256,21543,1868
AIIB23_159_0000,AIIB23_159_0000_220,256,21561,1940
AIIB23_159_0000,AIIB23_159_0000_221,256,21483,2212
AIIB23_159_0000,AIIB23_159_0000_222,256,21528,1672
AIIB23_159_0000,AIIB23_159_0000_223,256,21588,2088
AIIB23_159_0000,AIIB23_159_0000_224,256,21573,2464
AIIB23_159_0000,AIIB23_159_0000_225,256,21486,2464
AIIB23_159_0000,AIIB23_159_0000_226,256,21375,2528
AIIB23_159_0000,AIIB23_159_0000_227,256,21057,2376
AIIB23_159_0000,AIIB23_159_0000_228,256,21108,2652
AIIB23_159_0000,AIIB23_159_0000_229,256,21111,2284
AIIB23_159_0000,AIIB23_159_0000_230,256,21180,2352
AIIB23_159_0000,AIIB23_159_0000_231,256,21336,2780
AIIB23_159_0000,AIIB23_159_0000_232,256,21291,2768
AIIB23_159_0000,AIIB23_159_0000_233,256,21270,2732
AIIB23_159_0000,AIIB23_159_0000_234,256,21144,2520
AIIB23_159_0000,AIIB23_159_0000_235,256,21048,2320
AIIB23_159_0000,AIIB23_159_0000_236,256,21051,2856
AIIB23_159_0000,AIIB23_159_0000_237,256,21012,2844
AIIB23_159_0000,AIIB23_159_0000_238,256,20985,2056
AIIB23_159_0000,AIIB23_159_0000_239,256,20937,1668
AIIB23_159_0000,AIIB23_159_0000_240,256,20820,1412
AIIB23_159_0000,AIIB23_159_0000_241,256,20823,1648
AIIB23_159_0000,AIIB23_159_0000_242,256,20835,1240
AIIB23_159_0000,AIIB23_159_0000_243,256,20769,720
AIIB23_159_0000,AIIB23_159_0000_244,256,20772,484
AIIB23_159_0000,AIIB23_159_0000_245,256,20802,700
AIIB23_159_0000,AIIB23_159_0000_246,256,20790,1216
AIIB23_159_0000,AIIB23_159_0000_247,256,20811,1284
AIIB23_159_0000,AIIB23_159_0000_248,256,20835,1380
AIIB23_159_0000,AIIB23_159_0000_249,256,20844,1512
AIIB23_159_0000,AIIB23_159_0000_250,256,20823,1888
AIIB23_159_0000,AIIB23_159_0000_251,256,20700,1652
AIIB23_159_0000,AIIB23_159_0000_252,256,20643,1436
AIIB23_159_0000,AIIB23_159_0000_253,256,20586,1592
AIIB23_159_0000,AIIB23_159_0000_254,256,20622,2064
AIIB23_159_0000,AIIB23_159_0000_255,256,20544,2036
AIIB23_159_0000,AIIB23_159_0000_256,256,20349,1692
AIIB23_159_0000,AIIB23_159_0000_257,256,20283,1512
AIIB23_159_0000,AIIB23_159_0000_258,256,20241,1700
AIIB23_159_0000,AIIB23_159_0000_259,256,20208,1376
AIIB23_159_0000,AIIB23_159_0000_260,256,20115,1304
AIIB23_159_0000,AIIB23_159_0000_261,256,20208,1304
AIIB23_159_0000,AIIB23_159_0000_262,256,20202,1172
AIIB23_159_0000,AIIB23_159_0000_263,256,20145,424
AIIB23_159_0000,AIIB23_159_0000_264,256,20028,636
AIIB23_159_0000,AIIB23_159_0000_265,256,19995,788
AIIB23_159_0000,AIIB23_159_0000_266,256,19998,1124
AIIB23_159_0000,AIIB23_159_0000_267,256,20022,1332
AIIB23_159_0000,AIIB23_159_0000_268,256,19962,1648
AIIB23_159_0000,AIIB23_159_0000_269,256,19941,2160
AIIB23_159_0000,AIIB23_159_0000_270,256,19920,1788
AIIB23_159_0000,AIIB23_159_0000_271,256,19848,1736
AIIB23_159_0000,AIIB23_159_0000_272,256,19980,2172
AIIB23_159_0000,AIIB23_159_0000_273,256,19995,2920
AIIB23_159_0000,AIIB23_159_0000_274,256,19968,2736
AIIB23_159_0000,AIIB23_159_0000_275,256,19899,1804
AIIB23_159_0000,AIIB23_159_0000_276,256,19836,1544
AIIB23_159_0000,AIIB23_159_0000_277,256,19686,2080
AIIB23_159_0000,AIIB23_159_0000_278,256,19527,2080
AIIB23_159_0000,AIIB23_159_0000_279,256,19416,2092
AIIB23_159_0000,AIIB23_159_0000_280,256,19290,2044
AIIB23_159_0000,AIIB23_159_0000_281,256,19107,2396
AIIB23_159_0000,AIIB23_159_0000_282,256,19050,2756
AIIB23_159_0000,AIIB23_159_0000_283,256,18933,3088
AIIB23_159_0000,AIIB23_159_0000_284,256,18774,2788
AIIB23_159_0000,AIIB23_159_0000_285,256,18624,2324
AIIB23_159_0000,AIIB23_159_0000_286,256,18573,2132
AIIB23_159_0000,AIIB23_159_0000_287,256,18495,2308
AIIB23_159_0000,AIIB23_159_0000_288,256,18414,2568
AIIB23_159_0000,AIIB23_159_0000_289,256,18258,2228
AIIB23_159_0000,AIIB23_159_0000_290,256,18147,2128
AIIB23_159_0000,AIIB23_159_0000_291,256,18042,1904
AIIB23_159_0000,AIIB23_159_0000_292,256,17868,1784
AIIB23_159_0000,AIIB23_159_0000_293,256,17682,2040
AIIB23_159_0000,AIIB23_159_0000_294,256,17523,1948
AIIB23_159_0000,AIIB23_159_0000_295,256,17319,1492
AIIB23_159_0000,AIIB23_159_0000_296,256,17181,1584
AIIB23_159_0000,AIIB23_159_0000_297,256,17052,1144
AIIB23_159_0000,AIIB23_159_0000_298,256,16836,1440
AIIB23_159_0000,AIIB23_159_0000_299,256,16521,1368
AIIB23_159_0000,AIIB23_159_0000_300,256,16296,1192
AIIB23_159_0000,AIIB23_159_0000_301,256,16023,968
AIIB23_159_0000,AIIB23_159_0000_302,256,15732,1212
AIIB23_159_0000,AIIB23_159_0000_303,256,15474,1196
AIIB23_159_0000,AIIB23_159_0000_304,256,15240,1288
AIIB23_159_0000,AIIB23_159_0000_305,256,14973,1712
AIIB23_159_0000,AIIB23_159_0000_306,256,14706,1552
AIIB23_159_0000,AIIB23_159_0000_307,256,14436,1200
AIIB23_159_0000,AIIB23_159_0000_308,256,14142,1260
AIIB23_159_0000,AIIB23_159_0000_309,256,13785,892
AIIB23_159_0000,AIIB23_159_0000_310,256,13497,1424
AIIB23_159_0000,AIIB23_159_0000_311,256,13170,1380
AIIB23_159_0000,AIIB23_159_0000_312,256,12864,1404
AIIB23_159_0000,AIIB23_159_0000_313,256,12603,1204
AIIB23_159_0000,AIIB23_159_0000_314,256,12291,1096
AIIB23_159_0000,AIIB23_159_0000_315,256,12018,1076
AIIB23_159_0000,AIIB23_159_0000_316,256,11778,844
AIIB23_159_0000,AIIB23_159_0000_317,256,11547,868
AIIB23_159_0000,AIIB23_159_0000_318,256,11277,1000
AIIB23_159_0000,AIIB23_159_0000_319,256,11016,944
AIIB23_159_0000,AIIB23_159_0000_320,256,10800,656
AIIB23_159_0000,AIIB23_159_0000_321,256,10551,512
AIIB23_159_0000,AIIB23_159_0000_322,256,10317,264
AIIB23_159_0000,AIIB23_159_0000_323,256,10074,12
AIIB23_159_0000,AIIB23_159_0000_324,256,9780,0
AIIB23_159_0000,AIIB23_159_0000_325,256,9483,0
AIIB23_159_0000,AIIB23_159_0000_326,256,9204,0
AIIB23_159_0000,AIIB23_159_0000_327,256,8871,4
AIIB23_159_0000,AIIB23_159_0000_328,256,8637,0
AIIB23_159_0000,AIIB23_159_0000_329,256,8343,0
AIIB23_159_0000,AIIB23_159_0000_330,256,8040,12
AIIB23_159_0000,AIIB23_159_0000_331,256,7740,0
AIIB23_159_0000,AIIB23_159_0000_332,256,7452,0
AIIB23_159_0000,AIIB23_159_0000_333,256,7137,0
AIIB23_159_0000,AIIB23_159_0000_334,256,6945,0
AIIB23_159_0000,AIIB23_159_0000_335,256,6633,0
AIIB23_159_0000,AIIB23_159_0000_336,256,6366,0
AIIB23_159_0000,AIIB23_159_0000_337,256,6012,0
AIIB23_159_0000,AIIB23_159_0000_338,256,5700,0
AIIB23_159_0000,AIIB23_159_0000_339,256,5343,0
AIIB23_159_0000,AIIB23_159_0000_340,256,4959,200
AIIB23_159_0000,AIIB23_159_0000_341,256,4596,44
AIIB23_159_0000,AIIB23_159_0000_342,256,4212,0
AIIB23_159_0000,AIIB23_159_0000_343,256,3864,0
AIIB23_159_0000,AIIB23_159_0000_344,256,3501,0
AIIB23_159_0000,AIIB23_159_0000_345,256,3147,0
AIIB23_159_0000,AIIB23_159_0000_346,256,2844,20
AIIB23_159_0000,AIIB23_159_0000_347,256,2535,508
AIIB23_159_0000,AIIB23_159_0000_348,256,2100,768
AIIB23_159_0000,AIIB23_159_0000_349,256,1728,560
AIIB23_159_0000,AIIB23_159_0000_350,256,1371,624
AIIB23_159_0000,AIIB23_159_0000_351,256,1083,612
AIIB23_159_0000,AIIB23_159_0000_352,256,882,296
AIIB23_159_0000,AIIB23_159_0000_353,256,705,192
AIIB23_159_0000,AIIB23_159_0000_354,256,498,360
AIIB23_159_0000,AIIB23_159_0000_355,256,384,392
AIIB23_159_0000,AIIB23_159_0000_356,256,201,268
AIIB23_159_0000,AIIB23_159_0000_357,256,132,172
AIIB23_159_0000,AIIB23_159_0000_358,256,0,0
AIIB23_159_0000,AIIB23_159_0000_359,256,0,0
AIIB23_159_0000,AIIB23_159_0000_360,256,0,0
AIIB23_159_0000,AIIB23_159_0000_361,256,0,0
AIIB23_159_0000,AIIB23_159_0000_362,256,0,0
AIIB23_159_0000,AIIB23_159_0000_363,256,0,0
AIIB23_159_0000,AIIB23_159_0000_364,256,0,0
AIIB23_159_0000,AIIB23_159_0000_365,256,0,0
AIIB23_159_0000,AIIB23_159_0000_366,256,0,0
AIIB23_159_0000,AIIB23_159_0000_367,256,0,0
AIIB23_159_0000,AIIB23_159_0000_368,256,0,0
AIIB23_159_0000,AIIB23_159_0000_369,256,0,0
AIIB23_159_0000,AIIB23_159_0000_370,256,0,0
AIIB23_159_0000,AIIB23_159_0000_371,256,0,0
AIIB23_159_0000,AIIB23_159_0000_372,256,0,0
AIIB23_159_0000,AIIB23_159_0000_373,256,0,0
AIIB23_159_0000,AIIB23_159_0000_374,256,0,0
AIIB23_159_0000,AIIB23_159_0000_375,256,0,0
AIIB23_159_0000,AIIB23_159_0000_376,256,0,0
AIIB23_159_0000,AIIB23_159_0000_377,256,0,0
AIIB23_159_0000,AIIB23_159_0000_378,256,0,0
AIIB23_159_0000,AIIB23_159_0000_379,256,0,0
AIIB23_159_0000,AIIB23_159_0000_380,256,0,0
AIIB23_159_0000,AIIB23_159_0000_381,256,0,0
AIIB23_159_0000,AIIB23_159_0000_382,256,0,0
AIIB23_159_0000,AIIB23_159_0000_383,256,0,0
AIIB23_159_0000,AIIB23_159_0000_384,256,0,0
AIIB23_159_0000,AIIB23_159_0000_385,256,0,0
AIIB23_159_0000,AIIB23_159_0000_386,256,0,0
AIIB23_159_0000,AIIB23_159_0000_387,256,0,0
AIIB23_159_0000,AIIB23_159_0000_388,256,0,0
AIIB23_159_0000,AIIB23_159_0000_389,256,0,0
AIIB23_159_0000,AIIB23_159_0000_390,256,0,0
AIIB23_159_0000,AIIB23_159_0000_391,256,0,0
AIIB23_159_0000,AIIB23_159_0000_392,256,0,0
AIIB23_18_0000,AIIB23_18_0000_000,256,0,0
AIIB23_18_0000,AIIB23_18_0000_001,256,0,0
AIIB23_18_0000,AIIB23_18_0000_002,256,0,0
AIIB23_18_0000,AIIB23_18_0000_003,256,0,0
AIIB23_18_0000,AIIB23_18_0000_004,256,0,0
AIIB23_18_0000,AIIB23_18_0000_005,256,0,0
AIIB23_18_0000,AIIB23_18_0000_006,256,0,0
AIIB23_18_0000,AIIB23_18_0000_007,256,0,0
AIIB23_18_0000,AIIB23_18_0000_008,256,0,0
AIIB23_18_0000,AIIB23_18_0000_009,256,0,0
AIIB23_18_0000,AIIB23_18_0000_010,256,0,0
AIIB23_18_0000,AIIB23_18_0000_011,256,0,0
AIIB23_18_0000,AIIB23_18_0000_012,256,0,0
AIIB23_18_0000,AIIB23_18_0000_013,256,0,0
AIIB23_18_0000,AIIB23_18_0000_014,256,0,0
AIIB23_18_0000,AIIB23_18_0000_015,256,0,0
AIIB23_18_0000,AIIB23_18_0000_016,256,0,0
AIIB23_18_0000,AIIB23_18_0000_017,256,0,0
AIIB23_18_0000,AIIB23_18_0000_018,256,0,0
AIIB23_18_0000,AIIB23_18_0000_019,256,0,0
AIIB23_18_0000,AIIB23_18_0000_020,256,0,0
AIIB23_18_0000,AIIB23_18_0000_021,256,0,0
AIIB23_18_0000,AIIB23_18_0000_022,256,0,0
AIIB23_18_0000,AIIB23_18_0000_023,256,0,0
AIIB23_18_0000,AIIB23_18_0000_024,256,0,0
AIIB23_18_0000,AIIB23_18_0000_025,256,0,0
AIIB23_18_0000,AIIB23_18_0000_026,256,0,0
AIIB23_18_0000,AIIB23_18_0000_027,256,0,0
AIIB23_18_0000,AIIB23_18_0000_028,256,0,0
AIIB23_18_0000,AIIB23_18_0000_029,256,0,0
AIIB23_18_0000,AIIB23_18_0000_030,256,0,0
AIIB23_18_0000,AIIB23_18_0000_031,256,0,0
AIIB23_18_0000,AIIB23_18_0000_032,256,0,0
AIIB23_18_0000,AIIB23_18_0000_033,256,0,0
AIIB23_18_0000,AIIB23_18_0000_034,256,0,0
AIIB23_18_0000,AIIB23_18_0000_035,256,0,0
AIIB23_18_0000,AIIB23_18_0000_036,256,0,0
AIIB23_18_0000,AIIB23_18_0000_037,256,0,0
AIIB23_18_0000,AIIB23_18_0000_038,256,0,0
AIIB23_18_0000,AIIB23_18_0000_039,256,0,0
AIIB23_18_0000,AIIB23_18_0000_040,256,0,0
AIIB23_18_0000,AIIB23_18_0000_041,256,21,8
AIIB23_18_0000,AIIB23_18_0000_042,256,93,240
AIIB23_18_0000,AIIB23_18_0000_043,256,162,340
AIIB23_18_0000,AIIB23_18_0000_044,256,186,344
AIIB23_18_0000,AIIB23_18_0000_045,256,222,272
AIIB23_18_0000,AIIB23_18_0000_046,256,240,312
AIIB23_18_0000,AIIB23_18_0000_047,256,315,540
AIIB23_18_0000,AIIB23_18_0000_048,256,444,548
AIIB23_18_0000,AIIB23_18_0000_049,256,714,940
AIIB23_18_0000,AIIB23_18_0000_050,256,1047,1256
AIIB23_18_0000,AIIB23_18_0000_051,256,1404,1536
AIIB23_18_0000,AIIB23_18_0000_052,256,1710,1900
AIIB23_18_0000,AIIB23_18_0000_053,256,1917,1772
AIIB23_18_0000,AIIB23_18_0000_054,256,2097,1748
AIIB23_18_0000,AIIB23_18_0000_055,256,2292,1812
AIIB23_18_0000,AIIB23_18_0000_056,256,2493,1708
AIIB23_18_0000,AIIB23_18_0000_057,256,2655,1700
AIIB23_18_0000,AIIB23_18_0000_058,256,2907,1744
AIIB23_18_0000,AIIB23_18_0000_059,256,3117,1964
AIIB23_18_0000,AIIB23_18_0000_060,256,3315,2052
AIIB23_18_0000,AIIB23_18_0000_061,256,3609,2220
AIIB23_18_0000,AIIB23_18_0000_062,256,3936,2480
AIIB23_18_0000,AIIB23_18_0000_063,256,4257,2604
AIIB23_18_0000,AIIB23_18_0000_064,256,4563,2764
AIIB23_18_0000,AIIB23_18_0000_065,256,4944,3024
AIIB23_18_0000,AIIB23_18_0000_066,256,5484,3312
AIIB23_18_0000,AIIB23_18_0000_067,256,5922,3448
AIIB23_18_0000,AIIB23_18_0000_068,256,6516,3516
AIIB23_18_0000,AIIB23_18_0000_069,256,7032,3796
AIIB23_18_0000,AIIB23_18_0000_070,256,7614,4140
AIIB23_18_0000,AIIB23_18_0000_071,256,8136,3932
AIIB23_18_0000,AIIB23_18_0000_072,256,8673,3560
AIIB23_18_0000,AIIB23_18_0000_073,256,9321,4164
AIIB23_18_0000,AIIB23_18_0000_074,256,9867,4108
AIIB23_18_0000,AIIB23_18_0000_075,256,10473,4160
AIIB23_18_0000,AIIB23_18_0000_076,256,11154,4280
AIIB23_18_0000,AIIB23_18_0000_077,256,11772,4416
AIIB23_18_0000,AIIB23_18_0000_078,256,12471,4720
AIIB23_18_0000,AIIB23_18_0000_079,256,13035,5024
AIIB23_18_0000,AIIB23_18_0000_080,256,13545,5068
AIIB23_18_0000,AIIB23_18_0000_081,256,13950,5136
AIIB23_18_0000,AIIB23_18_0000_082,256,14379,5524
AIIB23_18_0000,AIIB23_18_0000_083,256,14919,5928
AIIB23_18_0000,AIIB23_18_0000_084,256,15465,5644
AIIB23_18_0000,AIIB23_18_0000_085,256,16197,6024
AIIB23_18_0000,AIIB23_18_0000_086,256,16914,6320
AIIB23_18_0000,AIIB23_18_0000_087,256,17514,6196
AIIB23_18_0000,AIIB23_18_0000_088,256,18237,6092
AIIB23_18_0000,AIIB23_18_0000_089,256,19221,6992
AIIB23_18_0000,AIIB23_18_0000_090,256,19725,6868
AIIB23_18_0000,AIIB23_18_0000_091,256,20088,6780
AIIB23_18_0000,AIIB23_18_0000_092,256,20253,6608
AIIB23_18_0000,AIIB23_18_0000_093,256,20508,6824
AIIB23_18_0000,AIIB23_18_0000_094,256,20886,6568
AIIB23_18_0000,AIIB23_18_0000_095,256,21159,6732
AIIB23_18_0000,AIIB23_18_0000_096,256,21468,6564
AIIB23_18_0000,AIIB23_18_0000_097,256,21708,6616
AIIB23_18_0000,AIIB23_18_0000_098,256,22086,7044
AIIB23_18_0000,AIIB23_18_0000_099,256,22332,7220
AIIB23_18_0000,AIIB23_18_0000_100,256,22923,7616
AIIB23_18_0000,AIIB23_18_0000_101,256,23439,7528
AIIB23_18_0000,AIIB23_18_0000_102,256,23919,7696
AIIB23_18_0000,AIIB23_18_0000_103,256,24444,7696
AIIB23_18_0000,AIIB23_18_0000_104,256,24849,7712
AIIB23_18_0000,AIIB23_18_0000_105,256,25398,7340
AIIB23_18_0000,AIIB23_18_0000_106,256,25944,6808
AIIB23_18_0000,AIIB23_18_0000_107,256,26514,7004
AIIB23_18_0000,AIIB23_18_0000_108,256,27102,6004
AIIB23_18_0000,AIIB23_18_0000_109,256,27846,5704
AIIB23_18_0000,AIIB23_18_0000_110,256,28644,5700
AIIB23_18_0000,AIIB23_18_0000_111,256,28995,5328
AIIB23_18_0000,AIIB23_18_0000_112,256,28983,5316
AIIB23_18_0000,AIIB23_18_0000_113,256,29061,5460
AIIB23_18_0000,AIIB23_18_0000_114,256,29091,4884
AIIB23_18_0000,AIIB23_18_0000_115,256,28965,4548
AIIB23_18_0000,AIIB23_18_0000_116,256,28956,4544
AIIB23_18_0000,AIIB23_18_0000_117,256,29055,4524
AIIB23_18_0000,AIIB23_18_0000_118,256,28965,4288
AIIB23_18_0000,AIIB23_18_0000_119,256,28974,3668
AIIB23_18_0000,AIIB23_18_0000_120,256,28737,3408
AIIB23_18_0000,AIIB23_18_0000_121,256,28491,3920
AIIB23_18_0000,AIIB23_18_0000_122,256,28410,4168
AIIB23_18_0000,AIIB23_18_0000_123,256,28329,4280
AIIB23_18_0000,AIIB23_18_0000_124,256,28317,3988
AIIB23_18_0000,AIIB23_18_0000_125,256,28311,2972
AIIB23_18_0000,AIIB23_18_0000_126,256,28344,3064
AIIB23_18_0000,AIIB23_18_0000_127,256,28419,3124
AIIB23_18_0000,AIIB23_18_0000_128,256,28494,3440
AIIB23_18_0000,AIIB23_18_0000_129,256,28389,3304
AIIB23_18_0000,AIIB23_18_0000_130,256,28401,3612
AIIB23_18_0000,AIIB23_18_0000_131,256,28338,3504
AIIB23_18_0000,AIIB23_18_0000_132,256,28443,2620
AIIB23_18_0000,AIIB23_18_0000_133,256,28479,2540
AIIB23_18_0000,AIIB23_18_0000_134,256,28584,2596
AIIB23_18_0000,AIIB23_18_0000_135,256,28641,2692
AIIB23_18_0000,AIIB23_18_0000_136,256,28635,2848
AIIB23_18_0000,AIIB23_18_0000_137,256,28551,2828
AIIB23_18_0000,AIIB23_18_0000_138,256,28404,2480
AIIB23_18_0000,AIIB23_18_0000_139,256,28509,2084
AIIB23_18_0000,AIIB23_18_0000_140,256,28473,1772
AIIB23_18_0000,AIIB23_18_0000_141,256,28488,1712
AIIB23_18_0000,AIIB23_18_0000_142,256,28542,1748
AIIB23_18_0000,AIIB23_18_0000_143,256,28560,2272
AIIB23_18_0000,AIIB23_18_0000_144,256,28629,2556
AIIB23_18_0000,AIIB23_18_0000_145,256,28638,2372
AIIB23_18_0000,AIIB23_18_0000_146,256,28662,2384
AIIB23_18_0000,AIIB23_18_0000_147,256,28620,2492
AIIB23_18_0000,AIIB23_18_0000_148,256,28647,2568
AIIB23_18_0000,AIIB23_18_0000_149,256,28518,2120
AIIB23_18_0000,AIIB23_18_0000_150,256,28536,2100
AIIB23_18_0000,AIIB23_18_0000_151,256,28539,1976
AIIB23_18_0000,AIIB23_18_0000_152,256,28533,2076
AIIB23_18_0000,AIIB23_18_0000_153,256,28521,1984
AIIB23_18_0000,AIIB23_18_0000_154,256,28518,1744
AIIB23_18_0000,AIIB23_18_0000_155,256,28494,1720
AIIB23_18_0000,AIIB23_18_0000_156,256,28497,1916
AIIB23_18_0000,AIIB23_18_0000_157,256,28464,1776
AIIB23_18_0000,AIIB23_18_0000_158,256,28377,1668
AIIB23_18_0000,AIIB23_18_0000_159,256,28275,1704
AIIB23_18_0000,AIIB23_18_0000_160,256,28176,2176
AIIB23_18_0000,AIIB23_18_0000_161,256,28101,1268
AIIB23_18_0000,AIIB23_18_0000_162,256,27930,1528
AIIB23_18_0000,AIIB23_18_0000_163,256,27840,1392
AIIB23_18_0000,AIIB23_18_0000_164,256,27600,1644
AIIB23_18_0000,AIIB23_18_0000_165,256,27447,1708
AIIB23_18_0000,AIIB23_18_0000_166,256,27456,1384
AIIB23_18_0000,AIIB23_18_0000_167,256,27441,1324
AIIB23_18_0000,AIIB23_18_0000_168,256,27315,1588
AIIB23_18_0000,AIIB23_18_0000_169,256,27069,1584
AIIB23_18_0000,AIIB23_18_0000_170,256,26952,1540
AIIB23_18_0000,AIIB23_18_0000_171,256,26862,1736
AIIB23_18_0000,AIIB23_18_0000_172,256,26769,1876
AIIB23_18_0000,AIIB23_18_0000_173,256,26583,2148
AIIB23_18_0000,AIIB23_18_0000_174,256,26475,2216
AIIB23_18_0000,AIIB23_18_0000_175,256,26346,2332
AIIB23_18_0000,AIIB23_18_0000_176,256,26127,2556
AIIB23_18_0000,AIIB23_18_0000_177,256,25830,2692
AIIB23_18_0000,AIIB23_18_0000_178,256,25644,2120
AIIB23_18_0000,AIIB23_18_0000_179,256,25500,1524
AIIB23_18_0000,AIIB23_18_0000_180,256,25578,1828
AIIB23_18_0000,AIIB23_18_0000_181,256,25896,1972
AIIB23_18_0000,AIIB23_18_0000_182,256,25755,2336
AIIB23_18_0000,AIIB23_18_0000_183,256,25500,3112
AIIB23_18_0000,AIIB23_18_0000_184,256,25272,3492
AIIB23_18_0000,AIIB23_18_0000_185,256,25008,2872
AIIB23_18_0000,AIIB23_18_0000_186,256,24792,2412
AIIB23_18_0000,AIIB23_18_0000_187,256,24780,2260
AIIB23_18_0000,AIIB23_18_0000_188,256,24681,2376
AIIB23_18_0000,AIIB23_18_0000_189,256,24522,2568
AIIB23_18_0000,AIIB23_18_0000_190,256,24300,2796
AIIB23_18_0000,AIIB23_18_0000_191,256,24162,2372
AIIB23_18_0000,AIIB23_18_0000_192,256,24039,1780
AIIB23_18_0000,AIIB23_18_0000_193,256,23838,1896
AIIB23_18_0000,AIIB23_18_0000_194,256,23607,2856
AIIB23_18_0000,AIIB23_18_0000_195,256,23379,2912
AIIB23_18_0000,AIIB23_18_0000_196,256,23085,2456
AIIB23_18_0000,AIIB23_18_0000_197,256,22803,2716
AIIB23_18_0000,AIIB23_18_0000_198,256,22500,2136
AIIB23_18_0000,AIIB23_18_0000_199,256,22155,2156
AIIB23_18_0000,AIIB23_18_0000_200,256,21840,2040
AIIB23_18_0000,AIIB23_18_0000_201,256,21429,1496
AIIB23_18_0000,AIIB23_18_0000_202,256,21054,1520
AIIB23_18_0000,AIIB23_18_0000_203,256,20622,896
AIIB23_18_0000,AIIB23_18_0000_204,256,20241,1396
AIIB23_18_0000,AIIB23_18_0000_205,256,19842,1496
AIIB23_18_0000,AIIB23_18_0000_206,256,19431,1676
AIIB23_18_0000,AIIB23_18_0000_207,256,18933,1608
AIIB23_18_0000,AIIB23_18_0000_208,256,18441,1528
AIIB23_18_0000,AIIB23_18_0000_209,256,17961,1576
AIIB23_18_0000,AIIB23_18_0000_210,256,17559,1572
AIIB23_18_0000,AIIB23_18_0000_211,256,17205,1304
AIIB23_18_0000,AIIB23_18_0000_212,256,16794,1284
AIIB23_18_0000,AIIB23_18_0000_213,256,16425,1428
AIIB23_18_0000,AIIB23_18_0000_214,256,15930,1632
AIIB23_18_0000,AIIB23_18_0000_215,256,15495,2116
AIIB23_18_0000,AIIB23_18_0000_216,256,15048,2144
AIIB23_18_0000,AIIB23_18_0000_217,256,14598,2028
AIIB23_18_0000,AIIB23_18_0000_218,256,13971,1180
AIIB23_18_0000,AIIB23_18_0000_219,256,13503,1180
AIIB23_18_0000,AIIB23_18_0000_220,256,13116,1092
AIIB23_18_0000,AIIB23_18_0000_221,256,12648,1060
AIIB23_18_0000,AIIB23_18_0000_222,256,12114,1328
AIIB23_18_0000,AIIB23_18_0000_223,256,11532,1876
AIIB23_18_0000,AIIB23_18_0000_224,256,11007,1676
AIIB23_18_0000,AIIB23_18_0000_225,256,10512,1280
AIIB23_18_0000,AIIB23_18_0000_226,256,10080,1200
AIIB23_18_0000,AIIB23_18_0000_227,256,9669,1292
AIIB23_18_0000,AIIB23_18_0000_228,256,9165,1068
AIIB23_18_0000,AIIB23_18_0000_229,256,8667,1288
AIIB23_18_0000,AIIB23_18_0000_230,256,8196,988
AIIB23_18_0000,AIIB23_18_0000_231,256,7752,644
AIIB23_18_0000,AIIB23_18_0000_232,256,7242,632
AIIB23_18_0000,AIIB23_18_0000_233,256,6792,736
AIIB23_18_0000,AIIB23_18_0000_234,256,6375,692
AIIB23_18_0000,AIIB23_18_0000_235,256,5952,716
AIIB23_18_0000,AIIB23_18_0000_236,256,5520,792
AIIB23_18_0000,AIIB23_18_0000_237,256,5115,532
AIIB23_18_0000,AIIB23_18_0000_238,256,4770,836
AIIB23_18_0000,AIIB23_18_0000_239,256,4386,744
AIIB23_18_0000,AIIB23_18_0000_240,256,4020,764
AIIB23_18_0000,AIIB23_18_0000_241,256,3609,596
AIIB23_18_0000,AIIB23_18_0000_242,256,3231,652
AIIB23_18_0000,AIIB23_18_0000_243,256,2763,556
AIIB23_18_0000,AIIB23_18_0000_244,256,2403,708
AIIB23_18_0000,AIIB23_18_0000_245,256,1926,596
AIIB23_18_0000,AIIB23_18_0000_246,256,1467,644
AIIB23_18_0000,AIIB23_18_0000_247,256,942,336
AIIB23_18_0000,AIIB23_18_0000_248,256,450,328
AIIB23_18_0000,AIIB23_18_0000_249,256,183,264
AIIB23_18_0000,AIIB23_18_0000_250,256,0,0
AIIB23_18_0000,AIIB23_18_0000_251,256,0,0
AIIB23_18_0000,AIIB23_18_0000_252,256,0,0
AIIB23_18_0000,AIIB23_18_0000_253,256,0,0
AIIB23_18_0000,AIIB23_18_0000_254,256,0,0
AIIB23_18_0000,AIIB23_18_0000_255,256,0,0
AIIB23_18_0000,AIIB23_18_0000_256,256,0,0
AIIB23_18_0000,AIIB23_18_0000_257,256,0,0
AIIB23_18_0000,AIIB23_18_0000_258,256,0,0
AIIB23_18_0000,AIIB23_18_0000_259,256,0,0
AIIB23_18_0000,AIIB23_18_0000_260,256,0,0
AIIB23_18_0000,AIIB23_18_0000_261,256,0,0
AIIB23_18_0000,AIIB23_18_0000_262,256,0,0
AIIB23_18_0000,AIIB23_18_0000_263,256,0,0
AIIB23_18_0000,AIIB23_18_0000_264,256,0,0
AIIB23_18_0000,AIIB23_18_0000_265,256,0,0
AIIB23_18_0000,AIIB23_18_0000_266,256,0,0
AIIB23_18_0000,AIIB23_18_0000_267,256,0,0
AIIB23_33_0000,AIIB23_33_0000_000,256,0,0
AIIB23_33_0000,AIIB23_33_0000_001,256,0,0
AIIB23_33_0000,AIIB23_33_0000_002,256,0,0
AIIB23_33_0000,AIIB23_33_0000_003,256,0,0
AIIB23_33_0000,AIIB23_33_0000_004,256,0,0
AIIB23_33_0000,AIIB23_33_0000_005,256,0,0
AIIB23_33_0000,AIIB23_33_0000_006,256,0,0
AIIB23_33_0000,AIIB23_33_0000_007,256,0,0
AIIB23_33_0000,AIIB23_33_0000_008,256,0,0
AIIB23_33_0000,AIIB23_33_0000_009,256,0,0
AIIB23_33_0000,AIIB23_33_0000_010,256,0,0
AIIB23_33_0000,AIIB23_33_0000_011,256,0,0
AIIB23_33_0000,AIIB23_33_0000_012,256,39,192
AIIB23_33_0000,AIIB23_33_0000_013,256,99,0
AIIB23_33_0000,AIIB23_33_0000_014,256,225,20
AIIB23_33_0000,AIIB23_33_0000_015,256,420,0
AIIB23_33_0000,AIIB23_33_0000_016,256,600,0
AIIB23_33_0000,AIIB23_33_0000_017,256,759,0
AIIB23_33_0000,AIIB23_33_0000_018,256,957,296
AIIB23_33_0000,AIIB23_33_0000_019,256,1137,656
AIIB23_33_0000,AIIB23_33_0000_020,256,1392,784
AIIB23_33_0000,AIIB23_33_0000_021,256,1641,800
AIIB23_33_0000,AIIB23_33_0000_022,256,1848,760
AIIB23_33_0000,AIIB23_33_0000_023,256,2073,868
AIIB23_33_0000,AIIB23_33_0000_024,256,2670,1060
AIIB23_33_0000,AIIB23_33_0000_025,256,3144,832
AIIB23_33_0000,AIIB23_33_0000_026,256,3687,1092
AIIB23_33_0000,AIIB23_33_0000_027,256,4269,1288
AIIB23_33_0000,AIIB23_33_0000_028,256,4896,544
AIIB23_33_0000,AIIB23_33_0000_029,256,5697,1556
AIIB23_33_0000,AIIB23_33_0000_030,256,6510,1420
AIIB23_33_0000,AIIB23_33_0000_031,256,7506,1104
AIIB23_33_0000,AIIB23_33_0000_032,256,8382,1012
AIIB23_33_0000,AIIB23_33_0000_033,256,9264,456
AIIB23_33_0000,AIIB23_33_0000_034,256,10116,2172
AIIB23_33_0000,AIIB23_33_0000_035,256,10959,968
AIIB23_33_0000,AIIB23_33_0000_036,256,11709,876
AIIB23_33_0000,AIIB23_33_0000_037,256,12348,616
AIIB23_33_0000,AIIB23_33_0000_038,256,12951,228
AIIB23_33_0000,AIIB23_33_0000_039,256,13563,200
AIIB23_33_0000,AIIB23_33_0000_040,256,14124,296
AIIB23_33_0000,AIIB23_33_0000_041,256,14568,492
AIIB23_33_0000,AIIB23_33_0000_042,256,15261,788
AIIB23_33_0000,AIIB23_33_0000_043,256,15855,900
AIIB23_33_0000,AIIB23_33_0000_044,256,16365,672
AIIB23_33_0000,AIIB23_33_0000_045,256,16962,348
AIIB23_33_0000,AIIB23_33_0000_046,256,17487,252
AIIB23_33_0000,AIIB23_33_0000_047,256,18054,596
AIIB23_33_0000,AIIB23_33_0000_048,256,18492,528
AIIB23_33_0000,AIIB23_33_0000_049,256,18885,1036
AIIB23_33_0000,AIIB23_33_0000_050,256,19155,820
AIIB23_33_0000,AIIB23_33_0000_051,256,19467,856
AIIB23_33_0000,AIIB23_33_0000_052,256,19581,1656
AIIB23_33_0000,AIIB23_33_0000_053,256,19743,1428
AIIB23_33_0000,AIIB23_33_0000_054,256,19812,1836
AIIB23_33_0000,AIIB23_33_0000_055,256,20007,2092
AIIB23_33_0000,AIIB23_33_0000_056,256,20277,2296
AIIB23_33_0000,AIIB23_33_0000_057,256,20574,2940
AIIB23_33_0000,AIIB23_33_0000_058,256,21099,3252
AIIB23_33_0000,AIIB23_33_0000_059,256,21534,3416
AIIB23_33_0000,AIIB23_33_0000_060,256,21909,3276
AIIB23_33_0000,AIIB23_33_0000_061,256,22380,3028
AIIB23_33_0000,AIIB23_33_0000_062,256,22695,2680
AIIB23_33_0000,AIIB23_33_0000_063,256,23157,2644
AIIB23_33_0000,AIIB23_33_0000_064,256,23586,2988
AIIB23_33_0000,AIIB23_33_0000_065,256,24087,2916
AIIB23_33_0000,AIIB23_33_0000_066,256,24489,2436
AIIB23_33_0000,AIIB23_33_0000_067,256,24801,2708
AIIB23_33_0000,AIIB23_33_0000_068,256,25149,2712
AIIB23_33_0000,AIIB23_33_0000_069,256,25497,2608
AIIB23_33_0000,AIIB23_33_0000_070,256,25659,1908
AIIB23_33_0000,AIIB23_33_0000_071,256,25950,2212
AIIB23_33_0000,AIIB23_33_0000_072,256,26385,2568
AIIB23_33_0000,AIIB23_33_0000_073,256,27048,2852
AIIB23_33_0000,AIIB23_33_0000_074,256,27462,2976
AIIB23_33_0000,AIIB23_33_0000_075,256,27873,3416
AIIB23_33_0000,AIIB23_33_0000_076,256,28359,3444
AIIB23_33_0000,AIIB23_33_0000_077,256,28599,4120
AIIB23_33_0000,AIIB23_33_0000_078,256,28953,4620
AIIB23_33_0000,AIIB23_33_0000_079,256,29355,3736
AIIB23_33_0000,AIIB23_33_0000_080,256,29625,2556
AIIB23_33_0000,AIIB23_33_0000_081,256,30156,1592
AIIB23_33_0000,AIIB23_33_0000_082,256,30783,2168
AIIB23_33_0000,AIIB23_33_0000_083,256,31296,1980
AIIB23_33_0000,AIIB23_33_0000_084,256,31953,2360
AIIB23_33_0000,AIIB23_33_0000_085,256,32547,1400
AIIB23_33_0000,AIIB23_33_0000_086,256,33057,1176
AIIB23_33_0000,AIIB23_33_0000_087,256,33519,956
AIIB23_33_0000,AIIB23_33_0000_088,256,33858,940
AIIB23_33_0000,AIIB23_33_0000_089,256,34350,1192
AIIB23_33_0000,AIIB23_33_0000_090,256,35112,1008
AIIB23_33_0000,AIIB23_33_0000_091,256,36525,980
AIIB23_33_0000,AIIB23_33_0000_092,256,36435,1164
AIIB23_33_0000,AIIB23_33_0000_093,256,37317,1440
AIIB23_33_0000,AIIB23_33_0000_094,256,37842,504
AIIB23_33_0000,AIIB23_33_0000_095,256,38157,772
AIIB23_33_0000,AIIB23_33_0000_096,256,38433,512
AIIB23_33_0000,AIIB23_33_0000_097,256,38622,528
AIIB23_33_0000,AIIB23_33_0000_098,256,38886,440
AIIB23_33_0000,AIIB23_33_0000_099,256,38991,364
AIIB23_33_0000,AIIB23_33_0000_100,256,39054,500
AIIB23_33_0000,AIIB23_33_0000_101,256,38961,92
AIIB23_33_0000,AIIB23_33_0000_102,256,38952,388
AIIB23_33_0000,AIIB23_33_0000_103,256,38970,356
AIIB23_33_0000,AIIB23_33_0000_104,256,39063,824
AIIB23_33_0000,AIIB23_33_0000_105,256,39300,1064
AIIB23_33_0000,AIIB23_33_0000_106,256,39729,476
AIIB23_33_0000,AIIB23_33_0000_107,256,40023,532
AIIB23_33_0000,AIIB23_33_0000_108,256,40035,720
AIIB23_33_0000,AIIB23_33_0000_109,256,39270,512
AIIB23_33_0000,AIIB23_33_0000_110,256,39261,528
AIIB23_33_0000,AIIB23_33_0000_111,256,39546,1392
AIIB23_33_0000,AIIB23_33_0000_112,256,39603,1536
AIIB23_33_0000,AIIB23_33_0000_113,256,39624,724
AIIB23_33_0000,AIIB23_33_0000_114,256,39534,1568
AIIB23_33_0000,AIIB23_33_0000_115,256,39447,2084
AIIB23_33_0000,AIIB23_33_0000_116,256,39387,2440
AIIB23_33_0000,AIIB23_33_0000_117,256,39513,1976
AIIB23_33_0000,AIIB23_33_0000_118,256,39174,2180
AIIB23_33_0000,AIIB23_33_0000_119,256,39114,1604
AIIB23_33_0000,AIIB23_33_0000_120,256,39054,1376
AIIB23_33_0000,AIIB23_33_0000_121,256,39081,1840
AIIB23_33_0000,AIIB23_33_0000_122,256,39042,1572
AIIB23_33_0000,AIIB23_33_0000_123,256,38964,1232
AIIB23_33_0000,AIIB23_33_0000_124,256,38979,1488
AIIB23_33_0000,AIIB23_33_0000_125,256,38973,2240
AIIB23_33_0000,AIIB23_33_0000_126,256,38853,2256
AIIB23_33_0000,AIIB23_33_0000_127,256,38889,2160
AIIB23_33_0000,AIIB23_33_0000_128,256,38838,1604
AIIB23_33_0000,AIIB23_33_0000_129,256,39033,1592
AIIB23_33_0000,AIIB23_33_0000_130,256,38874,1824
AIIB23_33_0000,AIIB23_33_0000_131,256,38826,1648
AIIB23_33_0000,AIIB23_33_0000_132,256,38724,1308
AIIB23_33_0000,AIIB23_33_0000_133,256,38748,836
AIIB23_33_0000,AIIB23_33_0000_134,256,38781,848
AIIB23_33_0000,AIIB23_33_0000_135,256,38796,828
AIIB23_33_0000,AIIB23_33_0000_136,256,38526,808
AIIB23_33_0000,AIIB23_33_0000_137,256,38232,696
AIIB23_33_0000,AIIB23_33_0000_138,256,38070,560
AIIB23_33_0000,AIIB23_33_0000_139,256,37941,660
AIIB23_33_0000,AIIB23_33_0000_140,256,37662,696
AIIB23_33_0000,AIIB23_33_0000_141,256,37548,492
AIIB23_33_0000,AIIB23_33_0000_142,256,37428,640
AIIB23_33_0000,AIIB23_33_0000_143,256,37386,248
AIIB23_33_0000,AIIB23_33_0000_144,256,37281,364
AIIB23_33_0000,AIIB23_33_0000_145,256,37239,484
AIIB23_33_0000,AIIB23_33_0000_146,256,37380,692
AIIB23_33_0000,AIIB23_33_0000_147,256,37386,452
AIIB23_33_0000,AIIB23_33_0000_148,256,37410,424
AIIB23_33_0000,AIIB23_33_0000_149,256,37293,392
AIIB23_33_0000,AIIB23_33_0000_150,256,37185,492
AIIB23_33_0000,AIIB23_33_0000_151,256,37233,732
AIIB23_33_0000,AIIB23_33_0000_152,256,37209,464
AIIB23_33_0000,AIIB23_33_0000_153,256,37164,476
AIIB23_33_0000,AIIB23_33_0000_154,256,37200,436
AIIB23_33_0000,AIIB23_33_0000_155,256,37203,248
AIIB23_33_0000,AIIB23_33_0000_156,256,36954,296
AIIB23_33_0000,AIIB23_33_0000_157,256,36768,200
AIIB23_33_0000,AIIB23_33_0000_158,256,36603,320
AIIB23_33_0000,AIIB23_33_0000_159,256,36336,212
AIIB23_33_0000,AIIB23_33_0000_160,256,36018,160
AIIB23_33_0000,AIIB23_33_0000_161,256,35796,76
AIIB23_33_0000,AIIB23_33_0000_162,256,35616,0
AIIB23_33_0000,AIIB23_33_0000_163,256,35214,4
AIIB23_33_0000,AIIB23_33_0000_164,256,34923,588
AIIB23_33_0000,AIIB23_33_0000_165,256,34602,704
AIIB23_33_0000,AIIB23_33_0000_166,256,34338,948
AIIB23_33_0000,AIIB23_33_0000_167,256,34041,844
AIIB23_33_0000,AIIB23_33_0000_168,256,33669,652
AIIB23_33_0000,AIIB23_33_0000_169,256,33462,708
AIIB23_33_0000,AIIB23_33_0000_170,256,33177,960
AIIB23_33_0000,AIIB23_33_0000_171,256,32799,856
AIIB23_33_0000,AIIB23_33_0000_172,256,32520,492
AIIB23_33_0000,AIIB23_33_0000_173,256,32112,428
AIIB23_33_0000,AIIB23_33_0000_174,256,31953,568
AIIB23_33_0000,AIIB23_33_0000_175,256,31650,612
AIIB23_33_0000,AIIB23_33_0000_176,256,31272,448
AIIB23_33_0000,AIIB23_33_0000_177,256,30978,496
AIIB23_33_0000,AIIB23_33_0000_178,256,30573,412
AIIB23_33_0000,AIIB23_33_0000_179,256,30219,500
AIIB23_33_0000,AIIB23_33_0000_180,256,29937,608
AIIB23_33_0000,AIIB23_33_0000_181,256,29733,764
AIIB23_33_0000,AIIB23_33_0000_182,256,29388,720
AIIB23_33_0000,AIIB23_33_0000_183,256,29169,444
AIIB23_33_0000,AIIB23_33_0000_184,256,28830,504
AIIB23_33_0000,AIIB23_33_0000_185,256,28455,704
AIIB23_33_0000,AIIB23_33_0000_186,256,28188,364
AIIB23_33_0000,AIIB23_33_0000_187,256,27792,320
AIIB23_33_0000,AIIB23_33_0000_188,256,27429,368
AIIB23_33_0000,AIIB23_33_0000_189,256,27066,404
AIIB23_33_0000,AIIB23_33_0000_190,256,26697,520
AIIB23_33_0000,AIIB23_33_0000_191,256,26412,484
AIIB23_33_0000,AIIB23_33_0000_192,256,25998,348
AIIB23_33_0000,AIIB23_33_0000_193,256,25680,332
AIIB23_33_0000,AIIB23_33_0000_194,256,25326,324
AIIB23_33_0000,AIIB23_33_0000_195,256,25032,604
AIIB23_33_0000,AIIB23_33_0000_196,256,24639,892
AIIB23_33_0000,AIIB23_33_0000_197,256,24318,1252
AIIB23_33_0000,AIIB23_33_0000_198,256,23991,716
AIIB23_33_0000,AIIB23_33_0000_199,256,23556,888
AIIB23_33_0000,AIIB23_33_0000_200,256,23151,1292
AIIB23_33_0000,AIIB23_33_0000_201,256,22608,860
AIIB23_33_0000,AIIB23_33_0000_202,256,22116,1444
AIIB23_33_0000,AIIB23_33_0000_203,256,21588,1332
AIIB23_33_0000,AIIB23_33_0000_204,256,20997,1140
AIIB23_33_0000,AIIB23_33_0000_205,256,20271,884
AIIB23_33_0000,AIIB23_33_0000_206,256,19695,1128
AIIB23_33_0000,AIIB23_33_0000_207,256,19038,1004
AIIB23_33_0000,AIIB23_33_0000_208,256,18144,712
AIIB23_33_0000,AIIB23_33_0000_209,256,17643,792
AIIB23_33_0000,AIIB23_33_0000_210,256,17010,120
AIIB23_33_0000,AIIB23_33_0000_211,256,16485,0
AIIB23_33_0000,AIIB23_33_0000_212,256,15888,324
AIIB23_33_0000,AIIB23_33_0000_213,256,15375,136
AIIB23_33_0000,AIIB23_33_0000_214,256,14757,232
AIIB23_33_0000,AIIB23_33_0000_215,256,14205,444
AIIB23_33_0000,AIIB23_33_0000_216,256,13671,484
AIIB23_33_0000,AIIB23_33_0000_217,256,13050,60
AIIB23_33_0000,AIIB23_33_0000_218,256,12537,328
AIIB23_33_0000,AIIB23_33_0000_219,256,11943,120
AIIB23_33_0000,AIIB23_33_0000_220,256,11286,228
AIIB23_33_0000,AIIB23_33_0000_221,256,10575,136
AIIB23_33_0000,AIIB23_33_0000_222,256,10065,0
AIIB23_33_0000,AIIB23_33_0000_223,256,9336,0
AIIB23_33_0000,AIIB23_33_0000_224,256,8673,208
AIIB23_33_0000,AIIB23_33_0000_225,256,7929,0
AIIB23_33_0000,AIIB23_33_0000_226,256,7248,0
AIIB23_33_0000,AIIB23_33_0000_227,256,6591,0
AIIB23_33_0000,AIIB23_33_0000_228,256,5808,0
AIIB23_33_0000,AIIB23_33_0000_229,256,5196,0
AIIB23_33_0000,AIIB23_33_0000_230,256,4683,0
AIIB23_33_0000,AIIB23_33_0000_231,256,4095,0
AIIB23_33_0000,AIIB23_33_0000_232,256,3555,0
AIIB23_33_0000,AIIB23_33_0000_233,256,3027,0
AIIB23_33_0000,AIIB23_33_0000_234,256,2418,60
AIIB23_33_0000,AIIB23_33_0000_235,256,1866,124
AIIB23_33_0000,AIIB23_33_0000_236,256,1257,348
AIIB23_33_0000,AIIB23_33_0000_237,256,522,156
AIIB23_33_0000,AIIB23_33_0000_238,256,147,216
AIIB23_33_0000,AIIB23_33_0000_239,256,0,0
AIIB23_33_0000,AIIB23_33_0000_240,256,0,0
AIIB23_33_0000,AIIB23_33_0000_241,256,0,0
AIIB23_33_0000,AIIB23_33_0000_242,256,0,0
AIIB23_33_0000,AIIB23_33_0000_243,256,0,0
AIIB23_33_0000,AIIB23_33_0000_244,256,0,0
AIIB23_33_0000,AIIB23_33_0000_245,256,0,0
AIIB23_33_0000,AIIB23_33_0000_246,256,0,0
AIIB23_33_0000,AIIB23_33_0000_247,256,0,0
AIIB23_33_0000,AIIB23_33_0000_248,256,0,0
AIIB23_33_0000,AIIB23_33_0000_249,256,0,0
AIIB23_33_0000,AIIB23_33_0000_250,256,0,0
AIIB23_33_0000,AIIB23_33_0000_251,256,0,0
AIIB23_33_0000,AIIB23_33_0000_252,256,0,0
AIIB23_33_0000,AIIB23_33_0000_253,256,0,0
AIIB23_42_0000,AIIB23_42_0000_000,256,2430,1144
AIIB23_42_0000,AIIB23_42_0000_001,256,2586,1208
AIIB23_42_0000,AIIB23_42_0000_002,256,2751,1272
AIIB23_42_0000,AIIB23_42_0000_003,256,2880,1320
AIIB23_42_0000,AIIB23_42_0000_004,256,3024,1388
AIIB23_42_0000,AIIB23_42_0000_005,256,3147,1456
AIIB23_42_0000,AIIB23_42_0000_006,256,3291,1544
AIIB23_42_0000,AIIB23_42_0000_007,256,3462,1636
AIIB23_42_0000,AIIB23_42_0000_008,256,3672,1404
AIIB23_42_0000,AIIB23_42_0000_009,256,3849,1404
AIIB23_42_0000,AIIB23_42_0000_010,256,3954,1708
AIIB23_42_0000,AIIB23_42_0000_011,256,4188,1756
AIIB23_42_0000,AIIB23_42_0000_012,256,4329,2024
AIIB23_42_0000,AIIB23_42_0000_013,256,4395,2144
AIIB23_42_0000,AIIB23_42_0000_014,256,4635,2160
AIIB23_42_0000,AIIB23_42_0000_015,256,4863,2040
AIIB23_42_0000,AIIB23_42_0000_016,256,5049,2152
AIIB23_42_0000,AIIB23_42_0000_017,256,5274,2048
AIIB23_42_0000,AIIB23_42_0000_018,256,5382,1796
AIIB23_42_0000,AIIB23_42_0000_019,256,5556,1848
AIIB23_42_0000,AIIB23_42_0000_020,256,5730,1680
AIIB23_42_0000,AIIB23_42_0000_021,256,5859,1932
AIIB23_42_0000,AIIB23_42_0000_022,256,6033,1804
AIIB23_42_0000,AIIB23_42_0000_023,256,6252,1868
AIIB23_42_0000,AIIB23_42_0000_024,256,6432,1476
AIIB23_42_0000,AIIB23_42_0000_025,256,6681,1436
AIIB23_42_0000,AIIB23_42_0000_026,256,6843,1380
AIIB23_42_0000,AIIB23_42_0000_027,256,6978,1292
AIIB23_42_0000,AIIB23_42_0000_028,256,7182,1356
AIIB23_42_0000,AIIB23_42_0000_029,256,7365,1356
AIIB23_42_0000,AIIB23_42_0000_030,256,7494,1316
AIIB23_42_0000,AIIB23_42_0000_031,256,7695,1244
AIIB23_42_0000,AIIB23_42_0000_032,256,7932,1552
AIIB23_42_0000,AIIB23_42_0000_033,256,8199,1608
AIIB23_42_0000,AIIB23_42_0000_034,256,8382,1856
AIIB23_42_0000,AIIB23_42_0000_035,256,8622,1660
AIIB23_42_0000,AIIB23_42_0000_036,256,8847,1856
AIIB23_42_0000,AIIB23_42_0000_037,256,9117,2116
AIIB23_42_0000,AIIB23_42_0000_038,256,9408,2416
AIIB23_42_0000,AIIB23_42_0000_039,256,9600,2356
AIIB23_42_0000,AIIB23_42_0000_040,256,9870,2424
AIIB23_42_0000,AIIB23_42_0000_041,256,10080,2564
AIIB23_42_0000,AIIB23_42_0000_042,256,10338,3176
AIIB23_42_0000,AIIB23_42_0000_043,256,10593,3320
AIIB23_42_0000,AIIB23_42_0000_044,256,10806,3304
AIIB23_42_0000,AIIB23_42_0000_045,256,11055,3060
AIIB23_42_0000,AIIB23_42_0000_046,256,11301,3052
AIIB23_42_0000,AIIB23_42_0000_047,256,11589,2828
AIIB23_42_0000,AIIB23_42_0000_048,256,11934,3428
AIIB23_42_0000,AIIB23_42_0000_049,256,12294,3296
AIIB23_42_0000,AIIB23_42_0000_050,256,12681,3604
AIIB23_42_0000,AIIB23_42_0000_051,256,13122,3584
AIIB23_42_0000,AIIB23_42_0000_052,256,13518,3180
AIIB23_42_0000,AIIB23_42_0000_053,256,13929,3128
AIIB23_42_0000,AIIB23_42_0000_054,256,14235,3584
AIIB23_42_0000,AIIB23_42_0000_055,256,14721,3716
AIIB23_42_0000,AIIB23_42_0000_056,256,15114,4312
AIIB23_42_0000,AIIB23_42_0000_057,256,15537,4724
AIIB23_42_0000,AIIB23_42_0000_058,256,15933,4976
AIIB23_42_0000,AIIB23_42_0000_059,256,16287,5384
AIIB23_42_0000,AIIB23_42_0000_060,256,16686,4836
AIIB23_42_0000,AIIB23_42_0000_061,256,16983,4276
AIIB23_42_0000,AIIB23_42_0000_062,256,17331,4112
AIIB23_42_0000,AIIB23_42_0000_063,256,17643,3356
AIIB23_42_0000,AIIB23_42_0000_064,256,18309,3976
AIIB23_42_0000,AIIB23_42_0000_065,256,18936,4524
AIIB23_42_0000,AIIB23_42_0000_066,256,19347,3928
AIIB23_42_0000,AIIB23_42_0000_067,256,19764,3992
AIIB23_42_0000,AIIB23_42_0000_068,256,20220,3312
AIIB23_42_0000,AIIB23_42_0000_069,256,20676,2132
AIIB23_42_0000,AIIB23_42_0000_070,256,21105,2244
AIIB23_42_0000,AIIB23_42_0000_071,256,21393,1996
AIIB23_42_0000,AIIB23_42_0000_072,256,21705,2484
AIIB23_42_0000,AIIB23_42_0000_073,256,22092,2632
AIIB23_42_0000,AIIB23_42_0000_074,256,22470,2904
AIIB23_42_0000,AIIB23_42_0000_075,256,22827,3196
AIIB23_42_0000,AIIB23_42_0000_076,256,23271,3324
AIIB23_42_0000,AIIB23_42_0000_077,256,23715,3296
AIIB23_42_0000,AIIB23_42_0000_078,256,24030,3448
AIIB23_42_0000,AIIB23_42_0000_079,256,24363,3744
AIIB23_42_0000,AIIB23_42_0000_080,256,24702,3572
AIIB23_42_0000,AIIB23_42_0000_081,256,25143,3696
AIIB23_42_0000,AIIB23_42_0000_082,256,25710,4100
AIIB23_42_0000,AIIB23_42_0000_083,256,25830,4472
AIIB23_42_0000,AIIB23_42_0000_084,256,25779,4664
AIIB23_42_0000,AIIB23_42_0000_085,256,25752,4624
AIIB23_42_0000,AIIB23_42_0000_086,256,25716,4436
AIIB23_42_0000,AIIB23_42_0000_087,256,25800,4916
AIIB23_42_0000,AIIB23_42_0000_088,256,26037,4996
AIIB23_42_0000,AIIB23_42_0000_089,256,26145,4884
AIIB23_42_0000,AIIB23_42_0000_090,256,26295,4812
AIIB23_42_0000,AIIB23_42_0000_091,256,26463,4980
AIIB23_42_0000,AIIB23_42_0000_092,256,26592,4616
AIIB23_42_0000,AIIB23_42_0000_093,256,26856,3988
AIIB23_42_0000,AIIB23_42_0000_094,256,26925,4092
AIIB23_42_0000,AIIB23_42_0000_095,256,27141,3980
AIIB23_42_0000,AIIB23_42_0000_096,256,27297,4136
AIIB23_42_0000,AIIB23_42_0000_097,256,27435,4256
AIIB23_42_0000,AIIB23_42_0000_098,256,27702,3320
AIIB23_42_0000,AIIB23_42_0000_099,256,27897,3828
AIIB23_42_0000,AIIB23_42_0000_100,256,27999,3728
AIIB23_42_0000,AIIB23_42_0000_101,256,28137,3368
AIIB23_42_0000,AIIB23_42_0000_102,256,28311,3228
AIIB23_42_0000,AIIB23_42_0000_103,256,28470,2832
AIIB23_42_0000,AIIB23_42_0000_104,256,28683,2756
AIIB23_42_0000,AIIB23_42_0000_105,256,28947,3016
AIIB23_42_0000,AIIB23_42_0000_106,256,29361,2932
AIIB23_42_0000,AIIB23_42_0000_107,256,29856,2924
AIIB23_42_0000,AIIB23_42_0000_108,256,30417,2800
AIIB23_42_0000,AIIB23_42_0000_109,256,30831,2568
AIIB23_42_0000,AIIB23_42_0000_110,256,31266,2680
AIIB23_42_0000,AIIB23_42_0000_111,256,31962,2372
AIIB23_42_0000,AIIB23_42_0000_112,256,32298,2308
AIIB23_42_0000,AIIB23_42_0000_113,256,32751,2172
AIIB23_42_0000,AIIB23_42_0000_114,256,32421,1144
AIIB23_42_0000,AIIB23_42_0000_115,256,32184,1164
AIIB23_42_0000,AIIB23_42_0000_116,256,32181,1512
AIIB23_42_0000,AIIB23_42_0000_117,256,32196,2384
AIIB23_42_0000,AIIB23_42_0000_118,256,32229,2908
AIIB23_42_0000,AIIB23_42_0000_119,256,32328,2804
AIIB23_42_0000,AIIB23_42_0000_120,256,32511,2716
AIIB23_42_0000,AIIB23_42_0000_121,256,32619,2960
AIIB23_42_0000,AIIB23_42_0000_122,256,32646,2756
AIIB23_42_0000,AIIB23_42_0000_123,256,32736,1924
AIIB23_42_0000,AIIB23_42_0000_124,256,32718,1928
AIIB23_42_0000,AIIB23_42_0000_125,256,32898,2116
AIIB23_42_0000,AIIB23_42_0000_126,256,32925,2124
AIIB23_42_0000,AIIB23_42_0000_127,256,32982,2216
AIIB23_42_0000,AIIB23_42_0000_128,256,33084,2340
AIIB23_42_0000,AIIB23_42_0000_129,256,33033,2428
AIIB23_42_0000,AIIB23_42_0000_130,256,32925,2172
AIIB23_42_0000,AIIB23_42_0000_131,256,32877,2076
AIIB23_42_0000,AIIB23_42_0000_132,256,32976,2160
AIIB23_42_0000,AIIB23_42_0000_133,256,32982,2160
AIIB23_42_0000,AIIB23_42_0000_134,256,32889,1892
AIIB23_42_0000,AIIB23_42_0000_135,256,32943,2212
AIIB23_42_0000,AIIB23_42_0000_136,256,33006,2248
AIIB23_42_0000,AIIB23_42_0000_137,256,32892,2164
AIIB23_42_0000,AIIB23_42_0000_138,256,32823,2184
AIIB23_42_0000,AIIB23_42_0000_139,256,32694,1800
AIIB23_42_0000,AIIB23_42_0000_140,256,32745,1916
AIIB23_42_0000,AIIB23_42_0000_141,256,32781,1784
AIIB23_42_0000,AIIB23_42_0000_142,256,32778,1512
AIIB23_42_0000,AIIB23_42_0000_143,256,32679,1416
AIIB23_42_0000,AIIB23_42_0000_144,256,32574,1352
AIIB23_42_0000,AIIB23_42_0000_145,256,32493,1144
AIIB23_42_0000,AIIB23_42_0000_146,256,32625,1312
AIIB23_42_0000,AIIB23_42_0000_147,256,32679,1760
AIIB23_42_0000,AIIB23_42_0000_148,256,32664,1388
AIIB23_42_0000,AIIB23_42_0000_149,256,32703,1216
AIIB23_42_0000,AIIB23_42_0000_150,256,32751,1316
AIIB23_42_0000,AIIB23_42_0000_151,256,32757,1248
AIIB23_42_0000,AIIB23_42_0000_152,256,32784,1088
AIIB23_42_0000,AIIB23_42_0000_153,256,32796,1084
AIIB23_42_0000,AIIB23_42_0000_154,256,32874,1316
AIIB23_42_0000,AIIB23_42_0000_155,256,32961,900
AIIB23_42_0000,AIIB23_42_0000_156,256,33063,956
AIIB23_42_0000,AIIB23_42_0000_157,256,33156,1072
AIIB23_42_0000,AIIB23_42_0000_158,256,33096,956
AIIB23_42_0000,AIIB23_42_0000_159,256,33111,948
AIIB23_42_0000,AIIB23_42_0000_160,256,33084,928
AIIB23_42_0000,AIIB23_42_0000_161,256,33021,996
AIIB23_42_0000,AIIB23_42_0000_162,256,32979,964
AIIB23_42_0000,AIIB23_42_0000_163,256,32958,860
AIIB23_42_0000,AIIB23_42_0000_164,256,32847,828
AIIB23_42_0000,AIIB23_42_0000_165,256,32766,772
AIIB23_42_0000,AIIB23_42_0000_166,256,32820,736
AIIB23_42_0000,AIIB23_42_0000_167,256,32769,992
AIIB23_42_0000,AIIB23_42_0000_168,256,32673,1216
AIIB23_42_0000,AIIB23_42_0000_169,256,32634,1080
AIIB23_42_0000,AIIB23_42_0000_170,256,32574,1224
AIIB23_42_0000,AIIB23_42_0000_171,256,32565,1028
AIIB23_42_0000,AIIB23_42_0000_172,256,32475,1180
AIIB23_42_0000,AIIB23_42_0000_173,256,32433,1184
AIIB23_42_0000,AIIB23_42_0000_174,256,32394,876
AIIB23_42_0000,AIIB23_42_0000_175,256,32505,944
AIIB23_42_0000,AIIB23_42_0000_176,256,32433,984
AIIB23_42_0000,AIIB23_42_0000_177,256,32316,884
AIIB23_42_0000,AIIB23_42_0000_178,256,32274,956
AIIB23_42_0000,AIIB23_42_0000_179,256,32214,940
AIIB23_42_0000,AIIB23_42_0000_180,256,32193,1024
AIIB23_42_0000,AIIB23_42_0000_181,256,32202,944
AIIB23_42_0000,AIIB23_42_0000_182,256,32043,980
AIIB23_42_0000,AIIB23_42_0000_183,256,31890,888
AIIB23_42_0000,AIIB23_42_0000_184,256,31779,760
AIIB23_42_0000,AIIB23_42_0000_185,256,31590,736
AIIB23_42_0000,AIIB23_42_0000_186,256,31491,648
AIIB23_42_0000,AIIB23_42_0000_187,256,31356,788
AIIB23_42_0000,AIIB23_42_0000_188,256,31284,744
AIIB23_42_0000,AIIB23_42_0000_189,256,31161,760
AIIB23_42_0000,AIIB23_42_0000_190,256,31053,784
AIIB23_42_0000,AIIB23_42_0000_191,256,30933,916
AIIB23_42_0000,AIIB23_42_0000_192,256,30819,1008
AIIB23_42_0000,AIIB23_42_0000_193,256,30750,1284
AIIB23_42_0000,AIIB23_42_0000_194,256,30642,1156
AIIB23_42_0000,AIIB23_42_0000_195,256,30528,1068
AIIB23_42_0000,AIIB23_42_0000_196,256,30594,1156
AIIB23_42_0000,AIIB23_42_0000_197,256,30546,1244
AIIB23_42_0000,AIIB23_42_0000_198,256,30474,1400
AIIB23_42_0000,AIIB23_42_0000_199,256,30441,1384
AIIB23_42_0000,AIIB23_42_0000_200,256,30372,1292
AIIB23_42_0000,AIIB23_42_0000_201,256,30228,1312
AIIB23_42_0000,AIIB23_42_0000_202,256,30156,1372
AIIB23_42_0000,AIIB23_42_0000_203,256,30042,1196
AIIB23_42_0000,AIIB23_42_0000_204,256,29904,456
AIIB23_42_0000,AIIB23_42_0000_205,256,29799,808
AIIB23_42_0000,AIIB23_42_0000_206,256,29697,640
AIIB23_42_0000,AIIB23_42_0000_207,256,29580,416
AIIB23_42_0000,AIIB23_42_0000_208,256,29508,560
AIIB23_42_0000,AIIB23_42_0000_209,256,29439,624
AIIB23_42_0000,AIIB23_42_0000_210,256,29298,724
AIIB23_42_0000,AIIB23_42_0000_211,256,29097,800
AIIB23_42_0000,AIIB23_42_0000_212,256,28941,464
AIIB23_42_0000,AIIB23_42_0000_213,256,28755,168
AIIB23_42_0000,AIIB23_42_0000_214,256,28614,228
AIIB23_42_0000,AIIB23_42_0000_215,256,28401,220
AIIB23_42_0000,AIIB23_42_0000_216,256,28308,476
AIIB23_42_0000,AIIB23_42_0000_217,256,28074,340
AIIB23_42_0000,AIIB23_42_0000_218,256,27909,284
AIIB23_42_0000,AIIB23_42_0000_219,256,27747,364
AIIB23_42_0000,AIIB23_42_0000_220,256,27507,436
AIIB23_42_0000,AIIB23_42_0000_221,256,27294,308
AIIB23_42_0000,AIIB23_42_0000_222,256,27060,388
AIIB23_42_0000,AIIB23_42_0000_223,256,26883,692
AIIB23_42_0000,AIIB23_42_0000_224,256,26670,724
AIIB23_42_0000,AIIB23_42_0000_225,256,26478,488
AIIB23_42_0000,AIIB23_42_0000_226,256,26313,408
AIIB23_42_0000,AIIB23_42_0000_227,256,26082,660
AIIB23_42_0000,AIIB23_42_0000_228,256,25827,576
AIIB23_42_0000,AIIB23_42_0000_229,256,25632,724
AIIB23_42_0000,AIIB23_42_0000_230,256,25347,732
AIIB23_42_0000,AIIB23_42_0000_231,256,25146,696
AIIB23_42_0000,AIIB23_42_0000_232,256,24963,704
AIIB23_42_0000,AIIB23_42_0000_233,256,24660,576
AIIB23_42_0000,AIIB23_42_0000_234,256,24411,280
AIIB23_42_0000,AIIB23_42_0000_235,256,24165,88
AIIB23_42_0000,AIIB23_42_0000_236,256,23958,0
AIIB23_42_0000,AIIB23_42_0000_237,256,23694,0
AIIB23_42_0000,AIIB23_42_0000_238,256,23337,120
AIIB23_42_0000,AIIB23_42_0000_239,256,23088,208
AIIB23_42_0000,AIIB23_42_0000_240,256,22800,164
AIIB23_42_0000,AIIB23_42_0000_241,256,22515,128
AIIB23_42_0000,AIIB23_42_0000_242,256,22224,28
AIIB23_42_0000,AIIB23_42_0000_243,256,21999,376
AIIB23_42_0000,AIIB23_42_0000_244,256,21735,120
AIIB23_42_0000,AIIB23_42_0000_245,256,21432,348
AIIB23_42_0000,AIIB23_42_0000_246,256,21135,268
AIIB23_42_0000,AIIB23_42_0000_247,256,20769,84
AIIB23_42_0000,AIIB23_42_0000_248,256,20472,108
AIIB23_42_0000,AIIB23_42_0000_249,256,20133,0
AIIB23_42_0000,AIIB23_42_0000_250,256,19797,0
AIIB23_42_0000,AIIB23_42_0000_251,256,19500,88
AIIB23_42_0000,AIIB23_42_0000_252,256,19212,68
AIIB23_42_0000,AIIB23_42_0000_253,256,18897,0
AIIB23_42_0000,AIIB23_42_0000_254,256,18540,28
AIIB23_42_0000,AIIB23_42_0000_255,256,18165,92
AIIB23_42_0000,AIIB23_42_0000_256,256,17775,300
AIIB23_42_0000,AIIB23_42_0000_257,256,17472,264
AIIB23_42_0000,AIIB23_42_0000_258,256,17118,264
AIIB23_42_0000,AIIB23_42_0000_259,256,16740,252
AIIB23_42_0000,AIIB23_42_0000_260,256,16356,308
AIIB23_42_0000,AIIB23_42_0000_261,256,15969,236
AIIB23_42_0000,AIIB23_42_0000_262,256,15606,220
AIIB23_42_0000,AIIB23_42_0000_263,256,15261,88
AIIB23_42_0000,AIIB23_42_0000_264,256,14883,0
AIIB23_42_0000,AIIB23_42_0000_265,256,14496,0
AIIB23_42_0000,AIIB23_42_0000_266,256,14184,0
AIIB23_42_0000,AIIB23_42_0000_267,256,13779,0
AIIB23_42_0000,AIIB23_42_0000_268,256,13356,0
AIIB23_42_0000,AIIB23_42_0000_269,256,12936,0
AIIB23_42_0000,AIIB23_42_0000_270,256,12552,0
AIIB23_42_0000,AIIB23_42_0000_271,256,12147,0
AIIB23_42_0000,AIIB23_42_0000_272,256,11793,0
AIIB23_42_0000,AIIB23_42_0000_273,256,11412,0
AIIB23_42_0000,AIIB23_42_0000_274,256,11028,0
AIIB23_42_0000,AIIB23_42_0000_275,256,10632,0
AIIB23_42_0000,AIIB23_42_0000_276,256,10260,0
AIIB23_42_0000,AIIB23_42_0000_277,256,9852,0
AIIB23_42_0000,AIIB23_42_0000_278,256,9471,0
AIIB23_42_0000,AIIB23_42_0000_279,256,9063,0
AIIB23_42_0000,AIIB23_42_0000_280,256,8619,0
AIIB23_42_0000,AIIB23_42_0000_281,256,8154,0
AIIB23_42_0000,AIIB23_42_0000_282,256,7725,0
AIIB23_42_0000,AIIB23_42_0000_283,256,7326,0
AIIB23_42_0000,AIIB23_42_0000_284,256,6888,0
AIIB23_42_0000,AIIB23_42_0000_285,256,6441,0
AIIB23_42_0000,AIIB23_42_0000_286,256,6048,0
AIIB23_42_0000,AIIB23_42_0000_287,256,5634,0
AIIB23_42_0000,AIIB23_42_0000_288,256,5223,0
AIIB23_42_0000,AIIB23_42_0000_289,256,4866,0
AIIB23_42_0000,AIIB23_42_0000_290,256,4464,0
AIIB23_42_0000,AIIB23_42_0000_291,256,4095,0
AIIB23_42_0000,AIIB23_42_0000_292,256,3711,0
AIIB23_42_0000,AIIB23_42_0000_293,256,3357,0
AIIB23_42_0000,AIIB23_42_0000_294,256,2958,0
AIIB23_42_0000,AIIB23_42_0000_295,256,2553,4
AIIB23_42_0000,AIIB23_42_0000_296,256,2097,0
AIIB23_42_0000,AIIB23_42_0000_297,256,1734,80
AIIB23_42_0000,AIIB23_42_0000_298,256,1416,0
AIIB23_42_0000,AIIB23_42_0000_299,256,1113,0
AIIB23_42_0000,AIIB23_42_0000_300,256,786,372
AIIB23_42_0000,AIIB23_42_0000_301,256,543,328
AIIB23_42_0000,AIIB23_42_0000_302,256,252,8
AIIB23_42_0000,AIIB23_42_0000_303,256,201,224
AIIB23_42_0000,AIIB23_42_0000_304,256,0,0
AIIB23_42_0000,AIIB23_42_0000_305,256,0,0
AIIB23_42_0000,AIIB23_42_0000_306,256,0,0
AIIB23_42_0000,AIIB23_42_0000_307,256,0,0
AIIB23_42_0000,AIIB23_42_0000_308,256,0,0
AIIB23_42_0000,AIIB23_42_0000_309,256,0,0
AIIB23_42_0000,AIIB23_42_0000_310,256,0,0
AIIB23_42_0000,AIIB23_42_0000_311,256,0,0
AIIB23_42_0000,AIIB23_42_0000_312,256,0,0
AIIB23_42_0000,AIIB23_42_0000_313,256,0,0
AIIB23_42_0000,AIIB23_42_0000_314,256,0,0
AIIB23_42_0000,AIIB23_42_0000_315,256,0,0
AIIB23_42_0000,AIIB23_42_0000_316,256,0,0
AIIB23_42_0000,AIIB23_42_0000_317,256,0,0
AIIB23_42_0000,AIIB23_42_0000_318,256,0,0
AIIB23_45_0000,AIIB23_45_0000_000,256,0,0
AIIB23_45_0000,AIIB23_45_0000_001,256,0,0
AIIB23_45_0000,AIIB23_45_0000_002,256,0,0
AIIB23_45_0000,AIIB23_45_0000_003,256,0,0
AIIB23_45_0000,AIIB23_45_0000_004,256,0,0
AIIB23_45_0000,AIIB23_45_0000_005,256,0,0
AIIB23_45_0000,AIIB23_45_0000_006,256,0,0
AIIB23_45_0000,AIIB23_45_0000_007,256,0,0
AIIB23_45_0000,AIIB23_45_0000_008,256,0,0
AIIB23_45_0000,AIIB23_45_0000_009,256,0,0
AIIB23_45_0000,AIIB23_45_0000_010,256,0,0
AIIB23_45_0000,AIIB23_45_0000_011,256,0,0
AIIB23_45_0000,AIIB23_45_0000_012,256,0,0
AIIB23_45_0000,AIIB23_45_0000_013,256,0,0
AIIB23_45_0000,AIIB23_45_0000_014,256,0,0
AIIB23_45_0000,AIIB23_45_0000_015,256,0,0
AIIB23_45_0000,AIIB23_45_0000_016,256,0,0
AIIB23_45_0000,AIIB23_45_0000_017,256,0,0
AIIB23_45_0000,AIIB23_45_0000_018,256,0,0
AIIB23_45_0000,AIIB23_45_0000_019,256,0,0
AIIB23_45_0000,AIIB23_45_0000_020,256,0,0
AIIB23_45_0000,AIIB23_45_0000_021,256,0,0
AIIB23_45_0000,AIIB23_45_0000_022,256,0,0
AIIB23_45_0000,AIIB23_45_0000_023,256,0,0
AIIB23_45_0000,AIIB23_45_0000_024,256,0,0
AIIB23_45_0000,AIIB23_45_0000_025,256,0,0
AIIB23_45_0000,AIIB23_45_0000_026,256,0,0
AIIB23_45_0000,AIIB23_45_0000_027,256,0,0
AIIB23_45_0000,AIIB23_45_0000_028,256,0,0
AIIB23_45_0000,AIIB23_45_0000_029,256,0,0
AIIB23_45_0000,AIIB23_45_0000_030,256,0,0
AIIB23_45_0000,AIIB23_45_0000_031,256,0,0
AIIB23_45_0000,AIIB23_45_0000_032,256,0,0
AIIB23_45_0000,AIIB23_45_0000_033,256,0,0
AIIB23_45_0000,AIIB23_45_0000_034,256,0,0
AIIB23_45_0000,AIIB23_45_0000_035,256,0,0
AIIB23_45_0000,AIIB23_45_0000_036,256,0,0
AIIB23_45_0000,AIIB23_45_0000_037,256,0,0
AIIB23_45_0000,AIIB23_45_0000_038,256,0,0
AIIB23_45_0000,AIIB23_45_0000_039,256,0,0
AIIB23_45_0000,AIIB23_45_0000_040,256,0,0
AIIB23_45_0000,AIIB23_45_0000_041,256,0,0
AIIB23_45_0000,AIIB23_45_0000_042,256,0,0
AIIB23_45_0000,AIIB23_45_0000_043,256,0,0
AIIB23_45_0000,AIIB23_45_0000_044,256,0,0
AIIB23_45_0000,AIIB23_45_0000_045,256,0,0
AIIB23_45_0000,AIIB23_45_0000_046,256,0,0
AIIB23_45_0000,AIIB23_45_0000_047,256,0,0
AIIB23_45_0000,AIIB23_45_0000_048,256,0,0
AIIB23_45_0000,AIIB23_45_0000_049,256,0,0
AIIB23_45_0000,AIIB23_45_0000_050,256,0,0
AIIB23_45_0000,AIIB23_45_0000_051,256,0,0
AIIB23_45_0000,AIIB23_45_0000_052,256,0,0
AIIB23_45_0000,AIIB23_45_0000_053,256,0,0
AIIB23_45_0000,AIIB23_45_0000_054,256,0,0
AIIB23_45_0000,AIIB23_45_0000_055,256,0,0
AIIB23_45_0000,AIIB23_45_0000_056,256,0,0
AIIB23_45_0000,AIIB23_45_0000_057,256,0,0
AIIB23_45_0000,AIIB23_45_0000_058,256,0,0
AIIB23_45_0000,AIIB23_45_0000_059,256,0,0
AIIB23_45_0000,AIIB23_45_0000_060,256,0,0
AIIB23_45_0000,AIIB23_45_0000_061,256,0,0
AIIB23_45_0000,AIIB23_45_0000_062,256,0,0
AIIB23_45_0000,AIIB23_45_0000_063,256,0,0
AIIB23_45_0000,AIIB23_45_0000_064,256,0,0
AIIB23_45_0000,AIIB23_45_0000_065,256,0,0
AIIB23_45_0000,AIIB23_45_0000_066,256,0,0
AIIB23_45_0000,AIIB23_45_0000_067,256,0,0
AIIB23_45_0000,AIIB23_45_0000_068,256,0,0
AIIB23_45_0000,AIIB23_45_0000_069,256,0,0
AIIB23_45_0000,AIIB23_45_0000_070,256,0,0
AIIB23_45_0000,AIIB23_45_0000_071,256,0,0
AIIB23_45_0000,AIIB23_45_0000_072,256,0,0
AIIB23_45_0000,AIIB23_45_0000_073,256,0,0
AIIB23_45_0000,AIIB23_45_0000_074,256,0,0
AIIB23_45_0000,AIIB23_45_0000_075,256,0,0
AIIB23_45_0000,AIIB23_45_0000_076,256,0,0
AIIB23_45_0000,AIIB23_45_0000_077,256,0,0
AIIB23_45_0000,AIIB23_45_0000_078,256,0,0
AIIB23_45_0000,AIIB23_45_0000_079,256,0,0
AIIB23_45_0000,AIIB23_45_0000_080,256,0,0
AIIB23_45_0000,AIIB23_45_0000_081,256,0,0
AIIB23_45_0000,AIIB23_45_0000_082,256,0,0
AIIB23_45_0000,AIIB23_45_0000_083,256,0,0
AIIB23_45_0000,AIIB23_45_0000_084,256,0,0
AIIB23_45_0000,AIIB23_45_0000_085,256,0,0
AIIB23_45_0000,AIIB23_45_0000_086,256,0,0
AIIB23_45_0000,AIIB23_45_0000_087,256,0,0
AIIB23_45_0000,AIIB23_45_0000_088,256,0,0
AIIB23_45_0000,AIIB23_45_0000_089,256,0,0
AIIB23_45_0000,AIIB23_45_0000_090,256,0,0
AIIB23_45_0000,AIIB23_45_0000_091,256,0,0
AIIB23_45_0000,AIIB23_45_0000_092,256,0,0
AIIB23_45_0000,AIIB23_45_0000_093,256,0,0
AIIB23_45_0000,AIIB23_45_0000_094,256,0,0
AIIB23_45_0000,AIIB23_45_0000_095,256,0,0
AIIB23_45_0000,AIIB23_45_0000_096,256,6,0
AIIB23_45_0000,AIIB23_45_0000_097,256,63,128
AIIB23_45_0000,AIIB23_45_0000_098,256,153,256
AIIB23_45_0000,AIIB23_45_0000_099,256,228,476
AIIB23_45_0000,AIIB23_45_0000_100,256,360,664
AIIB23_45_0000,AIIB23_45_0000_101,256,519,684
AIIB23_45_0000,AIIB23_45_0000_102,256,690,460
AIIB23_45_0000,AIIB23_45_0000_103,256,876,780
AIIB23_45_0000,AIIB23_45_0000_104,256,1122,880
AIIB23_45_0000,AIIB23_45_0000_105,256,1392,696
AIIB23_45_0000,AIIB23_45_0000_106,256,1254,756
AIIB23_45_0000,AIIB23_45_0000_107,256,1980,652
AIIB23_45_0000,AIIB23_45_0000_108,256,2253,1420
AIIB23_45_0000,AIIB23_45_0000_109,256,2616,1008
AIIB23_45_0000,AIIB23_45_0000_110,256,2991,504
AIIB23_45_0000,AIIB23_45_0000_111,256,3327,536
AIIB23_45_0000,AIIB23_45_0000_112,256,3717,1172
AIIB23_45_0000,AIIB23_45_0000_113,256,4104,1348
AIIB23_45_0000,AIIB23_45_0000_114,256,4632,800
AIIB23_45_0000,AIIB23_45_0000_115,256,5139,1288
AIIB23_45_0000,AIIB23_45_0000_116,256,5538,1164
AIIB23_45_0000,AIIB23_45_0000_117,256,5955,432
AIIB23_45_0000,AIIB23_45_0000_118,256,6552,440
AIIB23_45_0000,AIIB23_45_0000_119,256,7380,436
AIIB23_45_0000,AIIB23_45_0000_120,256,7962,1544
AIIB23_45_0000,AIIB23_45_0000_121,256,8466,1488
AIIB23_45_0000,AIIB23_45_0000_122,256,9132,1648
AIIB23_45_0000,AIIB23_45_0000_123,256,9876,2196
AIIB23_45_0000,AIIB23_45_0000_124,256,10518,2156
AIIB23_45_0000,AIIB23_45_0000_125,256,11289,1980
AIIB23_45_0000,AIIB23_45_0000_126,256,12210,1924
AIIB23_45_0000,AIIB23_45_0000_127,256,13173,2388
AIIB23_45_0000,AIIB23_45_0000_128,256,14394,1824
AIIB23_45_0000,AIIB23_45_0000_129,256,16035,1464
AIIB23_45_0000,AIIB23_45_0000_130,256,18324,1904
AIIB23_45_0000,AIIB23_45_0000_131,256,19827,2084
AIIB23_45_0000,AIIB23_45_0000_132,256,21318,2184
AIIB23_45_0000,AIIB23_45_0000_133,256,23283,1576
AIIB23_45_0000,AIIB23_45_0000_134,256,23340,1236
AIIB23_45_0000,AIIB23_45_0000_135,256,23472,1016
AIIB23_45_0000,AIIB23_45_0000_136,256,23784,1088
AIIB23_45_0000,AIIB23_45_0000_137,256,23919,1596
AIIB23_45_0000,AIIB23_45_0000_138,256,24012,1788
AIIB23_45_0000,AIIB23_45_0000_139,256,24264,1600
AIIB23_45_0000,AIIB23_45_0000_140,256,24444,572
AIIB23_45_0000,AIIB23_45_0000_141,256,24705,416
AIIB23_45_0000,AIIB23_45_0000_142,256,24882,752
AIIB23_45_0000,AIIB23_45_0000_143,256,25146,1128
AIIB23_45_0000,AIIB23_45_0000_144,256,25425,920
AIIB23_45_0000,AIIB23_45_0000_145,256,25779,1864
AIIB23_45_0000,AIIB23_45_0000_146,256,26238,1580
AIIB23_45_0000,AIIB23_45_0000_147,256,26466,2100
AIIB23_45_0000,AIIB23_45_0000_148,256,26751,2900
AIIB23_45_0000,AIIB23_45_0000_149,256,27258,3052
AIIB23_45_0000,AIIB23_45_0000_150,256,27669,3788
AIIB23_45_0000,AIIB23_45_0000_151,256,28152,4268
AIIB23_45_0000,AIIB23_45_0000_152,256,28536,3140
AIIB23_45_0000,AIIB23_45_0000_153,256,28995,3452
AIIB23_45_0000,AIIB23_45_0000_154,256,29505,4096
AIIB23_45_0000,AIIB23_45_0000_155,256,30000,4204
AIIB23_45_0000,AIIB23_45_0000_156,256,30513,3788
AIIB23_45_0000,AIIB23_45_0000_157,256,31281,4216
AIIB23_45_0000,AIIB23_45_0000_158,256,31890,4344
AIIB23_45_0000,AIIB23_45_0000_159,256,32532,4500
AIIB23_45_0000,AIIB23_45_0000_160,256,33210,4340
AIIB23_45_0000,AIIB23_45_0000_161,256,33726,4364
AIIB23_45_0000,AIIB23_45_0000_162,256,34446,4588
AIIB23_45_0000,AIIB23_45_0000_163,256,35190,5308
AIIB23_45_0000,AIIB23_45_0000_164,256,35991,5932
AIIB23_45_0000,AIIB23_45_0000_165,256,36768,6144
AIIB23_45_0000,AIIB23_45_0000_166,256,37569,6308
AIIB23_45_0000,AIIB23_45_0000_167,256,38397,6132
AIIB23_45_0000,AIIB23_45_0000_168,256,39057,5852
AIIB23_45_0000,AIIB23_45_0000_169,256,40095,6188
AIIB23_45_0000,AIIB23_45_0000_170,256,40782,6024
AIIB23_45_0000,AIIB23_45_0000_171,256,41556,6988
AIIB23_45_0000,AIIB23_45_0000_172,256,42174,6144
AIIB23_45_0000,AIIB23_45_0000_173,256,42846,4324
AIIB23_45_0000,AIIB23_45_0000_174,256,43710,4648
AIIB23_45_0000,AIIB23_45_0000_175,256,43815,3660
AIIB23_45_0000,AIIB23_45_0000_176,256,43809,3812
AIIB23_45_0000,AIIB23_45_0000_177,256,43854,3552
AIIB23_45_0000,AIIB23_45_0000_178,256,43689,3712
AIIB23_45_0000,AIIB23_45_0000_179,256,43407,3016
AIIB23_45_0000,AIIB23_45_0000_180,256,43278,4016
AIIB23_45_0000,AIIB23_45_0000_181,256,43395,4096
AIIB23_45_0000,AIIB23_45_0000_182,256,43320,3668
AIIB23_45_0000,AIIB23_45_0000_183,256,43209,2628
AIIB23_45_0000,AIIB23_45_0000_184,256,43104,1944
AIIB23_45_0000,AIIB23_45_0000_185,256,42864,1848
AIIB23_45_0000,AIIB23_45_0000_186,256,42813,1896
AIIB23_45_0000,AIIB23_45_0000_187,256,42537,1928
AIIB23_45_0000,AIIB23_45_0000_188,256,42381,1728
AIIB23_45_0000,AIIB23_45_0000_189,256,42159,2280
AIIB23_45_0000,AIIB23_45_0000_190,256,42093,2036
AIIB23_45_0000,AIIB23_45_0000_191,256,42210,2064
AIIB23_45_0000,AIIB23_45_0000_192,256,42285,1812
AIIB23_45_0000,AIIB23_45_0000_193,256,42312,2024
AIIB23_45_0000,AIIB23_45_0000_194,256,42264,2588
AIIB23_45_0000,AIIB23_45_0000_195,256,42120,2060
AIIB23_45_0000,AIIB23_45_0000_196,256,41979,1596
AIIB23_45_0000,AIIB23_45_0000_197,256,41763,1632
AIIB23_45_0000,AIIB23_45_0000_198,256,41574,1500
AIIB23_45_0000,AIIB23_45_0000_199,256,41490,1576
AIIB23_45_0000,AIIB23_45_0000_200,256,41559,1156
AIIB23_45_0000,AIIB23_45_0000_201,256,41571,1740
AIIB23_45_0000,AIIB23_45_0000_202,256,41268,2008
AIIB23_45_0000,AIIB23_45_0000_203,256,40620,1744
AIIB23_45_0000,AIIB23_45_0000_204,256,40560,1728
AIIB23_45_0000,AIIB23_45_0000_205,256,40347,1492
AIIB23_45_0000,AIIB23_45_0000_206,256,39993,2044
AIIB23_45_0000,AIIB23_45_0000_207,256,39735,1724
AIIB23_45_0000,AIIB23_45_0000_208,256,39834,1952
AIIB23_45_0000,AIIB23_45_0000_209,256,39621,2152
AIIB23_45_0000,AIIB23_45_0000_210,256,39504,2308
AIIB23_45_0000,AIIB23_45_0000_211,256,39270,2068
AIIB23_45_0000,AIIB23_45_0000_212,256,39366,2044
AIIB23_45_0000,AIIB23_45_0000_213,256,39399,2152
AIIB23_45_0000,AIIB23_45_0000_214,256,39414,2120
AIIB23_45_0000,AIIB23_45_0000_215,256,39321,2312
AIIB23_45_0000,AIIB23_45_0000_216,256,39153,2096
AIIB23_45_0000,AIIB23_45_0000_217,256,38940,2044
AIIB23_45_0000,AIIB23_45_0000_218,256,38715,1952
AIIB23_45_0000,AIIB23_45_0000_219,256,38661,2004
AIIB23_45_0000,AIIB23_45_0000_220,256,38487,2512
AIIB23_45_0000,AIIB23_45_0000_221,256,38322,2272
AIIB23_45_0000,AIIB23_45_0000_222,256,38259,1896
AIIB23_45_0000,AIIB23_45_0000_223,256,37989,1804
AIIB23_45_0000,AIIB23_45_0000_224,256,37971,1960
AIIB23_45_0000,AIIB23_45_0000_225,256,37812,2172
AIIB23_45_0000,AIIB23_45_0000_226,256,37893,2488
AIIB23_45_0000,AIIB23_45_0000_227,256,37794,2628
AIIB23_45_0000,AIIB23_45_0000_228,256,37641,2576
AIIB23_45_0000,AIIB23_45_0000_229,256,37512,2564
AIIB23_45_0000,AIIB23_45_0000_230,256,37404,2272
AIIB23_45_0000,AIIB23_45_0000_231,256,37380,2852
AIIB23_45_0000,AIIB23_45_0000_232,256,37242,2772
AIIB23_45_0000,AIIB23_45_0000_233,256,37110,1704
AIIB23_45_0000,AIIB23_45_0000_234,256,37047,1840
AIIB23_45_0000,AIIB23_45_0000_235,256,36855,1944
AIIB23_45_0000,AIIB23_45_0000_236,256,36729,2024
AIIB23_45_0000,AIIB23_45_0000_237,256,36804,1724
AIIB23_45_0000,AIIB23_45_0000_238,256,36453,1900
AIIB23_45_0000,AIIB23_45_0000_239,256,36372,1792
AIIB23_45_0000,AIIB23_45_0000_240,256,36138,2092
AIIB23_45_0000,AIIB23_45_0000_241,256,35808,1132
AIIB23_45_0000,AIIB23_45_0000_242,256,35472,1572
AIIB23_45_0000,AIIB23_45_0000_243,256,35598,2824
AIIB23_45_0000,AIIB23_45_0000_244,256,35280,2796
AIIB23_45_0000,AIIB23_45_0000_245,256,34878,2616
AIIB23_45_0000,AIIB23_45_0000_246,256,34662,2068
AIIB23_45_0000,AIIB23_45_0000_247,256,34473,2360
AIIB23_45_0000,AIIB23_45_0000_248,256,34365,2668
AIIB23_45_0000,AIIB23_45_0000_249,256,34140,3164
AIIB23_45_0000,AIIB23_45_0000_250,256,33996,3004
AIIB23_45_0000,AIIB23_45_0000_251,256,33666,3112
AIIB23_45_0000,AIIB23_45_0000_252,256,33444,3312
AIIB23_45_0000,AIIB23_45_0000_253,256,33096,2820
AIIB23_45_0000,AIIB23_45_0000_254,256,32586,2288
AIIB23_45_0000,AIIB23_45_0000_255,256,32289,2068
AIIB23_45_0000,AIIB23_45_0000_256,256,31905,1636
AIIB23_45_0000,AIIB23_45_0000_257,256,31473,1444
AIIB23_45_0000,AIIB23_45_0000_258,256,30969,2424
AIIB23_45_0000,AIIB23_45_0000_259,256,30618,2780
AIIB23_45_0000,AIIB23_45_0000_260,256,30306,3392
AIIB23_45_0000,AIIB23_45_0000_261,256,29919,3232
AIIB23_45_0000,AIIB23_45_0000_262,256,29460,3320
AIIB23_45_0000,AIIB23_45_0000_263,256,29163,2412
AIIB23_45_0000,AIIB23_45_0000_264,256,29148,4308
AIIB23_45_0000,AIIB23_45_0000_265,256,28788,2984
AIIB23_45_0000,AIIB23_45_0000_266,256,28287,3152
AIIB23_45_0000,AIIB23_45_0000_267,256,27873,3676
AIIB23_45_0000,AIIB23_45_0000_268,256,27429,4904
AIIB23_45_0000,AIIB23_45_0000_269,256,27021,5940
AIIB23_45_0000,AIIB23_45_0000_270,256,26601,6396
AIIB23_45_0000,AIIB23_45_0000_271,256,26136,6500
AIIB23_45_0000,AIIB23_45_0000_272,256,25635,7504
AIIB23_45_0000,AIIB23_45_0000_273,256,25254,6512
AIIB23_45_0000,AIIB23_45_0000_274,256,24816,5200
AIIB23_45_0000,AIIB23_45_0000_275,256,24453,5632
AIIB23_45_0000,AIIB23_45_0000_276,256,24138,6064
AIIB23_45_0000,AIIB23_45_0000_277,256,23682,5556
AIIB23_45_0000,AIIB23_45_0000_278,256,23343,5676
AIIB23_45_0000,AIIB23_45_0000_279,256,22767,5788
AIIB23_45_0000,AIIB23_45_0000_280,256,22554,4700
AIIB23_45_0000,AIIB23_45_0000_281,256,22212,4316
AIIB23_45_0000,AIIB23_45_0000_282,256,21855,3236
AIIB23_45_0000,AIIB23_45_0000_283,256,21336,2948
AIIB23_45_0000,AIIB23_45_0000_284,256,21027,2808
AIIB23_45_0000,AIIB23_45_0000_285,256,20676,2884
AIIB23_45_0000,AIIB23_45_0000_286,256,20262,3476
AIIB23_45_0000,AIIB23_45_0000_287,256,19995,3236
AIIB23_45_0000,AIIB23_45_0000_288,256,19587,4244
AIIB23_45_0000,AIIB23_45_0000_289,256,19239,5320
AIIB23_45_0000,AIIB23_45_0000_290,256,18864,3160
AIIB23_45_0000,AIIB23_45_0000_291,256,18510,4408
AIIB23_45_0000,AIIB23_45_0000_292,256,18198,3160
AIIB23_45_0000,AIIB23_45_0000_293,256,17844,2756
AIIB23_45_0000,AIIB23_45_0000_294,256,17487,2624
AIIB23_45_0000,AIIB23_45_0000_295,256,17031,2504
AIIB23_45_0000,AIIB23_45_0000_296,256,16764,2552
AIIB23_45_0000,AIIB23_45_0000_297,256,16500,2192
AIIB23_45_0000,AIIB23_45_0000_298,256,16173,1720
AIIB23_45_0000,AIIB23_45_0000_299,256,15771,816
AIIB23_45_0000,AIIB23_45_0000_300,256,15393,720
AIIB23_45_0000,AIIB23_45_0000_301,256,14931,196
AIIB23_45_0000,AIIB23_45_0000_302,256,14553,172
AIIB23_45_0000,AIIB23_45_0000_303,256,14238,1372
AIIB23_45_0000,AIIB23_45_0000_304,256,13788,1456
AIIB23_45_0000,AIIB23_45_0000_305,256,13317,1304
AIIB23_45_0000,AIIB23_45_0000_306,256,12912,1424
AIIB23_45_0000,AIIB23_45_0000_307,256,12561,1528
AIIB23_45_0000,AIIB23_45_0000_308,256,12192,1496
AIIB23_45_0000,AIIB23_45_0000_309,256,11709,1552
AIIB23_45_0000,AIIB23_45_0000_310,256,11085,1300
AIIB23_45_0000,AIIB23_45_0000_311,256,10809,1168
AIIB23_45_0000,AIIB23_45_0000_312,256,10428,1416
AIIB23_45_0000,AIIB23_45_0000_313,256,10047,1300
AIIB23_45_0000,AIIB23_45_0000_314,256,9549,1232
AIIB23_45_0000,AIIB23_45_0000_315,256,9174,1368
AIIB23_45_0000,AIIB23_45_0000_316,256,8799,1484
AIIB23_45_0000,AIIB23_45_0000_317,256,8367,1320
AIIB23_45_0000,AIIB23_45_0000_318,256,8046,1540
AIIB23_45_0000,AIIB23_45_0000_319,256,7776,1180
AIIB23_45_0000,AIIB23_45_0000_320,256,7449,1252
AIIB23_45_0000,AIIB23_45_0000_321,256,6903,1716
AIIB23_45_0000,AIIB23_45_0000_322,256,6540,1360
AIIB23_45_0000,AIIB23_45_0000_323,256,5955,1308
AIIB23_45_0000,AIIB23_45_0000_324,256,5538,1252
AIIB23_45_0000,AIIB23_45_0000_325,256,5022,1000
AIIB23_45_0000,AIIB23_45_0000_326,256,4680,828
AIIB23_45_0000,AIIB23_45_0000_327,256,4230,956
AIIB23_45_0000,AIIB23_45_0000_328,256,3762,268
AIIB23_45_0000,AIIB23_45_0000_329,256,3369,116
AIIB23_45_0000,AIIB23_45_0000_330,256,3111,124
AIIB23_45_0000,AIIB23_45_0000_331,256,2826,484
AIIB23_45_0000,AIIB23_45_0000_332,256,2664,576
AIIB23_45_0000,AIIB23_45_0000_333,256,2502,676
AIIB23_45_0000,AIIB23_45_0000_334,256,2307,572
AIIB23_45_0000,AIIB23_45_0000_335,256,2094,592
AIIB23_45_0000,AIIB23_45_0000_336,256,1812,608
AIIB23_45_0000,AIIB23_45_0000_337,256,1512,392
AIIB23_45_0000,AIIB23_45_0000_338,256,1026,696
AIIB23_45_0000,AIIB23_45_0000_339,256,804,616
AIIB23_45_0000,AIIB23_45_0000_340,256,504,476
AIIB23_45_0000,AIIB23_45_0000_341,256,198,336
AIIB23_45_0000,AIIB23_45_0000_342,256,0,0
AIIB23_45_0000,AIIB23_45_0000_343,256,0,0
AIIB23_45_0000,AIIB23_45_0000_344,256,0,0
AIIB23_45_0000,AIIB23_45_0000_345,256,0,0
AIIB23_45_0000,AIIB23_45_0000_346,256,0,0
AIIB23_45_0000,AIIB23_45_0000_347,256,0,0
AIIB23_45_0000,AIIB23_45_0000_348,256,0,0
AIIB23_45_0000,AIIB23_45_0000_349,256,0,0
AIIB23_45_0000,AIIB23_45_0000_350,256,0,0
AIIB23_45_0000,AIIB23_45_0000_351,256,0,0
AIIB23_45_0000,AIIB23_45_0000_352,256,0,0
AIIB23_45_0000,AIIB23_45_0000_353,256,0,0
AIIB23_45_0000,AIIB23_45_0000_354,256,0,0
AIIB23_45_0000,AIIB23_45_0000_355,256,0,0
AIIB23_45_0000,AIIB23_45_0000_356,256,0,0
AIIB23_45_0000,AIIB23_45_0000_357,256,0,0
AIIB23_45_0000,AIIB23_45_0000_358,256,0,0
AIIB23_45_0000,AIIB23_45_0000_359,256,0,0
AIIB23_45_0000,AIIB23_45_0000_360,256,0,0
AIIB23_45_0000,AIIB23_45_0000_361,256,0,0
AIIB23_45_0000,AIIB23_45_0000_362,256,0,0
AIIB23_45_0000,AIIB23_45_0000_363,256,0,0
AIIB23_45_0000,AIIB23_45_0000_364,256,0,0
AIIB23_45_0000,AIIB23_45_0000_365,256,0,0
AIIB23_45_0000,AIIB23_45_0000_366,256,0,0
AIIB23_45_0000,AIIB23_45_0000_367,256,0,0
AIIB23_45_0000,AIIB23_45_0000_368,256,0,0
AIIB23_45_0000,AIIB23_45_0000_369,256,0,0
AIIB23_45_0000,AIIB23_45_0000_370,256,0,0
AIIB23_45_0000,AIIB23_45_0000_371,256,0,0
AIIB23_91_0000,AIIB23_91_0000_000,256,0,0
AIIB23_91_0000,AIIB23_91_0000_001,256,0,0
AIIB23_91_0000,AIIB23_91_0000_002,256,0,0
AIIB23_91_0000,AIIB23_91_0000_003,256,0,0
AIIB23_91_0000,AIIB23_91_0000_004,256,0,0
AIIB23_91_0000,AIIB23_91_0000_005,256,0,0
AIIB23_91_0000,AIIB23_91_0000_006,256,0,0
AIIB23_91_0000,AIIB23_91_0000_007,256,0,0
AIIB23_91_0000,AIIB23_91_0000_008,256,0,0
AIIB23_91_0000,AIIB23_91_0000_009,256,0,0
AIIB23_91_0000,AIIB23_91_0000_010,256,0,0
AIIB23_91_0000,AIIB23_91_0000_011,256,0,0
AIIB23_91_0000,AIIB23_91_0000_012,256,0,0
AIIB23_91_0000,AIIB23_91_0000_013,256,0,0
AIIB23_91_0000,AIIB23_91_0000_014,256,0,0
AIIB23_91_0000,AIIB23_91_0000_015,256,0,0
AIIB23_91_0000,AIIB23_91_0000_016,256,0,0
AIIB23_91_0000,AIIB23_91_0000_017,256,0,0
AIIB23_91_0000,AIIB23_91_0000_018,256,0,0
AIIB23_91_0000,AIIB23_91_0000_019,256,0,0
AIIB23_91_0000,AIIB23_91_0000_020,256,0,0
AIIB23_91_0000,AIIB23_91_0000_021,256,0,0
AIIB23_91_0000,AIIB23_91_0000_022,256,0,0
AIIB23_91_0000,AIIB23_91_0000_023,256,0,0
AIIB23_91_0000,AIIB23_91_0000_024,256,0,0
AIIB23_91_0000,AIIB23_91_0000_025,256,0,0
AIIB23_91_0000,AIIB23_91_0000_026,256,0,0
AIIB23_91_0000,AIIB23_91_0000_027,256,0,0
AIIB23_91_0000,AIIB23_91_0000_028,256,0,0
AIIB23_91_0000,AIIB23_91_0000_029,256,0,0
AIIB23_91_0000,AIIB23_91_0000_030,256,0,0
AIIB23_91_0000,AIIB23_91_0000_031,256,0,0
AIIB23_91_0000,AIIB23_91_0000_032,256,0,0
AIIB23_91_0000,AIIB23_91_0000_033,256,0,0
AIIB23_91_0000,AIIB23_91_0000_034,256,0,0
AIIB23_91_0000,AIIB23_91_0000_035,256,0,0
AIIB23_91_0000,AIIB23_91_0000_036,256,0,0
AIIB23_91_0000,AIIB23_91_0000_037,256,0,0
AIIB23_91_0000,AIIB23_91_0000_038,256,0,0
AIIB23_91_0000,AIIB23_91_0000_039,256,0,0
AIIB23_91_0000,AIIB23_91_0000_040,256,0,0
AIIB23_91_0000,AIIB23_91_0000_041,256,9,0
AIIB23_91_0000,AIIB23_91_0000_042,256,78,0
AIIB23_91_0000,AIIB23_91_0000_043,256,138,120
AIIB23_91_0000,AIIB23_91_0000_044,256,243,440
AIIB23_91_0000,AIIB23_91_0000_045,256,501,728
AIIB23_91_0000,AIIB23_91_0000_046,256,825,704
AIIB23_91_0000,AIIB23_91_0000_047,256,1308,1356
AIIB23_91_0000,AIIB23_91_0000_048,256,2019,2452
AIIB23_91_0000,AIIB23_91_0000_049,256,2844,3008
AIIB23_91_0000,AIIB23_91_0000_050,256,3762,3112
AIIB23_91_0000,AIIB23_91_0000_051,256,4707,3228
AIIB23_91_0000,AIIB23_91_0000_052,256,6003,3888
AIIB23_91_0000,AIIB23_91_0000_053,256,7758,4532
AIIB23_91_0000,AIIB23_91_0000_054,256,10062,5056
AIIB23_91_0000,AIIB23_91_0000_055,256,12573,5596
AIIB23_91_0000,AIIB23_91_0000_056,256,16467,5604
AIIB23_91_0000,AIIB23_91_0000_057,256,18498,4808
AIIB23_91_0000,AIIB23_91_0000_058,256,20223,5116
AIIB23_91_0000,AIIB23_91_0000_059,256,20940,4216
AIIB23_91_0000,AIIB23_91_0000_060,256,21573,3580
AIIB23_91_0000,AIIB23_91_0000_061,256,22647,3368
AIIB23_91_0000,AIIB23_91_0000_062,256,23535,2964
AIIB23_91_0000,AIIB23_91_0000_063,256,24264,3108
AIIB23_91_0000,AIIB23_91_0000_064,256,25356,2520
AIIB23_91_0000,AIIB23_91_0000_065,256,26805,2180
AIIB23_91_0000,AIIB23_91_0000_066,256,28884,2432
AIIB23_91_0000,AIIB23_91_0000_067,256,31002,2536
AIIB23_91_0000,AIIB23_91_0000_068,256,32115,2344
AIIB23_91_0000,AIIB23_91_0000_069,256,33786,1784
AIIB23_91_0000,AIIB23_91_0000_070,256,34224,2196
AIIB23_91_0000,AIIB23_91_0000_071,256,34515,1320
AIIB23_91_0000,AIIB23_91_0000_072,256,34881,1708
AIIB23_91_0000,AIIB23_91_0000_073,256,35193,1428
AIIB23_91_0000,AIIB23_91_0000_074,256,35340,668
AIIB23_91_0000,AIIB23_91_0000_075,256,35424,740
AIIB23_91_0000,AIIB23_91_0000_076,256,35598,720
AIIB23_91_0000,AIIB23_91_0000_077,256,35730,556
AIIB23_91_0000,AIIB23_91_0000_078,256,35709,692
AIIB23_91_0000,AIIB23_91_0000_079,256,35865,988
AIIB23_91_0000,AIIB23_91_0000_080,256,35712,1624
AIIB23_91_0000,AIIB23_91_0000_081,256,35709,1232
AIIB23_91_0000,AIIB23_91_0000_082,256,35706,840
AIIB23_91_0000,AIIB23_91_0000_083,256,35820,884
AIIB23_91_0000,AIIB23_91_0000_084,256,35988,1060
AIIB23_91_0000,AIIB23_91_0000_085,256,36033,1348
AIIB23_91_0000,AIIB23_91_0000_086,256,36357,1528
AIIB23_91_0000,AIIB23_91_0000_087,256,36399,2104
AIIB23_91_0000,AIIB23_91_0000_088,256,36912,1756
AIIB23_91_0000,AIIB23_91_0000_089,256,37263,1808
AIIB23_91_0000,AIIB23_91_0000_090,256,37410,1136
AIIB23_91_0000,AIIB23_91_0000_091,256,37428,1260
AIIB23_91_0000,AIIB23_91_0000_092,256,37326,1504
AIIB23_91_0000,AIIB23_91_0000_093,256,35442,1028
AIIB23_91_0000,AIIB23_91_0000_094,256,35181,1768
AIIB23_91_0000,AIIB23_91_0000_095,256,35127,2004
AIIB23_91_0000,AIIB23_91_0000_096,256,34674,2072
AIIB23_91_0000,AIIB23_91_0000_097,256,34734,1740
AIIB23_91_0000,AIIB23_91_0000_098,256,34974,1080
AIIB23_91_0000,AIIB23_91_0000_099,256,35013,2684
AIIB23_91_0000,AIIB23_91_0000_100,256,35046,1856
AIIB23_91_0000,AIIB23_91_0000_101,256,34878,1952
AIIB23_91_0000,AIIB23_91_0000_102,256,34965,1476
AIIB23_91_0000,AIIB23_91_0000_103,256,34326,2236
AIIB23_91_0000,AIIB23_91_0000_104,256,34038,2092
AIIB23_91_0000,AIIB23_91_0000_105,256,33813,1340
AIIB23_91_0000,AIIB23_91_0000_106,256,33699,1852
AIIB23_91_0000,AIIB23_91_0000_107,256,33702,2024
AIIB23_91_0000,AIIB23_91_0000_108,256,33498,2124
AIIB23_91_0000,AIIB23_91_0000_109,256,33564,1104
AIIB23_91_0000,AIIB23_91_0000_110,256,33228,868
AIIB23_91_0000,AIIB23_91_0000_111,256,33105,1120
AIIB23_91_0000,AIIB23_91_0000_112,256,32802,1060
AIIB23_91_0000,AIIB23_91_0000_113,256,32613,904
AIIB23_91_0000,AIIB23_91_0000_114,256,32373,1280
AIIB23_91_0000,AIIB23_91_0000_115,256,31914,2092
AIIB23_91_0000,AIIB23_91_0000_116,256,31626,1584
AIIB23_91_0000,AIIB23_91_0000_117,256,31314,1108
AIIB23_91_0000,AIIB23_91_0000_118,256,31107,1392
AIIB23_91_0000,AIIB23_91_0000_119,256,30891,1472
AIIB23_91_0000,AIIB23_91_0000_120,256,30492,1252
AIIB23_91_0000,AIIB23_91_0000_121,256,29805,112
AIIB23_91_0000,AIIB23_91_0000_122,256,28905,944
AIIB23_91_0000,AIIB23_91_0000_123,256,28164,796
AIIB23_91_0000,AIIB23_91_0000_124,256,28092,1364
AIIB23_91_0000,AIIB23_91_0000_125,256,27723,1928
AIIB23_91_0000,AIIB23_91_0000_126,256,27450,1736
AIIB23_91_0000,AIIB23_91_0000_127,256,27003,2436
AIIB23_91_0000,AIIB23_91_0000_128,256,26481,2084
AIIB23_91_0000,AIIB23_91_0000_129,256,25590,888
AIIB23_91_0000,AIIB23_91_0000_130,256,25119,676
AIIB23_91_0000,AIIB23_91_0000_131,256,24624,512
AIIB23_91_0000,AIIB23_91_0000_132,256,23976,1080
AIIB23_91_0000,AIIB23_91_0000_133,256,23304,860
AIIB23_91_0000,AIIB23_91_0000_134,256,22491,824
AIIB23_91_0000,AIIB23_91_0000_135,256,21861,908
AIIB23_91_0000,AIIB23_91_0000_136,256,21081,1328
AIIB23_91_0000,AIIB23_91_0000_137,256,20361,880
AIIB23_91_0000,AIIB23_91_0000_138,256,19767,856
AIIB23_91_0000,AIIB23_91_0000_139,256,18975,680
AIIB23_91_0000,AIIB23_91_0000_140,256,18099,880
AIIB23_91_0000,AIIB23_91_0000_141,256,17250,876
AIIB23_91_0000,AIIB23_91_0000_142,256,16413,1148
AIIB23_91_0000,AIIB23_91_0000_143,256,15372,880
AIIB23_91_0000,AIIB23_91_0000_144,256,14340,204
AIIB23_91_0000,AIIB23_91_0000_145,256,13488,0
AIIB23_91_0000,AIIB23_91_0000_146,256,12633,408
AIIB23_91_0000,AIIB23_91_0000_147,256,11988,660
AIIB23_91_0000,AIIB23_91_0000_148,256,11403,668
AIIB23_91_0000,AIIB23_91_0000_149,256,10782,616
AIIB23_91_0000,AIIB23_91_0000_150,256,10119,760
AIIB23_91_0000,AIIB23_91_0000_151,256,9243,320
AIIB23_91_0000,AIIB23_91_0000_152,256,8301,164
AIIB23_91_0000,AIIB23_91_0000_153,256,7413,236
AIIB23_91_0000,AIIB23_91_0000_154,256,6663,44
AIIB23_91_0000,AIIB23_91_0000_155,256,5943,4
AIIB23_91_0000,AIIB23_91_0000_156,256,5067,16
AIIB23_91_0000,AIIB23_91_0000_157,256,4293,0
AIIB23_91_0000,AIIB23_91_0000_158,256,3519,256
AIIB23_91_0000,AIIB23_91_0000_159,256,2622,316
AIIB23_91_0000,AIIB23_91_0000_160,256,1797,352
AIIB23_91_0000,AIIB23_91_0000_161,256,1071,380
AIIB23_91_0000,AIIB23_91_0000_162,256,417,376
AIIB23_91_0000,AIIB23_91_0000_163,256,0,0
AIIB23_91_0000,AIIB23_91_0000_164,256,0,0
AIIB23_91_0000,AIIB23_91_0000_165,256,0,0
AIIB23_91_0000,AIIB23_91_0000_166,256,0,0
AIIB23_91_0000,AIIB23_91_0000_167,256,0,0
AIIB23_91_0000,AIIB23_91_0000_168,256,0,0
AIIB23_91_0000,AIIB23_91_0000_169,256,0,0
AIIB23_91_0000,AIIB23_91_0000_170,256,0,0
AIIB23_91_0000,AIIB23_91_0000_171,256,0,0
AIIB23_91_0000,AIIB23_91_0000_172,256,0,0
AIIB23_91_0000,AIIB23_91_0000_173,256,0,0
AIIB23_91_0000,AIIB23_91_0000_174,256,0,0
AIIB23_91_0000,AIIB23_91_0000_175,256,0,0
AIIB23_91_0000,AIIB23_91_0000_176,256,0,0
AIIB23_94_0000,AIIB23_94_0000_000,256,0,0
AIIB23_94_0000,AIIB23_94_0000_001,256,0,0
AIIB23_94_0000,AIIB23_94_0000_002,256,0,0
AIIB23_94_0000,AIIB23_94_0000_003,256,0,0
AIIB23_94_0000,AIIB23_94_0000_004,256,0,0
AIIB23_94_0000,AIIB23_94_0000_005,256,0,0
AIIB23_94_0000,AIIB23_94_0000_006,256,0,0
AIIB23_94_0000,AIIB23_94_0000_007,256,0,0
AIIB23_94_0000,AIIB23_94_0000_008,256,0,0
AIIB23_94_0000,AIIB23_94_0000_009,256,0,0
AIIB23_94_0000,AIIB23_94_0000_010,256,0,0
AIIB23_94_0000,AIIB23_94_0000_011,256,0,0
AIIB23_94_0000,AIIB23_94_0000_012,256,0,0
AIIB23_94_0000,AIIB23_94_0000_013,256,0,0
AIIB23_94_0000,AIIB23_94_0000_014,256,0,0
AIIB23_94_0000,AIIB23_94_0000_015,256,0,0
AIIB23_94_0000,AIIB23_94_0000_016,256,0,0
AIIB23_94_0000,AIIB23_94_0000_017,256,0,0
AIIB23_94_0000,AIIB23_94_0000_018,256,0,0
AIIB23_94_0000,AIIB23_94_0000_019,256,0,0
AIIB23_94_0000,AIIB23_94_0000_020,256,0,0
AIIB23_94_0000,AIIB23_94_0000_021,256,18,0
AIIB23_94_0000,AIIB23_94_0000_022,256,48,128
AIIB23_94_0000,AIIB23_94_0000_023,256,75,164
AIIB23_94_0000,AIIB23_94_0000_024,256,84,140
AIIB23_94_0000,AIIB23_94_0000_025,256,117,184
AIIB23_94_0000,AIIB23_94_0000_026,256,150,200
AIIB23_94_0000,AIIB23_94_0000_027,256,195,228
AIIB23_94_0000,AIIB23_94_0000_028,256,231,308
AIIB23_94_0000,AIIB23_94_0000_029,256,327,180
AIIB23_94_0000,AIIB23_94_0000_030,256,441,380
AIIB23_94_0000,AIIB23_94_0000_031,256,528,448
AIIB23_94_0000,AIIB23_94_0000_032,256,582,552
AIIB23_94_0000,AIIB23_94_0000_033,256,639,628
AIIB23_94_0000,AIIB23_94_0000_034,256,702,672
AIIB23_94_0000,AIIB23_94_0000_035,256,729,628
AIIB23_94_0000,AIIB23_94_0000_036,256,756,472
AIIB23_94_0000,AIIB23_94_0000_037,256,822,284
AIIB23_94_0000,AIIB23_94_0000_038,256,891,320
AIIB23_94_0000,AIIB23_94_0000_039,256,975,344
AIIB23_94_0000,AIIB23_94_0000_040,256,1047,440
AIIB23_94_0000,AIIB23_94_0000_041,256,1122,548
AIIB23_94_0000,AIIB23_94_0000_042,256,1200,652
AIIB23_94_0000,AIIB23_94_0000_043,256,1314,580
AIIB23_94_0000,AIIB23_94_0000_044,256,1407,640
AIIB23_94_0000,AIIB23_94_0000_045,256,1506,416
AIIB23_94_0000,AIIB23_94_0000_046,256,1599,216
AIIB23_94_0000,AIIB23_94_0000_047,256,1719,184
AIIB23_94_0000,AIIB23_94_0000_048,256,1842,156
AIIB23_94_0000,AIIB23_94_0000_049,256,2016,24
AIIB23_94_0000,AIIB23_94_0000_050,256,2172,24
AIIB23_94_0000,AIIB23_94_0000_051,256,2334,72
AIIB23_94_0000,AIIB23_94_0000_052,256,2592,200
AIIB23_94_0000,AIIB23_94_0000_053,256,2877,636
AIIB23_94_0000,AIIB23_94_0000_054,256,3180,796
AIIB23_94_0000,AIIB23_94_0000_055,256,3459,1040
AIIB23_94_0000,AIIB23_94_0000_056,256,3720,672
AIIB23_94_0000,AIIB23_94_0000_057,256,4080,724
AIIB23_94_0000,AIIB23_94_0000_058,256,4413,1056
AIIB23_94_0000,AIIB23_94_0000_059,256,4677,1160
AIIB23_94_0000,AIIB23_94_0000_060,256,4953,972
AIIB23_94_0000,AIIB23_94_0000_061,256,5160,768
AIIB23_94_0000,AIIB23_94_0000_062,256,5376,624
AIIB23_94_0000,AIIB23_94_0000_063,256,5601,456
AIIB23_94_0000,AIIB23_94_0000_064,256,5808,368
AIIB23_94_0000,AIIB23_94_0000_065,256,6054,268
AIIB23_94_0000,AIIB23_94_0000_066,256,6336,232
AIIB23_94_0000,AIIB23_94_0000_067,256,6591,152
AIIB23_94_0000,AIIB23_94_0000_068,256,6987,408
AIIB23_94_0000,AIIB23_94_0000_069,256,7365,508
AIIB23_94_0000,AIIB23_94_0000_070,256,7746,528
AIIB23_94_0000,AIIB23_94_0000_071,256,8037,500
AIIB23_94_0000,AIIB23_94_0000_072,256,8337,488
AIIB23_94_0000,AIIB23_94_0000_073,256,8670,324
AIIB23_94_0000,AIIB23_94_0000_074,256,8991,328
AIIB23_94_0000,AIIB23_94_0000_075,256,9363,152
AIIB23_94_0000,AIIB23_94_0000_076,256,9681,376
AIIB23_94_0000,AIIB23_94_0000_077,256,10071,276
AIIB23_94_0000,AIIB23_94_0000_078,256,10395,232
AIIB23_94_0000,AIIB23_94_0000_079,256,10806,164
AIIB23_94_0000,AIIB23_94_0000_080,256,11262,320
AIIB23_94_0000,AIIB23_94_0000_081,256,11658,548
AIIB23_94_0000,AIIB23_94_0000_082,256,12081,612
AIIB23_94_0000,AIIB23_94_0000_083,256,12540,532
AIIB23_94_0000,AIIB23_94_0000_084,256,12888,640
AIIB23_94_0000,AIIB23_94_0000_085,256,13380,964
AIIB23_94_0000,AIIB23_94_0000_086,256,13806,1100
AIIB23_94_0000,AIIB23_94_0000_087,256,14283,1088
AIIB23_94_0000,AIIB23_94_0000_088,256,14784,868
AIIB23_94_0000,AIIB23_94_0000_089,256,15294,444
AIIB23_94_0000,AIIB23_94_0000_090,256,15771,472
AIIB23_94_0000,AIIB23_94_0000_091,256,16131,432
AIIB23_94_0000,AIIB23_94_0000_092,256,16542,420
AIIB23_94_0000,AIIB23_94_0000_093,256,17037,68
AIIB23_94_0000,AIIB23_94_0000_094,256,17574,0
AIIB23_94_0000,AIIB23_94_0000_095,256,18135,60
AIIB23_94_0000,AIIB23_94_0000_096,256,18645,164
AIIB23_94_0000,AIIB23_94_0000_097,256,19149,108
AIIB23_94_0000,AIIB23_94_0000_098,256,19614,0
AIIB23_94_0000,AIIB23_94_0000_099,256,20208,224
AIIB23_94_0000,AIIB23_94_0000_100,256,20727,24
AIIB23_94_0000,AIIB23_94_0000_101,256,21387,208
AIIB23_94_0000,AIIB23_94_0000_102,256,21975,0
AIIB23_94_0000,AIIB23_94_0000_103,256,22527,132
AIIB23_94_0000,AIIB23_94_0000_104,256,23037,64
AIIB23_94_0000,AIIB23_94_0000_105,256,23532,12
AIIB23_94_0000,AIIB23_94_0000_106,256,24021,0
AIIB23_94_0000,AIIB23_94_0000_107,256,24405,0
AIIB23_94_0000,AIIB23_94_0000_108,256,24792,0
AIIB23_94_0000,AIIB23_94_0000_109,256,25179,0
AIIB23_94_0000,AIIB23_94_0000_110,256,25461,0
AIIB23_94_0000,AIIB23_94_0000_111,256,25695,0
AIIB23_94_0000,AIIB23_94_0000_112,256,25986,0
AIIB23_94_0000,AIIB23_94_0000_113,256,26226,0
AIIB23_94_0000,AIIB23_94_0000_114,256,26466,0
AIIB23_94_0000,AIIB23_94_0000_115,256,26661,0
AIIB23_94_0000,AIIB23_94_0000_116,256,26889,0
AIIB23_94_0000,AIIB23_94_0000_117,256,27132,176
AIIB23_94_0000,AIIB23_94_0000_118,256,27366,344
AIIB23_94_0000,AIIB23_94_0000_119,256,27606,192
AIIB23_94_0000,AIIB23_94_0000_120,256,27765,224
AIIB23_94_0000,AIIB23_94_0000_121,256,28032,316
AIIB23_94_0000,AIIB23_94_0000_122,256,28212,180
AIIB23_94_0000,AIIB23_94_0000_123,256,28341,292
AIIB23_94_0000,AIIB23_94_0000_124,256,28503,632
AIIB23_94_0000,AIIB23_94_0000_125,256,28647,644
AIIB23_94_0000,AIIB23_94_0000_126,256,28719,668
AIIB23_94_0000,AIIB23_94_0000_127,256,28776,772
AIIB23_94_0000,AIIB23_94_0000_128,256,28842,408
AIIB23_94_0000,AIIB23_94_0000_129,256,28935,284
AIIB23_94_0000,AIIB23_94_0000_130,256,29070,244
AIIB23_94_0000,AIIB23_94_0000_131,256,29139,456
AIIB23_94_0000,AIIB23_94_0000_132,256,29187,464
AIIB23_94_0000,AIIB23_94_0000_133,256,29211,172
AIIB23_94_0000,AIIB23_94_0000_134,256,29322,284
AIIB23_94_0000,AIIB23_94_0000_135,256,29421,76
AIIB23_94_0000,AIIB23_94_0000_136,256,29424,204
AIIB23_94_0000,AIIB23_94_0000_137,256,29463,172
AIIB23_94_0000,AIIB23_94_0000_138,256,29577,8
AIIB23_94_0000,AIIB23_94_0000_139,256,29715,104
AIIB23_94_0000,AIIB23_94_0000_140,256,29841,300
AIIB23_94_0000,AIIB23_94_0000_141,256,29895,296
AIIB23_94_0000,AIIB23_94_0000_142,256,30009,532
AIIB23_94_0000,AIIB23_94_0000_143,256,30174,652
AIIB23_94_0000,AIIB23_94_0000_144,256,30465,508
AIIB23_94_0000,AIIB23_94_0000_145,256,30654,400
AIIB23_94_0000,AIIB23_94_0000_146,256,30789,488
AIIB23_94_0000,AIIB23_94_0000_147,256,30909,620
AIIB23_94_0000,AIIB23_94_0000_148,256,31020,800
AIIB23_94_0000,AIIB23_94_0000_149,256,31212,688
AIIB23_94_0000,AIIB23_94_0000_150,256,31383,656
AIIB23_94_0000,AIIB23_94_0000_151,256,31494,824
AIIB23_94_0000,AIIB23_94_0000_152,256,31683,720
AIIB23_94_0000,AIIB23_94_0000_153,256,31863,572
AIIB23_94_0000,AIIB23_94_0000_154,256,32109,808
AIIB23_94_0000,AIIB23_94_0000_155,256,32316,688
AIIB23_94_0000,AIIB23_94_0000_156,256,32478,660
AIIB23_94_0000,AIIB23_94_0000_157,256,32613,640
AIIB23_94_0000,AIIB23_94_0000_158,256,32757,564
AIIB23_94_0000,AIIB23_94_0000_159,256,32925,708
AIIB23_94_0000,AIIB23_94_0000_160,256,32997,840
AIIB23_94_0000,AIIB23_94_0000_161,256,33111,812
AIIB23_94_0000,AIIB23_94_0000_162,256,33156,368
AIIB23_94_0000,AIIB23_94_0000_163,256,33240,380
AIIB23_94_0000,AIIB23_94_0000_164,256,33291,376
AIIB23_94_0000,AIIB23_94_0000_165,256,33333,372
AIIB23_94_0000,AIIB23_94_0000_166,256,33411,716
AIIB23_94_0000,AIIB23_94_0000_167,256,33573,972
AIIB23_94_0000,AIIB23_94_0000_168,256,33609,756
AIIB23_94_0000,AIIB23_94_0000_169,256,33606,816
AIIB23_94_0000,AIIB23_94_0000_170,256,33657,596
AIIB23_94_0000,AIIB23_94_0000_171,256,33621,424
AIIB23_94_0000,AIIB23_94_0000_172,256,33627,732
AIIB23_94_0000,AIIB23_94_0000_173,256,33705,872
AIIB23_94_0000,AIIB23_94_0000_174,256,33558,260
AIIB23_94_0000,AIIB23_94_0000_175,256,33432,0
AIIB23_94_0000,AIIB23_94_0000_176,256,33180,192
AIIB23_94_0000,AIIB23_94_0000_177,256,33291,280
AIIB23_94_0000,AIIB23_94_0000_178,256,33366,376
AIIB23_94_0000,AIIB23_94_0000_179,256,33321,448
AIIB23_94_0000,AIIB23_94_0000_180,256,33351,404
AIIB23_94_0000,AIIB23_94_0000_181,256,33456,28
AIIB23_94_0000,AIIB23_94_0000_182,256,33684,120
AIIB23_94_0000,AIIB23_94_0000_183,256,33864,520
AIIB23_94_0000,AIIB23_94_0000_184,256,34092,268
AIIB23_94_0000,AIIB23_94_0000_185,256,34257,0
AIIB23_94_0000,AIIB23_94_0000_186,256,34638,0
AIIB23_94_0000,AIIB23_94_0000_187,256,34704,204
AIIB23_94_0000,AIIB23_94_0000_188,256,34794,936
AIIB23_94_0000,AIIB23_94_0000_189,256,34923,992
AIIB23_94_0000,AIIB23_94_0000_190,256,35124,340
AIIB23_94_0000,AIIB23_94_0000_191,256,35289,528
AIIB23_94_0000,AIIB23_94_0000_192,256,35325,728
AIIB23_94_0000,AIIB23_94_0000_193,256,35358,332
AIIB23_94_0000,AIIB23_94_0000_194,256,35367,208
AIIB23_94_0000,AIIB23_94_0000_195,256,35445,168
AIIB23_94_0000,AIIB23_94_0000_196,256,35409,268
AIIB23_94_0000,AIIB23_94_0000_197,256,35373,440
AIIB23_94_0000,AIIB23_94_0000_198,256,35367,500
AIIB23_94_0000,AIIB23_94_0000_199,256,35385,464
AIIB23_94_0000,AIIB23_94_0000_200,256,35454,412
AIIB23_94_0000,AIIB23_94_0000_201,256,35514,364
AIIB23_94_0000,AIIB23_94_0000_202,256,35553,500
AIIB23_94_0000,AIIB23_94_0000_203,256,35520,344
AIIB23_94_0000,AIIB23_94_0000_204,256,35307,352
AIIB23_94_0000,AIIB23_94_0000_205,256,35190,212
AIIB23_94_0000,AIIB23_94_0000_206,256,34992,340
AIIB23_94_0000,AIIB23_94_0000_207,256,34863,236
AIIB23_94_0000,AIIB23_94_0000_208,256,34791,440
AIIB23_94_0000,AIIB23_94_0000_209,256,34428,572
AIIB23_94_0000,AIIB23_94_0000_210,256,33939,720
AIIB23_94_0000,AIIB23_94_0000_211,256,33711,660
AIIB23_94_0000,AIIB23_94_0000_212,256,33387,636
AIIB23_94_0000,AIIB23_94_0000_213,256,33048,588
AIIB23_94_0000,AIIB23_94_0000_214,256,32844,708
AIIB23_94_0000,AIIB23_94_0000_215,256,32802,760
AIIB23_94_0000,AIIB23_94_0000_216,256,32892,560
AIIB23_94_0000,AIIB23_94_0000_217,256,33000,404
AIIB23_94_0000,AIIB23_94_0000_218,256,33237,316
AIIB23_94_0000,AIIB23_94_0000_219,256,33285,504
AIIB23_94_0000,AIIB23_94_0000_220,256,33297,712
AIIB23_94_0000,AIIB23_94_0000_221,256,33171,516
AIIB23_94_0000,AIIB23_94_0000_222,256,32925,404
AIIB23_94_0000,AIIB23_94_0000_223,256,32811,832
AIIB23_94_0000,AIIB23_94_0000_224,256,32712,1052
AIIB23_94_0000,AIIB23_94_0000_225,256,32463,1200
AIIB23_94_0000,AIIB23_94_0000_226,256,32214,1080
AIIB23_94_0000,AIIB23_94_0000_227,256,32391,1976
AIIB23_94_0000,AIIB23_94_0000_228,256,32247,1316
AIIB23_94_0000,AIIB23_94_0000_229,256,31929,968
AIIB23_94_0000,AIIB23_94_0000_230,256,31533,668
AIIB23_94_0000,AIIB23_94_0000_231,256,31317,552
AIIB23_94_0000,AIIB23_94_0000_232,256,31179,648
AIIB23_94_0000,AIIB23_94_0000_233,256,31032,752
AIIB23_94_0000,AIIB23_94_0000_234,256,30870,892
AIIB23_94_0000,AIIB23_94_0000_235,256,30711,1076
AIIB23_94_0000,AIIB23_94_0000_236,256,30579,1552
AIIB23_94_0000,AIIB23_94_0000_237,256,30468,992
AIIB23_94_0000,AIIB23_94_0000_238,256,30075,852
AIIB23_94_0000,AIIB23_94_0000_239,256,29847,1316
AIIB23_94_0000,AIIB23_94_0000_240,256,29739,1736
AIIB23_94_0000,AIIB23_94_0000_241,256,29496,1696
AIIB23_94_0000,AIIB23_94_0000_242,256,29229,1576
AIIB23_94_0000,AIIB23_94_0000_243,256,28971,1332
AIIB23_94_0000,AIIB23_94_0000_244,256,28644,988
AIIB23_94_0000,AIIB23_94_0000_245,256,28185,1048
AIIB23_94_0000,AIIB23_94_0000_246,256,27702,1084
AIIB23_94_0000,AIIB23_94_0000_247,256,27324,1048
AIIB23_94_0000,AIIB23_94_0000_248,256,27057,984
AIIB23_94_0000,AIIB23_94_0000_249,256,26649,596
AIIB23_94_0000,AIIB23_94_0000_250,256,26316,500
AIIB23_94_0000,AIIB23_94_0000_251,256,26097,900
AIIB23_94_0000,AIIB23_94_0000_252,256,25878,992
AIIB23_94_0000,AIIB23_94_0000_253,256,25629,1332
AIIB23_94_0000,AIIB23_94_0000_254,256,25500,1696
AIIB23_94_0000,AIIB23_94_0000_255,256,25452,2004
AIIB23_94_0000,AIIB23_94_0000_256,256,25512,2236
AIIB23_94_0000,AIIB23_94_0000_257,256,25209,1924
AIIB23_94_0000,AIIB23_94_0000_258,256,25107,2528
AIIB23_94_0000,AIIB23_94_0000_259,256,25011,3000
AIIB23_94_0000,AIIB23_94_0000_260,256,24849,2832
AIIB23_94_0000,AIIB23_94_0000_261,256,24486,2564
AIIB23_94_0000,AIIB23_94_0000_262,256,23715,1120
AIIB23_94_0000,AIIB23_94_0000_263,256,23550,812
AIIB23_94_0000,AIIB23_94_0000_264,256,23385,616
AIIB23_94_0000,AIIB23_94_0000_265,256,23205,980
AIIB23_94_0000,AIIB23_94_0000_266,256,22905,1128
AIIB23_94_0000,AIIB23_94_0000_267,256,22587,936
AIIB23_94_0000,AIIB23_94_0000_268,256,22266,700
AIIB23_94_0000,AIIB23_94_0000_269,256,22008,508
AIIB23_94_0000,AIIB23_94_0000_270,256,21753,568
AIIB23_94_0000,AIIB23_94_0000_271,256,21657,520
AIIB23_94_0000,AIIB23_94_0000_272,256,21513,568
AIIB23_94_0000,AIIB23_94_0000_273,256,21471,800
AIIB23_94_0000,AIIB23_94_0000_274,256,21648,1280
AIIB23_94_0000,AIIB23_94_0000_275,256,21708,1808
AIIB23_94_0000,AIIB23_94_0000_276,256,21723,1640
AIIB23_94_0000,AIIB23_94_0000_277,256,21624,1804
AIIB23_94_0000,AIIB23_94_0000_278,256,21285,2108
AIIB23_94_0000,AIIB23_94_0000_279,256,20928,1744
AIIB23_94_0000,AIIB23_94_0000_280,256,20580,1972
AIIB23_94_0000,AIIB23_94_0000_281,256,20292,2428
AIIB23_94_0000,AIIB23_94_0000_282,256,20010,2400
AIIB23_94_0000,AIIB23_94_0000_283,256,19809,2352
AIIB23_94_0000,AIIB23_94_0000_284,256,19506,2320
AIIB23_94_0000,AIIB23_94_0000_285,256,19269,2144
AIIB23_94_0000,AIIB23_94_0000_286,256,19179,1932
AIIB23_94_0000,AIIB23_94_0000_287,256,18930,1784
AIIB23_94_0000,AIIB23_94_0000_288,256,18702,1772
AIIB23_94_0000,AIIB23_94_0000_289,256,18432,2012
AIIB23_94_0000,AIIB23_94_0000_290,256,18207,1916
AIIB23_94_0000,AIIB23_94_0000_291,256,17988,1904
AIIB23_94_0000,AIIB23_94_0000_292,256,17637,1936
AIIB23_94_0000,AIIB23_94_0000_293,256,17337,2008
AIIB23_94_0000,AIIB23_94_0000_294,256,17019,2084
AIIB23_94_0000,AIIB23_94_0000_295,256,16653,2456
AIIB23_94_0000,AIIB23_94_0000_296,256,16245,2404
AIIB23_94_0000,AIIB23_94_0000_297,256,15849,2376
AIIB23_94_0000,AIIB23_94_0000_298,256,15453,2304
AIIB23_94_0000,AIIB23_94_0000_299,256,15087,2036
AIIB23_94_0000,AIIB23_94_0000_300,256,14793,2160
AIIB23_94_0000,AIIB23_94_0000_301,256,14400,1904
AIIB23_94_0000,AIIB23_94_0000_302,256,13989,1780
AIIB23_94_0000,AIIB23_94_0000_303,256,13704,1104
AIIB23_94_0000,AIIB23_94_0000_304,256,13404,944
AIIB23_94_0000,AIIB23_94_0000_305,256,13071,660
AIIB23_94_0000,AIIB23_94_0000_306,256,12747,952
AIIB23_94_0000,AIIB23_94_0000_307,256,12381,1608
AIIB23_94_0000,AIIB23_94_0000_308,256,11967,2120
AIIB23_94_0000,AIIB23_94_0000_309,256,11715,2212
AIIB23_94_0000,AIIB23_94_0000_310,256,11466,2076
AIIB23_94_0000,AIIB23_94_0000_311,256,11190,1912
AIIB23_94_0000,AIIB23_94_0000_312,256,10950,1824
AIIB23_94_0000,AIIB23_94_0000_313,256,10644,1676
AIIB23_94_0000,AIIB23_94_0000_314,256,10347,1604
AIIB23_94_0000,AIIB23_94_0000_315,256,9981,1656
AIIB23_94_0000,AIIB23_94_0000_316,256,9705,1620
AIIB23_94_0000,AIIB23_94_0000_317,256,9393,1436
AIIB23_94_0000,AIIB23_94_0000_318,256,9174,1144
AIIB23_94_0000,AIIB23_94_0000_319,256,8877,1304
AIIB23_94_0000,AIIB23_94_0000_320,256,8550,1056
AIIB23_94_0000,AIIB23_94_0000_321,256,8106,804
AIIB23_94_0000,AIIB23_94_0000_322,256,7542,796
AIIB23_94_0000,AIIB23_94_0000_323,256,7104,712
AIIB23_94_0000,AIIB23_94_0000_324,256,6531,736
AIIB23_94_0000,AIIB23_94_0000_325,256,6015,760
AIIB23_94_0000,AIIB23_94_0000_326,256,5562,980
AIIB23_94_0000,AIIB23_94_0000_327,256,5064,824
AIIB23_94_0000,AIIB23_94_0000_328,256,4524,624
AIIB23_94_0000,AIIB23_94_0000_329,256,4080,708
AIIB23_94_0000,AIIB23_94_0000_330,256,3726,672
AIIB23_94_0000,AIIB23_94_0000_331,256,3300,388
AIIB23_94_0000,AIIB23_94_0000_332,256,2994,240
AIIB23_94_0000,AIIB23_94_0000_333,256,2748,376
AIIB23_94_0000,AIIB23_94_0000_334,256,2457,612
AIIB23_94_0000,AIIB23_94_0000_335,256,2085,464
AIIB23_94_0000,AIIB23_94_0000_336,256,1689,364
AIIB23_94_0000,AIIB23_94_0000_337,256,1338,572
AIIB23_94_0000,AIIB23_94_0000_338,256,858,576
AIIB23_94_0000,AIIB23_94_0000_339,256,672,380
AIIB23_94_0000,AIIB23_94_0000_340,256,591,448
AIIB23_94_0000,AIIB23_94_0000_341,256,318,368
AIIB23_94_0000,AIIB23_94_0000_342,256,111,308
AIIB23_94_0000,AIIB23_94_0000_343,256,57,36
AIIB23_94_0000,AIIB23_94_0000_344,256,33,0
AIIB23_94_0000,AIIB23_94_0000_345,256,0,0
AIIB23_94_0000,AIIB23_94_0000_346,256,0,0
AIIB23_94_0000,AIIB23_94_0000_347,256,0,0
AIIB23_94_0000,AIIB23_94_0000_348,256,0,0
AIIB23_94_0000,AIIB23_94_0000_349,256,0,0
AIIB23_94_0000,AIIB23_94_0000_350,256,0,0
AIIB23_94_0000,AIIB23_94_0000_351,256,0,0
AIIB23_94_0000,AIIB23_94_0000_352,256,0,0
AIIB23_94_0000,AIIB23_94_0000_353,256,0,0
AIIB23_94_0000,AIIB23_94_0000_354,256,0,0
AIIB23_94_0000,AIIB23_94_0000_355,256,0,0
AIIB23_94_0000,AIIB23_94_0000_356,256,0,0
AIIB23_94_0000,AIIB23_94_0000_357,256,0,0
AIIB23_94_0000,AIIB23_94_0000_358,256,0,0
AIIB23_94_0000,AIIB23_94_0000_359,256,0,0
AIIB23_94_0000,AIIB23_94_0000_360,256,0,0
AIIB23_94_0000,AIIB23_94_0000_361,256,0,0
AIIB23_94_0000,AIIB23_94_0000_362,256,0,0
AIIB23_94_0000,AIIB23_94_0000_363,256,0,0
AIIB23_94_0000,AIIB23_94_0000_364,256,0,0
AIIB23_94_0000,AIIB23_94_0000_365,256,0,0
AIIB23_94_0000,AIIB23_94_0000_366,256,0,0
AIIB23_94_0000,AIIB23_94_0000_367,256,0,0
AIIB23_94_0000,AIIB23_94_0000_368,256,0,0
AIIB23_94_0000,AIIB23_94_0000_369,256,0,0
AIIB23_94_0000,AIIB23_94_0000_370,256,0,0
AIIB23_94_0000,AIIB23_94_0000_371,256,0,0
AIIB23_94_0000,AIIB23_94_0000_372,256,0,0
AIIB23_94_0000,AIIB23_94_0000_373,256,0,0
AIIB23_94_0000,AIIB23_94_0000_374,256,0,0
AIIB23_94_0000,AIIB23_94_0000_375,256,0,0
AIIB23_94_0000,AIIB23_94_0000_376,256,0,0
33_0000,33_0000_000,256,0,0
33_0000,33_0000_001,256,0,0
33_0000,33_0000_002,256,0,0
33_0000,33_0000_003,256,0,0
33_0000,33_0000_004,256,0,0
33_0000,33_0000_005,256,0,0
33_0000,33_0000_006,256,0,0
33_0000,33_0000_007,256,0,0
33_0000,33_0000_008,256,0,0
33_0000,33_0000_009,256,0,0
33_0000,33_0000_010,256,0,0
33_0000,33_0000_011,256,0,0
33_0000,33_0000_012,256,0,0
33_0000,33_0000_013,256,0,0
33_0000,33_0000_014,256,0,0
33_0000,33_0000_015,256,0,0
33_0000,33_0000_016,256,0,0
33_0000,33_0000_017,256,0,0
33_0000,33_0000_018,256,0,0
33_0000,33_0000_019,256,0,0
33_0000,33_0000_020,256,0,0
33_0000,33_0000_021,256,0,0
33_0000,33_0000_022,256,0,0
33_0000,33_0000_023,256,0,0
33_0000,33_0000_024,256,0,0
33_0000,33_0000_025,256,0,0
33_0000,33_0000_026,256,0,0
33_0000,33_0000_027,256,0,0
33_0000,33_0000_028,256,0,0
33_0000,33_0000_029,256,0,0
33_0000,33_0000_030,256,0,0
33_0000,33_0000_031,256,0,0
33_0000,33_0000_032,256,0,0
33_0000,33_0000_033,256,0,0
33_0000,33_0000_034,256,0,0
33_0000,33_0000_035,256,0,0
33_0000,33_0000_036,256,0,0
33_0000,33_0000_037,256,6,0
33_0000,33_0000_038,256,39,116
33_0000,33_0000_039,256,153,372
33_0000,33_0000_040,256,243,380
33_0000,33_0000_041,256,399,404
33_0000,33_0000_042,256,459,392
33_0000,33_0000_043,256,666,548
33_0000,33_0000_044,256,807,608
33_0000,33_0000_045,256,924,620
33_0000,33_0000_046,256,1152,1208
33_0000,33_0000_047,256,1290,1280
33_0000,33_0000_048,256,1464,1412
33_0000,33_0000_049,256,1641,1404
33_0000,33_0000_050,256,1803,1520
33_0000,33_0000_051,256,2013,1672
33_0000,33_0000_052,256,2199,1772
33_0000,33_0000_053,256,2331,1744
33_0000,33_0000_054,256,2478,1776
33_0000,33_0000_055,256,2637,1916
33_0000,33_0000_056,256,2823,1916
33_0000,33_0000_057,256,3024,1988
33_0000,33_0000_058,256,3249,2040
33_0000,33_0000_059,256,3465,1988
33_0000,33_0000_060,256,3606,1980
33_0000,33_0000_061,256,3807,1812
33_0000,33_0000_062,256,4044,1996
33_0000,33_0000_063,256,4248,1976
33_0000,33_0000_064,256,4383,2084
33_0000,33_0000_065,256,4596,2080
33_0000,33_0000_066,256,4797,2144
33_0000,33_0000_067,256,4989,2260
33_0000,33_0000_068,256,5106,2328
33_0000,33_0000_069,256,5295,2408
33_0000,33_0000_070,256,5538,2536
33_0000,33_0000_071,256,5772,2728
33_0000,33_0000_072,256,6057,2828
33_0000,33_0000_073,256,6282,2864
33_0000,33_0000_074,256,6426,2892
33_0000,33_0000_075,256,6609,2956
33_0000,33_0000_076,256,6864,2960
33_0000,33_0000_077,256,7047,2992
33_0000,33_0000_078,256,7299,3152
33_0000,33_0000_079,256,7617,3404
33_0000,33_0000_080,256,7863,3520
33_0000,33_0000_081,256,8136,3520
33_0000,33_0000_082,256,8379,3632
33_0000,33_0000_083,256,8562,3828
33_0000,33_0000_084,256,8823,3920
33_0000,33_0000_085,256,9015,3864
33_0000,33_0000_086,256,9267,3876
33_0000,33_0000_087,256,9582,4092
33_0000,33_0000_088,256,9810,4212
33_0000,33_0000_089,256,10035,4212
33_0000,33_0000_090,256,10194,4200
33_0000,33_0000_091,256,10467,4240
33_0000,33_0000_092,256,10635,4428
33_0000,33_0000_093,256,10776,4592
33_0000,33_0000_094,256,11055,4812
33_0000,33_0000_095,256,11310,4768
33_0000,33_0000_096,256,11505,4716
33_0000,33_0000_097,256,11727,4956
33_0000,33_0000_098,256,11979,5116
33_0000,33_0000_099,256,12159,5140
33_0000,33_0000_100,256,12399,5068
33_0000,33_0000_101,256,12606,5280
33_0000,33_0000_102,256,12843,5200
33_0000,33_0000_103,256,12951,5016
33_0000,33_0000_104,256,13236,5180
33_0000,33_0000_105,256,13479,5244
33_0000,33_0000_106,256,13719,5312
33_0000,33_0000_107,256,14013,5700
33_0000,33_0000_108,256,14325,5964
33_0000,33_0000_109,256,14679,5864
33_0000,33_0000_110,256,14976,5984
33_0000,33_0000_111,256,15153,6180
33_0000,33_0000_112,256,15375,5912
33_0000,33_0000_113,256,15558,6000
33_0000,33_0000_114,256,15765,6140
33_0000,33_0000_115,256,16077,6300
33_0000,33_0000_116,256,16308,6632
33_0000,33_0000_117,256,16437,6272
33_0000,33_0000_118,256,16773,6436
33_0000,33_0000_119,256,17073,6460
33_0000,33_0000_120,256,17388,6632
33_0000,33_0000_121,256,17712,6892
33_0000,33_0000_122,256,17901,7100
33_0000,33_0000_123,256,18087,7176
33_0000,33_0000_124,256,18438,7192
33_0000,33_0000_125,256,18762,7156
33_0000,33_0000_126,256,19134,6780
33_0000,33_0000_127,256,19407,6832
33_0000,33_0000_128,256,19785,6984
33_0000,33_0000_129,256,20028,7132
33_0000,33_0000_130,256,20418,7384
33_0000,33_0000_131,256,20802,7232
33_0000,33_0000_132,256,21081,6888
33_0000,33_0000_133,256,21330,7380
33_0000,33_0000_134,256,21756,7564
33_0000,33_0000_135,256,22203,7836
33_0000,33_0000_136,256,22584,8064
33_0000,33_0000_137,256,22857,7672
33_0000,33_0000_138,256,23148,8236
33_0000,33_0000_139,256,23418,9004
33_0000,33_0000_140,256,23790,8840
33_0000,33_0000_141,256,24111,8284
33_0000,33_0000_142,256,24360,8772
33_0000,33_0000_143,256,24666,9944
33_0000,33_0000_144,256,25224,10512
33_0000,33_0000_145,256,25650,10312
33_0000,33_0000_146,256,26148,10684
33_0000,33_0000_147,256,26271,10300
33_0000,33_0000_148,256,26409,9272
33_0000,33_0000_149,256,26967,8400
33_0000,33_0000_150,256,27048,8444
33_0000,33_0000_151,256,27585,8032
33_0000,33_0000_152,256,28029,8040
33_0000,33_0000_153,256,28140,7376
33_0000,33_0000_154,256,28719,6496
33_0000,33_0000_155,256,29523,5452
33_0000,33_0000_156,256,30291,6212
33_0000,33_0000_157,256,31050,6808
33_0000,33_0000_158,256,31830,8052
33_0000,33_0000_159,256,32736,8284
33_0000,33_0000_160,256,33231,6960
33_0000,33_0000_161,256,33978,6680
33_0000,33_0000_162,256,34626,8552
33_0000,33_0000_163,256,35814,9344
33_0000,33_0000_164,256,36552,10120
33_0000,33_0000_165,256,37188,9960
33_0000,33_0000_166,256,38322,10352
33_0000,33_0000_167,256,39357,11420
33_0000,33_0000_168,256,39846,10796
33_0000,33_0000_169,256,39939,10100
33_0000,33_0000_170,256,39939,9552
33_0000,33_0000_171,256,39876,8320
33_0000,33_0000_172,256,39981,8204
33_0000,33_0000_173,256,39762,6944
33_0000,33_0000_174,256,39735,5612
33_0000,33_0000_175,256,40032,5772
33_0000,33_0000_176,256,40338,4828
33_0000,33_0000_177,256,40455,5132
33_0000,33_0000_178,256,40608,5628
33_0000,33_0000_179,256,40827,5396
33_0000,33_0000_180,256,40836,5316
33_0000,33_0000_181,256,40788,4912
33_0000,33_0000_182,256,40857,5352
33_0000,33_0000_183,256,41388,5596
33_0000,33_0000_184,256,41970,6728
33_0000,33_0000_185,256,42534,6808
33_0000,33_0000_186,256,43098,5216
33_0000,33_0000_187,256,43821,4388
33_0000,33_0000_188,256,44700,5580
33_0000,33_0000_189,256,45438,5872
33_0000,33_0000_190,256,45525,7492
33_0000,33_0000_191,256,45477,8156
33_0000,33_0000_192,256,45366,7384
33_0000,33_0000_193,256,45438,6164
33_0000,33_0000_194,256,45477,4980
33_0000,33_0000_195,256,45465,5172
33_0000,33_0000_196,256,45471,3828
33_0000,33_0000_197,256,45393,3752
33_0000,33_0000_198,256,45315,2436
33_0000,33_0000_199,256,45351,3356
33_0000,33_0000_200,256,45543,3184
33_0000,33_0000_201,256,45654,3644
33_0000,33_0000_202,256,45585,3136
33_0000,33_0000_203,256,45546,3088
33_0000,33_0000_204,256,45651,3128
33_0000,33_0000_205,256,45801,2264
33_0000,33_0000_206,256,45951,1864
33_0000,33_0000_207,256,45894,1572
33_0000,33_0000_208,256,45963,1816
33_0000,33_0000_209,256,45852,1976
33_0000,33_0000_210,256,45723,1956
33_0000,33_0000_211,256,45816,2064
33_0000,33_0000_212,256,45864,2140
33_0000,33_0000_213,256,46083,2152
33_0000,33_0000_214,256,46098,2184
33_0000,33_0000_215,256,45999,1720
33_0000,33_0000_216,256,45813,1644
33_0000,33_0000_217,256,45768,1580
33_0000,33_0000_218,256,45636,1628
33_0000,33_0000_219,256,45474,1276
33_0000,33_0000_220,256,45366,1460
33_0000,33_0000_221,256,45366,1580
33_0000,33_0000_222,256,45357,1372
33_0000,33_0000_223,256,45087,2116
33_0000,33_0000_224,256,44847,2724
33_0000,33_0000_225,256,44898,3524
33_0000,33_0000_226,256,44952,3492
33_0000,33_0000_227,256,44934,3528
33_0000,33_0000_228,256,44853,3100
33_0000,33_0000_229,256,44688,2844
33_0000,33_0000_230,256,44655,2200
33_0000,33_0000_231,256,44622,2384
33_0000,33_0000_232,256,44562,2900
33_0000,33_0000_233,256,44499,2100
33_0000,33_0000_234,256,44433,2632
33_0000,33_0000_235,256,44370,2704
33_0000,33_0000_236,256,44244,3116
33_0000,33_0000_237,256,44199,2116
33_0000,33_0000_238,256,44142,2024
33_0000,33_0000_239,256,44094,1832
33_0000,33_0000_240,256,43935,2404
33_0000,33_0000_241,256,43830,2596
33_0000,33_0000_242,256,43764,2520
33_0000,33_0000_243,256,43719,2132
33_0000,33_0000_244,256,43638,2472
33_0000,33_0000_245,256,43578,2744
33_0000,33_0000_246,256,43443,2784
33_0000,33_0000_247,256,43335,2812
33_0000,33_0000_248,256,43119,2588
33_0000,33_0000_249,256,42882,3104
33_0000,33_0000_250,256,42726,3432
33_0000,33_0000_251,256,42624,3360
33_0000,33_0000_252,256,42471,3620
33_0000,33_0000_253,256,42381,5440
33_0000,33_0000_254,256,42156,4872
33_0000,33_0000_255,256,41964,4984
33_0000,33_0000_256,256,41790,4404
33_0000,33_0000_257,256,41676,3564
33_0000,33_0000_258,256,41544,3380
33_0000,33_0000_259,256,41343,2736
33_0000,33_0000_260,256,41175,2492
33_0000,33_0000_261,256,40998,2852
33_0000,33_0000_262,256,41043,3316
33_0000,33_0000_263,256,41163,3088
33_0000,33_0000_264,256,41277,2996
33_0000,33_0000_265,256,41298,3592
33_0000,33_0000_266,256,41166,4456
33_0000,33_0000_267,256,41202,4332
33_0000,33_0000_268,256,41268,3452
33_0000,33_0000_269,256,41283,3652
33_0000,33_0000_270,256,41271,3244
33_0000,33_0000_271,256,41175,2548
33_0000,33_0000_272,256,40896,2500
33_0000,33_0000_273,256,40641,2292
33_0000,33_0000_274,256,40521,2592
33_0000,33_0000_275,256,40425,3284
33_0000,33_0000_276,256,40248,3136
33_0000,33_0000_277,256,39975,2632
33_0000,33_0000_278,256,40044,2664
33_0000,33_0000_279,256,39921,2748
33_0000,33_0000_280,256,39810,3372
33_0000,33_0000_281,256,39675,3956
33_0000,33_0000_282,256,39486,4540
33_0000,33_0000_283,256,39309,4192
33_0000,33_0000_284,256,39159,4544
33_0000,33_0000_285,256,39081,4964
33_0000,33_0000_286,256,38961,4740
33_0000,33_0000_287,256,38766,4604
33_0000,33_0000_288,256,38619,5200
33_0000,33_0000_289,256,38505,4312
33_0000,33_0000_290,256,38364,3484
33_0000,33_0000_291,256,38247,4024
33_0000,33_0000_292,256,38103,4488
33_0000,33_0000_293,256,37956,4300
33_0000,33_0000_294,256,37800,4436
33_0000,33_0000_295,256,37617,4520
33_0000,33_0000_296,256,37431,4008
33_0000,33_0000_297,256,37104,3776
33_0000,33_0000_298,256,36867,3592
33_0000,33_0000_299,256,36666,4848
33_0000,33_0000_300,256,36528,5384
33_0000,33_0000_301,256,36432,4708
33_0000,33_0000_302,256,36285,4832
33_0000,33_0000_303,256,36078,4144
33_0000,33_0000_304,256,35754,3600
33_0000,33_0000_305,256,35520,3388
33_0000,33_0000_306,256,35370,3392
33_0000,33_0000_307,256,35007,3692
33_0000,33_0000_308,256,34533,4072
33_0000,33_0000_309,256,34230,3716
33_0000,33_0000_310,256,33903,3356
33_0000,33_0000_311,256,33600,3532
33_0000,33_0000_312,256,33372,3524
33_0000,33_0000_313,256,33111,3136
33_0000,33_0000_314,256,32835,3404
33_0000,33_0000_315,256,32532,3660
33_0000,33_0000_316,256,32205,3600
33_0000,33_0000_317,256,31971,3752
33_0000,33_0000_318,256,31809,3152
33_0000,33_0000_319,256,31533,2996
33_0000,33_0000_320,256,31230,3368
33_0000,33_0000_321,256,31017,3516
33_0000,33_0000_322,256,30657,2844
33_0000,33_0000_323,256,30465,3496
33_0000,33_0000_324,256,30075,3412
33_0000,33_0000_325,256,29844,3356
33_0000,33_0000_326,256,29532,3860
33_0000,33_0000_327,256,29238,4176
33_0000,33_0000_328,256,28842,4300
33_0000,33_0000_329,256,28458,3708
33_0000,33_0000_330,256,28095,4096
33_0000,33_0000_331,256,27723,4000
33_0000,33_0000_332,256,27186,3500
33_0000,33_0000_333,256,26763,2704
33_0000,33_0000_334,256,26415,3180
33_0000,33_0000_335,256,26112,3420
33_0000,33_0000_336,256,25761,3320
33_0000,33_0000_337,256,25377,3028
33_0000,33_0000_338,256,25044,2852
33_0000,33_0000_339,256,24603,1892
33_0000,33_0000_340,256,24228,1772
33_0000,33_0000_341,256,23877,1960
33_0000,33_0000_342,256,23370,2348
33_0000,33_0000_343,256,23043,2136
33_0000,33_0000_344,256,22608,2280
33_0000,33_0000_345,256,22185,2136
33_0000,33_0000_346,256,21675,2140
33_0000,33_0000_347,256,21327,1848
33_0000,33_0000_348,256,20907,1460
33_0000,33_0000_349,256,20496,1420
33_0000,33_0000_350,256,20169,1516
33_0000,33_0000_351,256,19782,1384
33_0000,33_0000_352,256,19425,1420
33_0000,33_0000_353,256,19029,1468
33_0000,33_0000_354,256,18717,1512
33_0000,33_0000_355,256,18327,1344
33_0000,33_0000_356,256,17961,1384
33_0000,33_0000_357,256,17604,1256
33_0000,33_0000_358,256,17220,1320
33_0000,33_0000_359,256,16782,1204
33_0000,33_0000_360,256,16380,1228
33_0000,33_0000_361,256,15948,904
33_0000,33_0000_362,256,15567,852
33_0000,33_0000_363,256,15180,796
33_0000,33_0000_364,256,14790,412
33_0000,33_0000_365,256,14403,276
33_0000,33_0000_366,256,14025,336
33_0000,33_0000_367,256,13623,352
33_0000,33_0000_368,256,13254,304
33_0000,33_0000_369,256,12831,344
33_0000,33_0000_370,256,12387,300
33_0000,33_0000_371,256,11928,408
33_0000,33_0000_372,256,11499,256
33_0000,33_0000_373,256,11160,208
33_0000,33_0000_374,256,10749,140
33_0000,33_0000_375,256,10329,84
33_0000,33_0000_376,256,9972,16
33_0000,33_0000_377,256,9513,0
33_0000,33_0000_378,256,9105,48
33_0000,33_0000_379,256,8721,136
33_0000,33_0000_380,256,8283,0
33_0000,33_0000_381,256,7827,0
33_0000,33_0000_382,256,7407,0
33_0000,33_0000_383,256,7044,0
33_0000,33_0000_384,256,6594,64
33_0000,33_0000_385,256,6153,16
33_0000,33_0000_386,256,5760,0
33_0000,33_0000_387,256,5400,0
33_0000,33_0000_388,256,5055,0
33_0000,33_0000_389,256,4701,4
33_0000,33_0000_390,256,4329,56
33_0000,33_0000_391,256,3972,0
33_0000,33_0000_392,256,3669,0
33_0000,33_0000_393,256,3345,0
33_0000,33_0000_394,256,3003,192
33_0000,33_0000_395,256,2619,332
33_0000,33_0000_396,256,2274,180
33_0000,33_0000_397,256,1923,0
33_0000,33_0000_398,256,1674,0
33_0000,33_0000_399,256,1437,0
33_0000,33_0000_400,256,1230,0
33_0000,33_0000_401,256,1071,0
33_0000,33_0000_402,256,906,0
33_0000,33_0000_403,256,771,0
33_0000,33_0000_404,256,612,4
33_0000,33_0000_405,256,414,0
33_0000,33_0000_406,256,285,268
33_0000,33_0000_407,256,165,184
33_0000,33_0000_408,256,0,0
33_0000,33_0000_409,256,0,0
33_0000,33_0000_410,256,0,0
33_0000,33_0000_411,256,0,0
33_0000,33_0000_412,256,0,0
33_0000,33_0000_413,256,0,0
33_0000,33_0000_414,256,0,0
33_0000,33_0000_415,256,0,0
33_0000,33_0000_416,256,0,0
33_0000,33_0000_417,256,0,0
33_0000,33_0000_418,256,0,0
33_0000,33_0000_419,256,0,0
33_0000,33_0000_420,256,0,0
33_0000,33_0000_421,256,0,0
33_0000,33_0000_422,256,0,0
33_0000,33_0000_423,256,0,0
34_0000,34_0000_000,256,0,0
34_0000,34_0000_001,256,0,0
34_0000,34_0000_002,256,0,0
34_0000,34_0000_003,256,0,0
34_0000,34_0000_004,256,0,0
34_0000,34_0000_005,256,0,0
34_0000,34_0000_006,256,0,0
34_0000,34_0000_007,256,0,0
34_0000,34_0000_008,256,0,0
34_0000,34_0000_009,256,0,0
34_0000,34_0000_010,256,0,0
34_0000,34_0000_011,256,0,0
34_0000,34_0000_012,256,0,0
34_0000,34_0000_013,256,0,0
34_0000,34_0000_014,256,0,0
34_0000,34_0000_015,256,0,0
34_0000,34_0000_016,256,0,0
34_0000,34_0000_017,256,0,0
34_0000,34_0000_018,256,0,0
34_0000,34_0000_019,256,0,0
34_0000,34_0000_020,256,0,0
34_0000,34_0000_021,256,0,0
34_0000,34_0000_022,256,0,0
34_0000,34_0000_023,256,0,0
34_0000,34_0000_024,256,0,0
34_0000,34_0000_025,256,0,0
34_0000,34_0000_026,256,0,0
34_0000,34_0000_027,256,0,0
34_0000,34_0000_028,256,0,0
34_0000,34_0000_029,256,0,0
34_0000,34_0000_030,256,0,0
34_0000,34_0000_031,256,0,0
34_0000,34_0000_032,256,0,0
34_0000,34_0000_033,256,0,0
34_0000,34_0000_034,256,0,0
34_0000,34_0000_035,256,0,0
34_0000,34_0000_036,256,0,0
34_0000,34_0000_037,256,0,0
34_0000,34_0000_038,256,0,0
34_0000,34_0000_039,256,0,0
34_0000,34_0000_040,256,0,0
34_0000,34_0000_041,256,0,0
34_0000,34_0000_042,256,0,0
34_0000,34_0000_043,256,0,0
34_0000,34_0000_044,256,0,0
34_0000,34_0000_045,256,0,0
34_0000,34_0000_046,256,0,0
34_0000,34_0000_047,256,0,0
34_0000,34_0000_048,256,39,0
34_0000,34_0000_049,256,72,0
34_0000,34_0000_050,256,99,48
34_0000,34_0000_051,256,141,24
34_0000,34_0000_052,256,171,20
34_0000,34_0000_053,256,228,36
34_0000,34_0000_054,256,237,320
34_0000,34_0000_055,256,240,316
34_0000,34_0000_056,256,336,164
34_0000,34_0000_057,256,474,168
34_0000,34_0000_058,256,513,184
34_0000,34_0000_059,256,498,44
34_0000,34_0000_060,256,579,76
34_0000,34_0000_061,256,861,664
34_0000,34_0000_062,256,1074,520
34_0000,34_0000_063,256,1017,408
34_0000,34_0000_064,256,1617,40
34_0000,34_0000_065,256,1773,184
34_0000,34_0000_066,256,1806,372
34_0000,34_0000_067,256,2013,348
34_0000,34_0000_068,256,2193,616
34_0000,34_0000_069,256,2505,296
34_0000,34_0000_070,256,2751,264
34_0000,34_0000_071,256,2580,672
34_0000,34_0000_072,256,2901,676
34_0000,34_0000_073,256,3114,692
34_0000,34_0000_074,256,3345,700
34_0000,34_0000_075,256,3513,764
34_0000,34_0000_076,256,3798,736
34_0000,34_0000_077,256,3954,804
34_0000,34_0000_078,256,4194,1172
34_0000,34_0000_079,256,4413,1116
34_0000,34_0000_080,256,4725,1356
34_0000,34_0000_081,256,4950,1324
34_0000,34_0000_082,256,5199,1680
34_0000,34_0000_083,256,5052,1756
34_0000,34_0000_084,256,5745,1556
34_0000,34_0000_085,256,6201,1540
34_0000,34_0000_086,256,6252,1568
34_0000,34_0000_087,256,6897,1772
34_0000,34_0000_088,256,7227,1712
34_0000,34_0000_089,256,7809,2480
34_0000,34_0000_090,256,8421,3048
34_0000,34_0000_091,256,8763,2668
34_0000,34_0000_092,256,9126,2580
34_0000,34_0000_093,256,9777,2496
34_0000,34_0000_094,256,10518,2788
34_0000,34_0000_095,256,11109,2996
34_0000,34_0000_096,256,11847,3440
34_0000,34_0000_097,256,12129,2980
34_0000,34_0000_098,256,12609,3164
34_0000,34_0000_099,256,13860,3440
34_0000,34_0000_100,256,14775,3696
34_0000,34_0000_101,256,15435,3800
34_0000,34_0000_102,256,16341,3684
34_0000,34_0000_103,256,17670,3584
34_0000,34_0000_104,256,18411,3400
34_0000,34_0000_105,256,19170,3408
34_0000,34_0000_106,256,20148,3028
34_0000,34_0000_107,256,21135,3116
34_0000,34_0000_108,256,22365,2760
34_0000,34_0000_109,256,23427,2424
34_0000,34_0000_110,256,25080,3100
34_0000,34_0000_111,256,25464,3172
34_0000,34_0000_112,256,25344,2668
34_0000,34_0000_113,256,25506,2852
34_0000,34_0000_114,256,25455,3056
34_0000,34_0000_115,256,25338,2524
34_0000,34_0000_116,256,25509,2556
34_0000,34_0000_117,256,25497,2656
34_0000,34_0000_118,256,25896,2352
34_0000,34_0000_119,256,26121,2120
34_0000,34_0000_120,256,26271,2580
34_0000,34_0000_121,256,26874,3080
34_0000,34_0000_122,256,26910,2744
34_0000,34_0000_123,256,27384,3700
34_0000,34_0000_124,256,27447,2756
34_0000,34_0000_125,256,27747,2584
34_0000,34_0000_126,256,28050,2584
34_0000,34_0000_127,256,28431,2708
34_0000,34_0000_128,256,28647,3028
34_0000,34_0000_129,256,28938,3508
34_0000,34_0000_130,256,29247,2900
34_0000,34_0000_131,256,29817,2820
34_0000,34_0000_132,256,30117,3000
34_0000,34_0000_133,256,30114,3220
34_0000,34_0000_134,256,30657,3108
34_0000,34_0000_135,256,30708,2960
34_0000,34_0000_136,256,31404,3404
34_0000,34_0000_137,256,31692,3308
34_0000,34_0000_138,256,31998,3504
34_0000,34_0000_139,256,32142,3416
34_0000,34_0000_140,256,32703,3380
34_0000,34_0000_141,256,32952,3672
34_0000,34_0000_142,256,33171,3516
34_0000,34_0000_143,256,33492,3696
34_0000,34_0000_144,256,33855,3404
34_0000,34_0000_145,256,34206,3520
34_0000,34_0000_146,256,34512,3708
34_0000,34_0000_147,256,34998,3736
34_0000,34_0000_148,256,35316,3676
34_0000,34_0000_149,256,35502,3296
34_0000,34_0000_150,256,35823,3772
34_0000,34_0000_151,256,36006,3600
34_0000,34_0000_152,256,36408,3976
34_0000,34_0000_153,256,36483,4024
34_0000,34_0000_154,256,36531,4008
34_0000,34_0000_155,256,37341,4144
34_0000,34_0000_156,256,37641,4104
34_0000,34_0000_157,256,37983,4692
34_0000,34_0000_158,256,38172,4884
34_0000,34_0000_159,256,38484,4636
34_0000,34_0000_160,256,38697,5024
34_0000,34_0000_161,256,39213,4888
34_0000,34_0000_162,256,39378,4980
34_0000,34_0000_163,256,39489,5432
34_0000,34_0000_164,256,39648,4812
34_0000,34_0000_165,256,40128,4380
34_0000,34_0000_166,256,40236,4484
34_0000,34_0000_167,256,40374,4016
34_0000,34_0000_168,256,40848,3900
34_0000,34_0000_169,256,41220,3604
34_0000,34_0000_170,256,41220,3756
34_0000,34_0000_171,256,41640,3332
34_0000,34_0000_172,256,42186,2828
34_0000,34_0000_173,256,42420,3040
34_0000,34_0000_174,256,42711,2988
34_0000,34_0000_175,256,43260,3636
34_0000,34_0000_176,256,43623,3772
34_0000,34_0000_177,256,43956,4224
34_0000,34_0000_178,256,44649,3120
34_0000,34_0000_179,256,45594,2772
34_0000,34_0000_180,256,46167,2096
34_0000,34_0000_181,256,46128,2804
34_0000,34_0000_182,256,45795,2640
34_0000,34_0000_183,256,45762,2512
34_0000,34_0000_184,256,45537,2548
34_0000,34_0000_185,256,45795,2160
34_0000,34_0000_186,256,45639,2080
34_0000,34_0000_187,256,45759,2516
34_0000,34_0000_188,256,45588,2468
34_0000,34_0000_189,256,45591,1928
34_0000,34_0000_190,256,45831,1428
34_0000,34_0000_191,256,45744,1424
34_0000,34_0000_192,256,45651,1288
34_0000,34_0000_193,256,45699,1100
34_0000,34_0000_194,256,45318,1108
34_0000,34_0000_195,256,45303,1440
34_0000,34_0000_196,256,45216,1080
34_0000,34_0000_197,256,45474,1032
34_0000,34_0000_198,256,45582,1112
34_0000,34_0000_199,256,45672,1712
34_0000,34_0000_200,256,45675,1688
34_0000,34_0000_201,256,45681,1924
34_0000,34_0000_202,256,45900,2336
34_0000,34_0000_203,256,45642,2356
34_0000,34_0000_204,256,45441,2324
34_0000,34_0000_205,256,45723,2680
34_0000,34_0000_206,256,46044,2608
34_0000,34_0000_207,256,45807,1808
34_0000,34_0000_208,256,45696,1288
34_0000,34_0000_209,256,45711,1532
34_0000,34_0000_210,256,45612,1676
34_0000,34_0000_211,256,45543,1628
34_0000,34_0000_212,256,45591,1168
34_0000,34_0000_213,256,45681,1416
34_0000,34_0000_214,256,45561,1456
34_0000,34_0000_215,256,45516,1472
34_0000,34_0000_216,256,45384,1148
34_0000,34_0000_217,256,45381,1076
34_0000,34_0000_218,256,45360,1468
34_0000,34_0000_219,256,45255,1512
34_0000,34_0000_220,256,45345,1784
34_0000,34_0000_221,256,45357,1752
34_0000,34_0000_222,256,45156,1480
34_0000,34_0000_223,256,45039,1456
34_0000,34_0000_224,256,45153,1244
34_0000,34_0000_225,256,44919,916
34_0000,34_0000_226,256,45246,980
34_0000,34_0000_227,256,45318,1084
34_0000,34_0000_228,256,45126,1888
34_0000,34_0000_229,256,44922,1484
34_0000,34_0000_230,256,44853,1096
34_0000,34_0000_231,256,44694,1288
34_0000,34_0000_232,256,44280,1532
34_0000,34_0000_233,256,44109,1872
34_0000,34_0000_234,256,43620,1556
34_0000,34_0000_235,256,43353,1640
34_0000,34_0000_236,256,42912,2360
34_0000,34_0000_237,256,42633,2776
34_0000,34_0000_238,256,42384,3240
34_0000,34_0000_239,256,42540,2632
34_0000,34_0000_240,256,42336,2392
34_0000,34_0000_241,256,42198,2192
34_0000,34_0000_242,256,42129,2244
34_0000,34_0000_243,256,42219,2172
34_0000,34_0000_244,256,42057,2440
34_0000,34_0000_245,256,41676,2588
34_0000,34_0000_246,256,41556,2712
34_0000,34_0000_247,256,41322,2612
34_0000,34_0000_248,256,41244,2640
34_0000,34_0000_249,256,41367,2188
34_0000,34_0000_250,256,41154,1736
34_0000,34_0000_251,256,40998,1640
34_0000,34_0000_252,256,41169,1492
34_0000,34_0000_253,256,41055,1792
34_0000,34_0000_254,256,41130,2032
34_0000,34_0000_255,256,41250,1852
34_0000,34_0000_256,256,41022,2452
34_0000,34_0000_257,256,41223,2436
34_0000,34_0000_258,256,40968,1700
34_0000,34_0000_259,256,41001,2368
34_0000,34_0000_260,256,40782,2700
34_0000,34_0000_261,256,40896,3000
34_0000,34_0000_262,256,40806,2700
34_0000,34_0000_263,256,40407,2936
34_0000,34_0000_264,256,40536,3332
34_0000,34_0000_265,256,40329,3036
34_0000,34_0000_266,256,40533,2432
34_0000,34_0000_267,256,40557,2628
34_0000,34_0000_268,256,40506,2032
34_0000,34_0000_269,256,40503,1692
34_0000,34_0000_270,256,40662,1832
34_0000,34_0000_271,256,40518,1372
34_0000,34_0000_272,256,40584,1640
34_0000,34_0000_273,256,40332,2136
34_0000,34_0000_274,256,40308,2456
34_0000,34_0000_275,256,40119,1408
34_0000,34_0000_276,256,39999,1364
34_0000,34_0000_277,256,39870,1276
34_0000,34_0000_278,256,39810,1372
34_0000,34_0000_279,256,39630,1800
34_0000,34_0000_280,256,39594,1076
34_0000,34_0000_281,256,39291,1016
34_0000,34_0000_282,256,39177,1008
34_0000,34_0000_283,256,39126,1528
34_0000,34_0000_284,256,39027,1756
34_0000,34_0000_285,256,39147,2192
34_0000,34_0000_286,256,38976,2220
34_0000,34_0000_287,256,38946,2080
34_0000,34_0000_288,256,38805,2644
34_0000,34_0000_289,256,38844,1884
34_0000,34_0000_290,256,38511,2588
34_0000,34_0000_291,256,38403,2308
34_0000,34_0000_292,256,38454,2384
34_0000,34_0000_293,256,38130,2392
34_0000,34_0000_294,256,37929,2272
34_0000,34_0000_295,256,38178,1720
34_0000,34_0000_296,256,38154,1280
34_0000,34_0000_297,256,37827,1700
34_0000,34_0000_298,256,37947,1340
34_0000,34_0000_299,256,37749,1408
34_0000,34_0000_300,256,37836,1096
34_0000,34_0000_301,256,37827,1160
34_0000,34_0000_302,256,37659,1064
34_0000,34_0000_303,256,37371,1376
34_0000,34_0000_304,256,37338,1476
34_0000,34_0000_305,256,37044,968
34_0000,34_0000_306,256,36963,992
34_0000,34_0000_307,256,37080,1228
34_0000,34_0000_308,256,36591,1672
34_0000,34_0000_309,256,36399,1940
34_0000,34_0000_310,256,36249,1532
34_0000,34_0000_311,256,36084,1152
34_0000,34_0000_312,256,35748,1112
34_0000,34_0000_313,256,35547,1116
34_0000,34_0000_314,256,35367,1076
34_0000,34_0000_315,256,35043,892
34_0000,34_0000_316,256,34695,932
34_0000,34_0000_317,256,34605,908
34_0000,34_0000_318,256,34434,1388
34_0000,34_0000_319,256,34317,1536
34_0000,34_0000_320,256,34242,1832
34_0000,34_0000_321,256,33960,2196
34_0000,34_0000_322,256,33645,2028
34_0000,34_0000_323,256,33417,1736
34_0000,34_0000_324,256,33174,1400
34_0000,34_0000_325,256,32943,708
34_0000,34_0000_326,256,32697,644
34_0000,34_0000_327,256,32460,852
34_0000,34_0000_328,256,32298,728
34_0000,34_0000_329,256,31980,752
34_0000,34_0000_330,256,31779,1124
34_0000,34_0000_331,256,31962,1244
34_0000,34_0000_332,256,31683,1072
34_0000,34_0000_333,256,31122,1080
34_0000,34_0000_334,256,31122,1324
34_0000,34_0000_335,256,31113,1832
34_0000,34_0000_336,256,30834,1992
34_0000,34_0000_337,256,30813,2104
34_0000,34_0000_338,256,30738,1972
34_0000,34_0000_339,256,30585,1912
34_0000,34_0000_340,256,30318,1580
34_0000,34_0000_341,256,30117,1848
34_0000,34_0000_342,256,29832,1564
34_0000,34_0000_343,256,29712,1308
34_0000,34_0000_344,256,29529,716
34_0000,34_0000_345,256,29343,524
34_0000,34_0000_346,256,29223,684
34_0000,34_0000_347,256,29025,1024
34_0000,34_0000_348,256,28845,492
34_0000,34_0000_349,256,28536,668
34_0000,34_0000_350,256,28377,1180
34_0000,34_0000_351,256,28227,800
34_0000,34_0000_352,256,27765,956
34_0000,34_0000_353,256,27567,688
34_0000,34_0000_354,256,27345,732
34_0000,34_0000_355,256,26934,800
34_0000,34_0000_356,256,26802,1020
34_0000,34_0000_357,256,26376,916
34_0000,34_0000_358,256,26079,984
34_0000,34_0000_359,256,25704,1024
34_0000,34_0000_360,256,25551,1048
34_0000,34_0000_361,256,25071,1336
34_0000,34_0000_362,256,25020,1456
34_0000,34_0000_363,256,24609,1736
34_0000,34_0000_364,256,24342,1456
34_0000,34_0000_365,256,23910,1156
34_0000,34_0000_366,256,23679,1224
34_0000,34_0000_367,256,23448,1008
34_0000,34_0000_368,256,23067,804
34_0000,34_0000_369,256,22848,772
34_0000,34_0000_370,256,22638,848
34_0000,34_0000_371,256,22425,784
34_0000,34_0000_372,256,22200,832
34_0000,34_0000_373,256,21858,564
34_0000,34_0000_374,256,21663,548
34_0000,34_0000_375,256,21435,664
34_0000,34_0000_376,256,21090,776
34_0000,34_0000_377,256,20751,944
34_0000,34_0000_378,256,20508,952
34_0000,34_0000_379,256,20193,1032
34_0000,34_0000_380,256,19818,972
34_0000,34_0000_381,256,19626,704
34_0000,34_0000_382,256,19245,576
34_0000,34_0000_383,256,18852,608
34_0000,34_0000_384,256,18690,604
34_0000,34_0000_385,256,18441,684
34_0000,34_0000_386,256,18189,752
34_0000,34_0000_387,256,17730,684
34_0000,34_0000_388,256,17454,460
34_0000,34_0000_389,256,17064,412
34_0000,34_0000_390,256,16683,424
34_0000,34_0000_391,256,16494,500
34_0000,34_0000_392,256,15915,444
34_0000,34_0000_393,256,15567,284
34_0000,34_0000_394,256,15243,868
34_0000,34_0000_395,256,14757,696
34_0000,34_0000_396,256,14388,956
34_0000,34_0000_397,256,14115,1012
34_0000,34_0000_398,256,13758,712
34_0000,34_0000_399,256,13464,384
34_0000,34_0000_400,256,13011,500
34_0000,34_0000_401,256,12693,444
34_0000,34_0000_402,256,12339,576
34_0000,34_0000_403,256,12084,668
34_0000,34_0000_404,256,11709,660
34_0000,34_0000_405,256,11445,448
34_0000,34_0000_406,256,11124,592
34_0000,34_0000_407,256,10776,384
34_0000,34_0000_408,256,10554,180
34_0000,34_0000_409,256,10209,120
34_0000,34_0000_410,256,9885,188
34_0000,34_0000_411,256,9588,192
34_0000,34_0000_412,256,9219,176
34_0000,34_0000_413,256,9063,132
34_0000,34_0000_414,256,8676,136
34_0000,34_0000_415,256,8379,0
34_0000,34_0000_416,256,7983,56
34_0000,34_0000_417,256,7647,20
34_0000,34_0000_418,256,7290,0
34_0000,34_0000_419,256,6990,16
34_0000,34_0000_420,256,6480,152
34_0000,34_0000_421,256,6114,48
34_0000,34_0000_422,256,5754,0
34_0000,34_0000_423,256,5307,244
34_0000,34_0000_424,256,4902,156
34_0000,34_0000_425,256,4278,20
34_0000,34_0000_426,256,3882,228
34_0000,34_0000_427,256,3501,136
34_0000,34_0000_428,256,3150,0
34_0000,34_0000_429,256,2760,144
34_0000,34_0000_430,256,2508,172
34_0000,34_0000_431,256,2124,236
34_0000,34_0000_432,256,1869,312
34_0000,34_0000_433,256,1629,140
34_0000,34_0000_434,256,1338,0
34_0000,34_0000_435,256,1200,188
34_0000,34_0000_436,256,1035,188
34_0000,34_0000_437,256,810,0
34_0000,34_0000_438,256,564,24
34_0000,34_0000_439,256,381,8
34_0000,34_0000_440,256,279,148
34_0000,34_0000_441,256,114,48
34_0000,34_0000_442,256,66,40
34_0000,34_0000_443,256,3,0
34_0000,34_0000_444,256,0,0
34_0000,34_0000_445,256,0,0
34_0000,34_0000_446,256,0,0
34_0000,34_0000_447,256,0,0
34_0000,34_0000_448,256,0,0
34_0000,34_0000_449,256,0,0
34_0000,34_0000_450,256,0,0
34_0000,34_0000_451,256,0,0
34_0000,34_0000_452,256,0,0
34_0000,34_0000_453,256,0,0
34_0000,34_0000_454,256,0,0
34_0000,34_0000_455,256,0,0
34_0000,34_0000_456,256,0,0
34_0000,34_0000_457,256,0,0
34_0000,34_0000_458,256,0,0
34_0000,34_0000_459,256,0,0
34_0000,34_0000_460,256,0,0
34_0000,34_0000_461,256,0,0
34_0000,34_0000_462,256,0,0
34_0000,34_0000_463,256,0,0
34_0000,34_0000_464,256,0,0
34_0000,34_0000_465,256,0,0
34_0000,34_0000_466,256,0,0
34_0000,34_0000_467,256,0,0
34_0000,34_0000_468,256,0,0
34_0000,34_0000_469,256,0,0
34_0000,34_0000_470,256,0,0
64_0000,64_0000_000,256,0,0
64_0000,64_0000_001,256,0,0
64_0000,64_0000_002,256,0,0
64_0000,64_0000_003,256,0,0
64_0000,64_0000_004,256,0,0
64_0000,64_0000_005,256,0,0
64_0000,64_0000_006,256,0,0
64_0000,64_0000_007,256,0,0
64_0000,64_0000_008,256,0,0
64_0000,64_0000_009,256,0,0
64_0000,64_0000_010,256,0,0
64_0000,64_0000_011,256,0,0
64_0000,64_0000_012,256,0,0
64_0000,64_0000_013,256,0,0
64_0000,64_0000_014,256,0,0
64_0000,64_0000_015,256,0,0
64_0000,64_0000_016,256,0,0
64_0000,64_0000_017,256,0,0
64_0000,64_0000_018,256,0,0
64_0000,64_0000_019,256,0,0
64_0000,64_0000_020,256,0,0
64_0000,64_0000_021,256,0,0
64_0000,64_0000_022,256,0,0
64_0000,64_0000_023,256,0,0
64_0000,64_0000_024,256,0,0
64_0000,64_0000_025,256,0,0
64_0000,64_0000_026,256,0,0
64_0000,64_0000_027,256,0,0
64_0000,64_0000_028,256,0,0
64_0000,64_0000_029,256,0,0
64_0000,64_0000_030,256,0,0
64_0000,64_0000_031,256,0,0
64_0000,64_0000_032,256,0,0
64_0000,64_0000_033,256,0,0
64_0000,64_0000_034,256,0,0
64_0000,64_0000_035,256,0,0
64_0000,64_0000_036,256,0,0
64_0000,64_0000_037,256,0,0
64_0000,64_0000_038,256,0,0
64_0000,64_0000_039,256,0,0
64_0000,64_0000_040,256,0,0
64_0000,64_0000_041,256,0,0
64_0000,64_0000_042,256,0,0
64_0000,64_0000_043,256,0,0
64_0000,64_0000_044,256,0,0
64_0000,64_0000_045,256,0,0
64_0000,64_0000_046,256,0,0
64_0000,64_0000_047,256,0,0
64_0000,64_0000_048,256,0,0
64_0000,64_0000_049,256,0,0
64_0000,64_0000_050,256,6,0
64_0000,64_0000_051,256,24,132
64_0000,64_0000_052,256,57,196
64_0000,64_0000_053,256,78,212
64_0000,64_0000_054,256,114,288
64_0000,64_0000_055,256,171,380
64_0000,64_0000_056,256,189,404
64_0000,64_0000_057,256,228,500
64_0000,64_0000_058,256,312,556
64_0000,64_0000_059,256,366,564
64_0000,64_0000_060,256,426,628
64_0000,64_0000_061,256,480,748
64_0000,64_0000_062,256,558,656
64_0000,64_0000_063,256,606,800
64_0000,64_0000_064,256,672,856
64_0000,64_0000_065,256,756,728
64_0000,64_0000_066,256,840,688
64_0000,64_0000_067,256,879,812
64_0000,64_0000_068,256,987,948
64_0000,64_0000_069,256,1089,1004
64_0000,64_0000_070,256,1176,1092
64_0000,64_0000_071,256,1251,1116
64_0000,64_0000_072,256,1356,1020
64_0000,64_0000_073,256,1476,1040
64_0000,64_0000_074,256,1557,1240
64_0000,64_0000_075,256,1704,1576
64_0000,64_0000_076,256,1866,1696
64_0000,64_0000_077,256,2070,1912
64_0000,64_0000_078,256,2241,1952
64_0000,64_0000_079,256,2379,1948
64_0000,64_0000_080,256,2457,1876
64_0000,64_0000_081,256,2655,1932
64_0000,64_0000_082,256,2823,2048
64_0000,64_0000_083,256,2997,2064
64_0000,64_0000_084,256,3255,2108
64_0000,64_0000_085,256,3513,2512
64_0000,64_0000_086,256,3693,2596
64_0000,64_0000_087,256,3927,2576
64_0000,64_0000_088,256,4176,2604
64_0000,64_0000_089,256,4350,2484
64_0000,64_0000_090,256,4656,2776
64_0000,64_0000_091,256,4941,3348
64_0000,64_0000_092,256,5097,3388
64_0000,64_0000_093,256,5445,3372
64_0000,64_0000_094,256,5670,3264
64_0000,64_0000_095,256,6087,3768
64_0000,64_0000_096,256,6525,3820
64_0000,64_0000_097,256,6891,3436
64_0000,64_0000_098,256,7206,3600
64_0000,64_0000_099,256,7542,3924
64_0000,64_0000_100,256,7869,3988
64_0000,64_0000_101,256,8334,4332
64_0000,64_0000_102,256,8733,4572
64_0000,64_0000_103,256,9144,4444
64_0000,64_0000_104,256,9603,4980
64_0000,64_0000_105,256,9987,5124
64_0000,64_0000_106,256,10197,5040
64_0000,64_0000_107,256,10680,4996
64_0000,64_0000_108,256,11079,5064
64_0000,64_0000_109,256,11568,5348
64_0000,64_0000_110,256,12015,5396
64_0000,64_0000_111,256,12459,5696
64_0000,64_0000_112,256,13113,5784
64_0000,64_0000_113,256,13623,6256
64_0000,64_0000_114,256,14256,6560
64_0000,64_0000_115,256,14988,6756
64_0000,64_0000_116,256,15576,6672
64_0000,64_0000_117,256,16299,6684
64_0000,64_0000_118,256,16917,6664
64_0000,64_0000_119,256,17682,6812
64_0000,64_0000_120,256,18438,6708
64_0000,64_0000_121,256,19161,6108
64_0000,64_0000_122,256,19887,5980
64_0000,64_0000_123,256,20625,5716
64_0000,64_0000_124,256,21537,6624
64_0000,64_0000_125,256,22338,6828
64_0000,64_0000_126,256,23193,7132
64_0000,64_0000_127,256,23925,6544
64_0000,64_0000_128,256,24903,6380
64_0000,64_0000_129,256,25818,5788
64_0000,64_0000_130,256,26667,5380
64_0000,64_0000_131,256,27723,5976
64_0000,64_0000_132,256,28653,7072
64_0000,64_0000_133,256,29733,7084
64_0000,64_0000_134,256,30768,7068
64_0000,64_0000_135,256,31803,7132
64_0000,64_0000_136,256,32859,7100
64_0000,64_0000_137,256,33750,6776
64_0000,64_0000_138,256,34647,7308
64_0000,64_0000_139,256,35682,7380
64_0000,64_0000_140,256,36906,7072
64_0000,64_0000_141,256,37890,7116
64_0000,64_0000_142,256,39018,6828
64_0000,64_0000_143,256,40020,5816
64_0000,64_0000_144,256,40944,5696
64_0000,64_0000_145,256,41967,6248
64_0000,64_0000_146,256,42996,6692
64_0000,64_0000_147,256,44277,4712
64_0000,64_0000_148,256,45492,5696
64_0000,64_0000_149,256,46422,5316
64_0000,64_0000_150,256,46929,5476
64_0000,64_0000_151,256,47133,5804
64_0000,64_0000_152,256,47166,4816
64_0000,64_0000_153,256,47286,4224
64_0000,64_0000_154,256,47538,4372
64_0000,64_0000_155,256,47757,4284
64_0000,64_0000_156,256,48144,4376
64_0000,64_0000_157,256,48573,4316
64_0000,64_0000_158,256,49011,4460
64_0000,64_0000_159,256,49761,3696
64_0000,64_0000_160,256,50091,3048
64_0000,64_0000_161,256,50625,2272
64_0000,64_0000_162,256,50886,2432
64_0000,64_0000_163,256,51036,3048
64_0000,64_0000_164,256,51225,3040
64_0000,64_0000_165,256,51393,2684
64_0000,64_0000_166,256,51327,2524
64_0000,64_0000_167,256,51348,3192
64_0000,64_0000_168,256,51330,3352
64_0000,64_0000_169,256,51447,3172
64_0000,64_0000_170,256,51369,2124
64_0000,64_0000_171,256,51486,1436
64_0000,64_0000_172,256,51459,1940
64_0000,64_0000_173,256,51468,1948
64_0000,64_0000_174,256,51543,2068
64_0000,64_0000_175,256,51429,1676
64_0000,64_0000_176,256,51258,1448
64_0000,64_0000_177,256,51219,752
64_0000,64_0000_178,256,51306,900
64_0000,64_0000_179,256,51303,580
64_0000,64_0000_180,256,51312,760
64_0000,64_0000_181,256,51249,1360
64_0000,64_0000_182,256,51339,1416
64_0000,64_0000_183,256,51426,1400
64_0000,64_0000_184,256,51519,1272
64_0000,64_0000_185,256,51528,1000
64_0000,64_0000_186,256,51561,648
64_0000,64_0000_187,256,51678,708
64_0000,64_0000_188,256,51804,620
64_0000,64_0000_189,256,51906,568
64_0000,64_0000_190,256,52005,580
64_0000,64_0000_191,256,52002,532
64_0000,64_0000_192,256,52143,220
64_0000,64_0000_193,256,52245,204
64_0000,64_0000_194,256,52353,276
64_0000,64_0000_195,256,52539,340
64_0000,64_0000_196,256,52422,396
64_0000,64_0000_197,256,52515,596
64_0000,64_0000_198,256,52494,568
64_0000,64_0000_199,256,52449,196
64_0000,64_0000_200,256,52506,100
64_0000,64_0000_201,256,52503,52
64_0000,64_0000_202,256,52431,440
64_0000,64_0000_203,256,52380,604
64_0000,64_0000_204,256,52188,360
64_0000,64_0000_205,256,52014,384
64_0000,64_0000_206,256,52104,320
64_0000,64_0000_207,256,52089,224
64_0000,64_0000_208,256,51939,180
64_0000,64_0000_209,256,51840,112
64_0000,64_0000_210,256,51696,104
64_0000,64_0000_211,256,51591,304
64_0000,64_0000_212,256,51603,288
64_0000,64_0000_213,256,51579,300
64_0000,64_0000_214,256,51573,308
64_0000,64_0000_215,256,51657,288
64_0000,64_0000_216,256,51660,600
64_0000,64_0000_217,256,51546,608
64_0000,64_0000_218,256,51579,688
64_0000,64_0000_219,256,51591,732
64_0000,64_0000_220,256,51585,816
64_0000,64_0000_221,256,51639,980
64_0000,64_0000_222,256,51519,1088
64_0000,64_0000_223,256,51615,984
64_0000,64_0000_224,256,51612,1072
64_0000,64_0000_225,256,51624,784
64_0000,64_0000_226,256,51564,572
64_0000,64_0000_227,256,51552,368
64_0000,64_0000_228,256,51357,856
64_0000,64_0000_229,256,51276,1540
64_0000,64_0000_230,256,51189,2148
64_0000,64_0000_231,256,51252,2088
64_0000,64_0000_232,256,51144,2068
64_0000,64_0000_233,256,51027,1676
64_0000,64_0000_234,256,50841,1936
64_0000,64_0000_235,256,50799,1776
64_0000,64_0000_236,256,50769,1444
64_0000,64_0000_237,256,50316,1652
64_0000,64_0000_238,256,49650,2188
64_0000,64_0000_239,256,49635,2260
64_0000,64_0000_240,256,49662,2364
64_0000,64_0000_241,256,49701,2676
64_0000,64_0000_242,256,49689,2792
64_0000,64_0000_243,256,49854,2860
64_0000,64_0000_244,256,49740,2292
64_0000,64_0000_245,256,49557,1716
64_0000,64_0000_246,256,49497,1840
64_0000,64_0000_247,256,49590,2068
64_0000,64_0000_248,256,49635,2040
64_0000,64_0000_249,256,49719,1768
64_0000,64_0000_250,256,49770,1364
64_0000,64_0000_251,256,49710,1344
64_0000,64_0000_252,256,49572,1280
64_0000,64_0000_253,256,49539,1400
64_0000,64_0000_254,256,49509,1508
64_0000,64_0000_255,256,49296,1560
64_0000,64_0000_256,256,49155,1228
64_0000,64_0000_257,256,49023,1432
64_0000,64_0000_258,256,48828,952
64_0000,64_0000_259,256,48801,1484
64_0000,64_0000_260,256,48885,1844
64_0000,64_0000_261,256,48780,1604
64_0000,64_0000_262,256,48528,1388
64_0000,64_0000_263,256,48303,1604
64_0000,64_0000_264,256,48342,1992
64_0000,64_0000_265,256,48177,1352
64_0000,64_0000_266,256,47976,1276
64_0000,64_0000_267,256,48051,1256
64_0000,64_0000_268,256,47997,1220
64_0000,64_0000_269,256,48006,1140
64_0000,64_0000_270,256,47865,1176
64_0000,64_0000_271,256,47727,1204
64_0000,64_0000_272,256,47694,1480
64_0000,64_0000_273,256,47505,1384
64_0000,64_0000_274,256,47517,1228
64_0000,64_0000_275,256,47478,1296
64_0000,64_0000_276,256,47424,1448
64_0000,64_0000_277,256,47433,1976
64_0000,64_0000_278,256,47325,1416
64_0000,64_0000_279,256,47298,1308
64_0000,64_0000_280,256,47307,1316
64_0000,64_0000_281,256,47430,1280
64_0000,64_0000_282,256,47421,1484
64_0000,64_0000_283,256,47349,1492
64_0000,64_0000_284,256,47271,1552
64_0000,64_0000_285,256,47181,1560
64_0000,64_0000_286,256,47187,1624
64_0000,64_0000_287,256,47088,1524
64_0000,64_0000_288,256,47046,2204
64_0000,64_0000_289,256,46998,2272
64_0000,64_0000_290,256,46866,2164
64_0000,64_0000_291,256,46749,2128
64_0000,64_0000_292,256,46539,1868
64_0000,64_0000_293,256,46467,1920
64_0000,64_0000_294,256,46398,1896
64_0000,64_0000_295,256,46191,1736
64_0000,64_0000_296,256,46071,1532
64_0000,64_0000_297,256,45873,1192
64_0000,64_0000_298,256,45798,892
64_0000,64_0000_299,256,45708,700
64_0000,64_0000_300,256,45657,944
64_0000,64_0000_301,256,45606,828
64_0000,64_0000_302,256,45387,452
64_0000,64_0000_303,256,45204,44
64_0000,64_0000_304,256,45066,44
64_0000,64_0000_305,256,45144,168
64_0000,64_0000_306,256,44931,144
64_0000,64_0000_307,256,44808,308
64_0000,64_0000_308,256,44589,336
64_0000,64_0000_309,256,44502,312
64_0000,64_0000_310,256,44421,180
64_0000,64_0000_311,256,44268,624
64_0000,64_0000_312,256,44217,516
64_0000,64_0000_313,256,44268,596
64_0000,64_0000_314,256,44523,716
64_0000,64_0000_315,256,44493,708
64_0000,64_0000_316,256,44526,728
64_0000,64_0000_317,256,44676,616
64_0000,64_0000_318,256,44646,344
64_0000,64_0000_319,256,44580,352
64_0000,64_0000_320,256,44517,848
64_0000,64_0000_321,256,44295,708
64_0000,64_0000_322,256,44268,1064
64_0000,64_0000_323,256,44211,760
64_0000,64_0000_324,256,44061,680
64_0000,64_0000_325,256,43794,436
64_0000,64_0000_326,256,43704,720
64_0000,64_0000_327,256,43641,1124
64_0000,64_0000_328,256,43446,1188
64_0000,64_0000_329,256,43287,920
64_0000,64_0000_330,256,43101,1148
64_0000,64_0000_331,256,42729,1296
64_0000,64_0000_332,256,42525,720
64_0000,64_0000_333,256,42186,488
64_0000,64_0000_334,256,41934,408
64_0000,64_0000_335,256,41709,440
64_0000,64_0000_336,256,41646,780
64_0000,64_0000_337,256,41439,836
64_0000,64_0000_338,256,41235,744
64_0000,64_0000_339,256,40953,700
64_0000,64_0000_340,256,40854,676
64_0000,64_0000_341,256,40449,1004
64_0000,64_0000_342,256,40287,1524
64_0000,64_0000_343,256,40119,1800
64_0000,64_0000_344,256,39822,1368
64_0000,64_0000_345,256,39645,1064
64_0000,64_0000_346,256,39417,1448
64_0000,64_0000_347,256,39135,1008
64_0000,64_0000_348,256,39072,1172
64_0000,64_0000_349,256,38847,1072
64_0000,64_0000_350,256,38565,956
64_0000,64_0000_351,256,38256,956
64_0000,64_0000_352,256,37965,744
64_0000,64_0000_353,256,37713,436
64_0000,64_0000_354,256,37491,356
64_0000,64_0000_355,256,37170,1196
64_0000,64_0000_356,256,36897,1448
64_0000,64_0000_357,256,36582,484
64_0000,64_0000_358,256,36258,388
64_0000,64_0000_359,256,35892,316
64_0000,64_0000_360,256,35577,764
64_0000,64_0000_361,256,35451,1256
64_0000,64_0000_362,256,35055,1520
64_0000,64_0000_363,256,34737,1836
64_0000,64_0000_364,256,34554,1140
64_0000,64_0000_365,256,34185,920
64_0000,64_0000_366,256,33918,908
64_0000,64_0000_367,256,33600,760
64_0000,64_0000_368,256,33189,672
64_0000,64_0000_369,256,32940,548
64_0000,64_0000_370,256,32511,640
64_0000,64_0000_371,256,32178,584
64_0000,64_0000_372,256,31905,584
64_0000,64_0000_373,256,31578,640
64_0000,64_0000_374,256,31269,628
64_0000,64_0000_375,256,30939,476
64_0000,64_0000_376,256,30579,348
64_0000,64_0000_377,256,30180,432
64_0000,64_0000_378,256,29730,328
64_0000,64_0000_379,256,29130,780
64_0000,64_0000_380,256,28668,636
64_0000,64_0000_381,256,28206,1344
64_0000,64_0000_382,256,27720,1576
64_0000,64_0000_383,256,27321,1284
64_0000,64_0000_384,256,26925,1020
64_0000,64_0000_385,256,26415,844
64_0000,64_0000_386,256,25953,788
64_0000,64_0000_387,256,25437,1192
64_0000,64_0000_388,256,24951,1032
64_0000,64_0000_389,256,24390,952
64_0000,64_0000_390,256,23781,764
64_0000,64_0000_391,256,23070,996
64_0000,64_0000_392,256,22332,1168
64_0000,64_0000_393,256,21774,1340
64_0000,64_0000_394,256,21276,1120
64_0000,64_0000_395,256,20607,828
64_0000,64_0000_396,256,20067,748
64_0000,64_0000_397,256,19545,1184
64_0000,64_0000_398,256,18888,1236
64_0000,64_0000_399,256,18438,1028
64_0000,64_0000_400,256,17913,724
64_0000,64_0000_401,256,17430,780
64_0000,64_0000_402,256,16950,396
64_0000,64_0000_403,256,16485,220
64_0000,64_0000_404,256,16059,352
64_0000,64_0000_405,256,15654,376
64_0000,64_0000_406,256,15222,316
64_0000,64_0000_407,256,14763,176
64_0000,64_0000_408,256,14382,160
64_0000,64_0000_409,256,13965,116
64_0000,64_0000_410,256,13485,360
64_0000,64_0000_411,256,12993,224
64_0000,64_0000_412,256,12645,132
64_0000,64_0000_413,256,12279,592
64_0000,64_0000_414,256,11862,228
64_0000,64_0000_415,256,11463,208
64_0000,64_0000_416,256,10887,192
64_0000,64_0000_417,256,10353,504
64_0000,64_0000_418,256,9885,508
64_0000,64_0000_419,256,9513,396
64_0000,64_0000_420,256,9045,300
64_0000,64_0000_421,256,8544,352
64_0000,64_0000_422,256,8109,292
64_0000,64_0000_423,256,7542,424
64_0000,64_0000_424,256,7035,356
64_0000,64_0000_425,256,6573,400
64_0000,64_0000_426,256,6171,176
64_0000,64_0000_427,256,5643,396
64_0000,64_0000_428,256,5298,160
64_0000,64_0000_429,256,4836,388
64_0000,64_0000_430,256,4365,592
64_0000,64_0000_431,256,3957,640
64_0000,64_0000_432,256,3318,592
64_0000,64_0000_433,256,2310,0
64_0000,64_0000_434,256,2052,0
64_0000,64_0000_435,256,1836,0
64_0000,64_0000_436,256,1671,32
64_0000,64_0000_437,256,1512,112
64_0000,64_0000_438,256,1284,152
64_0000,64_0000_439,256,1068,0
64_0000,64_0000_440,256,765,0
64_0000,64_0000_441,256,642,28
64_0000,64_0000_442,256,480,380
64_0000,64_0000_443,256,324,348
64_0000,64_0000_444,256,0,0
64_0000,64_0000_445,256,0,0
64_0000,64_0000_446,256,0,0
64_0000,64_0000_447,256,0,0
64_0000,64_0000_448,256,0,0
64_0000,64_0000_449,256,0,0
64_0000,64_0000_450,256,0,0
64_0000,64_0000_451,256,0,0
64_0000,64_0000_452,256,0,0
64_0000,64_0000_453,256,0,0
64_0000,64_0000_454,256,0,0
64_0000,64_0000_455,256,0,0
64_0000,64_0000_456,256,0,0
64_0000,64_0000_457,256,0,0
64_0000,64_0000_458,256,0,0
64_0000,64_0000_459,256,0,0
64_0000,64_0000_460,256,0,0
64_0000,64_0000_461,256,0,0
64_0000,64_0000_462,256,0,0
64_0000,64_0000_463,256,0,0
64_0000,64_0000_464,256,0,0
64_0000,64_0000_465,256,0,0
64_0000,64_0000_466,256,0,0
64_0000,64_0000_467,256,0,0
64_0000,64_0000_468,256,0,0
65_0000,65_0000_000,256,0,0
65_0000,65_0000_001,256,0,0
65_0000,65_0000_002,256,0,0
65_0000,65_0000_003,256,0,0
65_0000,65_0000_004,256,0,0
65_0000,65_0000_005,256,0,0
65_0000,65_0000_006,256,0,0
65_0000,65_0000_007,256,0,0
65_0000,65_0000_008,256,0,0
65_0000,65_0000_009,256,0,0
65_0000,65_0000_010,256,0,0
65_0000,65_0000_011,256,0,0
65_0000,65_0000_012,256,0,0
65_0000,65_0000_013,256,0,0
65_0000,65_0000_014,256,0,0
65_0000,65_0000_015,256,0,0
65_0000,65_0000_016,256,0,0
65_0000,65_0000_017,256,0,0
65_0000,65_0000_018,256,0,0
65_0000,65_0000_019,256,0,0
65_0000,65_0000_020,256,0,0
65_0000,65_0000_021,256,0,0
65_0000,65_0000_022,256,0,0
65_0000,65_0000_023,256,0,0
65_0000,65_0000_024,256,0,0
65_0000,65_0000_025,256,0,0
65_0000,65_0000_026,256,0,0
65_0000,65_0000_027,256,0,0
65_0000,65_0000_028,256,0,0
65_0000,65_0000_029,256,15,0
65_0000,65_0000_030,256,48,20
65_0000,65_0000_031,256,45,100
65_0000,65_0000_032,256,45,112
65_0000,65_0000_033,256,60,132
65_0000,65_0000_034,256,105,264
65_0000,65_0000_035,256,111,232
65_0000,65_0000_036,256,183,324
65_0000,65_0000_037,256,183,344
65_0000,65_0000_038,256,183,380
65_0000,65_0000_039,256,267,436
65_0000,65_0000_040,256,291,448
65_0000,65_0000_041,256,327,476
65_0000,65_0000_042,256,339,480
65_0000,65_0000_043,256,435,572
65_0000,65_0000_044,256,537,544
65_0000,65_0000_045,256,693,652
65_0000,65_0000_046,256,750,692
65_0000,65_0000_047,256,927,740
65_0000,65_0000_048,256,1116,984
65_0000,65_0000_049,256,1275,1080
65_0000,65_0000_050,256,1452,1060
65_0000,65_0000_051,256,1596,996
65_0000,65_0000_052,256,1842,1496
65_0000,65_0000_053,256,2031,1552
65_0000,65_0000_054,256,2235,1272
65_0000,65_0000_055,256,2649,2108
65_0000,65_0000_056,256,2892,2192
65_0000,65_0000_057,256,3174,2396
65_0000,65_0000_058,256,3402,2440
65_0000,65_0000_059,256,3675,2472
65_0000,65_0000_060,256,4002,2248
65_0000,65_0000_061,256,4311,2380
65_0000,65_0000_062,256,4611,2464
65_0000,65_0000_063,256,5034,2760
65_0000,65_0000_064,256,5343,2716
65_0000,65_0000_065,256,5715,2916
65_0000,65_0000_066,256,6114,3380
65_0000,65_0000_067,256,6564,3696
65_0000,65_0000_068,256,6921,3928
65_0000,65_0000_069,256,7377,4512
65_0000,65_0000_070,256,7929,4528
65_0000,65_0000_071,256,8472,5284
65_0000,65_0000_072,256,9132,5252
65_0000,65_0000_073,256,9759,5456
65_0000,65_0000_074,256,10401,5712
65_0000,65_0000_075,256,11007,6024
65_0000,65_0000_076,256,11580,6304
65_0000,65_0000_077,256,12102,6572
65_0000,65_0000_078,256,12831,6340
65_0000,65_0000_079,256,13548,6700
65_0000,65_0000_080,256,14169,7220
65_0000,65_0000_081,256,14961,7236
65_0000,65_0000_082,256,15840,7372
65_0000,65_0000_083,256,16578,7376
65_0000,65_0000_084,256,17529,8280
65_0000,65_0000_085,256,18663,8480
65_0000,65_0000_086,256,20121,8756
65_0000,65_0000_087,256,20961,9012
65_0000,65_0000_088,256,22002,9060
65_0000,65_0000_089,256,23010,9036
65_0000,65_0000_090,256,24057,9104
65_0000,65_0000_091,256,25038,8552
65_0000,65_0000_092,256,26295,9272
65_0000,65_0000_093,256,27429,9484
65_0000,65_0000_094,256,28539,8976
65_0000,65_0000_095,256,29622,8160
65_0000,65_0000_096,256,30912,8692
65_0000,65_0000_097,256,32406,8464
65_0000,65_0000_098,256,33939,8180
65_0000,65_0000_099,256,35187,8620
65_0000,65_0000_100,256,36603,8168
65_0000,65_0000_101,256,37854,8228
65_0000,65_0000_102,256,39429,8056
65_0000,65_0000_103,256,40986,7800
65_0000,65_0000_104,256,42372,7900
65_0000,65_0000_105,256,43806,8008
65_0000,65_0000_106,256,45153,7920
65_0000,65_0000_107,256,46485,6184
65_0000,65_0000_108,256,48180,5984
65_0000,65_0000_109,256,49242,6524
65_0000,65_0000_110,256,51075,6396
65_0000,65_0000_111,256,52590,6672
65_0000,65_0000_112,256,53835,5848
65_0000,65_0000_113,256,54402,6648
65_0000,65_0000_114,256,54828,6280
65_0000,65_0000_115,256,55410,5640
65_0000,65_0000_116,256,56055,6520
65_0000,65_0000_117,256,56646,7016
65_0000,65_0000_118,256,57216,7308
65_0000,65_0000_119,256,57981,6956
65_0000,65_0000_120,256,58617,6052
65_0000,65_0000_121,256,59130,5132
65_0000,65_0000_122,256,59769,5528
65_0000,65_0000_123,256,60513,6584
65_0000,65_0000_124,256,61185,5788
65_0000,65_0000_125,256,61890,4752
65_0000,65_0000_126,256,62709,3532
65_0000,65_0000_127,256,63801,3164
65_0000,65_0000_128,256,64488,2512
65_0000,65_0000_129,256,65109,2572
65_0000,65_0000_130,256,65643,2308
65_0000,65_0000_131,256,66258,1752
65_0000,65_0000_132,256,66537,2772
65_0000,65_0000_133,256,66693,2792
65_0000,65_0000_134,256,66849,2260
65_0000,65_0000_135,256,67053,2172
65_0000,65_0000_136,256,67137,2100
65_0000,65_0000_137,256,67212,2632
65_0000,65_0000_138,256,67275,2372
65_0000,65_0000_139,256,67242,1840
65_0000,65_0000_140,256,67281,2012
65_0000,65_0000_141,256,67296,1848
65_0000,65_0000_142,256,67395,2340
65_0000,65_0000_143,256,67497,2288
65_0000,65_0000_144,256,67656,2940
65_0000,65_0000_145,256,67581,2900
65_0000,65_0000_146,256,67617,2588
65_0000,65_0000_147,256,67704,3068
65_0000,65_0000_148,256,67887,3016
65_0000,65_0000_149,256,67860,2536
65_0000,65_0000_150,256,68226,2360
65_0000,65_0000_151,256,68454,2688
65_0000,65_0000_152,256,68430,3344
65_0000,65_0000_153,256,68439,3652
65_0000,65_0000_154,256,68298,3832
65_0000,65_0000_155,256,68448,3320
65_0000,65_0000_156,256,68577,2944
65_0000,65_0000_157,256,68592,1844
65_0000,65_0000_158,256,68568,1916
65_0000,65_0000_159,256,68742,2140
65_0000,65_0000_160,256,68832,2184
65_0000,65_0000_161,256,69066,2172
65_0000,65_0000_162,256,69183,2164
65_0000,65_0000_163,256,69378,1788
65_0000,65_0000_164,256,69507,924
65_0000,65_0000_165,256,69663,948
65_0000,65_0000_166,256,69846,704
65_0000,65_0000_167,256,70014,964
65_0000,65_0000_168,256,70080,656
65_0000,65_0000_169,256,70248,696
65_0000,65_0000_170,256,70353,704
65_0000,65_0000_171,256,70455,452
65_0000,65_0000_172,256,70380,316
65_0000,65_0000_173,256,70377,132
65_0000,65_0000_174,256,70272,240
65_0000,65_0000_175,256,70347,820
65_0000,65_0000_176,256,70407,152
65_0000,65_0000_177,256,70479,212
65_0000,65_0000_178,256,70779,240
65_0000,65_0000_179,256,70467,272
65_0000,65_0000_180,256,70398,288
65_0000,65_0000_181,256,70305,272
65_0000,65_0000_182,256,69954,280
65_0000,65_0000_183,256,69879,620
65_0000,65_0000_184,256,69954,288
65_0000,65_0000_185,256,69858,272
65_0000,65_0000_186,256,69888,160
65_0000,65_0000_187,256,70053,204
65_0000,65_0000_188,256,70191,0
65_0000,65_0000_189,256,70323,0
65_0000,65_0000_190,256,70380,0
65_0000,65_0000_191,256,70362,0
65_0000,65_0000_192,256,70437,0
65_0000,65_0000_193,256,70245,100
65_0000,65_0000_194,256,70263,0
65_0000,65_0000_195,256,69996,236
65_0000,65_0000_196,256,70134,244
65_0000,65_0000_197,256,70056,108
65_0000,65_0000_198,256,70155,328
65_0000,65_0000_199,256,70194,372
65_0000,65_0000_200,256,70257,740
65_0000,65_0000_201,256,70098,360
65_0000,65_0000_202,256,70038,200
65_0000,65_0000_203,256,69786,396
65_0000,65_0000_204,256,69726,132
65_0000,65_0000_205,256,69537,0
65_0000,65_0000_206,256,69585,0
65_0000,65_0000_207,256,69105,0
65_0000,65_0000_208,256,68976,440
65_0000,65_0000_209,256,68802,696
65_0000,65_0000_210,256,68610,960
65_0000,65_0000_211,256,68391,960
65_0000,65_0000_212,256,68223,1292
65_0000,65_0000_213,256,67968,820
65_0000,65_0000_214,256,67893,20
65_0000,65_0000_215,256,67563,0
65_0000,65_0000_216,256,67416,0
65_0000,65_0000_217,256,67320,0
65_0000,65_0000_218,256,67272,108
65_0000,65_0000_219,256,67206,148
65_0000,65_0000_220,256,67164,460
65_0000,65_0000_221,256,67203,660
65_0000,65_0000_222,256,67062,392
65_0000,65_0000_223,256,66939,316
65_0000,65_0000_224,256,66774,256
65_0000,65_0000_225,256,66717,180
65_0000,65_0000_226,256,66594,184
65_0000,65_0000_227,256,66486,28
65_0000,65_0000_228,256,66441,0
65_0000,65_0000_229,256,66462,0
65_0000,65_0000_230,256,66348,0
65_0000,65_0000_231,256,66381,0
65_0000,65_0000_232,256,66264,196
65_0000,65_0000_233,256,66135,148
65_0000,65_0000_234,256,66117,356
65_0000,65_0000_235,256,66108,372
65_0000,65_0000_236,256,66186,392
65_0000,65_0000_237,256,66204,496
65_0000,65_0000_238,256,66183,756
65_0000,65_0000_239,256,66255,424
65_0000,65_0000_240,256,66132,484
65_0000,65_0000_241,256,66099,268
65_0000,65_0000_242,256,66141,248
65_0000,65_0000_243,256,66030,116
65_0000,65_0000_244,256,66030,164
65_0000,65_0000_245,256,66030,352
65_0000,65_0000_246,256,65907,0
65_0000,65_0000_247,256,65823,0
65_0000,65_0000_248,256,65676,0
65_0000,65_0000_249,256,65625,0
65_0000,65_0000_250,256,65418,80
65_0000,65_0000_251,256,65217,44
65_0000,65_0000_252,256,65205,16
65_0000,65_0000_253,256,64968,124
65_0000,65_0000_254,256,64785,112
65_0000,65_0000_255,256,64713,0
65_0000,65_0000_256,256,64557,284
65_0000,65_0000_257,256,64323,904
65_0000,65_0000_258,256,64119,608
65_0000,65_0000_259,256,63840,660
65_0000,65_0000_260,256,63570,676
65_0000,65_0000_261,256,63489,656
65_0000,65_0000_262,256,63537,440
65_0000,65_0000_263,256,63363,820
65_0000,65_0000_264,256,63138,620
65_0000,65_0000_265,256,63057,248
65_0000,65_0000_266,256,63216,324
65_0000,65_0000_267,256,63300,324
65_0000,65_0000_268,256,63276,400
65_0000,65_0000_269,256,63177,540
65_0000,65_0000_270,256,63147,456
65_0000,65_0000_271,256,63048,296
65_0000,65_0000_272,256,62928,224
65_0000,65_0000_273,256,62949,56
65_0000,65_0000_274,256,62871,144
65_0000,65_0000_275,256,62700,188
65_0000,65_0000_276,256,62601,204
65_0000,65_0000_277,256,62571,396
65_0000,65_0000_278,256,62322,340
65_0000,65_0000_279,256,62136,300
65_0000,65_0000_280,256,61971,500
65_0000,65_0000_281,256,61728,448
65_0000,65_0000_282,256,61554,344
65_0000,65_0000_283,256,61392,196
65_0000,65_0000_284,256,61305,32
65_0000,65_0000_285,256,61170,456
65_0000,65_0000_286,256,60990,480
65_0000,65_0000_287,256,60756,568
65_0000,65_0000_288,256,60546,236
65_0000,65_0000_289,256,60270,100
65_0000,65_0000_290,256,60072,140
65_0000,65_0000_291,256,59871,40
65_0000,65_0000_292,256,59775,0
65_0000,65_0000_293,256,59520,0
65_0000,65_0000_294,256,59295,52
65_0000,65_0000_295,256,58968,20
65_0000,65_0000_296,256,58683,152
65_0000,65_0000_297,256,58452,452
65_0000,65_0000_298,256,58101,136
65_0000,65_0000_299,256,57888,176
65_0000,65_0000_300,256,57537,152
65_0000,65_0000_301,256,57186,120
65_0000,65_0000_302,256,57003,148
65_0000,65_0000_303,256,56841,0
65_0000,65_0000_304,256,56670,0
65_0000,65_0000_305,256,56445,12
65_0000,65_0000_306,256,56187,0
65_0000,65_0000_307,256,55941,0
65_0000,65_0000_308,256,55728,64
65_0000,65_0000_309,256,55389,176
65_0000,65_0000_310,256,55155,16
65_0000,65_0000_311,256,54804,0
65_0000,65_0000_312,256,54570,20
65_0000,65_0000_313,256,54429,0
65_0000,65_0000_314,256,54132,0
65_0000,65_0000_315,256,53856,56
65_0000,65_0000_316,256,53580,532
65_0000,65_0000_317,256,53196,96
65_0000,65_0000_318,256,52818,0
65_0000,65_0000_319,256,52644,140
65_0000,65_0000_320,256,52431,152
65_0000,65_0000_321,256,52134,352
65_0000,65_0000_322,256,51804,424
65_0000,65_0000_323,256,51618,644
65_0000,65_0000_324,256,51282,656
65_0000,65_0000_325,256,50940,748
65_0000,65_0000_326,256,50607,1076
65_0000,65_0000_327,256,50367,1232
65_0000,65_0000_328,256,50040,1144
65_0000,65_0000_329,256,49728,744
65_0000,65_0000_330,256,49503,876
65_0000,65_0000_331,256,49206,752
65_0000,65_0000_332,256,48840,460
65_0000,65_0000_333,256,48594,672
65_0000,65_0000_334,256,48297,444
65_0000,65_0000_335,256,48003,428
65_0000,65_0000_336,256,47784,320
65_0000,65_0000_337,256,47475,124
65_0000,65_0000_338,256,47145,224
65_0000,65_0000_339,256,47010,116
65_0000,65_0000_340,256,46758,104
65_0000,65_0000_341,256,46323,264
65_0000,65_0000_342,256,46083,244
65_0000,65_0000_343,256,45852,152
65_0000,65_0000_344,256,45684,336
65_0000,65_0000_345,256,45429,208
65_0000,65_0000_346,256,44988,252
65_0000,65_0000_347,256,44550,448
65_0000,65_0000_348,256,44211,180
65_0000,65_0000_349,256,43833,244
65_0000,65_0000_350,256,43452,416
65_0000,65_0000_351,256,43083,296
65_0000,65_0000_352,256,42660,244
65_0000,65_0000_353,256,42180,432
65_0000,65_0000_354,256,41799,304
65_0000,65_0000_355,256,41229,236
65_0000,65_0000_356,256,40845,216
65_0000,65_0000_357,256,40326,228
65_0000,65_0000_358,256,39819,216
65_0000,65_0000_359,256,39264,260
65_0000,65_0000_360,256,38694,244
65_0000,65_0000_361,256,38109,320
65_0000,65_0000_362,256,37563,220
65_0000,65_0000_363,256,36876,4
65_0000,65_0000_364,256,36393,0
65_0000,65_0000_365,256,35778,0
65_0000,65_0000_366,256,35199,0
65_0000,65_0000_367,256,34659,0
65_0000,65_0000_368,256,34131,0
65_0000,65_0000_369,256,33597,12
65_0000,65_0000_370,256,32964,36
65_0000,65_0000_371,256,32394,184
65_0000,65_0000_372,256,31851,0
65_0000,65_0000_373,256,31272,0
65_0000,65_0000_374,256,30636,0
65_0000,65_0000_375,256,29985,256
65_0000,65_0000_376,256,29442,332
65_0000,65_0000_377,256,28839,252
65_0000,65_0000_378,256,28194,172
65_0000,65_0000_379,256,27573,12
65_0000,65_0000_380,256,26904,136
65_0000,65_0000_381,256,26247,116
65_0000,65_0000_382,256,25626,132
65_0000,65_0000_383,256,25098,172
65_0000,65_0000_384,256,24408,116
65_0000,65_0000_385,256,23859,108
65_0000,65_0000_386,256,23181,4
65_0000,65_0000_387,256,22476,64
65_0000,65_0000_388,256,21612,0
65_0000,65_0000_389,256,20955,180
65_0000,65_0000_390,256,20202,0
65_0000,65_0000_391,256,19428,0
65_0000,65_0000_392,256,18735,0
65_0000,65_0000_393,256,18000,0
65_0000,65_0000_394,256,17322,0
65_0000,65_0000_395,256,16617,0
65_0000,65_0000_396,256,15912,0
65_0000,65_0000_397,256,15150,0
65_0000,65_0000_398,256,14379,0
65_0000,65_0000_399,256,13641,12
65_0000,65_0000_400,256,13029,32
65_0000,65_0000_401,256,12360,220
65_0000,65_0000_402,256,11634,0
65_0000,65_0000_403,256,11004,0
65_0000,65_0000_404,256,10365,0
65_0000,65_0000_405,256,9669,0
65_0000,65_0000_406,256,8952,0
65_0000,65_0000_407,256,8400,0
65_0000,65_0000_408,256,7857,0
65_0000,65_0000_409,256,7251,0
65_0000,65_0000_410,256,6618,0
65_0000,65_0000_411,256,6102,0
65_0000,65_0000_412,256,5580,0
65_0000,65_0000_413,256,4980,0
65_0000,65_0000_414,256,4359,312
65_0000,65_0000_415,256,3414,0
65_0000,65_0000_416,256,2976,0
65_0000,65_0000_417,256,2457,0
65_0000,65_0000_418,256,1947,240
65_0000,65_0000_419,256,1362,104
65_0000,65_0000_420,256,969,0
65_0000,65_0000_421,256,702,0
65_0000,65_0000_422,256,399,132
65_0000,65_0000_423,256,180,52
65_0000,65_0000_424,256,0,0
65_0000,65_0000_425,256,0,0
65_0000,65_0000_426,256,0,0
66_0000,66_0000_000,256,0,0
66_0000,66_0000_001,256,0,0
66_0000,66_0000_002,256,0,0
66_0000,66_0000_003,256,0,0
66_0000,66_0000_004,256,0,0
66_0000,66_0000_005,256,0,0
66_0000,66_0000_006,256,0,0
66_0000,66_0000_007,256,0,0
66_0000,66_0000_008,256,0,0
66_0000,66_0000_009,256,0,0
66_0000,66_0000_010,256,0,0
66_0000,66_0000_011,256,0,0
66_0000,66_0000_012,256,0,0
66_0000,66_0000_013,256,0,0
66_0000,66_0000_014,256,0,0
66_0000,66_0000_015,256,0,0
66_0000,66_0000_016,256,0,0
66_0000,66_0000_017,256,0,0
66_0000,66_0000_018,256,0,0
66_0000,66_0000_019,256,0,0
66_0000,66_0000_020,256,0,0
66_0000,66_0000_021,256,0,0
66_0000,66_0000_022,256,0,0
66_0000,66_0000_023,256,0,0
66_0000,66_0000_024,256,0,0
66_0000,66_0000_025,256,0,0
66_0000,66_0000_026,256,57,48
66_0000,66_0000_027,256,75,96
66_0000,66_0000_028,256,105,172
66_0000,66_0000_029,256,114,172
66_0000,66_0000_030,256,102,192
66_0000,66_0000_031,256,195,484
66_0000,66_0000_032,256,393,276
66_0000,66_0000_033,256,465,408
66_0000,66_0000_034,256,549,596
66_0000,66_0000_035,256,696,656
66_0000,66_0000_036,256,759,684
66_0000,66_0000_037,256,801,612
66_0000,66_0000_038,256,993,1052
66_0000,66_0000_039,256,1101,1016
66_0000,66_0000_040,256,1200,1008
66_0000,66_0000_041,256,1398,1032
66_0000,66_0000_042,256,1515,1272
66_0000,66_0000_043,256,1656,1372
66_0000,66_0000_044,256,1788,1536
66_0000,66_0000_045,256,1800,1376
66_0000,66_0000_046,256,2091,1584
66_0000,66_0000_047,256,2190,1460
66_0000,66_0000_048,256,2286,1564
66_0000,66_0000_049,256,2421,1480
66_0000,66_0000_050,256,2538,1632
66_0000,66_0000_051,256,2694,1696
66_0000,66_0000_052,256,2949,1872
66_0000,66_0000_053,256,3165,1844
66_0000,66_0000_054,256,3369,2108
66_0000,66_0000_055,256,3570,2028
66_0000,66_0000_056,256,3744,2188
66_0000,66_0000_057,256,4041,2084
66_0000,66_0000_058,256,4224,2140
66_0000,66_0000_059,256,4332,2220
66_0000,66_0000_060,256,4668,2232
66_0000,66_0000_061,256,4794,2252
66_0000,66_0000_062,256,5022,2364
66_0000,66_0000_063,256,5256,2100
66_0000,66_0000_064,256,5502,2108
66_0000,66_0000_065,256,5766,2520
66_0000,66_0000_066,256,6036,2588
66_0000,66_0000_067,256,6261,2276
66_0000,66_0000_068,256,6621,2268
66_0000,66_0000_069,256,6942,2672
66_0000,66_0000_070,256,7161,2676
66_0000,66_0000_071,256,7428,2208
66_0000,66_0000_072,256,7680,2104
66_0000,66_0000_073,256,8061,2088
66_0000,66_0000_074,256,8367,1496
66_0000,66_0000_075,256,8805,1536
66_0000,66_0000_076,256,9099,1492
66_0000,66_0000_077,256,9459,1676
66_0000,66_0000_078,256,9864,1844
66_0000,66_0000_079,256,10221,1644
66_0000,66_0000_080,256,10596,2044
66_0000,66_0000_081,256,10896,2192
66_0000,66_0000_082,256,11262,1700
66_0000,66_0000_083,256,11721,2168
66_0000,66_0000_084,256,12264,2436
66_0000,66_0000_085,256,12750,2480
66_0000,66_0000_086,256,13116,2740
66_0000,66_0000_087,256,13704,2580
66_0000,66_0000_088,256,14145,2496
66_0000,66_0000_089,256,14622,2816
66_0000,66_0000_090,256,15153,3168
66_0000,66_0000_091,256,15702,2784
66_0000,66_0000_092,256,16239,3032
66_0000,66_0000_093,256,16692,3012
66_0000,66_0000_094,256,17286,2924
66_0000,66_0000_095,256,17898,2940
66_0000,66_0000_096,256,18483,3372
66_0000,66_0000_097,256,19107,2720
66_0000,66_0000_098,256,19854,2832
66_0000,66_0000_099,256,20439,2772
66_0000,66_0000_100,256,21111,3004
66_0000,66_0000_101,256,21732,3132
66_0000,66_0000_102,256,22209,2952
66_0000,66_0000_103,256,22710,3116
66_0000,66_0000_104,256,23265,3748
66_0000,66_0000_105,256,23706,4488
66_0000,66_0000_106,256,24237,4988
66_0000,66_0000_107,256,24882,4292
66_0000,66_0000_108,256,25422,3760
66_0000,66_0000_109,256,25857,3608
66_0000,66_0000_110,256,26448,4244
66_0000,66_0000_111,256,27156,4888
66_0000,66_0000_112,256,27918,5048
66_0000,66_0000_113,256,28554,4940
66_0000,66_0000_114,256,29064,4184
66_0000,66_0000_115,256,29688,4084
66_0000,66_0000_116,256,30402,4572
66_0000,66_0000_117,256,31218,4220
66_0000,66_0000_118,256,31878,4472
66_0000,66_0000_119,256,32775,4468
66_0000,66_0000_120,256,33735,4308
66_0000,66_0000_121,256,34608,4816
66_0000,66_0000_122,256,35352,5456
66_0000,66_0000_123,256,36036,5352
66_0000,66_0000_124,256,36819,4496
66_0000,66_0000_125,256,37773,5088
66_0000,66_0000_126,256,38643,4184
66_0000,66_0000_127,256,39369,4952
66_0000,66_0000_128,256,40155,5516
66_0000,66_0000_129,256,40869,5872
66_0000,66_0000_130,256,41559,5528
66_0000,66_0000_131,256,42213,6004
66_0000,66_0000_132,256,43014,5468
66_0000,66_0000_133,256,43803,6036
66_0000,66_0000_134,256,44490,6132
66_0000,66_0000_135,256,45369,6228
66_0000,66_0000_136,256,46263,5464
66_0000,66_0000_137,256,46719,5176
66_0000,66_0000_138,256,46884,5008
66_0000,66_0000_139,256,46980,5384
66_0000,66_0000_140,256,46938,4832
66_0000,66_0000_141,256,47343,5304
66_0000,66_0000_142,256,47424,5768
66_0000,66_0000_143,256,47604,5204
66_0000,66_0000_144,256,47586,4268
66_0000,66_0000_145,256,47838,4380
66_0000,66_0000_146,256,47976,5908
66_0000,66_0000_147,256,48150,5236
66_0000,66_0000_148,256,48267,4412
66_0000,66_0000_149,256,48675,5020
66_0000,66_0000_150,256,48879,5328
66_0000,66_0000_151,256,49164,5832
66_0000,66_0000_152,256,49476,5380
66_0000,66_0000_153,256,49890,5044
66_0000,66_0000_154,256,50085,4500
66_0000,66_0000_155,256,50454,3948
66_0000,66_0000_156,256,50736,3908
66_0000,66_0000_157,256,50961,4212
66_0000,66_0000_158,256,51165,4232
66_0000,66_0000_159,256,51318,4344
66_0000,66_0000_160,256,51864,4640
66_0000,66_0000_161,256,52311,4632
66_0000,66_0000_162,256,52500,4100
66_0000,66_0000_163,256,52776,4096
66_0000,66_0000_164,256,53142,3992
66_0000,66_0000_165,256,53493,4248
66_0000,66_0000_166,256,53787,4004
66_0000,66_0000_167,256,54207,3684
66_0000,66_0000_168,256,54597,3932
66_0000,66_0000_169,256,54783,3960
66_0000,66_0000_170,256,55371,3820
66_0000,66_0000_171,256,55845,3164
66_0000,66_0000_172,256,56304,3100
66_0000,66_0000_173,256,56709,3092
66_0000,66_0000_174,256,57174,3032
66_0000,66_0000_175,256,57480,2948
66_0000,66_0000_176,256,57627,2860
66_0000,66_0000_177,256,57519,2704
66_0000,66_0000_178,256,57561,2460
66_0000,66_0000_179,256,57699,1964
66_0000,66_0000_180,256,57552,1648
66_0000,66_0000_181,256,57630,1548
66_0000,66_0000_182,256,57507,1736
66_0000,66_0000_183,256,57438,1728
66_0000,66_0000_184,256,57228,1780
66_0000,66_0000_185,256,56964,2128
66_0000,66_0000_186,256,56685,2440
66_0000,66_0000_187,256,56409,2492
66_0000,66_0000_188,256,56415,2948
66_0000,66_0000_189,256,56385,3088
66_0000,66_0000_190,256,56094,3224
66_0000,66_0000_191,256,56103,2928
66_0000,66_0000_192,256,56019,2560
66_0000,66_0000_193,256,56031,2736
66_0000,66_0000_194,256,56025,2168
66_0000,66_0000_195,256,56181,2052
66_0000,66_0000_196,256,56238,2280
66_0000,66_0000_197,256,56430,2564
66_0000,66_0000_198,256,56604,2992
66_0000,66_0000_199,256,56529,2604
66_0000,66_0000_200,256,56607,2468
66_0000,66_0000_201,256,56604,2228
66_0000,66_0000_202,256,56667,1932
66_0000,66_0000_203,256,56673,2004
66_0000,66_0000_204,256,56511,2276
66_0000,66_0000_205,256,56136,2464
66_0000,66_0000_206,256,56151,2452
66_0000,66_0000_207,256,56085,1772
66_0000,66_0000_208,256,55830,1944
66_0000,66_0000_209,256,55581,2360
66_0000,66_0000_210,256,55350,2000
66_0000,66_0000_211,256,54801,2012
66_0000,66_0000_212,256,54660,1788
66_0000,66_0000_213,256,54441,1884
66_0000,66_0000_214,256,54297,1272
66_0000,66_0000_215,256,54321,904
66_0000,66_0000_216,256,54363,1148
66_0000,66_0000_217,256,54672,1668
66_0000,66_0000_218,256,54888,1992
66_0000,66_0000_219,256,55035,2448
66_0000,66_0000_220,256,55128,2552
66_0000,66_0000_221,256,55176,2520
66_0000,66_0000_222,256,55176,2452
66_0000,66_0000_223,256,55197,2664
66_0000,66_0000_224,256,55227,2668
66_0000,66_0000_225,256,55443,2716
66_0000,66_0000_226,256,55365,2040
66_0000,66_0000_227,256,55281,1756
66_0000,66_0000_228,256,55446,2364
66_0000,66_0000_229,256,55542,2248
66_0000,66_0000_230,256,55620,2260
66_0000,66_0000_231,256,55983,2724
66_0000,66_0000_232,256,56082,2640
66_0000,66_0000_233,256,56178,2548
66_0000,66_0000_234,256,56307,2564
66_0000,66_0000_235,256,56340,2352
66_0000,66_0000_236,256,56538,2788
66_0000,66_0000_237,256,56679,2036
66_0000,66_0000_238,256,56658,2096
66_0000,66_0000_239,256,56463,1964
66_0000,66_0000_240,256,55860,1976
66_0000,66_0000_241,256,55752,1600
66_0000,66_0000_242,256,55497,1192
66_0000,66_0000_243,256,55236,1000
66_0000,66_0000_244,256,55077,900
66_0000,66_0000_245,256,54984,1048
66_0000,66_0000_246,256,54885,712
66_0000,66_0000_247,256,54660,1092
66_0000,66_0000_248,256,54663,1664
66_0000,66_0000_249,256,54603,1356
66_0000,66_0000_250,256,54522,1564
66_0000,66_0000_251,256,54387,1956
66_0000,66_0000_252,256,54429,1696
66_0000,66_0000_253,256,54504,1680
66_0000,66_0000_254,256,54540,1696
66_0000,66_0000_255,256,54657,1680
66_0000,66_0000_256,256,54591,1800
66_0000,66_0000_257,256,54534,1896
66_0000,66_0000_258,256,54522,2264
66_0000,66_0000_259,256,54345,2336
66_0000,66_0000_260,256,54297,2388
66_0000,66_0000_261,256,54450,2080
66_0000,66_0000_262,256,54138,2020
66_0000,66_0000_263,256,54036,2288
66_0000,66_0000_264,256,54102,2072
66_0000,66_0000_265,256,53802,2356
66_0000,66_0000_266,256,53604,2356
66_0000,66_0000_267,256,53430,2272
66_0000,66_0000_268,256,53571,2076
66_0000,66_0000_269,256,53619,1948
66_0000,66_0000_270,256,53547,1924
66_0000,66_0000_271,256,53772,2276
66_0000,66_0000_272,256,53763,1684
66_0000,66_0000_273,256,53559,1544
66_0000,66_0000_274,256,53502,1488
66_0000,66_0000_275,256,53490,1460
66_0000,66_0000_276,256,53298,2012
66_0000,66_0000_277,256,53367,2064
66_0000,66_0000_278,256,53217,1872
66_0000,66_0000_279,256,53298,1904
66_0000,66_0000_280,256,53172,2148
66_0000,66_0000_281,256,53130,2136
66_0000,66_0000_282,256,53085,2184
66_0000,66_0000_283,256,53382,1760
66_0000,66_0000_284,256,53631,2296
66_0000,66_0000_285,256,53478,2448
66_0000,66_0000_286,256,53184,2260
66_0000,66_0000_287,256,53010,2344
66_0000,66_0000_288,256,52857,2280
66_0000,66_0000_289,256,52650,1952
66_0000,66_0000_290,256,52527,1972
66_0000,66_0000_291,256,52224,1764
66_0000,66_0000_292,256,52023,2116
66_0000,66_0000_293,256,51759,2512
66_0000,66_0000_294,256,51702,2256
66_0000,66_0000_295,256,51480,2088
66_0000,66_0000_296,256,51243,2176
66_0000,66_0000_297,256,50838,2096
66_0000,66_0000_298,256,50646,2108
66_0000,66_0000_299,256,50481,2040
66_0000,66_0000_300,256,50187,2536
66_0000,66_0000_301,256,49956,2808
66_0000,66_0000_302,256,49650,2752
66_0000,66_0000_303,256,49515,2700
66_0000,66_0000_304,256,49110,2656
66_0000,66_0000_305,256,48855,2476
66_0000,66_0000_306,256,48579,2200
66_0000,66_0000_307,256,48282,2488
66_0000,66_0000_308,256,48069,2824
66_0000,66_0000_309,256,47781,2632
66_0000,66_0000_310,256,47595,2692
66_0000,66_0000_311,256,47241,2740
66_0000,66_0000_312,256,46920,2584
66_0000,66_0000_313,256,46566,2312
66_0000,66_0000_314,256,46206,2328
66_0000,66_0000_315,256,46008,2392
66_0000,66_0000_316,256,45576,2128
66_0000,66_0000_317,256,45219,2236
66_0000,66_0000_318,256,44913,2368
66_0000,66_0000_319,256,44562,2432
66_0000,66_0000_320,256,44280,2528
66_0000,66_0000_321,256,44103,2700
66_0000,66_0000_322,256,43758,2508
66_0000,66_0000_323,256,43281,2192
66_0000,66_0000_324,256,42999,2052
66_0000,66_0000_325,256,42669,1712
66_0000,66_0000_326,256,42540,1456
66_0000,66_0000_327,256,42093,1520
66_0000,66_0000_328,256,41691,1652
66_0000,66_0000_329,256,41382,1728
66_0000,66_0000_330,256,41022,1552
66_0000,66_0000_331,256,40701,1540
66_0000,66_0000_332,256,40344,1440
66_0000,66_0000_333,256,39951,1036
66_0000,66_0000_334,256,39642,1128
66_0000,66_0000_335,256,39345,1124
66_0000,66_0000_336,256,38994,1360
66_0000,66_0000_337,256,38721,876
66_0000,66_0000_338,256,38373,972
66_0000,66_0000_339,256,38040,944
66_0000,66_0000_340,256,37686,848
66_0000,66_0000_341,256,37326,740
66_0000,66_0000_342,256,36975,796
66_0000,66_0000_343,256,36651,776
66_0000,66_0000_344,256,36348,680
66_0000,66_0000_345,256,35943,672
66_0000,66_0000_346,256,35616,324
66_0000,66_0000_347,256,35304,416
66_0000,66_0000_348,256,34860,564
66_0000,66_0000_349,256,34506,652
66_0000,66_0000_350,256,34104,716
66_0000,66_0000_351,256,33639,580
66_0000,66_0000_352,256,33126,412
66_0000,66_0000_353,256,32604,360
66_0000,66_0000_354,256,32268,256
66_0000,66_0000_355,256,31851,376
66_0000,66_0000_356,256,31305,564
66_0000,66_0000_357,256,30741,416
66_0000,66_0000_358,256,30258,448
66_0000,66_0000_359,256,29796,380
66_0000,66_0000_360,256,29340,228
66_0000,66_0000_361,256,28803,252
66_0000,66_0000_362,256,28242,176
66_0000,66_0000_363,256,27585,204
66_0000,66_0000_364,256,27009,0
66_0000,66_0000_365,256,26451,92
66_0000,66_0000_366,256,25869,0
66_0000,66_0000_367,256,25029,0
66_0000,66_0000_368,256,24474,20
66_0000,66_0000_369,256,23862,300
66_0000,66_0000_370,256,23121,80
66_0000,66_0000_371,256,22461,392
66_0000,66_0000_372,256,21825,516
66_0000,66_0000_373,256,21312,564
66_0000,66_0000_374,256,20730,484
66_0000,66_0000_375,256,20262,188
66_0000,66_0000_376,256,19815,72
66_0000,66_0000_377,256,19356,0
66_0000,66_0000_378,256,18870,0
66_0000,66_0000_379,256,18375,0
66_0000,66_0000_380,256,17967,96
66_0000,66_0000_381,256,17595,52
66_0000,66_0000_382,256,17136,80
66_0000,66_0000_383,256,16746,0
66_0000,66_0000_384,256,16350,0
66_0000,66_0000_385,256,15951,0
66_0000,66_0000_386,256,15510,0
66_0000,66_0000_387,256,15096,0
66_0000,66_0000_388,256,14547,0
66_0000,66_0000_389,256,14043,0
66_0000,66_0000_390,256,13554,0
66_0000,66_0000_391,256,13080,0
66_0000,66_0000_392,256,12549,0
66_0000,66_0000_393,256,12087,0
66_0000,66_0000_394,256,11691,0
66_0000,66_0000_395,256,11292,0
66_0000,66_0000_396,256,10896,0
66_0000,66_0000_397,256,10452,0
66_0000,66_0000_398,256,10044,0
66_0000,66_0000_399,256,9597,0
66_0000,66_0000_400,256,9156,0
66_0000,66_0000_401,256,8703,0
66_0000,66_0000_402,256,8232,0
66_0000,66_0000_403,256,7752,0
66_0000,66_0000_404,256,7251,0
66_0000,66_0000_405,256,6765,0
66_0000,66_0000_406,256,6279,0
66_0000,66_0000_407,256,5775,0
66_0000,66_0000_408,256,5319,0
66_0000,66_0000_409,256,4857,0
66_0000,66_0000_410,256,4389,0
66_0000,66_0000_411,256,3888,0
66_0000,66_0000_412,256,3492,32
66_0000,66_0000_413,256,3051,0
66_0000,66_0000_414,256,2607,0
66_0000,66_0000_415,256,2142,280
66_0000,66_0000_416,256,1671,336
66_0000,66_0000_417,256,1011,4
66_0000,66_0000_418,256,558,124
66_0000,66_0000_419,256,459,80
66_0000,66_0000_420,256,264,316
66_0000,66_0000_421,256,36,148
66_0000,66_0000_422,256,0,0
66_0000,66_0000_423,256,0,0
66_0000,66_0000_424,256,0,0
66_0000,66_0000_425,256,0,0
66_0000,66_0000_426,256,0,0
66_0000,66_0000_427,256,0,0
66_0000,66_0000_428,256,0,0
66_0000,66_0000_429,256,0,0
66_0000,66_0000_430,256,0,0
67_0000,67_0000_000,256,0,0
67_0000,67_0000_001,256,0,0
67_0000,67_0000_002,256,0,0
67_0000,67_0000_003,256,0,0
67_0000,67_0000_004,256,0,0
67_0000,67_0000_005,256,0,0
67_0000,67_0000_006,256,0,0
67_0000,67_0000_007,256,0,0
67_0000,67_0000_008,256,0,0
67_0000,67_0000_009,256,0,0
67_0000,67_0000_010,256,0,0
67_0000,67_0000_011,256,0,0
67_0000,67_0000_012,256,0,0
67_0000,67_0000_013,256,0,0
67_0000,67_0000_014,256,0,0
67_0000,67_0000_015,256,0,0
67_0000,67_0000_016,256,0,0
67_0000,67_0000_017,256,0,0
67_0000,67_0000_018,256,0,0
67_0000,67_0000_019,256,0,0
67_0000,67_0000_020,256,0,0
67_0000,67_0000_021,256,0,0
67_0000,67_0000_022,256,0,0
67_0000,67_0000_023,256,0,0
67_0000,67_0000_024,256,0,0
67_0000,67_0000_025,256,0,0
67_0000,67_0000_026,256,0,0
67_0000,67_0000_027,256,0,0
67_0000,67_0000_028,256,0,0
67_0000,67_0000_029,256,0,0
67_0000,67_0000_030,256,0,0
67_0000,67_0000_031,256,0,0
67_0000,67_0000_032,256,0,0
67_0000,67_0000_033,256,9,0
67_0000,67_0000_034,256,21,20
67_0000,67_0000_035,256,30,20
67_0000,67_0000_036,256,33,72
67_0000,67_0000_037,256,84,180
67_0000,67_0000_038,256,159,368
67_0000,67_0000_039,256,246,396
67_0000,67_0000_040,256,312,424
67_0000,67_0000_041,256,378,492
67_0000,67_0000_042,256,486,580
67_0000,67_0000_043,256,561,656
67_0000,67_0000_044,256,663,624
67_0000,67_0000_045,256,819,932
67_0000,67_0000_046,256,804,656
67_0000,67_0000_047,256,975,684
67_0000,67_0000_048,256,1125,704
67_0000,67_0000_049,256,1215,760
67_0000,67_0000_050,256,1386,800
67_0000,67_0000_051,256,1500,748
67_0000,67_0000_052,256,1710,984
67_0000,67_0000_053,256,1947,1056
67_0000,67_0000_054,256,2217,1516
67_0000,67_0000_055,256,2508,1412
67_0000,67_0000_056,256,2751,2068
67_0000,67_0000_057,256,3075,1700
67_0000,67_0000_058,256,3390,1944
67_0000,67_0000_059,256,3711,2212
67_0000,67_0000_060,256,4059,2328
67_0000,67_0000_061,256,4320,2404
67_0000,67_0000_062,256,4515,2508
67_0000,67_0000_063,256,4812,2708
67_0000,67_0000_064,256,5160,2872
67_0000,67_0000_065,256,5685,3100
67_0000,67_0000_066,256,6006,3180
67_0000,67_0000_067,256,6276,3128
67_0000,67_0000_068,256,6759,2948
67_0000,67_0000_069,256,7458,3428
67_0000,67_0000_070,256,7800,3400
67_0000,67_0000_071,256,8196,3632
67_0000,67_0000_072,256,8670,3668
67_0000,67_0000_073,256,9351,3804
67_0000,67_0000_074,256,9876,3808
67_0000,67_0000_075,256,10491,4036
67_0000,67_0000_076,256,11538,4156
67_0000,67_0000_077,256,12264,4568
67_0000,67_0000_078,256,12801,3988
67_0000,67_0000_079,256,13419,3788
67_0000,67_0000_080,256,14094,3876
67_0000,67_0000_081,256,15012,4228
67_0000,67_0000_082,256,15816,4156
67_0000,67_0000_083,256,16599,4196
67_0000,67_0000_084,256,17217,3996
67_0000,67_0000_085,256,18132,3980
67_0000,67_0000_086,256,18885,4084
67_0000,67_0000_087,256,19509,3876
67_0000,67_0000_088,256,20196,4068
67_0000,67_0000_089,256,21201,4356
67_0000,67_0000_090,256,21987,4028
67_0000,67_0000_091,256,22821,3992
67_0000,67_0000_092,256,23451,4176
67_0000,67_0000_093,256,23859,3804
67_0000,67_0000_094,256,24942,3680
67_0000,67_0000_095,256,26184,3868
67_0000,67_0000_096,256,28155,3856
67_0000,67_0000_097,256,29166,4272
67_0000,67_0000_098,256,29763,4392
67_0000,67_0000_099,256,30447,4584
67_0000,67_0000_100,256,30921,4740
67_0000,67_0000_101,256,31182,4652
67_0000,67_0000_102,256,31224,4228
67_0000,67_0000_103,256,31653,4252
67_0000,67_0000_104,256,32073,4320
67_0000,67_0000_105,256,32253,4444
67_0000,67_0000_106,256,32589,4556
67_0000,67_0000_107,256,33024,4516
67_0000,67_0000_108,256,33339,4532
67_0000,67_0000_109,256,33624,4440
67_0000,67_0000_110,256,33864,4436
67_0000,67_0000_111,256,34182,4808
67_0000,67_0000_112,256,34524,4996
67_0000,67_0000_113,256,35052,5056
67_0000,67_0000_114,256,35418,4576
67_0000,67_0000_115,256,35730,4436
67_0000,67_0000_116,256,36240,4548
67_0000,67_0000_117,256,36849,4916
67_0000,67_0000_118,256,37230,4856
67_0000,67_0000_119,256,37509,4940
67_0000,67_0000_120,256,37821,5336
67_0000,67_0000_121,256,38304,5360
67_0000,67_0000_122,256,38763,5344
67_0000,67_0000_123,256,39264,5352
67_0000,67_0000_124,256,40014,5172
67_0000,67_0000_125,256,40317,5116
67_0000,67_0000_126,256,40941,4696
67_0000,67_0000_127,256,41562,4904
67_0000,67_0000_128,256,42249,4900
67_0000,67_0000_129,256,42756,4744
67_0000,67_0000_130,256,43314,4632
67_0000,67_0000_131,256,44295,5220
67_0000,67_0000_132,256,45159,4988
67_0000,67_0000_133,256,45945,5352
67_0000,67_0000_134,256,46434,4488
67_0000,67_0000_135,256,47043,3912
67_0000,67_0000_136,256,47682,3932
67_0000,67_0000_137,256,48594,3952
67_0000,67_0000_138,256,49653,4296
67_0000,67_0000_139,256,50286,4524
67_0000,67_0000_140,256,51312,4148
67_0000,67_0000_141,256,52629,4580
67_0000,67_0000_142,256,53484,4312
67_0000,67_0000_143,256,53547,4236
67_0000,67_0000_144,256,53691,4132
67_0000,67_0000_145,256,53703,4404
67_0000,67_0000_146,256,53772,3992
67_0000,67_0000_147,256,53862,3220
67_0000,67_0000_148,256,54054,2652
67_0000,67_0000_149,256,53994,1928
67_0000,67_0000_150,256,54111,1716
67_0000,67_0000_151,256,54273,1416
67_0000,67_0000_152,256,54498,1456
67_0000,67_0000_153,256,54702,1304
67_0000,67_0000_154,256,54666,1840
67_0000,67_0000_155,256,54753,1824
67_0000,67_0000_156,256,54720,1696
67_0000,67_0000_157,256,54765,1396
67_0000,67_0000_158,256,54951,1344
67_0000,67_0000_159,256,55236,1240
67_0000,67_0000_160,256,55719,1612
67_0000,67_0000_161,256,55908,1664
67_0000,67_0000_162,256,56283,1532
67_0000,67_0000_163,256,56397,1496
67_0000,67_0000_164,256,56475,1420
67_0000,67_0000_165,256,56718,952
67_0000,67_0000_166,256,56784,988
67_0000,67_0000_167,256,56781,1020
67_0000,67_0000_168,256,56979,968
67_0000,67_0000_169,256,57078,672
67_0000,67_0000_170,256,57303,832
67_0000,67_0000_171,256,57483,1116
67_0000,67_0000_172,256,57612,1028
67_0000,67_0000_173,256,57678,1376
67_0000,67_0000_174,256,57873,1432
67_0000,67_0000_175,256,57945,1452
67_0000,67_0000_176,256,58146,1540
67_0000,67_0000_177,256,58182,1680
67_0000,67_0000_178,256,58182,1760
67_0000,67_0000_179,256,58092,1928
67_0000,67_0000_180,256,57915,2000
67_0000,67_0000_181,256,57963,2124
67_0000,67_0000_182,256,57894,1792
67_0000,67_0000_183,256,57852,1364
67_0000,67_0000_184,256,58251,1268
67_0000,67_0000_185,256,58353,1260
67_0000,67_0000_186,256,58305,1432
67_0000,67_0000_187,256,58410,1240
67_0000,67_0000_188,256,58494,1168
67_0000,67_0000_189,256,58410,904
67_0000,67_0000_190,256,58446,812
67_0000,67_0000_191,256,58530,940
67_0000,67_0000_192,256,58647,780
67_0000,67_0000_193,256,58725,728
67_0000,67_0000_194,256,58803,808
67_0000,67_0000_195,256,58794,676
67_0000,67_0000_196,256,58992,696
67_0000,67_0000_197,256,59196,660
67_0000,67_0000_198,256,58983,692
67_0000,67_0000_199,256,58818,564
67_0000,67_0000_200,256,58716,888
67_0000,67_0000_201,256,58398,1020
67_0000,67_0000_202,256,58320,648
67_0000,67_0000_203,256,58230,624
67_0000,67_0000_204,256,58308,652
67_0000,67_0000_205,256,58452,600
67_0000,67_0000_206,256,58398,760
67_0000,67_0000_207,256,58500,1088
67_0000,67_0000_208,256,58602,1256
67_0000,67_0000_209,256,58791,1220
67_0000,67_0000_210,256,58776,1512
67_0000,67_0000_211,256,58869,1580
67_0000,67_0000_212,256,58905,1380
67_0000,67_0000_213,256,58731,992
67_0000,67_0000_214,256,58782,960
67_0000,67_0000_215,256,58707,1048
67_0000,67_0000_216,256,58566,1012
67_0000,67_0000_217,256,58602,984
67_0000,67_0000_218,256,58581,864
67_0000,67_0000_219,256,58308,940
67_0000,67_0000_220,256,58338,912
67_0000,67_0000_221,256,58401,1344
67_0000,67_0000_222,256,58482,1292
67_0000,67_0000_223,256,58575,1440
67_0000,67_0000_224,256,58521,1556
67_0000,67_0000_225,256,58332,1588
67_0000,67_0000_226,256,58221,1416
67_0000,67_0000_227,256,58059,1384
67_0000,67_0000_228,256,57873,1708
67_0000,67_0000_229,256,57705,2128
67_0000,67_0000_230,256,57567,1676
67_0000,67_0000_231,256,57426,1852
67_0000,67_0000_232,256,57369,1560
67_0000,67_0000_233,256,57339,1672
67_0000,67_0000_234,256,57084,1772
67_0000,67_0000_235,256,57015,1896
67_0000,67_0000_236,256,57294,1672
67_0000,67_0000_237,256,57423,1572
67_0000,67_0000_238,256,57597,1448
67_0000,67_0000_239,256,57504,1340
67_0000,67_0000_240,256,57447,1276
67_0000,67_0000_241,256,57324,1504
67_0000,67_0000_242,256,57213,2028
67_0000,67_0000_243,256,57117,2476
67_0000,67_0000_244,256,56955,2580
67_0000,67_0000_245,256,56796,2280
67_0000,67_0000_246,256,56712,2224
67_0000,67_0000_247,256,56601,2116
67_0000,67_0000_248,256,56415,1476
67_0000,67_0000_249,256,56112,1156
67_0000,67_0000_250,256,56049,1012
67_0000,67_0000_251,256,56013,1296
67_0000,67_0000_252,256,55857,1552
67_0000,67_0000_253,256,55554,1824
67_0000,67_0000_254,256,55266,1856
67_0000,67_0000_255,256,54930,1668
67_0000,67_0000_256,256,54519,1512
67_0000,67_0000_257,256,54147,1428
67_0000,67_0000_258,256,53700,1508
67_0000,67_0000_259,256,53376,1772
67_0000,67_0000_260,256,53031,1736
67_0000,67_0000_261,256,52656,1828
67_0000,67_0000_262,256,52128,1924
67_0000,67_0000_263,256,51699,1772
67_0000,67_0000_264,256,51273,1624
67_0000,67_0000_265,256,50874,1508
67_0000,67_0000_266,256,50505,1432
67_0000,67_0000_267,256,50070,1424
67_0000,67_0000_268,256,49752,1044
67_0000,67_0000_269,256,49431,764
67_0000,67_0000_270,256,48987,968
67_0000,67_0000_271,256,48549,1168
67_0000,67_0000_272,256,48126,1384
67_0000,67_0000_273,256,47667,772
67_0000,67_0000_274,256,47136,404
67_0000,67_0000_275,256,46773,360
67_0000,67_0000_276,256,46365,524
67_0000,67_0000_277,256,45960,708
67_0000,67_0000_278,256,45504,724
67_0000,67_0000_279,256,45084,628
67_0000,67_0000_280,256,44757,860
67_0000,67_0000_281,256,44274,788
67_0000,67_0000_282,256,43824,964
67_0000,67_0000_283,256,43362,1300
67_0000,67_0000_284,256,42900,876
67_0000,67_0000_285,256,42282,272
67_0000,67_0000_286,256,41646,380
67_0000,67_0000_287,256,40989,240
67_0000,67_0000_288,256,40488,160
67_0000,67_0000_289,256,39954,220
67_0000,67_0000_290,256,39384,352
67_0000,67_0000_291,256,38904,656
67_0000,67_0000_292,256,38436,848
67_0000,67_0000_293,256,37923,1036
67_0000,67_0000_294,256,37461,1028
67_0000,67_0000_295,256,37074,564
67_0000,67_0000_296,256,36510,832
67_0000,67_0000_297,256,36015,1072
67_0000,67_0000_298,256,35634,608
67_0000,67_0000_299,256,35178,668
67_0000,67_0000_300,256,34629,424
67_0000,67_0000_301,256,34146,368
67_0000,67_0000_302,256,33717,488
67_0000,67_0000_303,256,33309,492
67_0000,67_0000_304,256,32925,308
67_0000,67_0000_305,256,32475,620
67_0000,67_0000_306,256,32091,748
67_0000,67_0000_307,256,31647,800
67_0000,67_0000_308,256,31263,984
67_0000,67_0000_309,256,30753,1176
67_0000,67_0000_310,256,30285,1208
67_0000,67_0000_311,256,29814,1024
67_0000,67_0000_312,256,29214,844
67_0000,67_0000_313,256,28650,944
67_0000,67_0000_314,256,28110,956
67_0000,67_0000_315,256,27615,828
67_0000,67_0000_316,256,27009,736
67_0000,67_0000_317,256,26493,676
67_0000,67_0000_318,256,25974,1240
67_0000,67_0000_319,256,25386,708
67_0000,67_0000_320,256,24783,928
67_0000,67_0000_321,256,24129,724
67_0000,67_0000_322,256,23643,412
67_0000,67_0000_323,256,23112,376
67_0000,67_0000_324,256,22503,368
67_0000,67_0000_325,256,21966,144
67_0000,67_0000_326,256,21384,72
67_0000,67_0000_327,256,20877,420
67_0000,67_0000_328,256,20373,584
67_0000,67_0000_329,256,19920,384
67_0000,67_0000_330,256,19404,468
67_0000,67_0000_331,256,18963,620
67_0000,67_0000_332,256,18612,432
67_0000,67_0000_333,256,18177,336
67_0000,67_0000_334,256,17718,472
67_0000,67_0000_335,256,17280,460
67_0000,67_0000_336,256,16734,424
67_0000,67_0000_337,256,16371,328
67_0000,67_0000_338,256,15855,232
67_0000,67_0000_339,256,15408,316
67_0000,67_0000_340,256,14985,244
67_0000,67_0000_341,256,14619,116
67_0000,67_0000_342,256,14226,400
67_0000,67_0000_343,256,13830,492
67_0000,67_0000_344,256,13470,452
67_0000,67_0000_345,256,13053,468
67_0000,67_0000_346,256,12588,204
67_0000,67_0000_347,256,12069,208
67_0000,67_0000_348,256,11478,188
67_0000,67_0000_349,256,11001,148
67_0000,67_0000_350,256,10509,240
67_0000,67_0000_351,256,9975,368
67_0000,67_0000_352,256,9510,444
67_0000,67_0000_353,256,9093,476
67_0000,67_0000_354,256,8601,568
67_0000,67_0000_355,256,8025,428
67_0000,67_0000_356,256,7542,388
67_0000,67_0000_357,256,7131,372
67_0000,67_0000_358,256,6744,420
67_0000,67_0000_359,256,6300,576
67_0000,67_0000_360,256,5904,496
67_0000,67_0000_361,256,5358,316
67_0000,67_0000_362,256,4908,328
67_0000,67_0000_363,256,4431,308
67_0000,67_0000_364,256,3990,300
67_0000,67_0000_365,256,3579,0
67_0000,67_0000_366,256,3294,0
67_0000,67_0000_367,256,2931,0
67_0000,67_0000_368,256,2577,0
67_0000,67_0000_369,256,2187,0
67_0000,67_0000_370,256,1731,312
67_0000,67_0000_371,256,1269,468
67_0000,67_0000_372,256,891,560
67_0000,67_0000_373,256,39,112
67_0000,67_0000_374,256,0,0
67_0000,67_0000_375,256,0,0
80_0000,80_0000_000,256,0,0
80_0000,80_0000_001,256,0,0
80_0000,80_0000_002,256,0,0
80_0000,80_0000_003,256,0,0
80_0000,80_0000_004,256,0,0
80_0000,80_0000_005,256,0,0
80_0000,80_0000_006,256,0,0
80_0000,80_0000_007,256,0,0
80_0000,80_0000_008,256,0,0
80_0000,80_0000_009,256,0,0
80_0000,80_0000_010,256,0,0
80_0000,80_0000_011,256,0,0
80_0000,80_0000_012,256,0,0
80_0000,80_0000_013,256,0,0
80_0000,80_0000_014,256,0,0
80_0000,80_0000_015,256,0,0
80_0000,80_0000_016,256,0,0
80_0000,80_0000_017,256,0,0
80_0000,80_0000_018,256,0,0
80_0000,80_0000_019,256,0,0
80_0000,80_0000_020,256,0,0
80_0000,80_0000_021,256,0,0
80_0000,80_0000_022,256,0,0
80_0000,80_0000_023,256,0,0
80_0000,80_0000_024,256,0,0
80_0000,80_0000_025,256,0,0
80_0000,80_0000_026,256,0,0
80_0000,80_0000_027,256,0,0
80_0000,80_0000_028,256,0,0
80_0000,80_0000_029,256,0,0
80_0000,80_0000_030,256,0,0
80_0000,80_0000_031,256,0,0
80_0000,80_0000_032,256,0,0
80_0000,80_0000_033,256,0,0
80_0000,80_0000_034,256,0,0
80_0000,80_0000_035,256,0,0
80_0000,80_0000_036,256,0,0
80_0000,80_0000_037,256,0,0
80_0000,80_0000_038,256,0,0
80_0000,80_0000_039,256,0,0
80_0000,80_0000_040,256,0,0
80_0000,80_0000_041,256,0,0
80_0000,80_0000_042,256,0,0
80_0000,80_0000_043,256,3,0
80_0000,80_0000_044,256,48,224
80_0000,80_0000_045,256,96,212
80_0000,80_0000_046,256,174,332
80_0000,80_0000_047,256,234,212
80_0000,80_0000_048,256,231,372
80_0000,80_0000_049,256,258,276
80_0000,80_0000_050,256,315,320
80_0000,80_0000_051,256,375,384
80_0000,80_0000_052,256,360,452
80_0000,80_0000_053,256,429,308
80_0000,80_0000_054,256,486,632
80_0000,80_0000_055,256,591,692
80_0000,80_0000_056,256,645,728
80_0000,80_0000_057,256,636,280
80_0000,80_0000_058,256,669,316
80_0000,80_0000_059,256,750,444
80_0000,80_0000_060,256,864,976
80_0000,80_0000_061,256,996,836
80_0000,80_0000_062,256,1008,596
80_0000,80_0000_063,256,1152,584
80_0000,80_0000_064,256,1131,784
80_0000,80_0000_065,256,1227,616
80_0000,80_0000_066,256,1419,232
80_0000,80_0000_067,256,1488,352
80_0000,80_0000_068,256,1575,592
80_0000,80_0000_069,256,1881,444
80_0000,80_0000_070,256,1932,708
80_0000,80_0000_071,256,2178,1116
80_0000,80_0000_072,256,2310,936
80_0000,80_0000_073,256,2526,1020
80_0000,80_0000_074,256,2634,1268
80_0000,80_0000_075,256,2664,972
80_0000,80_0000_076,256,2847,840
80_0000,80_0000_077,256,3147,828
80_0000,80_0000_078,256,3333,1016
80_0000,80_0000_079,256,3372,816
80_0000,80_0000_080,256,3600,936
80_0000,80_0000_081,256,3666,916
80_0000,80_0000_082,256,3867,936
80_0000,80_0000_083,256,4083,748
80_0000,80_0000_084,256,4257,1140
80_0000,80_0000_085,256,4479,664
80_0000,80_0000_086,256,4806,1060
80_0000,80_0000_087,256,4845,1000
80_0000,80_0000_088,256,5199,1072
80_0000,80_0000_089,256,5286,1604
80_0000,80_0000_090,256,5559,1648
80_0000,80_0000_091,256,5724,988
80_0000,80_0000_092,256,6060,940
80_0000,80_0000_093,256,6297,1180
80_0000,80_0000_094,256,6429,1096
80_0000,80_0000_095,256,6627,740
80_0000,80_0000_096,256,7023,1280
80_0000,80_0000_097,256,7236,1444
80_0000,80_0000_098,256,7422,628
80_0000,80_0000_099,256,7746,792
80_0000,80_0000_100,256,7935,648
80_0000,80_0000_101,256,8130,1008
80_0000,80_0000_102,256,8379,772
80_0000,80_0000_103,256,8619,880
80_0000,80_0000_104,256,8916,748
80_0000,80_0000_105,256,9006,1004
80_0000,80_0000_106,256,9348,580
80_0000,80_0000_107,256,9672,960
80_0000,80_0000_108,256,9993,920
80_0000,80_0000_109,256,10311,860
80_0000,80_0000_110,256,10677,1112
80_0000,80_0000_111,256,10995,1296
80_0000,80_0000_112,256,11046,1124
80_0000,80_0000_113,256,11319,1516
80_0000,80_0000_114,256,11784,1268
80_0000,80_0000_115,256,12144,1160
80_0000,80_0000_116,256,12471,1232
80_0000,80_0000_117,256,12765,1680
80_0000,80_0000_118,256,13029,1436
80_0000,80_0000_119,256,13362,1776
80_0000,80_0000_120,256,13905,1496
80_0000,80_0000_121,256,14310,1564
80_0000,80_0000_122,256,14667,2192
80_0000,80_0000_123,256,14985,1932
80_0000,80_0000_124,256,15402,1948
80_0000,80_0000_125,256,15828,1152
80_0000,80_0000_126,256,16068,428
80_0000,80_0000_127,256,16230,1052
80_0000,80_0000_128,256,16752,1592
80_0000,80_0000_129,256,17319,1832
80_0000,80_0000_130,256,17538,1556
80_0000,80_0000_131,256,18006,2112
80_0000,80_0000_132,256,18675,2192
80_0000,80_0000_133,256,19164,1688
80_0000,80_0000_134,256,19593,1952
80_0000,80_0000_135,256,20040,1956
80_0000,80_0000_136,256,20373,992
80_0000,80_0000_137,256,20985,1800
80_0000,80_0000_138,256,21357,1328
80_0000,80_0000_139,256,21795,812
80_0000,80_0000_140,256,22377,980
80_0000,80_0000_141,256,22776,1064
80_0000,80_0000_142,256,23274,1040
80_0000,80_0000_143,256,23745,1008
80_0000,80_0000_144,256,24183,892
80_0000,80_0000_145,256,24723,872
80_0000,80_0000_146,256,25047,1016
80_0000,80_0000_147,256,25569,1328
80_0000,80_0000_148,256,25980,1352
80_0000,80_0000_149,256,26433,1604
80_0000,80_0000_150,256,26925,1536
80_0000,80_0000_151,256,27399,1308
80_0000,80_0000_152,256,27930,1148
80_0000,80_0000_153,256,28518,1664
80_0000,80_0000_154,256,28920,2008
80_0000,80_0000_155,256,29499,2228
80_0000,80_0000_156,256,29961,1768
80_0000,80_0000_157,256,30537,1728
80_0000,80_0000_158,256,30993,1788
80_0000,80_0000_159,256,31356,1688
80_0000,80_0000_160,256,32067,1152
80_0000,80_0000_161,256,32583,1040
80_0000,80_0000_162,256,33498,848
80_0000,80_0000_163,256,34170,992
80_0000,80_0000_164,256,34638,404
80_0000,80_0000_165,256,35193,644
80_0000,80_0000_166,256,35685,816
80_0000,80_0000_167,256,36102,744
80_0000,80_0000_168,256,36396,800
80_0000,80_0000_169,256,36792,752
80_0000,80_0000_170,256,37257,1052
80_0000,80_0000_171,256,37425,844
80_0000,80_0000_172,256,37878,588
80_0000,80_0000_173,256,38148,680
80_0000,80_0000_174,256,38367,616
80_0000,80_0000_175,256,38565,840
80_0000,80_0000_176,256,38502,640
80_0000,80_0000_177,256,38868,1100
80_0000,80_0000_178,256,38922,1096
80_0000,80_0000_179,256,39048,756
80_0000,80_0000_180,256,39102,744
80_0000,80_0000_181,256,39117,652
80_0000,80_0000_182,256,39111,292
80_0000,80_0000_183,256,39219,316
80_0000,80_0000_184,256,39336,464
80_0000,80_0000_185,256,39456,976
80_0000,80_0000_186,256,39471,332
80_0000,80_0000_187,256,39564,128
80_0000,80_0000_188,256,39435,540
80_0000,80_0000_189,256,39429,572
80_0000,80_0000_190,256,39357,912
80_0000,80_0000_191,256,39351,1112
80_0000,80_0000_192,256,39339,884
80_0000,80_0000_193,256,39417,652
80_0000,80_0000_194,256,39582,524
80_0000,80_0000_195,256,39507,672
80_0000,80_0000_196,256,39717,968
80_0000,80_0000_197,256,39831,624
80_0000,80_0000_198,256,39744,764
80_0000,80_0000_199,256,39981,432
80_0000,80_0000_200,256,40080,396
80_0000,80_0000_201,256,39906,1160
80_0000,80_0000_202,256,40281,1528
80_0000,80_0000_203,256,40410,1552
80_0000,80_0000_204,256,40557,1704
80_0000,80_0000_205,256,40650,1852
80_0000,80_0000_206,256,40629,1152
80_0000,80_0000_207,256,40608,376
80_0000,80_0000_208,256,40701,632
80_0000,80_0000_209,256,40818,832
80_0000,80_0000_210,256,40827,1076
80_0000,80_0000_211,256,40782,1356
80_0000,80_0000_212,256,41127,1872
80_0000,80_0000_213,256,41076,1400
80_0000,80_0000_214,256,40962,928
80_0000,80_0000_215,256,41280,596
80_0000,80_0000_216,256,41508,724
80_0000,80_0000_217,256,41745,1000
80_0000,80_0000_218,256,41961,1556
80_0000,80_0000_219,256,41991,1660
80_0000,80_0000_220,256,42216,2012
80_0000,80_0000_221,256,42471,1900
80_0000,80_0000_222,256,42669,1868
80_0000,80_0000_223,256,43050,1904
80_0000,80_0000_224,256,43149,1976
80_0000,80_0000_225,256,43314,2032
80_0000,80_0000_226,256,43215,2112
80_0000,80_0000_227,256,43425,1808
80_0000,80_0000_228,256,43326,1624
80_0000,80_0000_229,256,43320,1304
80_0000,80_0000_230,256,43350,840
80_0000,80_0000_231,256,43371,564
80_0000,80_0000_232,256,43176,376
80_0000,80_0000_233,256,43209,868
80_0000,80_0000_234,256,43134,1004
80_0000,80_0000_235,256,43101,836
80_0000,80_0000_236,256,43083,612
80_0000,80_0000_237,256,43110,1296
80_0000,80_0000_238,256,43329,1672
80_0000,80_0000_239,256,43011,1452
80_0000,80_0000_240,256,43155,1472
80_0000,80_0000_241,256,43197,1512
80_0000,80_0000_242,256,42936,1932
80_0000,80_0000_243,256,42738,1324
80_0000,80_0000_244,256,42750,1248
80_0000,80_0000_245,256,42765,1424
80_0000,80_0000_246,256,42507,2028
80_0000,80_0000_247,256,42783,1524
80_0000,80_0000_248,256,42768,1064
80_0000,80_0000_249,256,42819,1232
80_0000,80_0000_250,256,42825,1736
80_0000,80_0000_251,256,42606,2892
80_0000,80_0000_252,256,42666,3364
80_0000,80_0000_253,256,42645,2696
80_0000,80_0000_254,256,42990,1988
80_0000,80_0000_255,256,43017,2000
80_0000,80_0000_256,256,43041,2180
80_0000,80_0000_257,256,42948,1660
80_0000,80_0000_258,256,42960,2096
80_0000,80_0000_259,256,42849,2728
80_0000,80_0000_260,256,42711,2296
80_0000,80_0000_261,256,42378,2304
80_0000,80_0000_262,256,41976,2436
80_0000,80_0000_263,256,41949,2700
80_0000,80_0000_264,256,41760,2120
80_0000,80_0000_265,256,41982,1988
80_0000,80_0000_266,256,41856,2480
80_0000,80_0000_267,256,41934,2036
80_0000,80_0000_268,256,42150,2364
80_0000,80_0000_269,256,42246,2932
80_0000,80_0000_270,256,42504,2592
80_0000,80_0000_271,256,42699,2068
80_0000,80_0000_272,256,42591,1928
80_0000,80_0000_273,256,42975,1680
80_0000,80_0000_274,256,42489,1824
80_0000,80_0000_275,256,42381,1332
80_0000,80_0000_276,256,42708,1780
80_0000,80_0000_277,256,42522,1540
80_0000,80_0000_278,256,42414,2264
80_0000,80_0000_279,256,42378,2340
80_0000,80_0000_280,256,42288,2836
80_0000,80_0000_281,256,42351,2728
80_0000,80_0000_282,256,42516,2476
80_0000,80_0000_283,256,42759,2864
80_0000,80_0000_284,256,42549,3112
80_0000,80_0000_285,256,42549,2836
80_0000,80_0000_286,256,42684,3124
80_0000,80_0000_287,256,42876,2252
80_0000,80_0000_288,256,42942,2180
80_0000,80_0000_289,256,43080,2164
80_0000,80_0000_290,256,43062,2356
80_0000,80_0000_291,256,42732,2444
80_0000,80_0000_292,256,42825,2132
80_0000,80_0000_293,256,43350,2272
80_0000,80_0000_294,256,43302,2108
80_0000,80_0000_295,256,43359,2192
80_0000,80_0000_296,256,43143,2300
80_0000,80_0000_297,256,42975,1964
80_0000,80_0000_298,256,42963,1796
80_0000,80_0000_299,256,42711,1412
80_0000,80_0000_300,256,42282,1420
80_0000,80_0000_301,256,42252,1408
80_0000,80_0000_302,256,42234,1232
80_0000,80_0000_303,256,42492,1308
80_0000,80_0000_304,256,42648,484
80_0000,80_0000_305,256,42897,688
80_0000,80_0000_306,256,42657,672
80_0000,80_0000_307,256,42756,784
80_0000,80_0000_308,256,42696,876
80_0000,80_0000_309,256,42477,1188
80_0000,80_0000_310,256,42486,1316
80_0000,80_0000_311,256,42384,1424
80_0000,80_0000_312,256,42243,1236
80_0000,80_0000_313,256,42138,1920
80_0000,80_0000_314,256,42063,1288
80_0000,80_0000_315,256,41664,1260
80_0000,80_0000_316,256,41538,1156
80_0000,80_0000_317,256,41463,1172
80_0000,80_0000_318,256,41511,1152
80_0000,80_0000_319,256,41340,824
80_0000,80_0000_320,256,41448,1268
80_0000,80_0000_321,256,41517,1544
80_0000,80_0000_322,256,41418,1196
80_0000,80_0000_323,256,41442,1140
80_0000,80_0000_324,256,41592,1432
80_0000,80_0000_325,256,41673,1300
80_0000,80_0000_326,256,41487,1784
80_0000,80_0000_327,256,41475,1840
80_0000,80_0000_328,256,41544,1104
80_0000,80_0000_329,256,41595,1076
80_0000,80_0000_330,256,41274,828
80_0000,80_0000_331,256,41358,888
80_0000,80_0000_332,256,41481,644
80_0000,80_0000_333,256,41256,832
80_0000,80_0000_334,256,41352,548
80_0000,80_0000_335,256,41202,788
80_0000,80_0000_336,256,41100,488
80_0000,80_0000_337,256,41073,656
80_0000,80_0000_338,256,41073,636
80_0000,80_0000_339,256,40995,836
80_0000,80_0000_340,256,40935,860
80_0000,80_0000_341,256,40821,440
80_0000,80_0000_342,256,40995,888
80_0000,80_0000_343,256,41133,676
80_0000,80_0000_344,256,40956,692
80_0000,80_0000_345,256,40983,792
80_0000,80_0000_346,256,40965,732
80_0000,80_0000_347,256,41109,548
80_0000,80_0000_348,256,41259,488
80_0000,80_0000_349,256,41016,600
80_0000,80_0000_350,256,40740,480
80_0000,80_0000_351,256,40920,544
80_0000,80_0000_352,256,41067,648
80_0000,80_0000_353,256,41106,572
80_0000,80_0000_354,256,41133,544
80_0000,80_0000_355,256,41121,764
80_0000,80_0000_356,256,41076,768
80_0000,80_0000_357,256,41142,824
80_0000,80_0000_358,256,40953,1424
80_0000,80_0000_359,256,40761,1264
80_0000,80_0000_360,256,40722,1104
80_0000,80_0000_361,256,40638,992
80_0000,80_0000_362,256,40302,1264
80_0000,80_0000_363,256,40272,1232
80_0000,80_0000_364,256,40299,1556
80_0000,80_0000_365,256,40074,1664
80_0000,80_0000_366,256,40323,2268
80_0000,80_0000_367,256,40389,1968
80_0000,80_0000_368,256,40350,2040
80_0000,80_0000_369,256,40320,1920
80_0000,80_0000_370,256,40305,1640
80_0000,80_0000_371,256,40476,1532
80_0000,80_0000_372,256,40428,1496
80_0000,80_0000_373,256,40431,1444
80_0000,80_0000_374,256,40500,1488
80_0000,80_0000_375,256,40410,1524
80_0000,80_0000_376,256,40299,1728
80_0000,80_0000_377,256,40344,1572
80_0000,80_0000_378,256,40104,1564
80_0000,80_0000_379,256,40029,1584
80_0000,80_0000_380,256,40011,1508
80_0000,80_0000_381,256,39933,1320
80_0000,80_0000_382,256,39861,1268
80_0000,80_0000_383,256,39873,1488
80_0000,80_0000_384,256,39633,1336
80_0000,80_0000_385,256,39687,1396
80_0000,80_0000_386,256,39645,1544
80_0000,80_0000_387,256,39504,1432
80_0000,80_0000_388,256,39462,1252
80_0000,80_0000_389,256,39432,980
80_0000,80_0000_390,256,39453,1196
80_0000,80_0000_391,256,39306,1660
80_0000,80_0000_392,256,38931,1440
80_0000,80_0000_393,256,38712,1560
80_0000,80_0000_394,256,38538,1172
80_0000,80_0000_395,256,38151,1360
80_0000,80_0000_396,256,37827,1084
80_0000,80_0000_397,256,37821,996
80_0000,80_0000_398,256,37476,1188
80_0000,80_0000_399,256,37236,812
80_0000,80_0000_400,256,37008,756
80_0000,80_0000_401,256,36573,628
80_0000,80_0000_402,256,36318,744
80_0000,80_0000_403,256,35952,820
80_0000,80_0000_404,256,35757,872
80_0000,80_0000_405,256,35613,980
80_0000,80_0000_406,256,35523,528
80_0000,80_0000_407,256,35361,916
80_0000,80_0000_408,256,35091,1108
80_0000,80_0000_409,256,34869,1072
80_0000,80_0000_410,256,34455,900
80_0000,80_0000_411,256,34347,1080
80_0000,80_0000_412,256,34326,896
80_0000,80_0000_413,256,34215,1008
80_0000,80_0000_414,256,33951,1060
80_0000,80_0000_415,256,33723,984
80_0000,80_0000_416,256,33549,1200
80_0000,80_0000_417,256,33333,2140
80_0000,80_0000_418,256,33135,1968
80_0000,80_0000_419,256,32916,1460
80_0000,80_0000_420,256,32562,1428
80_0000,80_0000_421,256,32529,1628
80_0000,80_0000_422,256,32286,1500
80_0000,80_0000_423,256,31986,1168
80_0000,80_0000_424,256,31944,1108
80_0000,80_0000_425,256,31866,1028
80_0000,80_0000_426,256,31608,1152
80_0000,80_0000_427,256,31425,1360
80_0000,80_0000_428,256,31209,1380
80_0000,80_0000_429,256,30921,1160
80_0000,80_0000_430,256,30735,852
80_0000,80_0000_431,256,30789,1508
80_0000,80_0000_432,256,30453,1284
80_0000,80_0000_433,256,30303,1580
80_0000,80_0000_434,256,30159,1608
80_0000,80_0000_435,256,30033,1744
80_0000,80_0000_436,256,29646,1672
80_0000,80_0000_437,256,29571,1492
80_0000,80_0000_438,256,29412,1200
80_0000,80_0000_439,256,29187,1300
80_0000,80_0000_440,256,28905,1068
80_0000,80_0000_441,256,28830,880
80_0000,80_0000_442,256,28590,732
80_0000,80_0000_443,256,28395,1200
80_0000,80_0000_444,256,28272,1040
80_0000,80_0000_445,256,27936,856
80_0000,80_0000_446,256,27792,928
80_0000,80_0000_447,256,27591,1084
80_0000,80_0000_448,256,27312,864
80_0000,80_0000_449,256,27087,740
80_0000,80_0000_450,256,26910,796
80_0000,80_0000_451,256,26610,604
80_0000,80_0000_452,256,26451,516
80_0000,80_0000_453,256,26268,324
80_0000,80_0000_454,256,25974,344
80_0000,80_0000_455,256,25683,276
80_0000,80_0000_456,256,25536,340
80_0000,80_0000_457,256,25275,248
80_0000,80_0000_458,256,25188,160
80_0000,80_0000_459,256,24990,480
80_0000,80_0000_460,256,24636,288
80_0000,80_0000_461,256,24321,332
80_0000,80_0000_462,256,24108,420
80_0000,80_0000_463,256,23952,440
80_0000,80_0000_464,256,23652,448
80_0000,80_0000_465,256,23316,72
80_0000,80_0000_466,256,23091,0
80_0000,80_0000_467,256,22737,200
80_0000,80_0000_468,256,22578,116
80_0000,80_0000_469,256,22278,0
80_0000,80_0000_470,256,21957,0
80_0000,80_0000_471,256,21633,0
80_0000,80_0000_472,256,21567,0
80_0000,80_0000_473,256,21186,140
80_0000,80_0000_474,256,20847,0
80_0000,80_0000_475,256,20607,0
80_0000,80_0000_476,256,20427,168
80_0000,80_0000_477,256,20004,256
80_0000,80_0000_478,256,19794,340
80_0000,80_0000_479,256,19449,356
80_0000,80_0000_480,256,19152,120
80_0000,80_0000_481,256,18870,180
80_0000,80_0000_482,256,18543,132
80_0000,80_0000_483,256,18165,256
80_0000,80_0000_484,256,17958,160
80_0000,80_0000_485,256,17583,132
80_0000,80_0000_486,256,17289,96
80_0000,80_0000_487,256,16908,28
80_0000,80_0000_488,256,16764,0
80_0000,80_0000_489,256,16464,104
80_0000,80_0000_490,256,16086,0
80_0000,80_0000_491,256,15747,88
80_0000,80_0000_492,256,15387,72
80_0000,80_0000_493,256,15123,0
80_0000,80_0000_494,256,14790,0
80_0000,80_0000_495,256,14421,0
80_0000,80_0000_496,256,14067,100
80_0000,80_0000_497,256,13839,0
80_0000,80_0000_498,256,13587,0
80_0000,80_0000_499,256,13320,0
80_0000,80_0000_500,256,12960,232
80_0000,80_0000_501,256,12699,140
80_0000,80_0000_502,256,12570,0
80_0000,80_0000_503,256,12195,0
80_0000,80_0000_504,256,11760,0
80_0000,80_0000_505,256,11502,0
80_0000,80_0000_506,256,11148,0
80_0000,80_0000_507,256,10893,0
80_0000,80_0000_508,256,10644,0
80_0000,80_0000_509,256,10392,0
80_0000,80_0000_510,256,9984,0
80_0000,80_0000_511,256,9720,0
80_0000,80_0000_512,256,9366,0
80_0000,80_0000_513,256,9027,0
80_0000,80_0000_514,256,8706,0
80_0000,80_0000_515,256,8430,4
80_0000,80_0000_516,256,8085,52
80_0000,80_0000_517,256,7812,0
80_0000,80_0000_518,256,7479,0
80_0000,80_0000_519,256,7122,4
80_0000,80_0000_520,256,6804,44
80_0000,80_0000_521,256,6435,48
80_0000,80_0000_522,256,6147,96
80_0000,80_0000_523,256,5964,124
80_0000,80_0000_524,256,5667,52
80_0000,80_0000_525,256,5406,72
80_0000,80_0000_526,256,5073,28
80_0000,80_0000_527,256,4743,128
80_0000,80_0000_528,256,4440,112
80_0000,80_0000_529,256,4176,108
80_0000,80_0000_530,256,3900,0
80_0000,80_0000_531,256,3564,76
80_0000,80_0000_532,256,3285,228
80_0000,80_0000_533,256,3060,108
80_0000,80_0000_534,256,2727,156
80_0000,80_0000_535,256,2493,64
80_0000,80_0000_536,256,2244,76
80_0000,80_0000_537,256,1929,116
80_0000,80_0000_538,256,1755,32
80_0000,80_0000_539,256,1677,0
80_0000,80_0000_540,256,1545,0
80_0000,80_0000_541,256,1449,32
80_0000,80_0000_542,256,1332,56
80_0000,80_0000_543,256,1227,0
80_0000,80_0000_544,256,1029,0
80_0000,80_0000_545,256,924,16
80_0000,80_0000_546,256,789,12
80_0000,80_0000_547,256,654,0
80_0000,80_0000_548,256,546,4
80_0000,80_0000_549,256,465,16
80_0000,80_0000_550,256,369,48
80_0000,80_0000_551,256,279,304
80_0000,80_0000_552,256,168,324
80_0000,80_0000_553,256,0,0
80_0000,80_0000_554,256,0,0
80_0000,80_0000_555,256,0,0
80_0000,80_0000_556,256,0,0
80_0000,80_0000_557,256,0,0
80_0000,80_0000_558,256,0,0
80_0000,80_0000_559,256,0,0
80_0000,80_0000_560,256,0,0
80_0000,80_0000_561,256,0,0
80_0000,80_0000_562,256,0,0
80_0000,80_0000_563,256,0,0
80_0000,80_0000_564,256,0,0
80_0000,80_0000_565,256,0,0
80_0000,80_0000_566,256,0,0
80_0000,80_0000_567,256,0,0
80_0000,80_0000_568,256,0,0
80_0000,80_0000_569,256,0,0
80_0000,80_0000_570,256,0,0
80_0000,80_0000_571,256,0,0
80_0000,80_0000_572,256,0,0
80_0000,80_0000_573,256,0,0
80_0000,80_0000_574,256,0,0
80_0000,80_0000_575,256,0,0
80_0000,80_0000_576,256,0,0
80_0000,80_0000_577,256,0,0
80_0000,80_0000_578,256,0,0
80_0000,80_0000_579,256,0,0
80_0000,80_0000_580,256,0,0
80_0000,80_0000_581,256,0,0
80_0000,80_0000_582,256,0,0
80_0000,80_0000_583,256,0,0
80_0000,80_0000_584,256,0,0
80_0000,80_0000_585,256,0,0
80_0000,80_0000_586,256,0,0
80_0000,80_0000_587,256,0,0
80_0000,80_0000_588,256,0,0
80_0000,80_0000_589,256,0,0
80_0000,80_0000_590,256,0,0
80_0000,80_0000_591,256,0,0
80_0000,80_0000_592,256,0,0
80_0000,80_0000_593,256,0,0
80_0000,80_0000_594,256,0,0
80_0000,80_0000_595,256,0,0
80_0000,80_0000_596,256,0,0
80_0000,80_0000_597,256,0,0
80_0000,80_0000_598,256,0,0
80_0000,80_0000_599,256,0,0
80_0000,80_0000_600,256,0,0
81_0000,81_0000_000,256,0,0
81_0000,81_0000_001,256,0,0
81_0000,81_0000_002,256,0,0
81_0000,81_0000_003,256,0,0
81_0000,81_0000_004,256,0,0
81_0000,81_0000_005,256,0,0
81_0000,81_0000_006,256,0,0
81_0000,81_0000_007,256,0,0
81_0000,81_0000_008,256,0,0
81_0000,81_0000_009,256,0,0
81_0000,81_0000_010,256,0,0
81_0000,81_0000_011,256,0,0
81_0000,81_0000_012,256,0,0
81_0000,81_0000_013,256,0,0
81_0000,81_0000_014,256,0,0
81_0000,81_0000_015,256,0,0
81_0000,81_0000_016,256,0,0
81_0000,81_0000_017,256,0,0
81_0000,81_0000_018,256,0,0
81_0000,81_0000_019,256,0,0
81_0000,81_0000_020,256,0,0
81_0000,81_0000_021,256,0,0
81_0000,81_0000_022,256,0,0
81_0000,81_0000_023,256,0,0
81_0000,81_0000_024,256,0,0
81_0000,81_0000_025,256,0,0
81_0000,81_0000_026,256,0,0
81_0000,81_0000_027,256,0,0
81_0000,81_0000_028,256,0,0
81_0000,81_0000_029,256,0,0
81_0000,81_0000_030,256,0,0
81_0000,81_0000_031,256,0,0
81_0000,81_0000_032,256,0,0
81_0000,81_0000_033,256,0,0
81_0000,81_0000_034,256,0,0
81_0000,81_0000_035,256,0,0
81_0000,81_0000_036,256,0,0
81_0000,81_0000_037,256,0,0
81_0000,81_0000_038,256,0,0
81_0000,81_0000_039,256,0,0
81_0000,81_0000_040,256,0,0
81_0000,81_0000_041,256,0,0
81_0000,81_0000_042,256,0,0
81_0000,81_0000_043,256,0,0
81_0000,81_0000_044,256,0,0
81_0000,81_0000_045,256,0,0
81_0000,81_0000_046,256,0,0
81_0000,81_0000_047,256,0,0
81_0000,81_0000_048,256,0,0
81_0000,81_0000_049,256,0,0
81_0000,81_0000_050,256,0,0
81_0000,81_0000_051,256,0,0
81_0000,81_0000_052,256,0,0
81_0000,81_0000_053,256,0,0
81_0000,81_0000_054,256,0,0
81_0000,81_0000_055,256,0,0
81_0000,81_0000_056,256,9,0
81_0000,81_0000_057,256,21,108
81_0000,81_0000_058,256,54,216
81_0000,81_0000_059,256,78,236
81_0000,81_0000_060,256,108,224
81_0000,81_0000_061,256,114,256
81_0000,81_0000_062,256,141,268
81_0000,81_0000_063,256,174,352
81_0000,81_0000_064,256,231,348
81_0000,81_0000_065,256,273,408
81_0000,81_0000_066,256,330,368
81_0000,81_0000_067,256,372,276
81_0000,81_0000_068,256,408,220
81_0000,81_0000_069,256,477,208
81_0000,81_0000_070,256,510,212
81_0000,81_0000_071,256,552,244
81_0000,81_0000_072,256,636,276
81_0000,81_0000_073,256,720,412
81_0000,81_0000_074,256,762,424
81_0000,81_0000_075,256,843,388
81_0000,81_0000_076,256,927,520
81_0000,81_0000_077,256,1023,676
81_0000,81_0000_078,256,1149,688
81_0000,81_0000_079,256,1299,708
81_0000,81_0000_080,256,1431,836
81_0000,81_0000_081,256,1539,788
81_0000,81_0000_082,256,1677,492
81_0000,81_0000_083,256,1827,744
81_0000,81_0000_084,256,1953,812
81_0000,81_0000_085,256,2082,848
81_0000,81_0000_086,256,2190,1076
81_0000,81_0000_087,256,2346,720
81_0000,81_0000_088,256,2460,780
81_0000,81_0000_089,256,2616,812
81_0000,81_0000_090,256,2775,844
81_0000,81_0000_091,256,2931,612
81_0000,81_0000_092,256,3093,552
81_0000,81_0000_093,256,3243,892
81_0000,81_0000_094,256,3474,904
81_0000,81_0000_095,256,3687,680
81_0000,81_0000_096,256,3930,756
81_0000,81_0000_097,256,4107,688
81_0000,81_0000_098,256,4350,628
81_0000,81_0000_099,256,4560,592
81_0000,81_0000_100,256,4812,584
81_0000,81_0000_101,256,5103,740
81_0000,81_0000_102,256,5337,688
81_0000,81_0000_103,256,5604,432
81_0000,81_0000_104,256,5856,652
81_0000,81_0000_105,256,6138,760
81_0000,81_0000_106,256,6438,676
81_0000,81_0000_107,256,6699,504
81_0000,81_0000_108,256,7008,880
81_0000,81_0000_109,256,7350,944
81_0000,81_0000_110,256,7686,872
81_0000,81_0000_111,256,8028,732
81_0000,81_0000_112,256,8340,1112
81_0000,81_0000_113,256,8727,1544
81_0000,81_0000_114,256,9153,1332
81_0000,81_0000_115,256,9549,1336
81_0000,81_0000_116,256,9981,1192
81_0000,81_0000_117,256,10482,1188
81_0000,81_0000_118,256,10935,1168
81_0000,81_0000_119,256,11382,1160
81_0000,81_0000_120,256,11835,960
81_0000,81_0000_121,256,12351,920
81_0000,81_0000_122,256,12894,1164
81_0000,81_0000_123,256,13353,1320
81_0000,81_0000_124,256,13839,1344
81_0000,81_0000_125,256,14364,1456
81_0000,81_0000_126,256,14853,1212
81_0000,81_0000_127,256,15474,1344
81_0000,81_0000_128,256,15984,1492
81_0000,81_0000_129,256,16491,1296
81_0000,81_0000_130,256,17067,1516
81_0000,81_0000_131,256,17691,1396
81_0000,81_0000_132,256,18150,856
81_0000,81_0000_133,256,18723,820
81_0000,81_0000_134,256,19299,892
81_0000,81_0000_135,256,19947,1000
81_0000,81_0000_136,256,20613,1220
81_0000,81_0000_137,256,21297,1320
81_0000,81_0000_138,256,21960,1628
81_0000,81_0000_139,256,22593,1812
81_0000,81_0000_140,256,23142,1840
81_0000,81_0000_141,256,23727,1944
81_0000,81_0000_142,256,24315,1868
81_0000,81_0000_143,256,24930,2152
81_0000,81_0000_144,256,25551,2528
81_0000,81_0000_145,256,26178,2680
81_0000,81_0000_146,256,26676,2920
81_0000,81_0000_147,256,27273,2392
81_0000,81_0000_148,256,27918,2672
81_0000,81_0000_149,256,28314,3092
81_0000,81_0000_150,256,28902,3488
81_0000,81_0000_151,256,29604,4056
81_0000,81_0000_152,256,30369,3292
81_0000,81_0000_153,256,30876,3492
81_0000,81_0000_154,256,31731,2884
81_0000,81_0000_155,256,32334,2816
81_0000,81_0000_156,256,32940,2116
81_0000,81_0000_157,256,33630,2200
81_0000,81_0000_158,256,34137,2012
81_0000,81_0000_159,256,34650,1800
81_0000,81_0000_160,256,35205,1692
81_0000,81_0000_161,256,35682,1540
81_0000,81_0000_162,256,36066,1716
81_0000,81_0000_163,256,36684,2028
81_0000,81_0000_164,256,37170,1572
81_0000,81_0000_165,256,37788,1680
81_0000,81_0000_166,256,38169,1724
81_0000,81_0000_167,256,38511,1760
81_0000,81_0000_168,256,38781,1988
81_0000,81_0000_169,256,39000,1896
81_0000,81_0000_170,256,39303,2088
81_0000,81_0000_171,256,39573,1736
81_0000,81_0000_172,256,39825,1388
81_0000,81_0000_173,256,40188,1360
81_0000,81_0000_174,256,40446,896
81_0000,81_0000_175,256,40653,1080
81_0000,81_0000_176,256,40953,996
81_0000,81_0000_177,256,41268,1372
81_0000,81_0000_178,256,41829,1828
81_0000,81_0000_179,256,42348,1856
81_0000,81_0000_180,256,42789,2396
81_0000,81_0000_181,256,43236,2500
81_0000,81_0000_182,256,43584,2312
81_0000,81_0000_183,256,44106,1872
81_0000,81_0000_184,256,44496,2028
81_0000,81_0000_185,256,44805,2444
81_0000,81_0000_186,256,45105,1880
81_0000,81_0000_187,256,45414,1568
81_0000,81_0000_188,256,45630,1480
81_0000,81_0000_189,256,45846,1736
81_0000,81_0000_190,256,46161,1996
81_0000,81_0000_191,256,46386,2100
81_0000,81_0000_192,256,46563,1968
81_0000,81_0000_193,256,46740,2188
81_0000,81_0000_194,256,47001,2112
81_0000,81_0000_195,256,47424,2800
81_0000,81_0000_196,256,47634,3004
81_0000,81_0000_197,256,47931,2936
81_0000,81_0000_198,256,47841,2792
81_0000,81_0000_199,256,47751,3312
81_0000,81_0000_200,256,47697,3328
81_0000,81_0000_201,256,47523,3392
81_0000,81_0000_202,256,47427,2500
81_0000,81_0000_203,256,47382,2844
81_0000,81_0000_204,256,47232,2960
81_0000,81_0000_205,256,47181,2908
81_0000,81_0000_206,256,47031,3528
81_0000,81_0000_207,256,46950,3052
81_0000,81_0000_208,256,46923,3080
81_0000,81_0000_209,256,46752,2524
81_0000,81_0000_210,256,46632,2368
81_0000,81_0000_211,256,46572,2244
81_0000,81_0000_212,256,46464,2260
81_0000,81_0000_213,256,46284,2700
81_0000,81_0000_214,256,46242,3620
81_0000,81_0000_215,256,46317,3860
81_0000,81_0000_216,256,46290,3744
81_0000,81_0000_217,256,46212,3980
81_0000,81_0000_218,256,46131,3416
81_0000,81_0000_219,256,46200,3184
81_0000,81_0000_220,256,46083,2640
81_0000,81_0000_221,256,45921,2204
81_0000,81_0000_222,256,45885,2720
81_0000,81_0000_223,256,45843,1708
81_0000,81_0000_224,256,45882,1380
81_0000,81_0000_225,256,45870,1776
81_0000,81_0000_226,256,45828,1516
81_0000,81_0000_227,256,45864,1308
81_0000,81_0000_228,256,45852,1600
81_0000,81_0000_229,256,45726,1128
81_0000,81_0000_230,256,45699,1544
81_0000,81_0000_231,256,45681,1536
81_0000,81_0000_232,256,45828,1720
81_0000,81_0000_233,256,45960,1680
81_0000,81_0000_234,256,45978,892
81_0000,81_0000_235,256,46227,1324
81_0000,81_0000_236,256,46305,1236
81_0000,81_0000_237,256,46404,1284
81_0000,81_0000_238,256,46308,920
81_0000,81_0000_239,256,46521,848
81_0000,81_0000_240,256,46536,1052
81_0000,81_0000_241,256,46476,1356
81_0000,81_0000_242,256,46464,1260
81_0000,81_0000_243,256,46338,1384
81_0000,81_0000_244,256,46278,1792
81_0000,81_0000_245,256,46290,2120
81_0000,81_0000_246,256,46233,2228
81_0000,81_0000_247,256,46260,2172
81_0000,81_0000_248,256,46266,1996
81_0000,81_0000_249,256,46176,1448
81_0000,81_0000_250,256,46098,896
81_0000,81_0000_251,256,45960,724
81_0000,81_0000_252,256,45879,576
81_0000,81_0000_253,256,45720,1012
81_0000,81_0000_254,256,45582,952
81_0000,81_0000_255,256,45423,1040
81_0000,81_0000_256,256,45372,1020
81_0000,81_0000_257,256,45288,504
81_0000,81_0000_258,256,45243,416
81_0000,81_0000_259,256,45294,1272
81_0000,81_0000_260,256,45261,1348
81_0000,81_0000_261,256,45213,1204
81_0000,81_0000_262,256,45255,1748
81_0000,81_0000_263,256,45234,2684
81_0000,81_0000_264,256,45228,2564
81_0000,81_0000_265,256,45327,2200
81_0000,81_0000_266,256,45429,1700
81_0000,81_0000_267,256,45468,1496
81_0000,81_0000_268,256,45363,1840
81_0000,81_0000_269,256,45207,816
81_0000,81_0000_270,256,45222,580
81_0000,81_0000_271,256,45099,700
81_0000,81_0000_272,256,45183,1228
81_0000,81_0000_273,256,45147,1732
81_0000,81_0000_274,256,45114,1644
81_0000,81_0000_275,256,44961,916
81_0000,81_0000_276,256,44763,0
81_0000,81_0000_277,256,44583,100
81_0000,81_0000_278,256,44520,48
81_0000,81_0000_279,256,44556,268
81_0000,81_0000_280,256,44442,568
81_0000,81_0000_281,256,44352,1360
81_0000,81_0000_282,256,44316,564
81_0000,81_0000_283,256,44241,664
81_0000,81_0000_284,256,44268,996
81_0000,81_0000_285,256,44238,816
81_0000,81_0000_286,256,44175,1128
81_0000,81_0000_287,256,44130,1008
81_0000,81_0000_288,256,44208,784
81_0000,81_0000_289,256,44052,1376
81_0000,81_0000_290,256,44058,1496
81_0000,81_0000_291,256,43848,1696
81_0000,81_0000_292,256,43758,1896
81_0000,81_0000_293,256,43674,1988
81_0000,81_0000_294,256,43482,792
81_0000,81_0000_295,256,43470,920
81_0000,81_0000_296,256,43404,948
81_0000,81_0000_297,256,43278,1128
81_0000,81_0000_298,256,42960,1056
81_0000,81_0000_299,256,42891,1272
81_0000,81_0000_300,256,42849,1380
81_0000,81_0000_301,256,42801,852
81_0000,81_0000_302,256,42651,752
81_0000,81_0000_303,256,42606,624
81_0000,81_0000_304,256,42501,752
81_0000,81_0000_305,256,42444,576
81_0000,81_0000_306,256,42345,1248
81_0000,81_0000_307,256,42201,984
81_0000,81_0000_308,256,42090,908
81_0000,81_0000_309,256,41991,1136
81_0000,81_0000_310,256,41907,1096
81_0000,81_0000_311,256,41724,864
81_0000,81_0000_312,256,41571,740
81_0000,81_0000_313,256,41424,1072
81_0000,81_0000_314,256,41304,1100
81_0000,81_0000_315,256,41133,1420
81_0000,81_0000_316,256,40989,1216
81_0000,81_0000_317,256,40749,976
81_0000,81_0000_318,256,40557,1032
81_0000,81_0000_319,256,40437,1612
81_0000,81_0000_320,256,40341,1520
81_0000,81_0000_321,256,40239,1044
81_0000,81_0000_322,256,40086,1436
81_0000,81_0000_323,256,39945,892
81_0000,81_0000_324,256,39885,676
81_0000,81_0000_325,256,39789,484
81_0000,81_0000_326,256,39657,804
81_0000,81_0000_327,256,39633,768
81_0000,81_0000_328,256,39615,364
81_0000,81_0000_329,256,39333,788
81_0000,81_0000_330,256,39372,1052
81_0000,81_0000_331,256,39474,992
81_0000,81_0000_332,256,39399,880
81_0000,81_0000_333,256,39417,1436
81_0000,81_0000_334,256,39444,1340
81_0000,81_0000_335,256,39465,1240
81_0000,81_0000_336,256,39483,1088
81_0000,81_0000_337,256,39444,1584
81_0000,81_0000_338,256,39471,1024
81_0000,81_0000_339,256,39522,836
81_0000,81_0000_340,256,39507,784
81_0000,81_0000_341,256,39591,840
81_0000,81_0000_342,256,39633,924
81_0000,81_0000_343,256,39642,1020
81_0000,81_0000_344,256,39570,1648
81_0000,81_0000_345,256,39474,2236
81_0000,81_0000_346,256,39483,1440
81_0000,81_0000_347,256,39435,1284
81_0000,81_0000_348,256,39303,1120
81_0000,81_0000_349,256,39126,1336
81_0000,81_0000_350,256,39015,1652
81_0000,81_0000_351,256,38901,1972
81_0000,81_0000_352,256,38697,1408
81_0000,81_0000_353,256,38589,1992
81_0000,81_0000_354,256,38478,1916
81_0000,81_0000_355,256,38412,1724
81_0000,81_0000_356,256,38241,1612
81_0000,81_0000_357,256,38076,1668
81_0000,81_0000_358,256,37899,1900
81_0000,81_0000_359,256,37734,1892
81_0000,81_0000_360,256,37629,1636
81_0000,81_0000_361,256,37467,1520
81_0000,81_0000_362,256,37341,1456
81_0000,81_0000_363,256,37212,1416
81_0000,81_0000_364,256,37044,1512
81_0000,81_0000_365,256,36894,1500
81_0000,81_0000_366,256,36792,1388
81_0000,81_0000_367,256,36675,1708
81_0000,81_0000_368,256,36540,1728
81_0000,81_0000_369,256,36303,1636
81_0000,81_0000_370,256,36135,1504
81_0000,81_0000_371,256,36000,1500
81_0000,81_0000_372,256,35811,1312
81_0000,81_0000_373,256,35661,960
81_0000,81_0000_374,256,35439,992
81_0000,81_0000_375,256,35283,1004
81_0000,81_0000_376,256,35016,1236
81_0000,81_0000_377,256,34809,1232
81_0000,81_0000_378,256,34653,1000
81_0000,81_0000_379,256,34470,708
81_0000,81_0000_380,256,34257,860
81_0000,81_0000_381,256,34044,860
81_0000,81_0000_382,256,33870,576
81_0000,81_0000_383,256,33729,584
81_0000,81_0000_384,256,33585,728
81_0000,81_0000_385,256,33384,924
81_0000,81_0000_386,256,33180,732
81_0000,81_0000_387,256,32940,720
81_0000,81_0000_388,256,32814,696
81_0000,81_0000_389,256,32619,584
81_0000,81_0000_390,256,32403,600
81_0000,81_0000_391,256,32214,516
81_0000,81_0000_392,256,32004,496
81_0000,81_0000_393,256,31791,528
81_0000,81_0000_394,256,31647,572
81_0000,81_0000_395,256,31470,680
81_0000,81_0000_396,256,31266,720
81_0000,81_0000_397,256,31044,856
81_0000,81_0000_398,256,30897,928
81_0000,81_0000_399,256,30711,916
81_0000,81_0000_400,256,30522,784
81_0000,81_0000_401,256,30312,684
81_0000,81_0000_402,256,30150,724
81_0000,81_0000_403,256,29943,684
81_0000,81_0000_404,256,29655,1012
81_0000,81_0000_405,256,29415,724
81_0000,81_0000_406,256,29169,644
81_0000,81_0000_407,256,28959,1040
81_0000,81_0000_408,256,28758,1148
81_0000,81_0000_409,256,28491,1068
81_0000,81_0000_410,256,28275,1164
81_0000,81_0000_411,256,28020,1168
81_0000,81_0000_412,256,27768,1260
81_0000,81_0000_413,256,27525,1212
81_0000,81_0000_414,256,27300,1348
81_0000,81_0000_415,256,27054,1196
81_0000,81_0000_416,256,26859,928
81_0000,81_0000_417,256,26586,872
81_0000,81_0000_418,256,26394,716
81_0000,81_0000_419,256,26157,676
81_0000,81_0000_420,256,25944,752
81_0000,81_0000_421,256,25668,756
81_0000,81_0000_422,256,25452,820
81_0000,81_0000_423,256,25209,940
81_0000,81_0000_424,256,25044,1004
81_0000,81_0000_425,256,24810,1016
81_0000,81_0000_426,256,24564,980
81_0000,81_0000_427,256,24384,1056
81_0000,81_0000_428,256,24240,956
81_0000,81_0000_429,256,24027,820
81_0000,81_0000_430,256,23817,900
81_0000,81_0000_431,256,23628,804
81_0000,81_0000_432,256,23415,612
81_0000,81_0000_433,256,23265,584
81_0000,81_0000_434,256,23142,676
81_0000,81_0000_435,256,23034,688
81_0000,81_0000_436,256,22815,732
81_0000,81_0000_437,256,22476,900
81_0000,81_0000_438,256,22140,856
81_0000,81_0000_439,256,21849,400
81_0000,81_0000_440,256,21531,636
81_0000,81_0000_441,256,21183,792
81_0000,81_0000_442,256,20850,800
81_0000,81_0000_443,256,20556,692
81_0000,81_0000_444,256,20217,372
81_0000,81_0000_445,256,19905,268
81_0000,81_0000_446,256,19530,288
81_0000,81_0000_447,256,19194,136
81_0000,81_0000_448,256,18741,268
81_0000,81_0000_449,256,18384,380
81_0000,81_0000_450,256,18006,52
81_0000,81_0000_451,256,17583,228
81_0000,81_0000_452,256,17232,384
81_0000,81_0000_453,256,16917,216
81_0000,81_0000_454,256,16548,220
81_0000,81_0000_455,256,16158,100
81_0000,81_0000_456,256,15831,212
81_0000,81_0000_457,256,15486,316
81_0000,81_0000_458,256,15060,252
81_0000,81_0000_459,256,14691,0
81_0000,81_0000_460,256,14283,0
81_0000,81_0000_461,256,13917,0
81_0000,81_0000_462,256,13509,0
81_0000,81_0000_463,256,13128,0
81_0000,81_0000_464,256,12780,0
81_0000,81_0000_465,256,12321,0
81_0000,81_0000_466,256,11997,112
81_0000,81_0000_467,256,11607,244
81_0000,81_0000_468,256,11235,68
81_0000,81_0000_469,256,10857,0
81_0000,81_0000_470,256,10563,0
81_0000,81_0000_471,256,10200,0
81_0000,81_0000_472,256,9861,0
81_0000,81_0000_473,256,9582,0
81_0000,81_0000_474,256,9240,0
81_0000,81_0000_475,256,8934,0
81_0000,81_0000_476,256,8595,0
81_0000,81_0000_477,256,8277,0
81_0000,81_0000_478,256,7989,0
81_0000,81_0000_479,256,7692,0
81_0000,81_0000_480,256,7392,0
81_0000,81_0000_481,256,7116,0
81_0000,81_0000_482,256,6825,0
81_0000,81_0000_483,256,6513,0
81_0000,81_0000_484,256,6225,0
81_0000,81_0000_485,256,5976,0
81_0000,81_0000_486,256,5742,0
81_0000,81_0000_487,256,5490,0
81_0000,81_0000_488,256,5184,0
81_0000,81_0000_489,256,4968,0
81_0000,81_0000_490,256,4710,0
81_0000,81_0000_491,256,4467,0
81_0000,81_0000_492,256,4254,0
81_0000,81_0000_493,256,4041,0
81_0000,81_0000_494,256,3786,0
81_0000,81_0000_495,256,3615,0
81_0000,81_0000_496,256,3378,0
81_0000,81_0000_497,256,3162,0
81_0000,81_0000_498,256,2967,0
81_0000,81_0000_499,256,2757,0
81_0000,81_0000_500,256,2568,0
81_0000,81_0000_501,256,2340,0
81_0000,81_0000_502,256,2109,0
81_0000,81_0000_503,256,1899,0
81_0000,81_0000_504,256,1680,172
81_0000,81_0000_505,256,1404,256
81_0000,81_0000_506,256,1215,240
81_0000,81_0000_507,256,1014,220
81_0000,81_0000_508,256,879,84
81_0000,81_0000_509,256,747,0
81_0000,81_0000_510,256,624,0
81_0000,81_0000_511,256,546,0
81_0000,81_0000_512,256,426,0
81_0000,81_0000_513,256,276,124
81_0000,81_0000_514,256,144,248
81_0000,81_0000_515,256,78,180
81_0000,81_0000_516,256,54,108
81_0000,81_0000_517,256,0,0
81_0000,81_0000_518,256,0,0
81_0000,81_0000_519,256,0,0
81_0000,81_0000_520,256,0,0
81_0000,81_0000_521,256,0,0
81_0000,81_0000_522,256,0,0
81_0000,81_0000_523,256,0,0
81_0000,81_0000_524,256,0,0
81_0000,81_0000_525,256,0,0
81_0000,81_0000_526,256,0,0
81_0000,81_0000_527,256,0,0
81_0000,81_0000_528,256,0,0
81_0000,81_0000_529,256,0,0
81_0000,81_0000_530,256,0,0
81_0000,81_0000_531,256,0,0
81_0000,81_0000_532,256,0,0
81_0000,81_0000_533,256,0,0
81_0000,81_0000_534,256,0,0
81_0000,81_0000_535,256,0,0
81_0000,81_0000_536,256,0,0
81_0000,81_0000_537,256,0,0
81_0000,81_0000_538,256,0,0
81_0000,81_0000_539,256,0,0
81_0000,81_0000_540,256,0,0
82_0000,82_0000_000,256,0,0
82_0000,82_0000_001,256,0,0
82_0000,82_0000_002,256,0,0
82_0000,82_0000_003,256,0,0
82_0000,82_0000_004,256,0,0
82_0000,82_0000_005,256,0,0
82_0000,82_0000_006,256,0,0
82_0000,82_0000_007,256,0,0
82_0000,82_0000_008,256,0,0
82_0000,82_0000_009,256,0,0
82_0000,82_0000_010,256,0,0
82_0000,82_0000_011,256,0,0
82_0000,82_0000_012,256,0,0
82_0000,82_0000_013,256,0,0
82_0000,82_0000_014,256,0,0
82_0000,82_0000_015,256,0,0
82_0000,82_0000_016,256,0,0
82_0000,82_0000_017,256,0,0
82_0000,82_0000_018,256,0,0
82_0000,82_0000_019,256,0,0
82_0000,82_0000_020,256,0,0
82_0000,82_0000_021,256,21,0
82_0000,82_0000_022,256,93,20
82_0000,82_0000_023,256,153,152
82_0000,82_0000_024,256,198,300
82_0000,82_0000_025,256,249,396
82_0000,82_0000_026,256,288,440
82_0000,82_0000_027,256,315,488
82_0000,82_0000_028,256,393,604
82_0000,82_0000_029,256,444,584
82_0000,82_0000_030,256,492,624
82_0000,82_0000_031,256,543,612
82_0000,82_0000_032,256,636,724
82_0000,82_0000_033,256,705,716
82_0000,82_0000_034,256,807,720
82_0000,82_0000_035,256,891,744
82_0000,82_0000_036,256,978,824
82_0000,82_0000_037,256,1035,944
82_0000,82_0000_038,256,1176,1084
82_0000,82_0000_039,256,1293,912
82_0000,82_0000_040,256,1431,1160
82_0000,82_0000_041,256,1563,1216
82_0000,82_0000_042,256,1725,1248
82_0000,82_0000_043,256,1881,1236
82_0000,82_0000_044,256,2121,948
82_0000,82_0000_045,256,2331,868
82_0000,82_0000_046,256,2526,876
82_0000,82_0000_047,256,2739,740
82_0000,82_0000_048,256,2994,1428
82_0000,82_0000_049,256,3273,1692
82_0000,82_0000_050,256,3477,1416
82_0000,82_0000_051,256,3723,1532
82_0000,82_0000_052,256,4002,1640
82_0000,82_0000_053,256,4311,1568
82_0000,82_0000_054,256,4503,1564
82_0000,82_0000_055,256,4764,1704
82_0000,82_0000_056,256,5004,1772
82_0000,82_0000_057,256,5367,1884
82_0000,82_0000_058,256,5658,1920
82_0000,82_0000_059,256,5865,1904
82_0000,82_0000_060,256,6168,1740
82_0000,82_0000_061,256,6447,1644
82_0000,82_0000_062,256,6834,1764
82_0000,82_0000_063,256,7212,1368
82_0000,82_0000_064,256,7554,1408
82_0000,82_0000_065,256,7890,892
82_0000,82_0000_066,256,8235,824
82_0000,82_0000_067,256,8628,916
82_0000,82_0000_068,256,9048,788
82_0000,82_0000_069,256,9393,624
82_0000,82_0000_070,256,9813,1068
82_0000,82_0000_071,256,10176,848
82_0000,82_0000_072,256,10626,408
82_0000,82_0000_073,256,11040,332
82_0000,82_0000_074,256,11451,228
82_0000,82_0000_075,256,11910,560
82_0000,82_0000_076,256,12351,728
82_0000,82_0000_077,256,12834,776
82_0000,82_0000_078,256,13272,660
82_0000,82_0000_079,256,13773,596
82_0000,82_0000_080,256,14031,680
82_0000,82_0000_081,256,14493,184
82_0000,82_0000_082,256,15231,216
82_0000,82_0000_083,256,15762,0
82_0000,82_0000_084,256,16299,204
82_0000,82_0000_085,256,16923,128
82_0000,82_0000_086,256,17454,268
82_0000,82_0000_087,256,18090,516
82_0000,82_0000_088,256,18840,592
82_0000,82_0000_089,256,19596,404
82_0000,82_0000_090,256,20538,272
82_0000,82_0000_091,256,21285,368
82_0000,82_0000_092,256,21948,780
82_0000,82_0000_093,256,22734,1056
82_0000,82_0000_094,256,23586,1128
82_0000,82_0000_095,256,24357,1208
82_0000,82_0000_096,256,25167,836
82_0000,82_0000_097,256,25905,1068
82_0000,82_0000_098,256,26748,1512
82_0000,82_0000_099,256,27684,1872
82_0000,82_0000_100,256,28638,1276
82_0000,82_0000_101,256,29277,1248
82_0000,82_0000_102,256,30108,968
82_0000,82_0000_103,256,31137,1632
82_0000,82_0000_104,256,32169,1652
82_0000,82_0000_105,256,33471,1380
82_0000,82_0000_106,256,34905,1476
82_0000,82_0000_107,256,36231,1932
82_0000,82_0000_108,256,37482,2276
82_0000,82_0000_109,256,38799,1668
82_0000,82_0000_110,256,40311,2020
82_0000,82_0000_111,256,41811,2088
82_0000,82_0000_112,256,43272,1672
82_0000,82_0000_113,256,44700,1388
82_0000,82_0000_114,256,46155,1548
82_0000,82_0000_115,256,47613,1144
82_0000,82_0000_116,256,48870,1376
82_0000,82_0000_117,256,50364,1068
82_0000,82_0000_118,256,52062,2160
82_0000,82_0000_119,256,53691,2504
82_0000,82_0000_120,256,55590,1696
82_0000,82_0000_121,256,57504,1396
82_0000,82_0000_122,256,59178,620
82_0000,82_0000_123,256,60897,472
82_0000,82_0000_124,256,62661,864
82_0000,82_0000_125,256,64467,1012
82_0000,82_0000_126,256,66501,720
82_0000,82_0000_127,256,68406,756
82_0000,82_0000_128,256,69831,1360
82_0000,82_0000_129,256,71148,1032
82_0000,82_0000_130,256,72780,512
82_0000,82_0000_131,256,73641,340
82_0000,82_0000_132,256,73905,336
82_0000,82_0000_133,256,74139,1264
82_0000,82_0000_134,256,74340,972
82_0000,82_0000_135,256,74703,968
82_0000,82_0000_136,256,75204,1032
82_0000,82_0000_137,256,75195,1068
82_0000,82_0000_138,256,75021,792
82_0000,82_0000_139,256,74892,392
82_0000,82_0000_140,256,74766,532
82_0000,82_0000_141,256,74625,524
82_0000,82_0000_142,256,74460,480
82_0000,82_0000_143,256,74400,468
82_0000,82_0000_144,256,74301,432
82_0000,82_0000_145,256,74235,176
82_0000,82_0000_146,256,73959,88
82_0000,82_0000_147,256,73860,156
82_0000,82_0000_148,256,73866,188
82_0000,82_0000_149,256,73620,188
82_0000,82_0000_150,256,73545,400
82_0000,82_0000_151,256,73461,360
82_0000,82_0000_152,256,73320,436
82_0000,82_0000_153,256,72894,132
82_0000,82_0000_154,256,72693,472
82_0000,82_0000_155,256,72549,480
82_0000,82_0000_156,256,72618,632
82_0000,82_0000_157,256,72528,576
82_0000,82_0000_158,256,72459,556
82_0000,82_0000_159,256,72579,492
82_0000,82_0000_160,256,72546,496
82_0000,82_0000_161,256,72468,880
82_0000,82_0000_162,256,72408,748
82_0000,82_0000_163,256,72348,628
82_0000,82_0000_164,256,72195,576
82_0000,82_0000_165,256,72240,1216
82_0000,82_0000_166,256,72321,1180
82_0000,82_0000_167,256,72258,1112
82_0000,82_0000_168,256,72342,996
82_0000,82_0000_169,256,72387,796
82_0000,82_0000_170,256,72480,700
82_0000,82_0000_171,256,72483,472
82_0000,82_0000_172,256,72453,544
82_0000,82_0000_173,256,72462,904
82_0000,82_0000_174,256,72495,920
82_0000,82_0000_175,256,72627,1064
82_0000,82_0000_176,256,72738,1092
82_0000,82_0000_177,256,72612,1132
82_0000,82_0000_178,256,72552,1052
82_0000,82_0000_179,256,72438,1268
82_0000,82_0000_180,256,72405,1208
82_0000,82_0000_181,256,72345,1224
82_0000,82_0000_182,256,72297,1176
82_0000,82_0000_183,256,72321,1432
82_0000,82_0000_184,256,72210,1468
82_0000,82_0000_185,256,71964,1136
82_0000,82_0000_186,256,71697,1456
82_0000,82_0000_187,256,71730,1380
82_0000,82_0000_188,256,71769,1632
82_0000,82_0000_189,256,70554,1628
82_0000,82_0000_190,256,70716,1792
82_0000,82_0000_191,256,70677,2080
82_0000,82_0000_192,256,70605,2136
82_0000,82_0000_193,256,70554,1292
82_0000,82_0000_194,256,70395,896
82_0000,82_0000_195,256,70167,744
82_0000,82_0000_196,256,70113,884
82_0000,82_0000_197,256,69924,1056
82_0000,82_0000_198,256,69693,1064
82_0000,82_0000_199,256,69450,1072
82_0000,82_0000_200,256,69129,960
82_0000,82_0000_201,256,69015,1320
82_0000,82_0000_202,256,68748,1640
82_0000,82_0000_203,256,68652,1536
82_0000,82_0000_204,256,68589,1884
82_0000,82_0000_205,256,68271,1816
82_0000,82_0000_206,256,68361,2040
82_0000,82_0000_207,256,68616,1952
82_0000,82_0000_208,256,68532,1604
82_0000,82_0000_209,256,68604,1656
82_0000,82_0000_210,256,68925,1532
82_0000,82_0000_211,256,69303,1864
82_0000,82_0000_212,256,69201,1680
82_0000,82_0000_213,256,69156,1376
82_0000,82_0000_214,256,69198,1592
82_0000,82_0000_215,256,69324,1464
82_0000,82_0000_216,256,69444,1344
82_0000,82_0000_217,256,69432,1316
82_0000,82_0000_218,256,69162,1464
82_0000,82_0000_219,256,69060,1292
82_0000,82_0000_220,256,68808,1360
82_0000,82_0000_221,256,68715,1668
82_0000,82_0000_222,256,68646,1316
82_0000,82_0000_223,256,68502,1404
82_0000,82_0000_224,256,68265,1596
82_0000,82_0000_225,256,68130,1272
82_0000,82_0000_226,256,67899,1484
82_0000,82_0000_227,256,67794,1260
82_0000,82_0000_228,256,67593,800
82_0000,82_0000_229,256,67260,604
82_0000,82_0000_230,256,66729,724
82_0000,82_0000_231,256,66441,1116
82_0000,82_0000_232,256,66273,1112
82_0000,82_0000_233,256,66192,1244
82_0000,82_0000_234,256,66390,960
82_0000,82_0000_235,256,66438,1120
82_0000,82_0000_236,256,66291,1528
82_0000,82_0000_237,256,66366,1920
82_0000,82_0000_238,256,66300,1776
82_0000,82_0000_239,256,66105,1612
82_0000,82_0000_240,256,66000,1744
82_0000,82_0000_241,256,65889,1728
82_0000,82_0000_242,256,65667,2020
82_0000,82_0000_243,256,65358,2072
82_0000,82_0000_244,256,65310,1560
82_0000,82_0000_245,256,65190,1188
82_0000,82_0000_246,256,65100,780
82_0000,82_0000_247,256,65031,744
82_0000,82_0000_248,256,64920,692
82_0000,82_0000_249,256,64830,504
82_0000,82_0000_250,256,64821,260
82_0000,82_0000_251,256,64572,360
82_0000,82_0000_252,256,64422,448
82_0000,82_0000_253,256,64185,380
82_0000,82_0000_254,256,63981,272
82_0000,82_0000_255,256,63780,272
82_0000,82_0000_256,256,63516,320
82_0000,82_0000_257,256,63165,328
82_0000,82_0000_258,256,62766,336
82_0000,82_0000_259,256,62511,604
82_0000,82_0000_260,256,62079,508
82_0000,82_0000_261,256,61947,524
82_0000,82_0000_262,256,61599,620
82_0000,82_0000_263,256,61203,580
82_0000,82_0000_264,256,60954,676
82_0000,82_0000_265,256,60612,684
82_0000,82_0000_266,256,60000,452
82_0000,82_0000_267,256,59634,444
82_0000,82_0000_268,256,59316,476
82_0000,82_0000_269,256,58860,588
82_0000,82_0000_270,256,58440,884
82_0000,82_0000_271,256,58035,956
82_0000,82_0000_272,256,57459,988
82_0000,82_0000_273,256,57003,968
82_0000,82_0000_274,256,56568,900
82_0000,82_0000_275,256,56112,756
82_0000,82_0000_276,256,55635,804
82_0000,82_0000_277,256,55230,920
82_0000,82_0000_278,256,54789,820
82_0000,82_0000_279,256,54273,884
82_0000,82_0000_280,256,53688,820
82_0000,82_0000_281,256,53325,1056
82_0000,82_0000_282,256,52890,1016
82_0000,82_0000_283,256,52347,1100
82_0000,82_0000_284,256,51783,1152
82_0000,82_0000_285,256,51255,1220
82_0000,82_0000_286,256,50778,1372
82_0000,82_0000_287,256,50253,1304
82_0000,82_0000_288,256,49812,1144
82_0000,82_0000_289,256,49260,1352
82_0000,82_0000_290,256,48720,1396
82_0000,82_0000_291,256,48132,1372
82_0000,82_0000_292,256,47484,1456
82_0000,82_0000_293,256,46896,1772
82_0000,82_0000_294,256,46215,1888
82_0000,82_0000_295,256,45567,1796
82_0000,82_0000_296,256,44676,1484
82_0000,82_0000_297,256,44034,1384
82_0000,82_0000_298,256,43377,932
82_0000,82_0000_299,256,42633,756
82_0000,82_0000_300,256,41961,700
82_0000,82_0000_301,256,41166,756
82_0000,82_0000_302,256,40470,760
82_0000,82_0000_303,256,39864,764
82_0000,82_0000_304,256,39150,836
82_0000,82_0000_305,256,38406,800
82_0000,82_0000_306,256,37794,808
82_0000,82_0000_307,256,36966,680
82_0000,82_0000_308,256,36240,580
82_0000,82_0000_309,256,35547,364
82_0000,82_0000_310,256,34824,344
82_0000,82_0000_311,256,34074,364
82_0000,82_0000_312,256,33360,408
82_0000,82_0000_313,256,32739,476
82_0000,82_0000_314,256,31974,452
82_0000,82_0000_315,256,31410,432
82_0000,82_0000_316,256,30633,396
82_0000,82_0000_317,256,29955,620
82_0000,82_0000_318,256,29193,572
82_0000,82_0000_319,256,28488,444
82_0000,82_0000_320,256,27756,372
82_0000,82_0000_321,256,27015,316
82_0000,82_0000_322,256,26199,448
82_0000,82_0000_323,256,25359,388
82_0000,82_0000_324,256,24525,508
82_0000,82_0000_325,256,23664,400
82_0000,82_0000_326,256,22809,336
82_0000,82_0000_327,256,21870,320
82_0000,82_0000_328,256,20967,392
82_0000,82_0000_329,256,20064,448
82_0000,82_0000_330,256,19068,416
82_0000,82_0000_331,256,18150,304
82_0000,82_0000_332,256,17286,336
82_0000,82_0000_333,256,16491,356
82_0000,82_0000_334,256,15573,288
82_0000,82_0000_335,256,14562,168
82_0000,82_0000_336,256,13626,180
82_0000,82_0000_337,256,12771,0
82_0000,82_0000_338,256,11943,196
82_0000,82_0000_339,256,11118,240
82_0000,82_0000_340,256,10257,236
82_0000,82_0000_341,256,9414,124
82_0000,82_0000_342,256,8535,336
82_0000,82_0000_343,256,7650,708
82_0000,82_0000_344,256,6495,544
82_0000,82_0000_345,256,5445,404
82_0000,82_0000_346,256,4233,236
82_0000,82_0000_347,256,3618,236
82_0000,82_0000_348,256,2982,164
82_0000,82_0000_349,256,2271,0
82_0000,82_0000_350,256,1725,380
82_0000,82_0000_351,256,1371,428
82_0000,82_0000_352,256,1002,396
82_0000,82_0000_353,256,597,332
82_0000,82_0000_354,256,423,372
82_0000,82_0000_355,256,0,0
82_0000,82_0000_356,256,0,0
82_0000,82_0000_357,256,0,0
82_0000,82_0000_358,256,0,0
82_0000,82_0000_359,256,0,0
82_0000,82_0000_360,256,0,0
82_0000,82_0000_361,256,0,0
82_0000,82_0000_362,256,0,0
82_0000,82_0000_363,256,0,0
82_0000,82_0000_364,256,0,0
82_0000,82_0000_365,256,0,0
134_0000,134_0000_000,256,0,0
134_0000,134_0000_001,256,0,0
134_0000,134_0000_002,256,0,0
134_0000,134_0000_003,256,0,0
134_0000,134_0000_004,256,0,0
134_0000,134_0000_005,256,0,0
134_0000,134_0000_006,256,0,0
134_0000,134_0000_007,256,0,0
134_0000,134_0000_008,256,0,0
134_0000,134_0000_009,256,0,0
134_0000,134_0000_010,256,0,0
134_0000,134_0000_011,256,0,0
134_0000,134_0000_012,256,0,0
134_0000,134_0000_013,256,0,0
134_0000,134_0000_014,256,0,0
134_0000,134_0000_015,256,0,0
134_0000,134_0000_016,256,0,0
134_0000,134_0000_017,256,9,0
134_0000,134_0000_018,256,15,4
134_0000,134_0000_019,256,27,0
134_0000,134_0000_020,256,51,40
134_0000,134_0000_021,256,81,132
134_0000,134_0000_022,256,120,248
134_0000,134_0000_023,256,144,404
134_0000,134_0000_024,256,171,440
134_0000,134_0000_025,256,162,492
134_0000,134_0000_026,256,117,368
134_0000,134_0000_027,256,165,188
134_0000,134_0000_028,256,207,276
134_0000,134_0000_029,256,249,436
134_0000,134_0000_030,256,300,296
134_0000,134_0000_031,256,351,524
134_0000,134_0000_032,256,360,600
134_0000,134_0000_033,256,384,560
134_0000,134_0000_034,256,492,944
134_0000,134_0000_035,256,609,944
134_0000,134_0000_036,256,720,1008
134_0000,134_0000_037,256,723,1024
134_0000,134_0000_038,256,789,1108
134_0000,134_0000_039,256,927,1164
134_0000,134_0000_040,256,1032,1372
134_0000,134_0000_041,256,1104,1396
134_0000,134_0000_042,256,1203,1520
134_0000,134_0000_043,256,1275,1784
134_0000,134_0000_044,256,1632,2204
134_0000,134_0000_045,256,1869,2460
134_0000,134_0000_046,256,2151,2648
134_0000,134_0000_047,256,2277,2732
134_0000,134_0000_048,256,2433,2828
134_0000,134_0000_049,256,2610,3068
134_0000,134_0000_050,256,2754,3144
134_0000,134_0000_051,256,3078,3208
134_0000,134_0000_052,256,3255,3348
134_0000,134_0000_053,256,3492,3440
134_0000,134_0000_054,256,3765,3536
134_0000,134_0000_055,256,4110,3572
134_0000,134_0000_056,256,4395,3936
134_0000,134_0000_057,256,4707,4124
134_0000,134_0000_058,256,5058,4416
134_0000,134_0000_059,256,5349,4396
134_0000,134_0000_060,256,5736,4420
134_0000,134_0000_061,256,6108,4284
134_0000,134_0000_062,256,6447,4356
134_0000,134_0000_063,256,6813,4600
134_0000,134_0000_064,256,7173,4632
134_0000,134_0000_065,256,7545,4820
134_0000,134_0000_066,256,7962,5244
134_0000,134_0000_067,256,8289,5156
134_0000,134_0000_068,256,8826,4672
134_0000,134_0000_069,256,9393,4744
134_0000,134_0000_070,256,9708,4620
134_0000,134_0000_071,256,9882,4732
134_0000,134_0000_072,256,10113,4836
134_0000,134_0000_073,256,10512,5052
134_0000,134_0000_074,256,10923,5340
134_0000,134_0000_075,256,11559,5616
134_0000,134_0000_076,256,12105,5908
134_0000,134_0000_077,256,12744,6496
134_0000,134_0000_078,256,13482,6464
134_0000,134_0000_079,256,13947,6700
134_0000,134_0000_080,256,14565,6752
134_0000,134_0000_081,256,15165,6508
134_0000,134_0000_082,256,15768,6428
134_0000,134_0000_083,256,16452,5820
134_0000,134_0000_084,256,17133,6480
134_0000,134_0000_085,256,17745,6380
134_0000,134_0000_086,256,18405,5984
134_0000,134_0000_087,256,19068,5940
134_0000,134_0000_088,256,19791,5412
134_0000,134_0000_089,256,20460,5160
134_0000,134_0000_090,256,21285,5904
134_0000,134_0000_091,256,22077,5996
134_0000,134_0000_092,256,22848,5628
134_0000,134_0000_093,256,23586,5008
134_0000,134_0000_094,256,24279,5272
134_0000,134_0000_095,256,25248,5728
134_0000,134_0000_096,256,26085,5516
134_0000,134_0000_097,256,26799,5796
134_0000,134_0000_098,256,27579,5812
134_0000,134_0000_099,256,28254,6252
134_0000,134_0000_100,256,28908,6408
134_0000,134_0000_101,256,29508,5508
134_0000,134_0000_102,256,30243,4004
134_0000,134_0000_103,256,30678,3516
134_0000,134_0000_104,256,31362,3488
134_0000,134_0000_105,256,31947,3920
134_0000,134_0000_106,256,32547,3920
134_0000,134_0000_107,256,33570,3700
134_0000,134_0000_108,256,34434,3340
134_0000,134_0000_109,256,35211,2988
134_0000,134_0000_110,256,35940,3292
134_0000,134_0000_111,256,36693,2792
134_0000,134_0000_112,256,37356,2096
134_0000,134_0000_113,256,38304,2724
134_0000,134_0000_114,256,39033,2116
134_0000,134_0000_115,256,39687,1980
134_0000,134_0000_116,256,40500,2812
134_0000,134_0000_117,256,41109,3080
134_0000,134_0000_118,256,41718,2424
134_0000,134_0000_119,256,42165,2624
134_0000,134_0000_120,256,42873,2052
134_0000,134_0000_121,256,43599,2132
134_0000,134_0000_122,256,44625,2944
134_0000,134_0000_123,256,46101,3844
134_0000,134_0000_124,256,46989,3812
134_0000,134_0000_125,256,46935,3148
134_0000,134_0000_126,256,46962,2920
134_0000,134_0000_127,256,46986,3064
134_0000,134_0000_128,256,47043,3752
134_0000,134_0000_129,256,47046,3456
134_0000,134_0000_130,256,46986,3132
134_0000,134_0000_131,256,46977,3612
134_0000,134_0000_132,256,46935,3672
134_0000,134_0000_133,256,46902,3256
134_0000,134_0000_134,256,46713,3084
134_0000,134_0000_135,256,46146,1616
134_0000,134_0000_136,256,45876,1544
134_0000,134_0000_137,256,45432,1564
134_0000,134_0000_138,256,44913,1864
134_0000,134_0000_139,256,44931,2216
134_0000,134_0000_140,256,45234,2812
134_0000,134_0000_141,256,45372,2988
134_0000,134_0000_142,256,45513,2948
134_0000,134_0000_143,256,45870,2976
134_0000,134_0000_144,256,46119,2668
134_0000,134_0000_145,256,46473,3268
134_0000,134_0000_146,256,46704,3332
134_0000,134_0000_147,256,46746,2676
134_0000,134_0000_148,256,46875,2624
134_0000,134_0000_149,256,47022,2816
134_0000,134_0000_150,256,47139,2716
134_0000,134_0000_151,256,47238,2912
134_0000,134_0000_152,256,47307,2740
134_0000,134_0000_153,256,47652,3152
134_0000,134_0000_154,256,47835,3372
134_0000,134_0000_155,256,48042,2844
134_0000,134_0000_156,256,48066,2992
134_0000,134_0000_157,256,47958,3032
134_0000,134_0000_158,256,48012,2804
134_0000,134_0000_159,256,48018,2164
134_0000,134_0000_160,256,47922,2288
134_0000,134_0000_161,256,47928,2304
134_0000,134_0000_162,256,47844,2380
134_0000,134_0000_163,256,47946,2476
134_0000,134_0000_164,256,48186,2688
134_0000,134_0000_165,256,48312,2532
134_0000,134_0000_166,256,48285,3092
134_0000,134_0000_167,256,48246,3004
134_0000,134_0000_168,256,48105,2836
134_0000,134_0000_169,256,48108,2524
134_0000,134_0000_170,256,48417,2364
134_0000,134_0000_171,256,48660,2504
134_0000,134_0000_172,256,48690,2256
134_0000,134_0000_173,256,48897,1800
134_0000,134_0000_174,256,48930,1564
134_0000,134_0000_175,256,48882,1548
134_0000,134_0000_176,256,48849,1368
134_0000,134_0000_177,256,48675,1908
134_0000,134_0000_178,256,48441,1304
134_0000,134_0000_179,256,48504,696
134_0000,134_0000_180,256,48726,1032
134_0000,134_0000_181,256,48894,1216
134_0000,134_0000_182,256,49098,1588
134_0000,134_0000_183,256,49206,1392
134_0000,134_0000_184,256,49188,1348
134_0000,134_0000_185,256,49227,1612
134_0000,134_0000_186,256,49215,2188
134_0000,134_0000_187,256,49080,1840
134_0000,134_0000_188,256,49086,1892
134_0000,134_0000_189,256,49068,1772
134_0000,134_0000_190,256,49017,1360
134_0000,134_0000_191,256,48969,1232
134_0000,134_0000_192,256,48816,1380
134_0000,134_0000_193,256,48591,1164
134_0000,134_0000_194,256,48537,1032
134_0000,134_0000_195,256,48579,812
134_0000,134_0000_196,256,48453,748
134_0000,134_0000_197,256,48489,1464
134_0000,134_0000_198,256,48528,1540
134_0000,134_0000_199,256,48528,1412
134_0000,134_0000_200,256,48450,896
134_0000,134_0000_201,256,48327,932
134_0000,134_0000_202,256,48222,844
134_0000,134_0000_203,256,48093,872
134_0000,134_0000_204,256,48003,820
134_0000,134_0000_205,256,47934,884
134_0000,134_0000_206,256,47925,856
134_0000,134_0000_207,256,47940,944
134_0000,134_0000_208,256,47856,1100
134_0000,134_0000_209,256,47901,848
134_0000,134_0000_210,256,47934,960
134_0000,134_0000_211,256,47940,1092
134_0000,134_0000_212,256,48072,916
134_0000,134_0000_213,256,47997,660
134_0000,134_0000_214,256,47997,824
134_0000,134_0000_215,256,47931,1104
134_0000,134_0000_216,256,47925,712
134_0000,134_0000_217,256,47967,528
134_0000,134_0000_218,256,48066,704
134_0000,134_0000_219,256,47991,516
134_0000,134_0000_220,256,47946,628
134_0000,134_0000_221,256,47898,764
134_0000,134_0000_222,256,47904,492
134_0000,134_0000_223,256,47868,388
134_0000,134_0000_224,256,47793,448
134_0000,134_0000_225,256,47709,996
134_0000,134_0000_226,256,47577,808
134_0000,134_0000_227,256,47490,968
134_0000,134_0000_228,256,47349,688
134_0000,134_0000_229,256,47130,724
134_0000,134_0000_230,256,46980,1112
134_0000,134_0000_231,256,46779,836
134_0000,134_0000_232,256,46701,628
134_0000,134_0000_233,256,46647,1196
134_0000,134_0000_234,256,46407,1388
134_0000,134_0000_235,256,46206,1168
134_0000,134_0000_236,256,45906,880
134_0000,134_0000_237,256,45678,648
134_0000,134_0000_238,256,45456,1016
134_0000,134_0000_239,256,45279,1076
134_0000,134_0000_240,256,45051,916
134_0000,134_0000_241,256,44712,584
134_0000,134_0000_242,256,44355,732
134_0000,134_0000_243,256,44100,828
134_0000,134_0000_244,256,43782,1336
134_0000,134_0000_245,256,43401,1220
134_0000,134_0000_246,256,43065,1364
134_0000,134_0000_247,256,42810,1164
134_0000,134_0000_248,256,42555,1068
134_0000,134_0000_249,256,42324,572
134_0000,134_0000_250,256,41862,320
134_0000,134_0000_251,256,41511,324
134_0000,134_0000_252,256,41226,444
134_0000,134_0000_253,256,40902,356
134_0000,134_0000_254,256,40629,208
134_0000,134_0000_255,256,40344,184
134_0000,134_0000_256,256,39939,124
134_0000,134_0000_257,256,39711,528
134_0000,134_0000_258,256,39348,996
134_0000,134_0000_259,256,39042,704
134_0000,134_0000_260,256,38673,752
134_0000,134_0000_261,256,38316,776
134_0000,134_0000_262,256,38052,1412
134_0000,134_0000_263,256,37737,864
134_0000,134_0000_264,256,37374,824
134_0000,134_0000_265,256,36972,1248
134_0000,134_0000_266,256,36591,1332
134_0000,134_0000_267,256,36117,1416
134_0000,134_0000_268,256,35703,1292
134_0000,134_0000_269,256,35352,1048
134_0000,134_0000_270,256,34929,1036
134_0000,134_0000_271,256,34569,1288
134_0000,134_0000_272,256,34095,1244
134_0000,134_0000_273,256,33723,1236
134_0000,134_0000_274,256,33255,1268
134_0000,134_0000_275,256,32904,1320
134_0000,134_0000_276,256,32694,648
134_0000,134_0000_277,256,32247,380
134_0000,134_0000_278,256,31803,448
134_0000,134_0000_279,256,31206,420
134_0000,134_0000_280,256,30762,544
134_0000,134_0000_281,256,30288,276
134_0000,134_0000_282,256,29781,316
134_0000,134_0000_283,256,29262,376
134_0000,134_0000_284,256,28704,768
134_0000,134_0000_285,256,28191,916
134_0000,134_0000_286,256,27615,1108
134_0000,134_0000_287,256,26985,1060
134_0000,134_0000_288,256,26322,844
134_0000,134_0000_289,256,25734,760
134_0000,134_0000_290,256,25200,328
134_0000,134_0000_291,256,24498,492
134_0000,134_0000_292,256,23862,616
134_0000,134_0000_293,256,23418,980
134_0000,134_0000_294,256,22845,1016
134_0000,134_0000_295,256,22299,796
134_0000,134_0000_296,256,21768,636
134_0000,134_0000_297,256,21258,392
134_0000,134_0000_298,256,20652,328
134_0000,134_0000_299,256,20103,232
134_0000,134_0000_300,256,19476,132
134_0000,134_0000_301,256,18948,108
134_0000,134_0000_302,256,18399,84
134_0000,134_0000_303,256,17889,180
134_0000,134_0000_304,256,17394,340
134_0000,134_0000_305,256,16881,312
134_0000,134_0000_306,256,16353,268
134_0000,134_0000_307,256,15837,236
134_0000,134_0000_308,256,15324,64
134_0000,134_0000_309,256,14715,84
134_0000,134_0000_310,256,14172,36
134_0000,134_0000_311,256,13629,32
134_0000,134_0000_312,256,13155,80
134_0000,134_0000_313,256,12609,8
134_0000,134_0000_314,256,12123,0
134_0000,134_0000_315,256,11586,0
134_0000,134_0000_316,256,11064,0
134_0000,134_0000_317,256,10536,0
134_0000,134_0000_318,256,10026,108
134_0000,134_0000_319,256,9489,8
134_0000,134_0000_320,256,8907,0
134_0000,134_0000_321,256,8376,48
134_0000,134_0000_322,256,7767,320
134_0000,134_0000_323,256,7176,136
134_0000,134_0000_324,256,6735,40
134_0000,134_0000_325,256,6243,220
134_0000,134_0000_326,256,5811,72
134_0000,134_0000_327,256,5301,0
134_0000,134_0000_328,256,4839,0
134_0000,134_0000_329,256,4407,148
134_0000,134_0000_330,256,3975,124
134_0000,134_0000_331,256,3564,516
134_0000,134_0000_332,256,3132,504
134_0000,134_0000_333,256,2655,160
134_0000,134_0000_334,256,2205,0
134_0000,134_0000_335,256,1824,200
134_0000,134_0000_336,256,1488,0
134_0000,134_0000_337,256,1179,0
134_0000,134_0000_338,256,984,0
134_0000,134_0000_339,256,777,288
134_0000,134_0000_340,256,525,184
134_0000,134_0000_341,256,201,212
134_0000,134_0000_342,256,0,0
134_0000,134_0000_343,256,0,0
134_0000,134_0000_344,256,0,0
134_0000,134_0000_345,256,0,0
134_0000,134_0000_346,256,0,0
134_0000,134_0000_347,256,0,0
134_0000,134_0000_348,256,0,0
134_0000,134_0000_349,256,0,0
134_0000,134_0000_350,256,0,0
134_0000,134_0000_351,256,0,0
134_0000,134_0000_352,256,0,0
135_0000,135_0000_000,256,0,0
135_0000,135_0000_001,256,0,0
135_0000,135_0000_002,256,0,0
135_0000,135_0000_003,256,0,0
135_0000,135_0000_004,256,0,0
135_0000,135_0000_005,256,0,0
135_0000,135_0000_006,256,0,0
135_0000,135_0000_007,256,0,0
135_0000,135_0000_008,256,0,0
135_0000,135_0000_009,256,0,0
135_0000,135_0000_010,256,0,0
135_0000,135_0000_011,256,0,0
135_0000,135_0000_012,256,0,0
135_0000,135_0000_013,256,0,0
135_0000,135_0000_014,256,3,0
135_0000,135_0000_015,256,9,0
135_0000,135_0000_016,256,27,120
135_0000,135_0000_017,256,45,192
135_0000,135_0000_018,256,72,204
135_0000,135_0000_019,256,87,216
135_0000,135_0000_020,256,111,276
135_0000,135_0000_021,256,135,320
135_0000,135_0000_022,256,156,328
135_0000,135_0000_023,256,171,320
135_0000,135_0000_024,256,207,316
135_0000,135_0000_025,256,291,332
135_0000,135_0000_026,256,390,188
135_0000,135_0000_027,256,489,116
135_0000,135_0000_028,256,579,172
135_0000,135_0000_029,256,648,0
135_0000,135_0000_030,256,714,0
135_0000,135_0000_031,256,744,0
135_0000,135_0000_032,256,774,0
135_0000,135_0000_033,256,810,40
135_0000,135_0000_034,256,861,408
135_0000,135_0000_035,256,906,428
135_0000,135_0000_036,256,939,512
135_0000,135_0000_037,256,1017,500
135_0000,135_0000_038,256,1101,864
135_0000,135_0000_039,256,1212,732
135_0000,135_0000_040,256,1311,992
135_0000,135_0000_041,256,1401,1092
135_0000,135_0000_042,256,1470,1204
135_0000,135_0000_043,256,1575,1412
135_0000,135_0000_044,256,1698,1448
135_0000,135_0000_045,256,1743,1388
135_0000,135_0000_046,256,1818,1516
135_0000,135_0000_047,256,1854,1472
135_0000,135_0000_048,256,1953,1428
135_0000,135_0000_049,256,2004,1248
135_0000,135_0000_050,256,2106,1116
135_0000,135_0000_051,256,2199,1280
135_0000,135_0000_052,256,2340,1328
135_0000,135_0000_053,256,2448,1440
135_0000,135_0000_054,256,2595,1412
135_0000,135_0000_055,256,2697,1592
135_0000,135_0000_056,256,2859,1600
135_0000,135_0000_057,256,3033,1620
135_0000,135_0000_058,256,3192,1648
135_0000,135_0000_059,256,3324,1548
135_0000,135_0000_060,256,3420,1412
135_0000,135_0000_061,256,3666,1428
135_0000,135_0000_062,256,3879,1816
135_0000,135_0000_063,256,4065,1948
135_0000,135_0000_064,256,4296,1964
135_0000,135_0000_065,256,4500,2028
135_0000,135_0000_066,256,4782,2216
135_0000,135_0000_067,256,5151,2588
135_0000,135_0000_068,256,5304,2492
135_0000,135_0000_069,256,5484,2748
135_0000,135_0000_070,256,5799,3064
135_0000,135_0000_071,256,6123,3024
135_0000,135_0000_072,256,6366,2972
135_0000,135_0000_073,256,6687,3012
135_0000,135_0000_074,256,7071,3056
135_0000,135_0000_075,256,7236,3088
135_0000,135_0000_076,256,7521,3304
135_0000,135_0000_077,256,7836,3464
135_0000,135_0000_078,256,8199,3708
135_0000,135_0000_079,256,8520,3784
135_0000,135_0000_080,256,8793,3908
135_0000,135_0000_081,256,9111,3364
135_0000,135_0000_082,256,9522,3432
135_0000,135_0000_083,256,10056,3636
135_0000,135_0000_084,256,10368,3508
135_0000,135_0000_085,256,10503,3732
135_0000,135_0000_086,256,11094,3892
135_0000,135_0000_087,256,11478,4224
135_0000,135_0000_088,256,11961,4344
135_0000,135_0000_089,256,12189,4200
135_0000,135_0000_090,256,12531,4296
135_0000,135_0000_091,256,12942,4620
135_0000,135_0000_092,256,13440,4676
135_0000,135_0000_093,256,13749,4904
135_0000,135_0000_094,256,14076,4756
135_0000,135_0000_095,256,14472,4704
135_0000,135_0000_096,256,14907,5356
135_0000,135_0000_097,256,15270,5444
135_0000,135_0000_098,256,15783,5032
135_0000,135_0000_099,256,16284,5720
135_0000,135_0000_100,256,16689,5632
135_0000,135_0000_101,256,17100,6132
135_0000,135_0000_102,256,17637,6188
135_0000,135_0000_103,256,18153,5856
135_0000,135_0000_104,256,18753,5208
135_0000,135_0000_105,256,19329,5220
135_0000,135_0000_106,256,19872,5516
135_0000,135_0000_107,256,20298,5616
135_0000,135_0000_108,256,20652,5640
135_0000,135_0000_109,256,21300,5868
135_0000,135_0000_110,256,21819,5608
135_0000,135_0000_111,256,22206,5456
135_0000,135_0000_112,256,22686,5604
135_0000,135_0000_113,256,23247,5920
135_0000,135_0000_114,256,23868,6024
135_0000,135_0000_115,256,24603,6364
135_0000,135_0000_116,256,25353,5852
135_0000,135_0000_117,256,26301,6148
135_0000,135_0000_118,256,27336,6344
135_0000,135_0000_119,256,28383,6016
135_0000,135_0000_120,256,29316,5756
135_0000,135_0000_121,256,30261,5852
135_0000,135_0000_122,256,30999,5872
135_0000,135_0000_123,256,31533,6160
135_0000,135_0000_124,256,32058,6220
135_0000,135_0000_125,256,32526,6348
135_0000,135_0000_126,256,33600,6664
135_0000,135_0000_127,256,34212,6908
135_0000,135_0000_128,256,34845,6456
135_0000,135_0000_129,256,35433,6868
135_0000,135_0000_130,256,35988,6036
135_0000,135_0000_131,256,35958,6636
135_0000,135_0000_132,256,35976,6108
135_0000,135_0000_133,256,36066,4940
135_0000,135_0000_134,256,36147,5208
135_0000,135_0000_135,256,36156,4624
135_0000,135_0000_136,256,36207,5020
135_0000,135_0000_137,256,36246,5608
135_0000,135_0000_138,256,36309,5888
135_0000,135_0000_139,256,36240,4764
135_0000,135_0000_140,256,36267,4012
135_0000,135_0000_141,256,36189,3460
135_0000,135_0000_142,256,36189,3868
135_0000,135_0000_143,256,36324,4360
135_0000,135_0000_144,256,36510,4504
135_0000,135_0000_145,256,36648,4692
135_0000,135_0000_146,256,36585,4744
135_0000,135_0000_147,256,36525,3708
135_0000,135_0000_148,256,36423,2888
135_0000,135_0000_149,256,36414,3392
135_0000,135_0000_150,256,36264,3472
135_0000,135_0000_151,256,36144,3480
135_0000,135_0000_152,256,36201,3760
135_0000,135_0000_153,256,36153,3584
135_0000,135_0000_154,256,36141,2020
135_0000,135_0000_155,256,36066,2364
135_0000,135_0000_156,256,35922,2736
135_0000,135_0000_157,256,35931,2432
135_0000,135_0000_158,256,36006,2604
135_0000,135_0000_159,256,36033,2624
135_0000,135_0000_160,256,36027,2236
135_0000,135_0000_161,256,35961,1772
135_0000,135_0000_162,256,36027,2144
135_0000,135_0000_163,256,35946,2696
135_0000,135_0000_164,256,35784,3076
135_0000,135_0000_165,256,35664,3656
135_0000,135_0000_166,256,35742,3244
135_0000,135_0000_167,256,35808,2848
135_0000,135_0000_168,256,35568,3060
135_0000,135_0000_169,256,35367,3116
135_0000,135_0000_170,256,35142,1740
135_0000,135_0000_171,256,35115,1376
135_0000,135_0000_172,256,34872,1184
135_0000,135_0000_173,256,34701,708
135_0000,135_0000_174,256,34701,924
135_0000,135_0000_175,256,34668,1040
135_0000,135_0000_176,256,34782,1048
135_0000,135_0000_177,256,34755,1192
135_0000,135_0000_178,256,34785,1400
135_0000,135_0000_179,256,34779,1496
135_0000,135_0000_180,256,34782,1088
135_0000,135_0000_181,256,34809,1680
135_0000,135_0000_182,256,34773,1232
135_0000,135_0000_183,256,34935,1468
135_0000,135_0000_184,256,35091,2276
135_0000,135_0000_185,256,35229,2404
135_0000,135_0000_186,256,35454,2144
135_0000,135_0000_187,256,35604,2076
135_0000,135_0000_188,256,35664,1880
135_0000,135_0000_189,256,35868,1672
135_0000,135_0000_190,256,36243,1728
135_0000,135_0000_191,256,36873,1784
135_0000,135_0000_192,256,36885,2280
135_0000,135_0000_193,256,36672,2496
135_0000,135_0000_194,256,36711,2236
135_0000,135_0000_195,256,36669,2336
135_0000,135_0000_196,256,36714,2372
135_0000,135_0000_197,256,36765,1616
135_0000,135_0000_198,256,36957,1364
135_0000,135_0000_199,256,37089,948
135_0000,135_0000_200,256,37161,1296
135_0000,135_0000_201,256,37176,1684
135_0000,135_0000_202,256,37047,1460
135_0000,135_0000_203,256,36987,2164
135_0000,135_0000_204,256,36930,1904
135_0000,135_0000_205,256,36837,1472
135_0000,135_0000_206,256,36873,776
135_0000,135_0000_207,256,36660,952
135_0000,135_0000_208,256,36396,760
135_0000,135_0000_209,256,36240,884
135_0000,135_0000_210,256,36114,924
135_0000,135_0000_211,256,35874,1132
135_0000,135_0000_212,256,35766,1088
135_0000,135_0000_213,256,35706,1056
135_0000,135_0000_214,256,35664,1196
135_0000,135_0000_215,256,35535,1156
135_0000,135_0000_216,256,35406,924
135_0000,135_0000_217,256,35403,1156
135_0000,135_0000_218,256,35352,1188
135_0000,135_0000_219,256,35268,1236
135_0000,135_0000_220,256,35247,936
135_0000,135_0000_221,256,35016,960
135_0000,135_0000_222,256,34896,1364
135_0000,135_0000_223,256,34857,1676
135_0000,135_0000_224,256,34944,1772
135_0000,135_0000_225,256,34854,1556
135_0000,135_0000_226,256,34668,1384
135_0000,135_0000_227,256,34569,1204
135_0000,135_0000_228,256,34443,944
135_0000,135_0000_229,256,34347,864
135_0000,135_0000_230,256,34185,612
135_0000,135_0000_231,256,34035,528
135_0000,135_0000_232,256,34047,880
135_0000,135_0000_233,256,33897,480
135_0000,135_0000_234,256,33909,144
135_0000,135_0000_235,256,33942,176
135_0000,135_0000_236,256,33816,264
135_0000,135_0000_237,256,33657,132
135_0000,135_0000_238,256,33528,64
135_0000,135_0000_239,256,33513,0
135_0000,135_0000_240,256,33264,0
135_0000,135_0000_241,256,33303,40
135_0000,135_0000_242,256,33075,40
135_0000,135_0000_243,256,32841,0
135_0000,135_0000_244,256,32535,0
135_0000,135_0000_245,256,32286,20
135_0000,135_0000_246,256,32037,0
135_0000,135_0000_247,256,31821,0
135_0000,135_0000_248,256,31545,4
135_0000,135_0000_249,256,31173,236
135_0000,135_0000_250,256,30936,296
135_0000,135_0000_251,256,30807,312
135_0000,135_0000_252,256,30573,292
135_0000,135_0000_253,256,30246,244
135_0000,135_0000_254,256,29994,448
135_0000,135_0000_255,256,29781,460
135_0000,135_0000_256,256,29595,492
135_0000,135_0000_257,256,29301,604
135_0000,135_0000_258,256,29022,428
135_0000,135_0000_259,256,28779,336
135_0000,135_0000_260,256,28473,480
135_0000,135_0000_261,256,28197,720
135_0000,135_0000_262,256,27921,1304
135_0000,135_0000_263,256,27600,856
135_0000,135_0000_264,256,27198,620
135_0000,135_0000_265,256,26826,560
135_0000,135_0000_266,256,26538,392
135_0000,135_0000_267,256,26160,252
135_0000,135_0000_268,256,25794,292
135_0000,135_0000_269,256,25419,468
135_0000,135_0000_270,256,25095,480
135_0000,135_0000_271,256,24804,520
135_0000,135_0000_272,256,24471,748
135_0000,135_0000_273,256,24114,792
135_0000,135_0000_274,256,23751,640
135_0000,135_0000_275,256,23397,936
135_0000,135_0000_276,256,23121,732
135_0000,135_0000_277,256,22824,464
135_0000,135_0000_278,256,22536,440
135_0000,135_0000_279,256,22269,416
135_0000,135_0000_280,256,21990,356
135_0000,135_0000_281,256,21660,388
135_0000,135_0000_282,256,21333,436
135_0000,135_0000_283,256,21168,360
135_0000,135_0000_284,256,20940,236
135_0000,135_0000_285,256,20652,0
135_0000,135_0000_286,256,20436,92
135_0000,135_0000_287,256,20199,0
135_0000,135_0000_288,256,19947,324
135_0000,135_0000_289,256,19674,60
135_0000,135_0000_290,256,19419,0
135_0000,135_0000_291,256,19125,12
135_0000,135_0000_292,256,18846,0
135_0000,135_0000_293,256,18636,0
135_0000,135_0000_294,256,18441,296
135_0000,135_0000_295,256,18309,332
135_0000,135_0000_296,256,18186,0
135_0000,135_0000_297,256,17922,120
135_0000,135_0000_298,256,17652,0
135_0000,135_0000_299,256,17325,0
135_0000,135_0000_300,256,16938,180
135_0000,135_0000_301,256,16626,636
135_0000,135_0000_302,256,16278,612
135_0000,135_0000_303,256,15900,540
135_0000,135_0000_304,256,15555,664
135_0000,135_0000_305,256,15168,440
135_0000,135_0000_306,256,14799,400
135_0000,135_0000_307,256,14358,132
135_0000,135_0000_308,256,13974,528
135_0000,135_0000_309,256,13593,304
135_0000,135_0000_310,256,13227,84
135_0000,135_0000_311,256,12891,116
135_0000,135_0000_312,256,12531,40
135_0000,135_0000_313,256,12126,0
135_0000,135_0000_314,256,11820,0
135_0000,135_0000_315,256,11427,0
135_0000,135_0000_316,256,11109,0
135_0000,135_0000_317,256,10758,0
135_0000,135_0000_318,256,10434,0
135_0000,135_0000_319,256,9999,0
135_0000,135_0000_320,256,9588,0
135_0000,135_0000_321,256,9240,0
135_0000,135_0000_322,256,8826,0
135_0000,135_0000_323,256,8427,0
135_0000,135_0000_324,256,7974,0
135_0000,135_0000_325,256,7473,0
135_0000,135_0000_326,256,7011,0
135_0000,135_0000_327,256,6516,0
135_0000,135_0000_328,256,6024,0
135_0000,135_0000_329,256,5541,0
135_0000,135_0000_330,256,5079,0
135_0000,135_0000_331,256,4602,0
135_0000,135_0000_332,256,4122,0
135_0000,135_0000_333,256,3624,0
135_0000,135_0000_334,256,3051,20
135_0000,135_0000_335,256,2613,136
135_0000,135_0000_336,256,2136,224
135_0000,135_0000_337,256,1695,36
135_0000,135_0000_338,256,1152,308
135_0000,135_0000_339,256,633,100
135_0000,135_0000_340,256,429,344
135_0000,135_0000_341,256,210,280
135_0000,135_0000_342,256,0,0
135_0000,135_0000_343,256,0,0
135_0000,135_0000_344,256,0,0
135_0000,135_0000_345,256,0,0
135_0000,135_0000_346,256,0,0
135_0000,135_0000_347,256,0,0
135_0000,135_0000_348,256,0,0
135_0000,135_0000_349,256,0,0
135_0000,135_0000_350,256,0,0
135_0000,135_0000_351,256,0,0
135_0000,135_0000_352,256,0,0
135_0000,135_0000_353,256,0,0
135_0000,135_0000_354,256,0,0
135_0000,135_0000_355,256,0,0
135_0000,135_0000_356,256,0,0
135_0000,135_0000_357,256,0,0
135_0000,135_0000_358,256,0,0
135_0000,135_0000_359,256,0,0
135_0000,135_0000_360,256,0,0
135_0000,135_0000_361,256,0,0
135_0000,135_0000_362,256,0,0
135_0000,135_0000_363,256,0,0
135_0000,135_0000_364,256,0,0
135_0000,135_0000_365,256,0,0
135_0000,135_0000_366,256,0,0
136_0000,136_0000_000,256,0,0
136_0000,136_0000_001,256,0,0
136_0000,136_0000_002,256,0,0
136_0000,136_0000_003,256,0,0
136_0000,136_0000_004,256,0,0
136_0000,136_0000_005,256,0,0
136_0000,136_0000_006,256,0,0
136_0000,136_0000_007,256,0,0
136_0000,136_0000_008,256,0,0
136_0000,136_0000_009,256,0,0
136_0000,136_0000_010,256,0,0
136_0000,136_0000_011,256,0,0
136_0000,136_0000_012,256,0,0
136_0000,136_0000_013,256,0,0
136_0000,136_0000_014,256,0,0
136_0000,136_0000_015,256,0,0
136_0000,136_0000_016,256,0,0
136_0000,136_0000_017,256,0,0
136_0000,136_0000_018,256,0,0
136_0000,136_0000_019,256,0,0
136_0000,136_0000_020,256,0,0
136_0000,136_0000_021,256,0,0
136_0000,136_0000_022,256,0,0
136_0000,136_0000_023,256,0,0
136_0000,136_0000_024,256,0,0
136_0000,136_0000_025,256,0,0
136_0000,136_0000_026,256,0,0
136_0000,136_0000_027,256,0,0
136_0000,136_0000_028,256,0,0
136_0000,136_0000_029,256,0,0
136_0000,136_0000_030,256,0,0
136_0000,136_0000_031,256,0,0
136_0000,136_0000_032,256,0,0
136_0000,136_0000_033,256,0,0
136_0000,136_0000_034,256,0,0
136_0000,136_0000_035,256,0,0
136_0000,136_0000_036,256,0,0
136_0000,136_0000_037,256,0,0
136_0000,136_0000_038,256,0,0
136_0000,136_0000_039,256,0,0
136_0000,136_0000_040,256,0,0
136_0000,136_0000_041,256,0,0
136_0000,136_0000_042,256,0,0
136_0000,136_0000_043,256,0,0
136_0000,136_0000_044,256,0,0
136_0000,136_0000_045,256,0,0
136_0000,136_0000_046,256,0,0
136_0000,136_0000_047,256,0,0
136_0000,136_0000_048,256,0,0
136_0000,136_0000_049,256,0,0
136_0000,136_0000_050,256,0,0
136_0000,136_0000_051,256,24,208
136_0000,136_0000_052,256,51,304
136_0000,136_0000_053,256,81,320
136_0000,136_0000_054,256,111,312
136_0000,136_0000_055,256,132,360
136_0000,136_0000_056,256,135,380
136_0000,136_0000_057,256,156,392
136_0000,136_0000_058,256,213,352
136_0000,136_0000_059,256,261,488
136_0000,136_0000_060,256,282,580
136_0000,136_0000_061,256,324,568
136_0000,136_0000_062,256,411,536
136_0000,136_0000_063,256,480,428
136_0000,136_0000_064,256,546,396
136_0000,136_0000_065,256,672,532
136_0000,136_0000_066,256,777,600
136_0000,136_0000_067,256,963,640
136_0000,136_0000_068,256,1011,620
136_0000,136_0000_069,256,1227,568
136_0000,136_0000_070,256,1323,564
136_0000,136_0000_071,256,1398,648
136_0000,136_0000_072,256,1530,756
136_0000,136_0000_073,256,1728,928
136_0000,136_0000_074,256,1956,964
136_0000,136_0000_075,256,2271,1012
136_0000,136_0000_076,256,2472,1720
136_0000,136_0000_077,256,2598,1776
136_0000,136_0000_078,256,2883,2004
136_0000,136_0000_079,256,3117,2212
136_0000,136_0000_080,256,3369,2464
136_0000,136_0000_081,256,3747,2724
136_0000,136_0000_082,256,4125,3144
136_0000,136_0000_083,256,4482,3228
136_0000,136_0000_084,256,4764,3360
136_0000,136_0000_085,256,5061,3352
136_0000,136_0000_086,256,5475,3392
136_0000,136_0000_087,256,5886,3808
136_0000,136_0000_088,256,6360,4104
136_0000,136_0000_089,256,6846,4268
136_0000,136_0000_090,256,7326,4424
136_0000,136_0000_091,256,7761,4588
136_0000,136_0000_092,256,8256,4700
136_0000,136_0000_093,256,8646,4680
136_0000,136_0000_094,256,9156,4740
136_0000,136_0000_095,256,9633,5008
136_0000,136_0000_096,256,10053,5212
136_0000,136_0000_097,256,10548,5580
136_0000,136_0000_098,256,11244,5728
136_0000,136_0000_099,256,11973,5788
136_0000,136_0000_100,256,12615,6136
136_0000,136_0000_101,256,13272,6292
136_0000,136_0000_102,256,13806,6416
136_0000,136_0000_103,256,14532,6544
136_0000,136_0000_104,256,15123,6724
136_0000,136_0000_105,256,15963,6844
136_0000,136_0000_106,256,16740,6632
136_0000,136_0000_107,256,17370,6272
136_0000,136_0000_108,256,18171,6820
136_0000,136_0000_109,256,18831,6956
136_0000,136_0000_110,256,19584,7400
136_0000,136_0000_111,256,20316,7600
136_0000,136_0000_112,256,21132,7692
136_0000,136_0000_113,256,22125,7812
136_0000,136_0000_114,256,23163,7852
136_0000,136_0000_115,256,24081,8192
136_0000,136_0000_116,256,25479,8576
136_0000,136_0000_117,256,26247,8376
136_0000,136_0000_118,256,26826,7860
136_0000,136_0000_119,256,27315,7668
136_0000,136_0000_120,256,27840,7940
136_0000,136_0000_121,256,28263,7916
136_0000,136_0000_122,256,28695,7768
136_0000,136_0000_123,256,29046,7672
136_0000,136_0000_124,256,29622,7664
136_0000,136_0000_125,256,30459,7540
136_0000,136_0000_126,256,31155,7976
136_0000,136_0000_127,256,31662,8796
136_0000,136_0000_128,256,31671,8744
136_0000,136_0000_129,256,31755,8800
136_0000,136_0000_130,256,31821,8016
136_0000,136_0000_131,256,31983,7468
136_0000,136_0000_132,256,32247,7172
136_0000,136_0000_133,256,32493,7992
136_0000,136_0000_134,256,32544,8004
136_0000,136_0000_135,256,32778,8432
136_0000,136_0000_136,256,32898,8344
136_0000,136_0000_137,256,33072,7860
136_0000,136_0000_138,256,33363,7112
136_0000,136_0000_139,256,33618,7528
136_0000,136_0000_140,256,33870,7780
136_0000,136_0000_141,256,34200,8128
136_0000,136_0000_142,256,34593,8256
136_0000,136_0000_143,256,34938,7604
136_0000,136_0000_144,256,34986,6964
136_0000,136_0000_145,256,35220,6052
136_0000,136_0000_146,256,35538,5868
136_0000,136_0000_147,256,35958,6176
136_0000,136_0000_148,256,36342,5876
136_0000,136_0000_149,256,36861,5460
136_0000,136_0000_150,256,37524,4892
136_0000,136_0000_151,256,38004,4816
136_0000,136_0000_152,256,38388,5916
136_0000,136_0000_153,256,38778,6280
136_0000,136_0000_154,256,39171,6204
136_0000,136_0000_155,256,39594,6208
136_0000,136_0000_156,256,39861,5700
136_0000,136_0000_157,256,40314,5168
136_0000,136_0000_158,256,40701,5292
136_0000,136_0000_159,256,40977,5476
136_0000,136_0000_160,256,41406,5644
136_0000,136_0000_161,256,41967,5680
136_0000,136_0000_162,256,42510,5556
136_0000,136_0000_163,256,43263,6444
136_0000,136_0000_164,256,43173,5732
136_0000,136_0000_165,256,43356,5576
136_0000,136_0000_166,256,43449,6104
136_0000,136_0000_167,256,43629,5672
136_0000,136_0000_168,256,43467,5568
136_0000,136_0000_169,256,43200,5084
136_0000,136_0000_170,256,42993,4984
136_0000,136_0000_171,256,42891,4368
136_0000,136_0000_172,256,42813,4268
136_0000,136_0000_173,256,42942,4172
136_0000,136_0000_174,256,43098,3648
136_0000,136_0000_175,256,43272,3808
136_0000,136_0000_176,256,43626,4060
136_0000,136_0000_177,256,43959,3828
136_0000,136_0000_178,256,43791,3684
136_0000,136_0000_179,256,43926,3668
136_0000,136_0000_180,256,43890,4136
136_0000,136_0000_181,256,44001,3472
136_0000,136_0000_182,256,44376,3676
136_0000,136_0000_183,256,44673,3424
136_0000,136_0000_184,256,44733,3796
136_0000,136_0000_185,256,44757,3824
136_0000,136_0000_186,256,44709,3300
136_0000,136_0000_187,256,45006,3132
136_0000,136_0000_188,256,44994,2968
136_0000,136_0000_189,256,45063,3068
136_0000,136_0000_190,256,45333,3336
136_0000,136_0000_191,256,45642,3384
136_0000,136_0000_192,256,45663,3336
136_0000,136_0000_193,256,45687,4000
136_0000,136_0000_194,256,45939,4184
136_0000,136_0000_195,256,46212,3636
136_0000,136_0000_196,256,46221,3488
136_0000,136_0000_197,256,46305,3172
136_0000,136_0000_198,256,46359,3496
136_0000,136_0000_199,256,46353,3928
136_0000,136_0000_200,256,46308,3196
136_0000,136_0000_201,256,46284,3532
136_0000,136_0000_202,256,46161,3472
136_0000,136_0000_203,256,46101,3524
136_0000,136_0000_204,256,45954,3584
136_0000,136_0000_205,256,45831,3452
136_0000,136_0000_206,256,45552,3240
136_0000,136_0000_207,256,45291,2672
136_0000,136_0000_208,256,45111,2504
136_0000,136_0000_209,256,45012,2884
136_0000,136_0000_210,256,45078,2884
136_0000,136_0000_211,256,45150,3144
136_0000,136_0000_212,256,45057,3296
136_0000,136_0000_213,256,44961,3528
136_0000,136_0000_214,256,44709,3412
136_0000,136_0000_215,256,44493,3492
136_0000,136_0000_216,256,44229,3148
136_0000,136_0000_217,256,44049,3072
136_0000,136_0000_218,256,43989,2812
136_0000,136_0000_219,256,43749,2480
136_0000,136_0000_220,256,43575,2244
136_0000,136_0000_221,256,43446,2220
136_0000,136_0000_222,256,43176,2444
136_0000,136_0000_223,256,43059,2508
136_0000,136_0000_224,256,43113,3100
136_0000,136_0000_225,256,43146,3140
136_0000,136_0000_226,256,42978,3112
136_0000,136_0000_227,256,42840,3296
136_0000,136_0000_228,256,42852,3212
136_0000,136_0000_229,256,42966,3324
136_0000,136_0000_230,256,42903,3580
136_0000,136_0000_231,256,42777,3456
136_0000,136_0000_232,256,42594,3276
136_0000,136_0000_233,256,42498,3244
136_0000,136_0000_234,256,42342,3036
136_0000,136_0000_235,256,42237,3184
136_0000,136_0000_236,256,42012,3580
136_0000,136_0000_237,256,42060,3716
136_0000,136_0000_238,256,42114,4048
136_0000,136_0000_239,256,42219,3720
136_0000,136_0000_240,256,42615,4028
136_0000,136_0000_241,256,42567,3732
136_0000,136_0000_242,256,42447,3640
136_0000,136_0000_243,256,42546,3284
136_0000,136_0000_244,256,42471,3312
136_0000,136_0000_245,256,42243,3256
136_0000,136_0000_246,256,42006,3172
136_0000,136_0000_247,256,41757,3092
136_0000,136_0000_248,256,41547,2564
136_0000,136_0000_249,256,41292,2720
136_0000,136_0000_250,256,40971,2348
136_0000,136_0000_251,256,40635,1988
136_0000,136_0000_252,256,40347,2088
136_0000,136_0000_253,256,40014,2132
136_0000,136_0000_254,256,39825,2196
136_0000,136_0000_255,256,39540,1984
136_0000,136_0000_256,256,39159,1840
136_0000,136_0000_257,256,38934,1856
136_0000,136_0000_258,256,38745,2144
136_0000,136_0000_259,256,38475,2184
136_0000,136_0000_260,256,38208,2504
136_0000,136_0000_261,256,38013,3168
136_0000,136_0000_262,256,37860,3412
136_0000,136_0000_263,256,37839,3744
136_0000,136_0000_264,256,37728,3584
136_0000,136_0000_265,256,37578,3164
136_0000,136_0000_266,256,37407,2516
136_0000,136_0000_267,256,37233,2824
136_0000,136_0000_268,256,37005,2692
136_0000,136_0000_269,256,36726,2892
136_0000,136_0000_270,256,36549,1944
136_0000,136_0000_271,256,36402,2180
136_0000,136_0000_272,256,36198,2040
136_0000,136_0000_273,256,36009,1412
136_0000,136_0000_274,256,35733,692
136_0000,136_0000_275,256,35508,896
136_0000,136_0000_276,256,35244,1356
136_0000,136_0000_277,256,34983,1708
136_0000,136_0000_278,256,34782,1748
136_0000,136_0000_279,256,34515,2088
136_0000,136_0000_280,256,34230,2200
136_0000,136_0000_281,256,33957,1784
136_0000,136_0000_282,256,33603,1988
136_0000,136_0000_283,256,33366,2100
136_0000,136_0000_284,256,33078,2088
136_0000,136_0000_285,256,32898,2380
136_0000,136_0000_286,256,32637,2636
136_0000,136_0000_287,256,32355,2128
136_0000,136_0000_288,256,32091,1576
136_0000,136_0000_289,256,31755,1720
136_0000,136_0000_290,256,31461,1292
136_0000,136_0000_291,256,31137,1000
136_0000,136_0000_292,256,30852,920
136_0000,136_0000_293,256,30570,852
136_0000,136_0000_294,256,30285,1988
136_0000,136_0000_295,256,30009,1772
136_0000,136_0000_296,256,29763,1408
136_0000,136_0000_297,256,29430,952
136_0000,136_0000_298,256,29031,1212
136_0000,136_0000_299,256,28695,1820
136_0000,136_0000_300,256,28302,1676
136_0000,136_0000_301,256,27939,1192
136_0000,136_0000_302,256,27549,1268
136_0000,136_0000_303,256,27189,848
136_0000,136_0000_304,256,26814,428
136_0000,136_0000_305,256,26391,584
136_0000,136_0000_306,256,25947,1432
136_0000,136_0000_307,256,25434,684
136_0000,136_0000_308,256,24939,140
136_0000,136_0000_309,256,24453,116
136_0000,136_0000_310,256,24015,232
136_0000,136_0000_311,256,23571,592
136_0000,136_0000_312,256,22983,1080
136_0000,136_0000_313,256,22407,1184
136_0000,136_0000_314,256,21933,1140
136_0000,136_0000_315,256,21450,1192
136_0000,136_0000_316,256,20967,960
136_0000,136_0000_317,256,20412,944
136_0000,136_0000_318,256,19956,868
136_0000,136_0000_319,256,19446,620
136_0000,136_0000_320,256,18909,796
136_0000,136_0000_321,256,18495,964
136_0000,136_0000_322,256,17964,92
136_0000,136_0000_323,256,17538,0
136_0000,136_0000_324,256,17121,0
136_0000,136_0000_325,256,16674,0
136_0000,136_0000_326,256,16221,180
136_0000,136_0000_327,256,15762,756
136_0000,136_0000_328,256,15318,792
136_0000,136_0000_329,256,14847,612
136_0000,136_0000_330,256,14424,560
136_0000,136_0000_331,256,13938,768
136_0000,136_0000_332,256,13470,544
136_0000,136_0000_333,256,12921,568
136_0000,136_0000_334,256,12447,612
136_0000,136_0000_335,256,12015,680
136_0000,136_0000_336,256,11628,596
136_0000,136_0000_337,256,11277,608
136_0000,136_0000_338,256,10842,576
136_0000,136_0000_339,256,10395,500
136_0000,136_0000_340,256,9990,484
136_0000,136_0000_341,256,9555,472
136_0000,136_0000_342,256,9186,488
136_0000,136_0000_343,256,8742,484
136_0000,136_0000_344,256,8373,512
136_0000,136_0000_345,256,7914,476
136_0000,136_0000_346,256,7515,456
136_0000,136_0000_347,256,7158,356
136_0000,136_0000_348,256,6648,216
136_0000,136_0000_349,256,6129,368
136_0000,136_0000_350,256,5733,392
136_0000,136_0000_351,256,5346,488
136_0000,136_0000_352,256,5001,396
136_0000,136_0000_353,256,4563,340
136_0000,136_0000_354,256,4104,476
136_0000,136_0000_355,256,3720,464
136_0000,136_0000_356,256,3387,560
136_0000,136_0000_357,256,2943,548
136_0000,136_0000_358,256,2580,476
136_0000,136_0000_359,256,2247,264
136_0000,136_0000_360,256,1845,104
136_0000,136_0000_361,256,1647,184
136_0000,136_0000_362,256,1323,168
136_0000,136_0000_363,256,1053,400
136_0000,136_0000_364,256,861,56
136_0000,136_0000_365,256,663,108
136_0000,136_0000_366,256,489,192
136_0000,136_0000_367,256,327,256
136_0000,136_0000_368,256,213,240
136_0000,136_0000_369,256,150,224
136_0000,136_0000_370,256,78,188
136_0000,136_0000_371,256,15,148
136_0000,136_0000_372,256,0,0
136_0000,136_0000_373,256,0,0
136_0000,136_0000_374,256,0,0
136_0000,136_0000_375,256,0,0
136_0000,136_0000_376,256,0,0
136_0000,136_0000_377,256,0,0
137_0000,137_0000_000,256,0,0
137_0000,137_0000_001,256,0,0
137_0000,137_0000_002,256,0,0
137_0000,137_0000_003,256,0,0
137_0000,137_0000_004,256,0,0
137_0000,137_0000_005,256,0,0
137_0000,137_0000_006,256,0,0
137_0000,137_0000_007,256,0,0
137_0000,137_0000_008,256,0,0
137_0000,137_0000_009,256,0,0
137_0000,137_0000_010,256,0,0
137_0000,137_0000_011,256,0,0
137_0000,137_0000_012,256,0,0
137_0000,137_0000_013,256,0,0
137_0000,137_0000_014,256,0,0
137_0000,137_0000_015,256,0,0
137_0000,137_0000_016,256,0,0
137_0000,137_0000_017,256,0,0
137_0000,137_0000_018,256,0,0
137_0000,137_0000_019,256,0,0
137_0000,137_0000_020,256,0,0
137_0000,137_0000_021,256,0,0
137_0000,137_0000_022,256,0,0
137_0000,137_0000_023,256,0,0
137_0000,137_0000_024,256,0,0
137_0000,137_0000_025,256,18,0
137_0000,137_0000_026,256,93,284
137_0000,137_0000_027,256,168,380
137_0000,137_0000_028,256,216,424
137_0000,137_0000_029,256,243,460
137_0000,137_0000_030,256,291,424
137_0000,137_0000_031,256,384,568
137_0000,137_0000_032,256,471,684
137_0000,137_0000_033,256,531,672
137_0000,137_0000_034,256,636,892
137_0000,137_0000_035,256,747,924
137_0000,137_0000_036,256,870,972
137_0000,137_0000_037,256,954,964
137_0000,137_0000_038,256,1077,1016
137_0000,137_0000_039,256,1209,1072
137_0000,137_0000_040,256,1314,1080
137_0000,137_0000_041,256,1455,1164
137_0000,137_0000_042,256,1614,1136
137_0000,137_0000_043,256,1791,1276
137_0000,137_0000_044,256,1941,1424
137_0000,137_0000_045,256,2196,2004
137_0000,137_0000_046,256,2526,2240
137_0000,137_0000_047,256,2826,2252
137_0000,137_0000_048,256,3078,2328
137_0000,137_0000_049,256,3405,2860
137_0000,137_0000_050,256,3687,3072
137_0000,137_0000_051,256,4035,2760
137_0000,137_0000_052,256,4317,2732
137_0000,137_0000_053,256,4740,2548
137_0000,137_0000_054,256,5178,2624
137_0000,137_0000_055,256,5640,2536
137_0000,137_0000_056,256,6057,2144
137_0000,137_0000_057,256,6480,2652
137_0000,137_0000_058,256,6912,2604
137_0000,137_0000_059,256,7380,2724
137_0000,137_0000_060,256,7923,3432
137_0000,137_0000_061,256,8490,3292
137_0000,137_0000_062,256,8946,3312
137_0000,137_0000_063,256,9441,3164
137_0000,137_0000_064,256,9981,3572
137_0000,137_0000_065,256,10566,3196
137_0000,137_0000_066,256,11226,3268
137_0000,137_0000_067,256,11841,3848
137_0000,137_0000_068,256,12711,3276
137_0000,137_0000_069,256,13413,2968
137_0000,137_0000_070,256,14508,2868
137_0000,137_0000_071,256,15534,2536
137_0000,137_0000_072,256,16572,3152
137_0000,137_0000_073,256,17571,3140
137_0000,137_0000_074,256,18561,3236
137_0000,137_0000_075,256,19542,3092
137_0000,137_0000_076,256,20610,2692
137_0000,137_0000_077,256,21525,2744
137_0000,137_0000_078,256,22536,2920
137_0000,137_0000_079,256,23433,2692
137_0000,137_0000_080,256,24510,2712
137_0000,137_0000_081,256,25371,2360
137_0000,137_0000_082,256,26385,2568
137_0000,137_0000_083,256,27468,2540
137_0000,137_0000_084,256,28635,2208
137_0000,137_0000_085,256,29697,2376
137_0000,137_0000_086,256,30675,2936
137_0000,137_0000_087,256,31779,3584
137_0000,137_0000_088,256,33096,3840
137_0000,137_0000_089,256,34617,3096
137_0000,137_0000_090,256,36303,3292
137_0000,137_0000_091,256,37239,3568
137_0000,137_0000_092,256,37962,3884
137_0000,137_0000_093,256,38706,3728
137_0000,137_0000_094,256,39282,4020
137_0000,137_0000_095,256,39993,3612
137_0000,137_0000_096,256,40734,3700
137_0000,137_0000_097,256,41451,3688
137_0000,137_0000_098,256,42054,3864
137_0000,137_0000_099,256,42879,4024
137_0000,137_0000_100,256,43584,4348
137_0000,137_0000_101,256,44643,3968
137_0000,137_0000_102,256,45171,4488
137_0000,137_0000_103,256,45030,4320
137_0000,137_0000_104,256,44895,4436
137_0000,137_0000_105,256,44841,4120
137_0000,137_0000_106,256,44736,3216
137_0000,137_0000_107,256,44673,2424
137_0000,137_0000_108,256,44679,2792
137_0000,137_0000_109,256,44778,2316
137_0000,137_0000_110,256,44766,2292
137_0000,137_0000_111,256,44838,2276
137_0000,137_0000_112,256,44808,1968
137_0000,137_0000_113,256,44862,2224
137_0000,137_0000_114,256,44898,2032
137_0000,137_0000_115,256,44829,2096
137_0000,137_0000_116,256,44766,1876
137_0000,137_0000_117,256,44781,1656
137_0000,137_0000_118,256,44850,1304
137_0000,137_0000_119,256,44766,1440
137_0000,137_0000_120,256,44934,1236
137_0000,137_0000_121,256,44868,964
137_0000,137_0000_122,256,44811,956
137_0000,137_0000_123,256,44931,784
137_0000,137_0000_124,256,44988,228
137_0000,137_0000_125,256,44976,232
137_0000,137_0000_126,256,45093,264
137_0000,137_0000_127,256,45081,360
137_0000,137_0000_128,256,45084,444
137_0000,137_0000_129,256,45255,368
137_0000,137_0000_130,256,45252,364
137_0000,137_0000_131,256,45186,336
137_0000,137_0000_132,256,45069,456
137_0000,137_0000_133,256,45039,548
137_0000,137_0000_134,256,45105,556
137_0000,137_0000_135,256,45162,616
137_0000,137_0000_136,256,45183,912
137_0000,137_0000_137,256,45111,888
137_0000,137_0000_138,256,45072,1044
137_0000,137_0000_139,256,45024,912
137_0000,137_0000_140,256,45141,1004
137_0000,137_0000_141,256,45087,1096
137_0000,137_0000_142,256,45060,1160
137_0000,137_0000_143,256,45138,1304
137_0000,137_0000_144,256,45186,1224
137_0000,137_0000_145,256,45267,1160
137_0000,137_0000_146,256,45351,1000
137_0000,137_0000_147,256,45471,592
137_0000,137_0000_148,256,45606,516
137_0000,137_0000_149,256,45696,628
137_0000,137_0000_150,256,45747,820
137_0000,137_0000_151,256,45765,1056
137_0000,137_0000_152,256,45777,1332
137_0000,137_0000_153,256,45891,1492
137_0000,137_0000_154,256,45957,1460
137_0000,137_0000_155,256,45885,1248
137_0000,137_0000_156,256,45939,1260
137_0000,137_0000_157,256,46020,1068
137_0000,137_0000_158,256,46143,992
137_0000,137_0000_159,256,46263,1096
137_0000,137_0000_160,256,46374,968
137_0000,137_0000_161,256,46434,864
137_0000,137_0000_162,256,46506,932
137_0000,137_0000_163,256,46542,1052
137_0000,137_0000_164,256,46572,1184
137_0000,137_0000_165,256,46611,812
137_0000,137_0000_166,256,46701,688
137_0000,137_0000_167,256,46800,620
137_0000,137_0000_168,256,47037,980
137_0000,137_0000_169,256,47199,1188
137_0000,137_0000_170,256,47307,1604
137_0000,137_0000_171,256,47406,1268
137_0000,137_0000_172,256,47466,1112
137_0000,137_0000_173,256,47697,1064
137_0000,137_0000_174,256,47796,856
137_0000,137_0000_175,256,48051,740
137_0000,137_0000_176,256,48147,792
137_0000,137_0000_177,256,48330,704
137_0000,137_0000_178,256,48414,952
137_0000,137_0000_179,256,48426,712
137_0000,137_0000_180,256,48504,840
137_0000,137_0000_181,256,48498,804
137_0000,137_0000_182,256,48405,956
137_0000,137_0000_183,256,48300,804
137_0000,137_0000_184,256,47973,656
137_0000,137_0000_185,256,47997,636
137_0000,137_0000_186,256,47988,760
137_0000,137_0000_187,256,47787,1160
137_0000,137_0000_188,256,47589,1176
137_0000,137_0000_189,256,47535,948
137_0000,137_0000_190,256,47619,664
137_0000,137_0000_191,256,47496,496
137_0000,137_0000_192,256,47421,792
137_0000,137_0000_193,256,47472,1096
137_0000,137_0000_194,256,47244,964
137_0000,137_0000_195,256,47307,784
137_0000,137_0000_196,256,47262,460
137_0000,137_0000_197,256,47205,404
137_0000,137_0000_198,256,47142,544
137_0000,137_0000_199,256,47169,872
137_0000,137_0000_200,256,47157,936
137_0000,137_0000_201,256,47280,1004
137_0000,137_0000_202,256,47289,1332
137_0000,137_0000_203,256,47388,1124
137_0000,137_0000_204,256,47358,1020
137_0000,137_0000_205,256,47382,1012
137_0000,137_0000_206,256,47337,1108
137_0000,137_0000_207,256,47388,920
137_0000,137_0000_208,256,47211,1028
137_0000,137_0000_209,256,46929,1028
137_0000,137_0000_210,256,46818,748
137_0000,137_0000_211,256,46686,500
137_0000,137_0000_212,256,46590,772
137_0000,137_0000_213,256,46560,820
137_0000,137_0000_214,256,46449,572
137_0000,137_0000_215,256,46422,984
137_0000,137_0000_216,256,46449,704
137_0000,137_0000_217,256,46464,836
137_0000,137_0000_218,256,46515,396
137_0000,137_0000_219,256,46623,172
137_0000,137_0000_220,256,46620,28
137_0000,137_0000_221,256,46521,216
137_0000,137_0000_222,256,46473,656
137_0000,137_0000_223,256,46347,840
137_0000,137_0000_224,256,46239,644
137_0000,137_0000_225,256,46215,596
137_0000,137_0000_226,256,46224,600
137_0000,137_0000_227,256,46176,748
137_0000,137_0000_228,256,46071,904
137_0000,137_0000_229,256,45756,508
137_0000,137_0000_230,256,45570,168
137_0000,137_0000_231,256,45588,436
137_0000,137_0000_232,256,45456,296
137_0000,137_0000_233,256,45228,240
137_0000,137_0000_234,256,45156,92
137_0000,137_0000_235,256,45024,204
137_0000,137_0000_236,256,44814,708
137_0000,137_0000_237,256,44667,632
137_0000,137_0000_238,256,44421,404
137_0000,137_0000_239,256,44085,380
137_0000,137_0000_240,256,43914,348
137_0000,137_0000_241,256,43782,416
137_0000,137_0000_242,256,43764,280
137_0000,137_0000_243,256,43788,412
137_0000,137_0000_244,256,43581,604
137_0000,137_0000_245,256,43350,452
137_0000,137_0000_246,256,43107,620
137_0000,137_0000_247,256,42978,404
137_0000,137_0000_248,256,42663,452
137_0000,137_0000_249,256,42450,580
137_0000,137_0000_250,256,42150,628
137_0000,137_0000_251,256,41790,612
137_0000,137_0000_252,256,41436,560
137_0000,137_0000_253,256,41172,716
137_0000,137_0000_254,256,40854,736
137_0000,137_0000_255,256,40512,808
137_0000,137_0000_256,256,40029,664
137_0000,137_0000_257,256,39732,652
137_0000,137_0000_258,256,39510,520
137_0000,137_0000_259,256,39312,508
137_0000,137_0000_260,256,39111,332
137_0000,137_0000_261,256,38943,148
137_0000,137_0000_262,256,38784,336
137_0000,137_0000_263,256,38574,584
137_0000,137_0000_264,256,38313,808
137_0000,137_0000_265,256,37950,1300
137_0000,137_0000_266,256,37593,1312
137_0000,137_0000_267,256,37392,1488
137_0000,137_0000_268,256,37020,1228
137_0000,137_0000_269,256,36639,1040
137_0000,137_0000_270,256,36228,1032
137_0000,137_0000_271,256,35913,1028
137_0000,137_0000_272,256,35523,832
137_0000,137_0000_273,256,35058,728
137_0000,137_0000_274,256,34473,828
137_0000,137_0000_275,256,34008,872
137_0000,137_0000_276,256,33669,928
137_0000,137_0000_277,256,33270,764
137_0000,137_0000_278,256,32940,1600
137_0000,137_0000_279,256,32499,1800
137_0000,137_0000_280,256,31965,1356
137_0000,137_0000_281,256,31413,1200
137_0000,137_0000_282,256,31083,1596
137_0000,137_0000_283,256,30801,1448
137_0000,137_0000_284,256,30516,752
137_0000,137_0000_285,256,30204,624
137_0000,137_0000_286,256,29889,988
137_0000,137_0000_287,256,29655,1272
137_0000,137_0000_288,256,29373,644
137_0000,137_0000_289,256,29043,544
137_0000,137_0000_290,256,28656,0
137_0000,137_0000_291,256,28428,0
137_0000,137_0000_292,256,28143,0
137_0000,137_0000_293,256,27795,68
137_0000,137_0000_294,256,27522,484
137_0000,137_0000_295,256,27228,456
137_0000,137_0000_296,256,26763,448
137_0000,137_0000_297,256,26475,460
137_0000,137_0000_298,256,26109,484
137_0000,137_0000_299,256,25611,508
137_0000,137_0000_300,256,25215,456
137_0000,137_0000_301,256,24831,388
137_0000,137_0000_302,256,24462,408
137_0000,137_0000_303,256,24027,496
137_0000,137_0000_304,256,23541,432
137_0000,137_0000_305,256,23154,804
137_0000,137_0000_306,256,22767,904
137_0000,137_0000_307,256,22236,676
137_0000,137_0000_308,256,21735,576
137_0000,137_0000_309,256,21462,500
137_0000,137_0000_310,256,21099,724
137_0000,137_0000_311,256,20655,360
137_0000,137_0000_312,256,20352,416
137_0000,137_0000_313,256,19917,684
137_0000,137_0000_314,256,19530,836
137_0000,137_0000_315,256,19104,832
137_0000,137_0000_316,256,18615,740
137_0000,137_0000_317,256,18174,540
137_0000,137_0000_318,256,17676,480
137_0000,137_0000_319,256,17232,480
137_0000,137_0000_320,256,16806,484
137_0000,137_0000_321,256,16404,464
137_0000,137_0000_322,256,15945,636
137_0000,137_0000_323,256,15528,872
137_0000,137_0000_324,256,15096,920
137_0000,137_0000_325,256,14553,784
137_0000,137_0000_326,256,14046,1100
137_0000,137_0000_327,256,13497,1532
137_0000,137_0000_328,256,13038,2060
137_0000,137_0000_329,256,12483,1600
137_0000,137_0000_330,256,11925,1268
137_0000,137_0000_331,256,11430,1096
137_0000,137_0000_332,256,10959,1068
137_0000,137_0000_333,256,10536,1228
137_0000,137_0000_334,256,10062,1380
137_0000,137_0000_335,256,9672,1608
137_0000,137_0000_336,256,9285,1372
137_0000,137_0000_337,256,8769,1420
137_0000,137_0000_338,256,8187,1328
137_0000,137_0000_339,256,7728,1372
137_0000,137_0000_340,256,7089,1220
137_0000,137_0000_341,256,6429,1924
137_0000,137_0000_342,256,5967,2084
137_0000,137_0000_343,256,5496,2116
137_0000,137_0000_344,256,4722,1812
137_0000,137_0000_345,256,4107,1620
137_0000,137_0000_346,256,3627,1420
137_0000,137_0000_347,256,3186,1404
137_0000,137_0000_348,256,2754,1352
137_0000,137_0000_349,256,2274,1244
137_0000,137_0000_350,256,1767,1000
137_0000,137_0000_351,256,1080,384
137_0000,137_0000_352,256,777,232
137_0000,137_0000_353,256,534,60
137_0000,137_0000_354,256,216,256
137_0000,137_0000_355,256,165,212
137_0000,137_0000_356,256,45,104
137_0000,137_0000_357,256,12,100
137_0000,137_0000_358,256,0,0
137_0000,137_0000_359,256,0,0
137_0000,137_0000_360,256,0,0
137_0000,137_0000_361,256,0,0
137_0000,137_0000_362,256,0,0
137_0000,137_0000_363,256,0,0
137_0000,137_0000_364,256,0,0
137_0000,137_0000_365,256,0,0
137_0000,137_0000_366,256,0,0
137_0000,137_0000_367,256,0,0
137_0000,137_0000_368,256,0,0
145_0000,145_0000_000,256,0,0
145_0000,145_0000_001,256,0,0
145_0000,145_0000_002,256,0,0
145_0000,145_0000_003,256,0,0
145_0000,145_0000_004,256,0,0
145_0000,145_0000_005,256,0,0
145_0000,145_0000_006,256,0,0
145_0000,145_0000_007,256,0,0
145_0000,145_0000_008,256,0,0
145_0000,145_0000_009,256,0,0
145_0000,145_0000_010,256,0,0
145_0000,145_0000_011,256,0,0
145_0000,145_0000_012,256,0,0
145_0000,145_0000_013,256,0,0
145_0000,145_0000_014,256,0,0
145_0000,145_0000_015,256,0,0
145_0000,145_0000_016,256,0,0
145_0000,145_0000_017,256,0,0
145_0000,145_0000_018,256,0,0
145_0000,145_0000_019,256,0,0
145_0000,145_0000_020,256,0,0
145_0000,145_0000_021,256,3,0
145_0000,145_0000_022,256,24,116
145_0000,145_0000_023,256,45,132
145_0000,145_0000_024,256,51,152
145_0000,145_0000_025,256,99,216
145_0000,145_0000_026,256,186,184
145_0000,145_0000_027,256,297,388
145_0000,145_0000_028,256,516,700
145_0000,145_0000_029,256,723,640
145_0000,145_0000_030,256,876,512
145_0000,145_0000_031,256,996,588
145_0000,145_0000_032,256,1128,532
145_0000,145_0000_033,256,1293,560
145_0000,145_0000_034,256,1455,432
145_0000,145_0000_035,256,1647,924
145_0000,145_0000_036,256,1851,1012
145_0000,145_0000_037,256,2097,984
145_0000,145_0000_038,256,2388,1284
145_0000,145_0000_039,256,2742,1464
145_0000,145_0000_040,256,3024,1500
145_0000,145_0000_041,256,3405,1496
145_0000,145_0000_042,256,3795,1752
145_0000,145_0000_043,256,4236,1724
145_0000,145_0000_044,256,4632,2340
145_0000,145_0000_045,256,5070,2184
145_0000,145_0000_046,256,5601,2368
145_0000,145_0000_047,256,6120,2684
145_0000,145_0000_048,256,6711,2472
145_0000,145_0000_049,256,7347,2272
145_0000,145_0000_050,256,8241,2704
145_0000,145_0000_051,256,9327,3492
145_0000,145_0000_052,256,10311,3704
145_0000,145_0000_053,256,11142,4012
145_0000,145_0000_054,256,12066,4024
145_0000,145_0000_055,256,12987,3796
145_0000,145_0000_056,256,13968,3660
145_0000,145_0000_057,256,14754,3712
145_0000,145_0000_058,256,15879,2320
145_0000,145_0000_059,256,17202,2320
145_0000,145_0000_060,256,18891,3260
145_0000,145_0000_061,256,20592,3448
145_0000,145_0000_062,256,22056,2752
145_0000,145_0000_063,256,24039,3208
145_0000,145_0000_064,256,25011,3212
145_0000,145_0000_065,256,25443,2660
145_0000,145_0000_066,256,26010,2620
145_0000,145_0000_067,256,26664,3104
145_0000,145_0000_068,256,27834,3196
145_0000,145_0000_069,256,28611,2920
145_0000,145_0000_070,256,28566,2680
145_0000,145_0000_071,256,28338,2212
145_0000,145_0000_072,256,28056,2044
145_0000,145_0000_073,256,27885,2028
145_0000,145_0000_074,256,27942,1992
145_0000,145_0000_075,256,27855,1680
145_0000,145_0000_076,256,27759,1216
145_0000,145_0000_077,256,27531,996
145_0000,145_0000_078,256,27576,1376
145_0000,145_0000_079,256,27693,1072
145_0000,145_0000_080,256,27594,936
145_0000,145_0000_081,256,27630,1044
145_0000,145_0000_082,256,27627,1092
145_0000,145_0000_083,256,27606,1240
145_0000,145_0000_084,256,27612,1636
145_0000,145_0000_085,256,27501,1624
145_0000,145_0000_086,256,27420,1484
145_0000,145_0000_087,256,27261,1840
145_0000,145_0000_088,256,27162,1912
145_0000,145_0000_089,256,27114,1832
145_0000,145_0000_090,256,27138,1788
145_0000,145_0000_091,256,27156,1488
145_0000,145_0000_092,256,27222,1292
145_0000,145_0000_093,256,27321,1064
145_0000,145_0000_094,256,27363,868
145_0000,145_0000_095,256,27231,864
145_0000,145_0000_096,256,27231,1116
145_0000,145_0000_097,256,27141,1288
145_0000,145_0000_098,256,27093,1472
145_0000,145_0000_099,256,26889,928
145_0000,145_0000_100,256,26868,936
145_0000,145_0000_101,256,26778,884
145_0000,145_0000_102,256,26589,1068
145_0000,145_0000_103,256,26700,1236
145_0000,145_0000_104,256,26856,1188
145_0000,145_0000_105,256,26868,1284
145_0000,145_0000_106,256,27003,1556
145_0000,145_0000_107,256,27090,1124
145_0000,145_0000_108,256,27180,1152
145_0000,145_0000_109,256,27189,1136
145_0000,145_0000_110,256,27054,948
145_0000,145_0000_111,256,26850,848
145_0000,145_0000_112,256,26886,804
145_0000,145_0000_113,256,27159,696
145_0000,145_0000_114,256,27270,792
145_0000,145_0000_115,256,27507,684
145_0000,145_0000_116,256,27699,584
145_0000,145_0000_117,256,27675,696
145_0000,145_0000_118,256,27681,864
145_0000,145_0000_119,256,27744,800
145_0000,145_0000_120,256,27714,768
145_0000,145_0000_121,256,27528,1016
145_0000,145_0000_122,256,27390,1076
145_0000,145_0000_123,256,27321,1196
145_0000,145_0000_124,256,27105,996
145_0000,145_0000_125,256,27006,1136
145_0000,145_0000_126,256,26757,888
145_0000,145_0000_127,256,26484,1280
145_0000,145_0000_128,256,26640,1740
145_0000,145_0000_129,256,26778,1688
145_0000,145_0000_130,256,26940,1972
145_0000,145_0000_131,256,26958,2240
145_0000,145_0000_132,256,27165,2448
145_0000,145_0000_133,256,27234,2596
145_0000,145_0000_134,256,27243,2584
145_0000,145_0000_135,256,27174,2472
145_0000,145_0000_136,256,27192,2264
145_0000,145_0000_137,256,27204,1928
145_0000,145_0000_138,256,27186,1732
145_0000,145_0000_139,256,27246,1484
145_0000,145_0000_140,256,27213,1228
145_0000,145_0000_141,256,27225,1516
145_0000,145_0000_142,256,27225,1312
145_0000,145_0000_143,256,27267,824
145_0000,145_0000_144,256,27231,1108
145_0000,145_0000_145,256,27456,800
145_0000,145_0000_146,256,27459,1124
145_0000,145_0000_147,256,27591,836
145_0000,145_0000_148,256,27645,1764
145_0000,145_0000_149,256,27597,1348
145_0000,145_0000_150,256,27495,1128
145_0000,145_0000_151,256,27540,924
145_0000,145_0000_152,256,27534,1552
145_0000,145_0000_153,256,27474,1208
145_0000,145_0000_154,256,27375,1172
145_0000,145_0000_155,256,27387,1260
145_0000,145_0000_156,256,27846,1612
145_0000,145_0000_157,256,27432,1452
145_0000,145_0000_158,256,27228,1688
145_0000,145_0000_159,256,27009,1936
145_0000,145_0000_160,256,26991,1800
145_0000,145_0000_161,256,26742,1284
145_0000,145_0000_162,256,26484,1580
145_0000,145_0000_163,256,25890,1688
145_0000,145_0000_164,256,25731,1120
145_0000,145_0000_165,256,25743,788
145_0000,145_0000_166,256,25662,684
145_0000,145_0000_167,256,25188,1244
145_0000,145_0000_168,256,24999,1124
145_0000,145_0000_169,256,24771,940
145_0000,145_0000_170,256,24717,1540
145_0000,145_0000_171,256,24750,1896
145_0000,145_0000_172,256,24588,1860
145_0000,145_0000_173,256,24297,1852
145_0000,145_0000_174,256,24186,1784
145_0000,145_0000_175,256,24024,1792
145_0000,145_0000_176,256,23802,1632
145_0000,145_0000_177,256,23607,1424
145_0000,145_0000_178,256,23445,1436
145_0000,145_0000_179,256,23352,1192
145_0000,145_0000_180,256,23097,1152
145_0000,145_0000_181,256,22869,1100
145_0000,145_0000_182,256,22512,1168
145_0000,145_0000_183,256,22101,1156
145_0000,145_0000_184,256,21780,1244
145_0000,145_0000_185,256,21414,1336
145_0000,145_0000_186,256,21171,1420
145_0000,145_0000_187,256,20982,1608
145_0000,145_0000_188,256,20739,1540
145_0000,145_0000_189,256,20463,1752
145_0000,145_0000_190,256,20070,1632
145_0000,145_0000_191,256,19743,1700
145_0000,145_0000_192,256,19353,1216
145_0000,145_0000_193,256,19035,816
145_0000,145_0000_194,256,18777,736
145_0000,145_0000_195,256,18498,996
145_0000,145_0000_196,256,18156,1264
145_0000,145_0000_197,256,17742,972
145_0000,145_0000_198,256,17454,860
145_0000,145_0000_199,256,17232,808
145_0000,145_0000_200,256,17007,552
145_0000,145_0000_201,256,16788,440
145_0000,145_0000_202,256,16641,256
145_0000,145_0000_203,256,16455,432
145_0000,145_0000_204,256,16209,484
145_0000,145_0000_205,256,16026,968
145_0000,145_0000_206,256,15723,832
145_0000,145_0000_207,256,15372,832
145_0000,145_0000_208,256,14877,748
145_0000,145_0000_209,256,14592,476
145_0000,145_0000_210,256,14238,616
145_0000,145_0000_211,256,14145,644
145_0000,145_0000_212,256,14007,744
145_0000,145_0000_213,256,13950,728
145_0000,145_0000_214,256,13860,712
145_0000,145_0000_215,256,13533,692
145_0000,145_0000_216,256,13272,444
145_0000,145_0000_217,256,13083,472
145_0000,145_0000_218,256,12906,668
145_0000,145_0000_219,256,12525,876
145_0000,145_0000_220,256,12246,704
145_0000,145_0000_221,256,11955,904
145_0000,145_0000_222,256,11556,808
145_0000,145_0000_223,256,11268,616
145_0000,145_0000_224,256,11070,584
145_0000,145_0000_225,256,10800,268
145_0000,145_0000_226,256,10587,420
145_0000,145_0000_227,256,10326,696
145_0000,145_0000_228,256,10101,1160
145_0000,145_0000_229,256,9768,1300
145_0000,145_0000_230,256,9573,1384
145_0000,145_0000_231,256,9261,1140
145_0000,145_0000_232,256,8937,1212
145_0000,145_0000_233,256,8712,1136
145_0000,145_0000_234,256,8376,1188
145_0000,145_0000_235,256,8169,1148
145_0000,145_0000_236,256,7776,1060
145_0000,145_0000_237,256,7425,1192
145_0000,145_0000_238,256,7134,1132
145_0000,145_0000_239,256,7023,1096
145_0000,145_0000_240,256,6735,1144
145_0000,145_0000_241,256,6279,1376
145_0000,145_0000_242,256,5970,1372
145_0000,145_0000_243,256,5754,1340
145_0000,145_0000_244,256,5448,1388
145_0000,145_0000_245,256,5274,1384
145_0000,145_0000_246,256,5160,1428
145_0000,145_0000_247,256,4752,1544
145_0000,145_0000_248,256,4293,1516
145_0000,145_0000_249,256,3960,1388
145_0000,145_0000_250,256,3651,1408
145_0000,145_0000_251,256,3069,1092
145_0000,145_0000_252,256,2622,860
145_0000,145_0000_253,256,1995,972
145_0000,145_0000_254,256,1722,1088
145_0000,145_0000_255,256,1344,748
145_0000,145_0000_256,256,978,404
145_0000,145_0000_257,256,612,536
145_0000,145_0000_258,256,384,548
145_0000,145_0000_259,256,183,360
145_0000,145_0000_260,256,6,0
145_0000,145_0000_261,256,0,0
145_0000,145_0000_262,256,0,0
145_0000,145_0000_263,256,0,0
145_0000,145_0000_264,256,0,0
145_0000,145_0000_265,256,0,0
145_0000,145_0000_266,256,0,0
145_0000,145_0000_267,256,0,0
145_0000,145_0000_268,256,0,0
145_0000,145_0000_269,256,0,0
145_0000,145_0000_270,256,0,0
145_0000,145_0000_271,256,0,0
145_0000,145_0000_272,256,0,0
145_0000,145_0000_273,256,0,0
145_0000,145_0000_274,256,0,0
145_0000,145_0000_275,256,0,0
146_0000,146_0000_000,256,0,0
146_0000,146_0000_001,256,0,0
146_0000,146_0000_002,256,0,0
146_0000,146_0000_003,256,0,0
146_0000,146_0000_004,256,0,0
146_0000,146_0000_005,256,0,0
146_0000,146_0000_006,256,0,0
146_0000,146_0000_007,256,0,0
146_0000,146_0000_008,256,0,0
146_0000,146_0000_009,256,0,0
146_0000,146_0000_010,256,0,0
146_0000,146_0000_011,256,0,0
146_0000,146_0000_012,256,0,0
146_0000,146_0000_013,256,21,112
146_0000,146_0000_014,256,120,364
146_0000,146_0000_015,256,213,472
146_0000,146_0000_016,256,303,508
146_0000,146_0000_017,256,330,520
146_0000,146_0000_018,256,396,660
146_0000,146_0000_019,256,465,600
146_0000,146_0000_020,256,561,604
146_0000,146_0000_021,256,687,620
146_0000,146_0000_022,256,705,704
146_0000,146_0000_023,256,771,692
146_0000,146_0000_024,256,822,768
146_0000,146_0000_025,256,999,800
146_0000,146_0000_026,256,1056,812
146_0000,146_0000_027,256,1140,772
146_0000,146_0000_028,256,1206,836
146_0000,146_0000_029,256,1248,908
146_0000,146_0000_030,256,1341,940
146_0000,146_0000_031,256,1416,976
146_0000,146_0000_032,256,1518,956
146_0000,146_0000_033,256,1632,1088
146_0000,146_0000_034,256,1632,1176
146_0000,146_0000_035,256,1788,1248
146_0000,146_0000_036,256,2031,1284
146_0000,146_0000_037,256,2127,1404
146_0000,146_0000_038,256,2121,1428
146_0000,146_0000_039,256,2310,1412
146_0000,146_0000_040,256,2349,1444
146_0000,146_0000_041,256,2481,1392
146_0000,146_0000_042,256,2553,1452
146_0000,146_0000_043,256,2697,1436
146_0000,146_0000_044,256,2799,1332
146_0000,146_0000_045,256,2967,1608
146_0000,146_0000_046,256,3210,1828
146_0000,146_0000_047,256,3402,1908
146_0000,146_0000_048,256,3594,2080
146_0000,146_0000_049,256,3735,2288
146_0000,146_0000_050,256,3906,2380
146_0000,146_0000_051,256,4158,2492
146_0000,146_0000_052,256,4431,2544
146_0000,146_0000_053,256,4677,2596
146_0000,146_0000_054,256,4881,2756
146_0000,146_0000_055,256,5118,2864
146_0000,146_0000_056,256,5364,2836
146_0000,146_0000_057,256,5643,3076
146_0000,146_0000_058,256,5886,3084
146_0000,146_0000_059,256,6069,2684
146_0000,146_0000_060,256,6441,3096
146_0000,146_0000_061,256,6711,3176
146_0000,146_0000_062,256,7029,3264
146_0000,146_0000_063,256,7515,3180
146_0000,146_0000_064,256,7962,3288
146_0000,146_0000_065,256,8400,3396
146_0000,146_0000_066,256,8673,3468
146_0000,146_0000_067,256,8940,3492
146_0000,146_0000_068,256,9252,3452
146_0000,146_0000_069,256,9561,3584
146_0000,146_0000_070,256,9756,3552
146_0000,146_0000_071,256,10086,3484
146_0000,146_0000_072,256,10404,3224
146_0000,146_0000_073,256,10617,3124
146_0000,146_0000_074,256,10899,3188
146_0000,146_0000_075,256,11187,3356
146_0000,146_0000_076,256,11472,3392
146_0000,146_0000_077,256,11811,3744
146_0000,146_0000_078,256,12177,4172
146_0000,146_0000_079,256,12432,4552
146_0000,146_0000_080,256,12813,4300
146_0000,146_0000_081,256,13227,4536
146_0000,146_0000_082,256,13602,4792
146_0000,146_0000_083,256,13872,4404
146_0000,146_0000_084,256,14247,4208
146_0000,146_0000_085,256,14574,4960
146_0000,146_0000_086,256,15015,4648
146_0000,146_0000_087,256,15381,4428
146_0000,146_0000_088,256,15744,4368
146_0000,146_0000_089,256,16008,5336
146_0000,146_0000_090,256,16359,5168
146_0000,146_0000_091,256,16788,4532
146_0000,146_0000_092,256,17277,3944
146_0000,146_0000_093,256,17703,3532
146_0000,146_0000_094,256,18096,3532
146_0000,146_0000_095,256,18381,3244
146_0000,146_0000_096,256,18861,2272
146_0000,146_0000_097,256,19293,2852
146_0000,146_0000_098,256,19878,2576
146_0000,146_0000_099,256,20418,2836
146_0000,146_0000_100,256,20913,2968
146_0000,146_0000_101,256,21354,3620
146_0000,146_0000_102,256,21888,4580
146_0000,146_0000_103,256,22446,4952
146_0000,146_0000_104,256,22950,4168
146_0000,146_0000_105,256,23457,2784
146_0000,146_0000_106,256,23958,2436
146_0000,146_0000_107,256,24414,2720
146_0000,146_0000_108,256,24825,2500
146_0000,146_0000_109,256,25305,2396
146_0000,146_0000_110,256,25701,1860
146_0000,146_0000_111,256,26094,2988
146_0000,146_0000_112,256,26673,3600
146_0000,146_0000_113,256,27216,3676
146_0000,146_0000_114,256,27798,3520
146_0000,146_0000_115,256,28383,2932
146_0000,146_0000_116,256,29001,2528
146_0000,146_0000_117,256,29667,1800
146_0000,146_0000_118,256,30321,1884
146_0000,146_0000_119,256,31077,1348
146_0000,146_0000_120,256,32106,1748
146_0000,146_0000_121,256,33114,1948
146_0000,146_0000_122,256,33957,2164
146_0000,146_0000_123,256,35091,2448
146_0000,146_0000_124,256,36015,1552
146_0000,146_0000_125,256,37323,4216
146_0000,146_0000_126,256,39168,5612
146_0000,146_0000_127,256,40395,4892
146_0000,146_0000_128,256,41493,3928
146_0000,146_0000_129,256,42525,3792
146_0000,146_0000_130,256,43794,3548
146_0000,146_0000_131,256,44958,3888
146_0000,146_0000_132,256,46452,4948
146_0000,146_0000_133,256,48102,2456
146_0000,146_0000_134,256,49458,1944
146_0000,146_0000_135,256,49485,2356
146_0000,146_0000_136,256,49578,2484
146_0000,146_0000_137,256,49209,2284
146_0000,146_0000_138,256,49542,2412
146_0000,146_0000_139,256,49818,2856
146_0000,146_0000_140,256,49815,2540
146_0000,146_0000_141,256,49974,2628
146_0000,146_0000_142,256,50196,3148
146_0000,146_0000_143,256,50328,2608
146_0000,146_0000_144,256,50475,1984
146_0000,146_0000_145,256,50469,1528
146_0000,146_0000_146,256,50199,1344
146_0000,146_0000_147,256,50055,2028
146_0000,146_0000_148,256,49803,2164
146_0000,146_0000_149,256,49503,1980
146_0000,146_0000_150,256,49269,1752
146_0000,146_0000_151,256,49191,1648
146_0000,146_0000_152,256,48972,2116
146_0000,146_0000_153,256,48765,2332
146_0000,146_0000_154,256,48519,2052
146_0000,146_0000_155,256,48204,2228
146_0000,146_0000_156,256,47856,2712
146_0000,146_0000_157,256,47646,2432
146_0000,146_0000_158,256,46839,2552
146_0000,146_0000_159,256,46584,3104
146_0000,146_0000_160,256,46704,3168
146_0000,146_0000_161,256,46875,3088
146_0000,146_0000_162,256,46755,3724
146_0000,146_0000_163,256,46236,3064
146_0000,146_0000_164,256,45987,2948
146_0000,146_0000_165,256,45867,3428
146_0000,146_0000_166,256,45936,3960
146_0000,146_0000_167,256,45741,3960
146_0000,146_0000_168,256,45531,3912
146_0000,146_0000_169,256,45342,3068
146_0000,146_0000_170,256,44979,2372
146_0000,146_0000_171,256,44232,1944
146_0000,146_0000_172,256,43812,1632
146_0000,146_0000_173,256,43500,1904
146_0000,146_0000_174,256,43557,1836
146_0000,146_0000_175,256,43392,2536
146_0000,146_0000_176,256,42999,2116
146_0000,146_0000_177,256,42516,1704
146_0000,146_0000_178,256,42285,1552
146_0000,146_0000_179,256,42108,1780
146_0000,146_0000_180,256,41898,1460
146_0000,146_0000_181,256,41643,1488
146_0000,146_0000_182,256,41460,1116
146_0000,146_0000_183,256,41235,1272
146_0000,146_0000_184,256,41124,1152
146_0000,146_0000_185,256,40965,1540
146_0000,146_0000_186,256,40968,1732
146_0000,146_0000_187,256,41079,1336
146_0000,146_0000_188,256,40872,1392
146_0000,146_0000_189,256,40599,1016
146_0000,146_0000_190,256,40350,632
146_0000,146_0000_191,256,40086,1084
146_0000,146_0000_192,256,39729,1536
146_0000,146_0000_193,256,39423,1948
146_0000,146_0000_194,256,39258,2176
146_0000,146_0000_195,256,39198,2388
146_0000,146_0000_196,256,39306,2288
146_0000,146_0000_197,256,39147,2080
146_0000,146_0000_198,256,38904,1896
146_0000,146_0000_199,256,38745,2088
146_0000,146_0000_200,256,38682,2004
146_0000,146_0000_201,256,38655,1928
146_0000,146_0000_202,256,38595,1536
146_0000,146_0000_203,256,38265,1284
146_0000,146_0000_204,256,38079,1388
146_0000,146_0000_205,256,37881,1652
146_0000,146_0000_206,256,37857,2172
146_0000,146_0000_207,256,37953,2092
146_0000,146_0000_208,256,37653,1712
146_0000,146_0000_209,256,37446,1816
146_0000,146_0000_210,256,37191,1664
146_0000,146_0000_211,256,37083,1324
146_0000,146_0000_212,256,37005,1380
146_0000,146_0000_213,256,36831,1208
146_0000,146_0000_214,256,36645,1200
146_0000,146_0000_215,256,36552,1896
146_0000,146_0000_216,256,36459,1608
146_0000,146_0000_217,256,36384,1416
146_0000,146_0000_218,256,36315,1420
146_0000,146_0000_219,256,36249,2140
146_0000,146_0000_220,256,36180,2364
146_0000,146_0000_221,256,36180,2528
146_0000,146_0000_222,256,36063,2144
146_0000,146_0000_223,256,36105,1632
146_0000,146_0000_224,256,36075,2296
146_0000,146_0000_225,256,35859,2280
146_0000,146_0000_226,256,35661,1196
146_0000,146_0000_227,256,36006,1056
146_0000,146_0000_228,256,35979,1520
146_0000,146_0000_229,256,35805,2024
146_0000,146_0000_230,256,35592,1824
146_0000,146_0000_231,256,35322,1604
146_0000,146_0000_232,256,34935,992
146_0000,146_0000_233,256,34713,524
146_0000,146_0000_234,256,34425,700
146_0000,146_0000_235,256,34101,772
146_0000,146_0000_236,256,33765,1488
146_0000,146_0000_237,256,33483,1992
146_0000,146_0000_238,256,32976,2464
146_0000,146_0000_239,256,32580,1572
146_0000,146_0000_240,256,32304,1792
146_0000,146_0000_241,256,31890,1312
146_0000,146_0000_242,256,31557,1204
146_0000,146_0000_243,256,31317,1296
146_0000,146_0000_244,256,30963,1372
146_0000,146_0000_245,256,30615,2044
146_0000,146_0000_246,256,30303,2112
146_0000,146_0000_247,256,29922,1816
146_0000,146_0000_248,256,29622,1580
146_0000,146_0000_249,256,29304,1272
146_0000,146_0000_250,256,28974,724
146_0000,146_0000_251,256,28662,544
146_0000,146_0000_252,256,28347,484
146_0000,146_0000_253,256,28092,340
146_0000,146_0000_254,256,27927,620
146_0000,146_0000_255,256,27675,784
146_0000,146_0000_256,256,27366,924
146_0000,146_0000_257,256,27027,708
146_0000,146_0000_258,256,26718,768
146_0000,146_0000_259,256,26388,552
146_0000,146_0000_260,256,26130,296
146_0000,146_0000_261,256,25764,368
146_0000,146_0000_262,256,25305,352
146_0000,146_0000_263,256,24876,496
146_0000,146_0000_264,256,24453,572
146_0000,146_0000_265,256,23997,636
146_0000,146_0000_266,256,23424,776
146_0000,146_0000_267,256,22920,400
146_0000,146_0000_268,256,22416,584
146_0000,146_0000_269,256,21816,264
146_0000,146_0000_270,256,21303,472
146_0000,146_0000_271,256,20745,264
146_0000,146_0000_272,256,20184,312
146_0000,146_0000_273,256,19653,100
146_0000,146_0000_274,256,19101,228
146_0000,146_0000_275,256,18567,320
146_0000,146_0000_276,256,18039,0
146_0000,146_0000_277,256,17439,28
146_0000,146_0000_278,256,16911,440
146_0000,146_0000_279,256,16314,304
146_0000,146_0000_280,256,15855,308
146_0000,146_0000_281,256,15333,440
146_0000,146_0000_282,256,14817,344
146_0000,146_0000_283,256,14274,448
146_0000,146_0000_284,256,13776,532
146_0000,146_0000_285,256,13278,564
146_0000,146_0000_286,256,12744,516
146_0000,146_0000_287,256,12201,348
146_0000,146_0000_288,256,11685,284
146_0000,146_0000_289,256,11130,368
146_0000,146_0000_290,256,10569,320
146_0000,146_0000_291,256,10122,360
146_0000,146_0000_292,256,9597,268
146_0000,146_0000_293,256,9213,232
146_0000,146_0000_294,256,8784,412
146_0000,146_0000_295,256,8286,156
146_0000,146_0000_296,256,7758,80
146_0000,146_0000_297,256,7272,0
146_0000,146_0000_298,256,6792,44
146_0000,146_0000_299,256,6234,4
146_0000,146_0000_300,256,5697,84
146_0000,146_0000_301,256,5262,0
146_0000,146_0000_302,256,4827,0
146_0000,146_0000_303,256,4446,300
146_0000,146_0000_304,256,3921,196
146_0000,146_0000_305,256,3396,412
146_0000,146_0000_306,256,2994,352
146_0000,146_0000_307,256,2691,300
146_0000,146_0000_308,256,2229,312
146_0000,146_0000_309,256,2019,0
146_0000,146_0000_310,256,1761,380
146_0000,146_0000_311,256,1509,396
146_0000,146_0000_312,256,1341,572
146_0000,146_0000_313,256,1113,412
146_0000,146_0000_314,256,771,280
146_0000,146_0000_315,256,450,236
146_0000,146_0000_316,256,195,216
146_0000,146_0000_317,256,0,0
146_0000,146_0000_318,256,0,0
146_0000,146_0000_319,256,0,0
146_0000,146_0000_320,256,0,0
146_0000,146_0000_321,256,0,0
146_0000,146_0000_322,256,0,0
146_0000,146_0000_323,256,0,0
146_0000,146_0000_324,256,0,0
146_0000,146_0000_325,256,0,0
146_0000,146_0000_326,256,0,0
146_0000,146_0000_327,256,0,0
146_0000,146_0000_328,256,0,0
146_0000,146_0000_329,256,0,0
146_0000,146_0000_330,256,0,0
146_0000,146_0000_331,256,0,0
146_0000,146_0000_332,256,0,0
146_0000,146_0000_333,256,0,0
146_0000,146_0000_334,256,0,0
146_0000,146_0000_335,256,0,0
146_0000,146_0000_336,256,0,0
146_0000,146_0000_337,256,0,0
146_0000,146_0000_338,256,0,0
161_0000,161_0000_000,256,0,0
161_0000,161_0000_001,256,0,0
161_0000,161_0000_002,256,0,0
161_0000,161_0000_003,256,0,0
161_0000,161_0000_004,256,0,0
161_0000,161_0000_005,256,0,0
161_0000,161_0000_006,256,0,0
161_0000,161_0000_007,256,0,0
161_0000,161_0000_008,256,0,0
161_0000,161_0000_009,256,0,0
161_0000,161_0000_010,256,0,0
161_0000,161_0000_011,256,0,0
161_0000,161_0000_012,256,0,0
161_0000,161_0000_013,256,0,0
161_0000,161_0000_014,256,0,0
161_0000,161_0000_015,256,0,0
161_0000,161_0000_016,256,0,0
161_0000,161_0000_017,256,0,0
161_0000,161_0000_018,256,0,0
161_0000,161_0000_019,256,0,0
161_0000,161_0000_020,256,0,0
161_0000,161_0000_021,256,0,0
161_0000,161_0000_022,256,0,0
161_0000,161_0000_023,256,0,0
161_0000,161_0000_024,256,0,0
161_0000,161_0000_025,256,0,0
161_0000,161_0000_026,256,0,0
161_0000,161_0000_027,256,0,0
161_0000,161_0000_028,256,0,0
161_0000,161_0000_029,256,0,0
161_0000,161_0000_030,256,0,0
161_0000,161_0000_031,256,0,0
161_0000,161_0000_032,256,0,0
161_0000,161_0000_033,256,0,0
161_0000,161_0000_034,256,0,0
161_0000,161_0000_035,256,0,0
161_0000,161_0000_036,256,0,0
161_0000,161_0000_037,256,0,0
161_0000,161_0000_038,256,0,0
161_0000,161_0000_039,256,0,0
161_0000,161_0000_040,256,0,0
161_0000,161_0000_041,256,0,0
161_0000,161_0000_042,256,0,0
161_0000,161_0000_043,256,0,0
161_0000,161_0000_044,256,0,0
161_0000,161_0000_045,256,0,0
161_0000,161_0000_046,256,0,0
161_0000,161_0000_047,256,0,0
161_0000,161_0000_048,256,9,0
161_0000,161_0000_049,256,69,148
161_0000,161_0000_050,256,96,160
161_0000,161_0000_051,256,114,156
161_0000,161_0000_052,256,162,352
161_0000,161_0000_053,256,270,476
161_0000,161_0000_054,256,420,396
161_0000,161_0000_055,256,543,396
161_0000,161_0000_056,256,732,576
161_0000,161_0000_057,256,900,1020
161_0000,161_0000_058,256,1074,1096
161_0000,161_0000_059,256,1251,880
161_0000,161_0000_060,256,1476,760
161_0000,161_0000_061,256,1650,808
161_0000,161_0000_062,256,1767,620
161_0000,161_0000_063,256,1908,1060
161_0000,161_0000_064,256,2127,1412
161_0000,161_0000_065,256,2388,1416
161_0000,161_0000_066,256,2679,1644
161_0000,161_0000_067,256,2901,1756
161_0000,161_0000_068,256,3120,1768
161_0000,161_0000_069,256,3414,2148
161_0000,161_0000_070,256,3759,2112
161_0000,161_0000_071,256,4035,2108
161_0000,161_0000_072,256,4320,2152
161_0000,161_0000_073,256,4557,2188
161_0000,161_0000_074,256,4857,2432
161_0000,161_0000_075,256,5310,2540
161_0000,161_0000_076,256,5598,2404
161_0000,161_0000_077,256,5907,2512
161_0000,161_0000_078,256,6309,2724
161_0000,161_0000_079,256,6714,3096
161_0000,161_0000_080,256,7215,3576
161_0000,161_0000_081,256,7626,3672
161_0000,161_0000_082,256,7986,3700
161_0000,161_0000_083,256,8391,3616
161_0000,161_0000_084,256,8823,3880
161_0000,161_0000_085,256,9333,3884
161_0000,161_0000_086,256,9897,4200
161_0000,161_0000_087,256,10395,4292
161_0000,161_0000_088,256,10812,4108
161_0000,161_0000_089,256,11334,4444
161_0000,161_0000_090,256,11877,4808
161_0000,161_0000_091,256,12330,4932
161_0000,161_0000_092,256,12858,4716
161_0000,161_0000_093,256,13512,4884
161_0000,161_0000_094,256,14310,4840
161_0000,161_0000_095,256,15072,5292
161_0000,161_0000_096,256,15786,5540
161_0000,161_0000_097,256,16362,5260
161_0000,161_0000_098,256,16917,5272
161_0000,161_0000_099,256,17643,5568
161_0000,161_0000_100,256,18360,5752
161_0000,161_0000_101,256,19206,5356
161_0000,161_0000_102,256,20172,5512
161_0000,161_0000_103,256,20925,5852
161_0000,161_0000_104,256,21420,6136
161_0000,161_0000_105,256,21978,5652
161_0000,161_0000_106,256,22542,4956
161_0000,161_0000_107,256,23019,4840
161_0000,161_0000_108,256,23616,4308
161_0000,161_0000_109,256,23943,3892
161_0000,161_0000_110,256,24264,4100
161_0000,161_0000_111,256,24519,4336
161_0000,161_0000_112,256,24714,4492
161_0000,161_0000_113,256,24861,4192
161_0000,161_0000_114,256,25191,4180
161_0000,161_0000_115,256,25539,4384
161_0000,161_0000_116,256,25881,4604
161_0000,161_0000_117,256,26271,4416
161_0000,161_0000_118,256,26541,4412
161_0000,161_0000_119,256,27018,4404
161_0000,161_0000_120,256,27570,4596
161_0000,161_0000_121,256,28143,5180
161_0000,161_0000_122,256,28860,5092
161_0000,161_0000_123,256,29523,5076
161_0000,161_0000_124,256,30141,5208
161_0000,161_0000_125,256,30699,5200
161_0000,161_0000_126,256,31212,5028
161_0000,161_0000_127,256,31605,4748
161_0000,161_0000_128,256,32151,4996
161_0000,161_0000_129,256,32640,4936
161_0000,161_0000_130,256,33045,4812
161_0000,161_0000_131,256,33708,5016
161_0000,161_0000_132,256,34431,5556
161_0000,161_0000_133,256,35070,5748
161_0000,161_0000_134,256,35874,5692
161_0000,161_0000_135,256,36906,4640
161_0000,161_0000_136,256,37437,4860
161_0000,161_0000_137,256,37593,3648
161_0000,161_0000_138,256,37815,2560
161_0000,161_0000_139,256,37905,2480
161_0000,161_0000_140,256,38070,2336
161_0000,161_0000_141,256,38181,2040
161_0000,161_0000_142,256,38175,2136
161_0000,161_0000_143,256,38403,2488
161_0000,161_0000_144,256,38556,1796
161_0000,161_0000_145,256,38577,1844
161_0000,161_0000_146,256,38577,1428
161_0000,161_0000_147,256,38694,1504
161_0000,161_0000_148,256,38769,968
161_0000,161_0000_149,256,38886,724
161_0000,161_0000_150,256,39066,932
161_0000,161_0000_151,256,39174,1216
161_0000,161_0000_152,256,39234,1540
161_0000,161_0000_153,256,39396,1820
161_0000,161_0000_154,256,39468,1512
161_0000,161_0000_155,256,39543,1352
161_0000,161_0000_156,256,39588,924
161_0000,161_0000_157,256,39654,904
161_0000,161_0000_158,256,39876,1080
161_0000,161_0000_159,256,40026,1112
161_0000,161_0000_160,256,40203,868
161_0000,161_0000_161,256,40470,1212
161_0000,161_0000_162,256,40578,1208
161_0000,161_0000_163,256,40647,1640
161_0000,161_0000_164,256,40710,1308
161_0000,161_0000_165,256,40659,1656
161_0000,161_0000_166,256,40440,1916
161_0000,161_0000_167,256,40575,1684
161_0000,161_0000_168,256,40809,1484
161_0000,161_0000_169,256,40797,1368
161_0000,161_0000_170,256,40986,1692
161_0000,161_0000_171,256,41163,1772
161_0000,161_0000_172,256,41295,1912
161_0000,161_0000_173,256,41424,2020
161_0000,161_0000_174,256,41568,2144
161_0000,161_0000_175,256,41703,2088
161_0000,161_0000_176,256,41805,1728
161_0000,161_0000_177,256,41946,1552
161_0000,161_0000_178,256,42246,1728
161_0000,161_0000_179,256,42501,1572
161_0000,161_0000_180,256,42711,1524
161_0000,161_0000_181,256,42966,1572
161_0000,161_0000_182,256,43296,1500
161_0000,161_0000_183,256,43530,1276
161_0000,161_0000_184,256,43797,1288
161_0000,161_0000_185,256,44034,1540
161_0000,161_0000_186,256,44043,1368
161_0000,161_0000_187,256,44181,1556
161_0000,161_0000_188,256,44250,1548
161_0000,161_0000_189,256,44016,1520
161_0000,161_0000_190,256,43923,1380
161_0000,161_0000_191,256,44088,1664
161_0000,161_0000_192,256,44355,1776
161_0000,161_0000_193,256,44688,1840
161_0000,161_0000_194,256,45252,1988
161_0000,161_0000_195,256,45462,1800
161_0000,161_0000_196,256,45678,1852
161_0000,161_0000_197,256,45882,2264
161_0000,161_0000_198,256,45762,2908
161_0000,161_0000_199,256,45378,3132
161_0000,161_0000_200,256,45378,3076
161_0000,161_0000_201,256,45354,2868
161_0000,161_0000_202,256,45432,2800
161_0000,161_0000_203,256,45408,2472
161_0000,161_0000_204,256,45204,2680
161_0000,161_0000_205,256,45099,3360
161_0000,161_0000_206,256,45030,3628
161_0000,161_0000_207,256,44829,3104
161_0000,161_0000_208,256,44808,2704
161_0000,161_0000_209,256,44832,2732
161_0000,161_0000_210,256,44844,2024
161_0000,161_0000_211,256,44925,1904
161_0000,161_0000_212,256,44907,2372
161_0000,161_0000_213,256,44823,2120
161_0000,161_0000_214,256,44814,1752
161_0000,161_0000_215,256,44751,1308
161_0000,161_0000_216,256,44811,1188
161_0000,161_0000_217,256,44817,1612
161_0000,161_0000_218,256,44865,1736
161_0000,161_0000_219,256,44721,1636
161_0000,161_0000_220,256,44628,1404
161_0000,161_0000_221,256,44679,1280
161_0000,161_0000_222,256,44757,1216
161_0000,161_0000_223,256,44835,1304
161_0000,161_0000_224,256,44862,1380
161_0000,161_0000_225,256,44823,1336
161_0000,161_0000_226,256,44865,1756
161_0000,161_0000_227,256,44883,2024
161_0000,161_0000_228,256,44925,2052
161_0000,161_0000_229,256,44898,2068
161_0000,161_0000_230,256,44955,1880
161_0000,161_0000_231,256,44952,1436
161_0000,161_0000_232,256,45102,1336
161_0000,161_0000_233,256,45228,1284
161_0000,161_0000_234,256,45378,1232
161_0000,161_0000_235,256,45495,1232
161_0000,161_0000_236,256,45615,1088
161_0000,161_0000_237,256,45762,1116
161_0000,161_0000_238,256,45720,1244
161_0000,161_0000_239,256,45678,1252
161_0000,161_0000_240,256,45651,1252
161_0000,161_0000_241,256,45642,1024
161_0000,161_0000_242,256,45750,364
161_0000,161_0000_243,256,45660,324
161_0000,161_0000_244,256,45591,596
161_0000,161_0000_245,256,45579,572
161_0000,161_0000_246,256,45477,428
161_0000,161_0000_247,256,45441,460
161_0000,161_0000_248,256,45486,500
161_0000,161_0000_249,256,45504,0
161_0000,161_0000_250,256,45357,28
161_0000,161_0000_251,256,45222,60
161_0000,161_0000_252,256,44970,256
161_0000,161_0000_253,256,44820,364
161_0000,161_0000_254,256,44637,672
161_0000,161_0000_255,256,44652,512
161_0000,161_0000_256,256,44571,552
161_0000,161_0000_257,256,44628,836
161_0000,161_0000_258,256,44601,844
161_0000,161_0000_259,256,44541,1008
161_0000,161_0000_260,256,44589,1272
161_0000,161_0000_261,256,44379,1292
161_0000,161_0000_262,256,44115,1196
161_0000,161_0000_263,256,43866,1076
161_0000,161_0000_264,256,43689,964
161_0000,161_0000_265,256,43512,692
161_0000,161_0000_266,256,43245,748
161_0000,161_0000_267,256,42900,536
161_0000,161_0000_268,256,42645,444
161_0000,161_0000_269,256,42402,628
161_0000,161_0000_270,256,42126,828
161_0000,161_0000_271,256,41967,832
161_0000,161_0000_272,256,41685,896
161_0000,161_0000_273,256,41391,748
161_0000,161_0000_274,256,41073,524
161_0000,161_0000_275,256,40815,560
161_0000,161_0000_276,256,40383,808
161_0000,161_0000_277,256,40092,844
161_0000,161_0000_278,256,39828,752
161_0000,161_0000_279,256,39603,816
161_0000,161_0000_280,256,39141,1128
161_0000,161_0000_281,256,38856,720
161_0000,161_0000_282,256,38571,788
161_0000,161_0000_283,256,38190,784
161_0000,161_0000_284,256,37998,904
161_0000,161_0000_285,256,37806,1384
161_0000,161_0000_286,256,37497,1220
161_0000,161_0000_287,256,37149,848
161_0000,161_0000_288,256,36876,1136
161_0000,161_0000_289,256,36591,1644
161_0000,161_0000_290,256,36339,1508
161_0000,161_0000_291,256,36018,1268
161_0000,161_0000_292,256,35793,1212
161_0000,161_0000_293,256,35484,1296
161_0000,161_0000_294,256,35211,1272
161_0000,161_0000_295,256,34788,1172
161_0000,161_0000_296,256,34515,1148
161_0000,161_0000_297,256,34296,912
161_0000,161_0000_298,256,34077,1212
161_0000,161_0000_299,256,33813,1008
161_0000,161_0000_300,256,33573,1264
161_0000,161_0000_301,256,33333,1192
161_0000,161_0000_302,256,33168,1064
161_0000,161_0000_303,256,32889,1356
161_0000,161_0000_304,256,32697,1392
161_0000,161_0000_305,256,32538,1364
161_0000,161_0000_306,256,32280,1252
161_0000,161_0000_307,256,31947,1624
161_0000,161_0000_308,256,31617,1328
161_0000,161_0000_309,256,31404,1332
161_0000,161_0000_310,256,31206,1840
161_0000,161_0000_311,256,31056,1256
161_0000,161_0000_312,256,30720,1440
161_0000,161_0000_313,256,30381,1380
161_0000,161_0000_314,256,30045,1736
161_0000,161_0000_315,256,29601,1328
161_0000,161_0000_316,256,29214,1312
161_0000,161_0000_317,256,28929,1116
161_0000,161_0000_318,256,28539,752
161_0000,161_0000_319,256,28098,936
161_0000,161_0000_320,256,27693,784
161_0000,161_0000_321,256,27162,1356
161_0000,161_0000_322,256,26712,1056
161_0000,161_0000_323,256,26271,1056
161_0000,161_0000_324,256,25821,1140
161_0000,161_0000_325,256,25452,1140
161_0000,161_0000_326,256,25005,836
161_0000,161_0000_327,256,24612,472
161_0000,161_0000_328,256,24147,288
161_0000,161_0000_329,256,23721,412
161_0000,161_0000_330,256,23340,532
161_0000,161_0000_331,256,23004,464
161_0000,161_0000_332,256,22623,604
161_0000,161_0000_333,256,22269,340
161_0000,161_0000_334,256,21879,336
161_0000,161_0000_335,256,21498,360
161_0000,161_0000_336,256,21183,320
161_0000,161_0000_337,256,20784,340
161_0000,161_0000_338,256,20415,616
161_0000,161_0000_339,256,20028,560
161_0000,161_0000_340,256,19650,524
161_0000,161_0000_341,256,19275,400
161_0000,161_0000_342,256,18885,136
161_0000,161_0000_343,256,18420,548
161_0000,161_0000_344,256,18054,580
161_0000,161_0000_345,256,17676,580
161_0000,161_0000_346,256,17259,472
161_0000,161_0000_347,256,16899,532
161_0000,161_0000_348,256,16530,508
161_0000,161_0000_349,256,16122,608
161_0000,161_0000_350,256,15720,476
161_0000,161_0000_351,256,15261,372
161_0000,161_0000_352,256,14787,380
161_0000,161_0000_353,256,14292,312
161_0000,161_0000_354,256,13767,364
161_0000,161_0000_355,256,13260,360
161_0000,161_0000_356,256,12744,260
161_0000,161_0000_357,256,12285,0
161_0000,161_0000_358,256,11772,0
161_0000,161_0000_359,256,11346,0
161_0000,161_0000_360,256,10917,0
161_0000,161_0000_361,256,10440,0
161_0000,161_0000_362,256,9900,168
161_0000,161_0000_363,256,9351,184
161_0000,161_0000_364,256,8832,140
161_0000,161_0000_365,256,8322,196
161_0000,161_0000_366,256,7782,172
161_0000,161_0000_367,256,7239,116
161_0000,161_0000_368,256,6702,824
161_0000,161_0000_369,256,6027,668
161_0000,161_0000_370,256,5346,476
161_0000,161_0000_371,256,4797,1460
161_0000,161_0000_372,256,4224,1584
161_0000,161_0000_373,256,3507,1548
161_0000,161_0000_374,256,2691,1012
161_0000,161_0000_375,256,2223,536
161_0000,161_0000_376,256,1860,596
161_0000,161_0000_377,256,1653,616
161_0000,161_0000_378,256,1416,712
161_0000,161_0000_379,256,801,228
161_0000,161_0000_380,256,369,372
161_0000,161_0000_381,256,0,0
161_0000,161_0000_382,256,0,0
161_0000,161_0000_383,256,0,0
161_0000,161_0000_384,256,0,0
161_0000,161_0000_385,256,0,0
161_0000,161_0000_386,256,0,0
161_0000,161_0000_387,256,0,0
161_0000,161_0000_388,256,0,0
161_0000,161_0000_389,256,0,0
161_0000,161_0000_390,256,0,0
161_0000,161_0000_391,256,0,0
161_0000,161_0000_392,256,0,0
161_0000,161_0000_393,256,0,0
161_0000,161_0000_394,256,0,0
